distance,model,frame,source_frame,analysis_time_sec,source_time_sec,detection_index,class_id,class_name,material,state,confidence,x1,y1,x2,y2,inference_ms
20cm,yolo11n,0,30,0.0,1.0,,,,,,,,,,,63.973
20cm,yolo11n,1,31,0.033,1.033,,,,,,,,,,,65.148
20cm,yolo11n,2,32,0.067,1.066,0,9,plastic_normal,plastic,normal,0.258057,428,54,639,320,63.675
20cm,yolo11n,3,33,0.1,1.099,0,9,plastic_normal,plastic,normal,0.270752,427,53,639,305,71.965
20cm,yolo11n,4,34,0.133,1.133,,,,,,,,,,,61.668
20cm,yolo11n,5,35,0.167,1.166,,,,,,,,,,,61.911
20cm,yolo11n,6,36,0.2,1.199,,,,,,,,,,,61.235
20cm,yolo11n,7,37,0.233,1.233,,,,,,,,,,,61.139
20cm,yolo11n,8,38,0.267,1.266,,,,,,,,,,,60.414
20cm,yolo11n,9,39,0.3,1.299,,,,,,,,,,,60.339
20cm,yolo11n,10,40,0.333,1.333,,,,,,,,,,,60.312
20cm,yolo11n,11,41,0.366,1.366,,,,,,,,,,,60.544
20cm,yolo11n,12,42,0.4,1.399,,,,,,,,,,,60.682
20cm,yolo11n,13,43,0.433,1.433,,,,,,,,,,,59.787
20cm,yolo11n,14,44,0.466,1.466,,,,,,,,,,,59.43
20cm,yolo11n,15,45,0.5,1.499,,,,,,,,,,,59.557
20cm,yolo11n,16,46,0.533,1.533,,,,,,,,,,,60.438
20cm,yolo11n,17,47,0.566,1.566,,,,,,,,,,,59.566
20cm,yolo11n,18,48,0.6,1.599,,,,,,,,,,,59.843
20cm,yolo11n,19,49,0.633,1.633,,,,,,,,,,,60.917
20cm,yolo11n,20,50,0.666,1.666,0,7,pet_packaging,pet,packaging,0.463623,224,182,345,236,60.954
20cm,yolo11n,20,50,0.666,1.666,1,9,plastic_normal,plastic,normal,0.51416,0,208,113,274,60.954
20cm,yolo11n,21,51,0.7,1.699,,,,,,,,,,,61.281
20cm,yolo11n,22,52,0.733,1.733,,,,,,,,,,,61.358
20cm,yolo11n,23,53,0.766,1.766,,,,,,,,,,,60.73
20cm,yolo11n,24,54,0.8,1.799,0,2,glass_normal,glass,normal,0.250977,0,362,222,449,60.879
20cm,yolo11n,25,55,0.833,1.832,,,,,,,,,,,59.216
20cm,yolo11n,26,56,0.866,1.866,,,,,,,,,,,60.553
20cm,yolo11n,27,57,0.9,1.899,,,,,,,,,,,60.191
20cm,yolo11n,28,58,0.933,1.932,,,,,,,,,,,60.051
20cm,yolo11n,29,59,0.966,1.966,0,10,plastic_dirty,plastic,dirty,0.345215,265,78,639,260,59.907
20cm,yolo11n,30,60,1.0,1.999,0,10,plastic_dirty,plastic,dirty,0.26709,267,76,639,263,59.625
20cm,yolo11n,31,61,1.033,2.032,0,10,plastic_dirty,plastic,dirty,0.358887,269,77,639,262,61.486
20cm,yolo11n,32,62,1.066,2.066,0,10,plastic_dirty,plastic,dirty,0.331787,270,79,639,264,59.943
20cm,yolo11n,33,63,1.099,2.099,0,10,plastic_dirty,plastic,dirty,0.277588,272,77,639,266,59.839
20cm,yolo11n,34,64,1.133,2.132,0,10,plastic_dirty,plastic,dirty,0.307129,278,80,639,270,63.35
20cm,yolo11n,35,65,1.166,2.166,0,10,plastic_dirty,plastic,dirty,0.351074,280,78,639,274,61.34
20cm,yolo11n,36,66,1.199,2.199,0,10,plastic_dirty,plastic,dirty,0.345947,296,77,638,276,61.392
20cm,yolo11n,37,67,1.233,2.232,,,,,,,,,,,64.04
20cm,yolo11n,38,68,1.266,2.266,,,,,,,,,,,61.027
20cm,yolo11n,39,69,1.299,2.299,0,10,plastic_dirty,plastic,dirty,0.258057,297,74,638,270,61.272
20cm,yolo11n,40,70,1.333,2.332,,,,,,,,,,,61.679
20cm,yolo11n,41,71,1.366,2.366,,,,,,,,,,,61.632
20cm,yolo11n,42,72,1.399,2.399,,,,,,,,,,,61.56
20cm,yolo11n,43,73,1.433,2.432,,,,,,,,,,,63.869
20cm,yolo11n,44,74,1.466,2.466,,,,,,,,,,,60.895
20cm,yolo11n,45,75,1.499,2.499,,,,,,,,,,,61.217
20cm,yolo11n,46,76,1.533,2.532,,,,,,,,,,,61.57
20cm,yolo11n,47,77,1.566,2.565,,,,,,,,,,,60.153
20cm,yolo11n,48,78,1.599,2.599,,,,,,,,,,,60.284
20cm,yolo11n,49,79,1.633,2.632,,,,,,,,,,,59.083
20cm,yolo11n,50,80,1.666,2.665,,,,,,,,,,,59.728
20cm,yolo11n,51,81,1.699,2.699,,,,,,,,,,,58.842
20cm,yolo11n,52,82,1.733,2.732,,,,,,,,,,,60.278
20cm,yolo11n,53,83,1.766,2.765,,,,,,,,,,,59.968
20cm,yolo11n,54,84,1.799,2.799,,,,,,,,,,,59.501
20cm,yolo11n,55,85,1.832,2.832,,,,,,,,,,,60.287
20cm,yolo11n,56,86,1.866,2.865,,,,,,,,,,,59.536
20cm,yolo11n,57,87,1.899,2.899,,,,,,,,,,,59.306
20cm,yolo11n,58,88,1.932,2.932,,,,,,,,,,,58.986
20cm,yolo11n,59,89,1.966,2.965,,,,,,,,,,,58.588
20cm,yolo11n,60,90,1.999,2.999,,,,,,,,,,,58.843
20cm,yolo11n,61,91,2.032,3.032,,,,,,,,,,,57.763
20cm,yolo11n,62,92,2.066,3.065,,,,,,,,,,,58.21
20cm,yolo11n,63,93,2.099,3.099,,,,,,,,,,,59.081
20cm,yolo11n,64,94,2.132,3.132,,,,,,,,,,,59.601
20cm,yolo11n,65,95,2.166,3.165,,,,,,,,,,,58.658
20cm,yolo11n,66,96,2.199,3.199,,,,,,,,,,,58.663
20cm,yolo11n,67,97,2.232,3.232,,,,,,,,,,,57.842
20cm,yolo11n,68,98,2.266,3.265,,,,,,,,,,,59.01
20cm,yolo11n,69,99,2.299,3.298,,,,,,,,,,,59.084
20cm,yolo11n,70,100,2.332,3.332,,,,,,,,,,,57.898
20cm,yolo11n,71,101,2.366,3.365,,,,,,,,,,,61.924
20cm,yolo11n,72,102,2.399,3.398,,,,,,,,,,,59.281
20cm,yolo11n,73,103,2.432,3.432,,,,,,,,,,,58.902
20cm,yolo11n,74,104,2.466,3.465,,,,,,,,,,,58.841
20cm,yolo11n,75,105,2.499,3.498,,,,,,,,,,,58.095
20cm,yolo11n,76,106,2.532,3.532,,,,,,,,,,,57.859
20cm,yolo11n,77,107,2.565,3.565,,,,,,,,,,,58.772
20cm,yolo11n,78,108,2.599,3.598,,,,,,,,,,,59.245
20cm,yolo11n,79,109,2.632,3.632,,,,,,,,,,,58.276
20cm,yolo11n,80,110,2.665,3.665,,,,,,,,,,,58.322
20cm,yolo11n,81,111,2.699,3.698,,,,,,,,,,,57.636
20cm,yolo11n,82,112,2.732,3.732,,,,,,,,,,,58.341
20cm,yolo11n,83,113,2.765,3.765,,,,,,,,,,,58.198
20cm,yolo11n,84,114,2.799,3.798,,,,,,,,,,,57.656
20cm,yolo11n,85,115,2.832,3.832,,,,,,,,,,,57.561
20cm,yolo11n,86,116,2.865,3.865,,,,,,,,,,,58.272
20cm,yolo11n,87,117,2.899,3.898,,,,,,,,,,,57.53
20cm,yolo11n,88,118,2.932,3.932,,,,,,,,,,,58.334
20cm,yolo11n,89,119,2.965,3.965,,,,,,,,,,,57.687
20cm,yolo11n,90,120,2.999,3.998,,,,,,,,,,,60.6
20cm,yolo11n,91,121,3.032,4.031,,,,,,,,,,,57.468
20cm,yolo11n,92,122,3.065,4.065,,,,,,,,,,,57.581
20cm,yolo11n,93,123,3.099,4.098,,,,,,,,,,,57.327
20cm,yolo11n,94,124,3.132,4.131,,,,,,,,,,,57.197
20cm,yolo11n,95,125,3.165,4.165,,,,,,,,,,,56.537
20cm,yolo11n,96,126,3.199,4.198,,,,,,,,,,,56.932
20cm,yolo11n,97,127,3.232,4.231,,,,,,,,,,,56.64
20cm,yolo11n,98,128,3.265,4.265,,,,,,,,,,,56.434
20cm,yolo11n,99,129,3.298,4.298,,,,,,,,,,,56.243
20cm,yolo11n,100,130,3.332,4.331,,,,,,,,,,,58.454
20cm,yolo11n,101,131,3.365,4.365,,,,,,,,,,,56.619
20cm,yolo11n,102,132,3.398,4.398,,,,,,,,,,,56.145
20cm,yolo11n,103,133,3.432,4.431,,,,,,,,,,,55.411
20cm,yolo11n,104,134,3.465,4.465,,,,,,,,,,,56.497
20cm,yolo11n,105,135,3.498,4.498,,,,,,,,,,,56.299
20cm,yolo11n,106,136,3.532,4.531,,,,,,,,,,,56.769
20cm,yolo11n,107,137,3.565,4.565,,,,,,,,,,,56.019
20cm,yolo11n,108,138,3.598,4.598,,,,,,,,,,,56.388
20cm,yolo11n,109,139,3.632,4.631,,,,,,,,,,,55.252
20cm,yolo11n,110,140,3.665,4.665,,,,,,,,,,,58.418
20cm,yolo11n,111,141,3.698,4.698,,,,,,,,,,,55.516
20cm,yolo11n,112,142,3.732,4.731,,,,,,,,,,,56.073
20cm,yolo11n,113,143,3.765,4.764,,,,,,,,,,,56.166
20cm,yolo11n,114,144,3.798,4.798,,,,,,,,,,,56.929
20cm,yolo11n,115,145,3.832,4.831,,,,,,,,,,,55.377
20cm,yolo11n,116,146,3.865,4.864,,,,,,,,,,,55.86
20cm,yolo11n,117,147,3.898,4.898,,,,,,,,,,,55.999
20cm,yolo11n,118,148,3.932,4.931,,,,,,,,,,,56.243
20cm,yolo11n,119,149,3.965,4.964,,,,,,,,,,,56.016
20cm,yolo11n,120,150,3.998,4.998,,,,,,,,,,,56.241
20cm,yolo11n,121,151,4.031,5.031,,,,,,,,,,,55.76
20cm,yolo11n,122,152,4.065,5.064,,,,,,,,,,,56.216
20cm,yolo11n,123,153,4.098,5.098,,,,,,,,,,,56.858
20cm,yolo11n,124,154,4.131,5.131,,,,,,,,,,,56.393
20cm,yolo11n,125,155,4.165,5.164,,,,,,,,,,,56.066
20cm,yolo11n,126,156,4.198,5.198,0,7,pet_packaging,pet,packaging,0.255615,60,7,217,306,55.899
20cm,yolo11n,127,157,4.231,5.231,0,7,pet_packaging,pet,packaging,0.395508,66,11,220,308,56.273
20cm,yolo11n,128,158,4.265,5.264,,,,,,,,,,,57.195
20cm,yolo11n,129,159,4.298,5.298,0,7,pet_packaging,pet,packaging,0.375732,75,8,225,313,56.942
20cm,yolo11n,130,160,4.331,5.331,0,7,pet_packaging,pet,packaging,0.307129,74,8,225,315,55.826
20cm,yolo11n,130,160,4.331,5.331,1,8,pet_dirty_packaging,pet,dirty_packaging,0.262939,74,8,225,315,55.826
20cm,yolo11n,131,161,4.365,5.364,0,8,pet_dirty_packaging,pet,dirty_packaging,0.355713,77,9,226,317,55.798
20cm,yolo11n,132,162,4.398,5.398,0,7,pet_packaging,pet,packaging,0.337891,77,7,226,319,56.416
20cm,yolo11n,132,162,4.398,5.398,1,8,pet_dirty_packaging,pet,dirty_packaging,0.29248,77,9,226,320,56.416
20cm,yolo11n,133,163,4.431,5.431,0,7,pet_packaging,pet,packaging,0.331787,77,9,226,323,56.016
20cm,yolo11n,134,164,4.465,5.464,0,7,pet_packaging,pet,packaging,0.250732,77,9,226,324,56.283
20cm,yolo11n,135,165,4.498,5.497,0,7,pet_packaging,pet,packaging,0.303711,77,9,226,328,57.141
20cm,yolo11n,136,166,4.531,5.531,,,,,,,,,,,55.748
20cm,yolo11n,137,167,4.565,5.564,,,,,,,,,,,57.419
20cm,yolo11n,138,168,4.598,5.597,,,,,,,,,,,56.512
20cm,yolo11n,139,169,4.631,5.631,0,5,pet_normal,pet,normal,0.252686,74,9,227,384,56.64
20cm,yolo11n,139,169,4.631,5.631,1,7,pet_packaging,pet,packaging,0.291504,407,105,638,240,56.64
20cm,yolo11n,140,170,4.665,5.664,,,,,,,,,,,56.419
20cm,yolo11n,141,171,4.698,5.697,,,,,,,,,,,56.803
20cm,yolo11n,142,172,4.731,5.731,0,7,pet_packaging,pet,packaging,0.311523,422,106,587,193,55.868
20cm,yolo11n,143,173,4.764,5.764,0,0,can_normal,can,normal,0.30542,264,110,375,439,56.762
20cm,yolo11n,143,173,4.764,5.764,1,5,pet_normal,pet,normal,0.260498,73,6,226,454,56.762
20cm,yolo11n,143,173,4.764,5.764,2,7,pet_packaging,pet,packaging,0.371338,420,105,585,178,56.762
20cm,yolo11n,144,174,4.798,5.797,0,0,can_normal,can,normal,0.250488,264,110,374,439,57.154
20cm,yolo11n,145,175,4.831,5.831,0,5,pet_normal,pet,normal,0.262207,73,5,226,454,56.702
20cm,yolo11n,146,176,4.864,5.864,,,,,,,,,,,56.064
20cm,yolo11n,147,177,4.898,5.897,0,0,can_normal,can,normal,0.259521,264,110,373,439,56.797
20cm,yolo11n,148,178,4.931,5.931,0,0,can_normal,can,normal,0.273193,264,110,374,440,55.805
20cm,yolo11n,149,179,4.964,5.964,0,0,can_normal,can,normal,0.296143,264,110,374,439,58.899
20cm,yolo11n,150,180,4.998,5.997,,,,,,,,,,,55.98
20cm,yolo11n,151,181,5.031,6.031,,,,,,,,,,,55.525
20cm,yolo11n,152,182,5.064,6.064,,,,,,,,,,,55.739
20cm,yolo11n,153,183,5.098,6.097,0,0,can_normal,can,normal,0.254395,264,110,373,439,55.939
20cm,yolo11n,154,184,5.131,6.13,0,0,can_normal,can,normal,0.253662,264,110,373,439,55.726
20cm,yolo11n,155,185,5.164,6.164,,,,,,,,,,,56.008
20cm,yolo11n,156,186,5.198,6.197,0,0,can_normal,can,normal,0.250977,264,110,374,439,56.312
20cm,yolo11n,157,187,5.231,6.23,0,0,can_normal,can,normal,0.25708,264,110,374,439,55.062
20cm,yolo11n,158,188,5.264,6.264,0,0,can_normal,can,normal,0.265625,264,110,374,439,55.504
20cm,yolo11n,158,188,5.264,6.264,1,9,plastic_normal,plastic,normal,0.286133,419,107,639,361,55.504
20cm,yolo11n,159,189,5.298,6.297,,,,,,,,,,,57.702
20cm,yolo11n,160,190,5.331,6.33,0,5,pet_normal,pet,normal,0.252197,74,5,227,455,55.472
20cm,yolo11n,161,191,5.364,6.364,0,5,pet_normal,pet,normal,0.320801,73,6,227,455,55.706
20cm,yolo11n,162,192,5.398,6.397,0,5,pet_normal,pet,normal,0.29248,73,6,226,457,56.381
20cm,yolo11n,163,193,5.431,6.43,,,,,,,,,,,55.494
20cm,yolo11n,164,194,5.464,6.464,,,,,,,,,,,56.287
20cm,yolo11n,165,195,5.497,6.497,0,5,pet_normal,pet,normal,0.274414,73,5,227,456,55.566
20cm,yolo11n,166,196,5.531,6.53,,,,,,,,,,,55.735
20cm,yolo11n,167,197,5.564,6.564,,,,,,,,,,,56.68
20cm,yolo11n,168,198,5.597,6.597,,,,,,,,,,,56.343
20cm,yolo11n,169,199,5.631,6.63,0,5,pet_normal,pet,normal,0.291504,66,5,223,462,59.074
20cm,yolo11n,170,200,5.664,6.664,0,5,pet_normal,pet,normal,0.281982,65,6,222,458,55.979
20cm,yolo11n,171,201,5.697,6.697,0,5,pet_normal,pet,normal,0.287109,63,6,222,463,56.533
20cm,yolo11n,172,202,5.731,6.73,,,,,,,,,,,55.739
20cm,yolo11n,173,203,5.764,6.764,0,5,pet_normal,pet,normal,0.264404,61,6,220,458,56.057
20cm,yolo11n,174,204,5.797,6.797,0,5,pet_normal,pet,normal,0.279541,61,7,220,459,56.4
20cm,yolo11n,175,205,5.831,6.83,,,,,,,,,,,56.957
20cm,yolo11n,176,206,5.864,6.863,0,5,pet_normal,pet,normal,0.306152,61,7,220,460,56.687
20cm,yolo11n,177,207,5.897,6.897,0,5,pet_normal,pet,normal,0.308594,61,7,221,460,56.105
20cm,yolo11n,178,208,5.931,6.93,0,5,pet_normal,pet,normal,0.258057,61,7,220,461,56.562
20cm,yolo11n,179,209,5.964,6.963,,,,,,,,,,,58.477
20cm,yolo11n,180,210,5.997,6.997,,,,,,,,,,,55.539
20cm,yolo11n,181,211,6.031,7.03,0,5,pet_normal,pet,normal,0.257812,61,7,220,461,55.882
20cm,yolo11n,182,212,6.064,7.063,0,5,pet_normal,pet,normal,0.282471,61,7,220,459,56.389
20cm,yolo11n,183,213,6.097,7.097,0,5,pet_normal,pet,normal,0.307129,62,5,220,461,57.112
20cm,yolo11n,184,214,6.13,7.13,0,5,pet_normal,pet,normal,0.322266,61,5,219,461,56.252
20cm,yolo11n,185,215,6.164,7.163,0,5,pet_normal,pet,normal,0.310547,61,5,219,460,56.086
20cm,yolo11n,186,216,6.197,7.197,0,5,pet_normal,pet,normal,0.281982,61,5,219,460,56.478
20cm,yolo11n,187,217,6.23,7.23,0,5,pet_normal,pet,normal,0.297363,61,7,220,460,56.363
20cm,yolo11n,188,218,6.264,7.263,0,5,pet_normal,pet,normal,0.272949,62,7,220,459,56.998
20cm,yolo11n,189,219,6.297,7.297,0,5,pet_normal,pet,normal,0.267334,62,7,220,461,58.841
20cm,yolo11n,190,220,6.33,7.33,,,,,,,,,,,56.429
20cm,yolo11n,191,221,6.364,7.363,,,,,,,,,,,56.569
20cm,yolo11n,192,222,6.397,7.397,0,6,pet_dirty,pet,dirty,0.283203,61,1,220,467,56.371
20cm,yolo11n,193,223,6.43,7.43,,,,,,,,,,,56.419
20cm,yolo11n,194,224,6.464,7.463,0,4,glass_packaging,glass,packaging,0.265869,259,105,397,438,56.311
20cm,yolo11n,194,224,6.464,7.463,1,5,pet_normal,pet,normal,0.290039,61,7,220,460,56.311
20cm,yolo11n,195,225,6.497,7.497,0,4,glass_packaging,glass,packaging,0.312012,259,106,396,440,56.832
20cm,yolo11n,195,225,6.497,7.497,1,5,pet_normal,pet,normal,0.272949,61,7,220,467,56.832
20cm,yolo11n,196,226,6.53,7.53,0,4,glass_packaging,glass,packaging,0.339355,258,106,392,439,56.167
20cm,yolo11n,197,227,6.564,7.563,0,9,plastic_normal,plastic,normal,0.314697,387,102,639,303,56.455
20cm,yolo11n,198,228,6.597,7.596,0,4,glass_packaging,glass,packaging,0.302246,258,106,388,439,56.632
20cm,yolo11n,198,228,6.597,7.596,1,9,plastic_normal,plastic,normal,0.299316,389,102,638,294,56.632
20cm,yolo11n,199,229,6.63,7.63,0,4,glass_packaging,glass,packaging,0.364014,258,105,391,439,56.326
20cm,yolo11n,199,229,6.63,7.63,1,6,pet_dirty,pet,dirty,0.268555,62,1,220,468,56.326
20cm,yolo11n,200,230,6.664,7.663,,,,,,,,,,,56.0
20cm,yolo11n,201,231,6.697,7.696,,,,,,,,,,,55.206
20cm,yolo11n,202,232,6.73,7.73,0,5,pet_normal,pet,normal,0.289551,61,1,220,472,55.333
20cm,yolo11n,203,233,6.764,7.763,0,4,glass_packaging,glass,packaging,0.284912,258,107,385,439,56.586
20cm,yolo11n,203,233,6.764,7.763,1,5,pet_normal,pet,normal,0.338379,62,1,220,471,56.586
20cm,yolo11n,204,234,6.797,7.796,0,5,pet_normal,pet,normal,0.360107,61,1,219,469,56.493
20cm,yolo11n,205,235,6.83,7.83,0,5,pet_normal,pet,normal,0.380371,61,7,220,467,55.459
20cm,yolo11n,206,236,6.863,7.863,0,5,pet_normal,pet,normal,0.39209,62,1,220,470,56.648
20cm,yolo11n,207,237,6.897,7.896,0,5,pet_normal,pet,normal,0.379883,62,1,220,470,56.741
20cm,yolo11n,208,238,6.93,7.93,0,5,pet_normal,pet,normal,0.369629,62,1,220,466,56.608
20cm,yolo11n,209,239,6.963,7.963,0,5,pet_normal,pet,normal,0.382324,61,5,220,459,56.201
20cm,yolo11n,210,240,6.997,7.996,0,5,pet_normal,pet,normal,0.371338,61,5,220,469,56.782
20cm,yolo11n,211,241,7.03,8.03,0,5,pet_normal,pet,normal,0.399414,61,5,220,459,55.68
20cm,yolo11n,212,242,7.063,8.063,0,5,pet_normal,pet,normal,0.397705,61,5,219,459,56.076
20cm,yolo11n,213,243,7.097,8.096,0,4,glass_packaging,glass,packaging,0.317383,258,107,388,438,56.179
20cm,yolo11n,213,243,7.097,8.096,1,4,glass_packaging,glass,packaging,0.293457,574,89,639,354,56.179
20cm,yolo11n,213,243,7.097,8.096,2,5,pet_normal,pet,normal,0.367676,62,5,220,464,56.179
20cm,yolo11n,213,243,7.097,8.096,3,6,pet_dirty,pet,dirty,0.314697,61,1,219,468,56.179
20cm,yolo11n,214,244,7.13,8.13,0,4,glass_packaging,glass,packaging,0.278076,258,107,384,439,56.399
20cm,yolo11n,214,244,7.13,8.13,1,5,pet_normal,pet,normal,0.357666,61,5,219,465,56.399
20cm,yolo11n,215,245,7.163,8.163,0,5,pet_normal,pet,normal,0.262695,62,7,221,468,56.941
20cm,yolo11n,215,245,7.163,8.163,1,6,pet_dirty,pet,dirty,0.332031,62,1,220,466,56.941
20cm,yolo11n,216,246,7.197,8.196,0,6,pet_dirty,pet,dirty,0.299805,62,1,220,466,57.026
20cm,yolo11n,217,247,7.23,8.23,0,5,pet_normal,pet,normal,0.322754,61,7,220,463,56.721
20cm,yolo11n,217,247,7.23,8.23,1,6,pet_dirty,pet,dirty,0.322266,62,1,220,466,56.721
20cm,yolo11n,218,248,7.263,8.263,0,5,pet_normal,pet,normal,0.313232,62,7,220,457,59.967
20cm,yolo11n,218,248,7.263,8.263,1,6,pet_dirty,pet,dirty,0.263428,62,1,220,466,59.967
20cm,yolo11n,219,249,7.297,8.296,0,4,glass_packaging,glass,packaging,0.258057,258,107,372,438,56.502
20cm,yolo11n,219,249,7.297,8.296,1,5,pet_normal,pet,normal,0.261475,62,7,220,460,56.502
20cm,yolo11n,219,249,7.297,8.296,2,6,pet_dirty,pet,dirty,0.255859,62,1,220,466,56.502
20cm,yolo11n,220,250,7.33,8.329,,,,,,,,,,,56.262
20cm,yolo11n,221,251,7.363,8.363,,,,,,,,,,,56.548
20cm,yolo11n,222,252,7.397,8.396,0,6,pet_dirty,pet,dirty,0.279053,61,1,219,467,56.969
20cm,yolo11n,223,253,7.43,8.429,0,4,glass_packaging,glass,packaging,0.288086,258,106,388,438,56.089
20cm,yolo11n,223,253,7.43,8.429,1,5,pet_normal,pet,normal,0.26416,61,7,220,468,56.089
20cm,yolo11n,224,254,7.463,8.463,,,,,,,,,,,56.688
20cm,yolo11n,225,255,7.497,8.496,0,0,can_normal,can,normal,0.288818,259,107,371,438,55.652
20cm,yolo11n,225,255,7.497,8.496,1,4,glass_packaging,glass,packaging,0.261963,258,107,374,438,55.652
20cm,yolo11n,225,255,7.497,8.496,2,9,plastic_normal,plastic,normal,0.310791,381,69,620,365,55.652
20cm,yolo11n,226,256,7.53,8.529,,,,,,,,,,,56.335
20cm,yolo11n,227,257,7.563,8.563,0,9,plastic_normal,plastic,normal,0.283691,389,69,618,371,56.202
20cm,yolo11n,228,258,7.596,8.596,,,,,,,,,,,56.543
20cm,yolo11n,229,259,7.63,8.629,,,,,,,,,,,55.499
20cm,yolo11n,230,260,7.663,8.663,0,9,plastic_normal,plastic,normal,0.250977,378,68,624,419,56.442
20cm,yolo11n,231,261,7.696,8.696,0,9,plastic_normal,plastic,normal,0.269043,386,68,634,465,56.328
20cm,yolo11n,232,262,7.73,8.729,0,9,plastic_normal,plastic,normal,0.280762,383,68,638,465,56.383
20cm,yolo11n,233,263,7.763,8.763,0,5,pet_normal,pet,normal,0.266357,62,7,220,458,55.345
20cm,yolo11n,233,263,7.763,8.763,1,9,plastic_normal,plastic,normal,0.251953,385,65,635,362,55.345
20cm,yolo11n,234,264,7.796,8.796,,,,,,,,,,,57.065
20cm,yolo11n,235,265,7.83,8.829,,,,,,,,,,,56.603
20cm,yolo11n,236,266,7.863,8.863,0,6,pet_dirty,pet,dirty,0.376465,62,6,220,465,56.173
20cm,yolo11n,236,266,7.863,8.863,1,9,plastic_normal,plastic,normal,0.267334,390,34,638,445,56.173
20cm,yolo11n,237,267,7.896,8.896,0,9,plastic_normal,plastic,normal,0.285645,391,32,638,459,55.977
20cm,yolo11n,238,268,7.93,8.929,0,9,plastic_normal,plastic,normal,0.319336,392,31,637,421,56.706
20cm,yolo11n,239,269,7.963,8.963,0,6,pet_dirty,pet,dirty,0.299072,62,6,219,465,55.805
20cm,yolo11n,240,270,7.996,8.996,0,9,plastic_normal,plastic,normal,0.262695,388,32,639,367,56.446
20cm,yolo11n,241,271,8.03,9.029,,,,,,,,,,,55.536
20cm,yolo11n,242,272,8.063,9.062,0,4,glass_packaging,glass,packaging,0.270752,254,103,367,436,55.899
20cm,yolo11n,242,272,8.063,9.062,1,6,pet_dirty,pet,dirty,0.348633,62,5,220,466,55.899
20cm,yolo11n,243,273,8.096,9.096,0,5,pet_normal,pet,normal,0.394775,62,5,219,463,56.898
20cm,yolo11n,243,273,8.096,9.096,1,6,pet_dirty,pet,dirty,0.341064,62,0,220,461,56.898
20cm,yolo11n,244,274,8.13,9.129,0,6,pet_dirty,pet,dirty,0.42627,61,7,220,464,55.714
20cm,yolo11n,245,275,8.163,9.162,0,6,pet_dirty,pet,dirty,0.333252,62,0,219,461,56.744
20cm,yolo11n,246,276,8.196,9.196,,,,,,,,,,,56.589
20cm,yolo11n,247,277,8.23,9.229,,,,,,,,,,,59.546
20cm,yolo11n,248,278,8.263,9.262,,,,,,,,,,,56.645
20cm,yolo11n,249,279,8.296,9.296,,,,,,,,,,,57.585
20cm,yolo11n,250,280,8.329,9.329,,,,,,,,,,,55.678
20cm,yolo11n,251,281,8.363,9.362,,,,,,,,,,,56.363
20cm,yolo11n,252,282,8.396,9.396,,,,,,,,,,,56.167
20cm,yolo11n,253,283,8.429,9.429,,,,,,,,,,,55.862
20cm,yolo11n,254,284,8.463,9.462,,,,,,,,,,,56.921
20cm,yolo11n,255,285,8.496,9.496,,,,,,,,,,,57.391
20cm,yolo11n,256,286,8.529,9.529,,,,,,,,,,,56.602
20cm,yolo11n,257,287,8.563,9.562,0,5,pet_normal,pet,normal,0.387207,0,1,166,419,56.454
20cm,yolo11n,258,288,8.596,9.596,,,,,,,,,,,56.865
20cm,yolo11n,259,289,8.629,9.629,0,9,plastic_normal,plastic,normal,0.362549,364,67,594,394,55.837
20cm,yolo11n,260,290,8.663,9.662,,,,,,,,,,,56.488
20cm,yolo11n,261,291,8.696,9.696,,,,,,,,,,,56.716
20cm,yolo11n,262,292,8.729,9.729,0,5,pet_normal,pet,normal,0.290283,13,7,184,460,56.391
20cm,yolo11n,263,293,8.763,9.762,0,5,pet_normal,pet,normal,0.473145,15,9,192,463,56.607
20cm,yolo11n,264,294,8.796,9.795,0,5,pet_normal,pet,normal,0.513672,16,9,197,469,56.877
20cm,yolo11n,265,295,8.829,9.829,0,5,pet_normal,pet,normal,0.47876,16,7,201,467,56.643
20cm,yolo11n,266,296,8.863,9.862,0,5,pet_normal,pet,normal,0.501465,16,11,205,467,58.589
20cm,yolo11n,267,297,8.896,9.895,0,5,pet_normal,pet,normal,0.482666,17,9,207,461,56.382
20cm,yolo11n,267,297,8.896,9.895,1,6,pet_dirty,pet,dirty,0.372803,17,10,206,462,56.382
20cm,yolo11n,268,298,8.929,9.929,0,5,pet_normal,pet,normal,0.439697,16,6,208,464,56.656
20cm,yolo11n,268,298,8.929,9.929,1,6,pet_dirty,pet,dirty,0.262207,16,4,207,465,56.656
20cm,yolo11n,269,299,8.963,9.962,0,5,pet_normal,pet,normal,0.451416,17,1,209,461,57.24
20cm,yolo11n,269,299,8.963,9.962,1,6,pet_dirty,pet,dirty,0.338135,17,2,209,467,57.24
20cm,yolo11n,270,300,8.996,9.995,0,5,pet_normal,pet,normal,0.478516,16,6,209,462,64.777
20cm,yolo11n,270,300,8.996,9.995,1,6,pet_dirty,pet,dirty,0.341553,17,1,209,465,64.777
20cm,yolo11n,271,301,9.029,10.029,0,5,pet_normal,pet,normal,0.474121,16,8,209,462,62.191
20cm,yolo11n,271,301,9.029,10.029,1,6,pet_dirty,pet,dirty,0.382324,17,9,210,464,62.191
20cm,yolo11n,272,302,9.062,10.062,0,5,pet_normal,pet,normal,0.499023,17,9,210,464,56.697
20cm,yolo11n,273,303,9.096,10.095,0,5,pet_normal,pet,normal,0.496094,18,7,211,461,56.984
20cm,yolo11n,273,303,9.096,10.095,1,6,pet_dirty,pet,dirty,0.27124,18,1,211,469,56.984
20cm,yolo11n,274,304,9.129,10.129,0,5,pet_normal,pet,normal,0.541992,20,6,212,459,56.504
20cm,yolo11n,275,305,9.162,10.162,0,5,pet_normal,pet,normal,0.594727,22,1,213,457,56.83
20cm,yolo11n,276,306,9.196,10.195,0,5,pet_normal,pet,normal,0.57666,24,8,213,456,55.891
20cm,yolo11n,277,307,9.229,10.229,0,5,pet_normal,pet,normal,0.561035,25,9,213,460,56.252
20cm,yolo11n,278,308,9.262,10.262,0,5,pet_normal,pet,normal,0.510742,26,10,213,455,56.907
20cm,yolo11n,278,308,9.262,10.262,1,6,pet_dirty,pet,dirty,0.368408,27,6,212,462,56.907
20cm,yolo11n,279,309,9.296,10.295,0,5,pet_normal,pet,normal,0.565918,29,7,213,458,56.014
20cm,yolo11n,280,310,9.329,10.329,0,5,pet_normal,pet,normal,0.554688,29,9,211,465,56.605
20cm,yolo11n,281,311,9.362,10.362,,,,,,,,,,,56.262
20cm,yolo11n,282,312,9.396,10.395,,,,,,,,,,,56.926
20cm,yolo11n,283,313,9.429,10.429,,,,,,,,,,,55.807
20cm,yolo11n,284,314,9.462,10.462,0,9,plastic_normal,plastic,normal,0.289795,363,59,594,440,55.887
20cm,yolo11n,285,315,9.496,10.495,,,,,,,,,,,59.212
20cm,yolo11n,286,316,9.529,10.528,,,,,,,,,,,56.479
20cm,yolo11n,287,317,9.562,10.562,,,,,,,,,,,56.666
20cm,yolo11n,288,318,9.596,10.595,,,,,,,,,,,56.12
20cm,yolo11n,289,319,9.629,10.628,,,,,,,,,,,55.612
20cm,yolo11n,290,320,9.662,10.662,,,,,,,,,,,56.315
20cm,yolo11n,291,321,9.696,10.695,,,,,,,,,,,56.032
20cm,yolo11n,292,322,9.729,10.728,,,,,,,,,,,56.159
20cm,yolo11n,293,323,9.762,10.762,,,,,,,,,,,55.852
20cm,yolo11n,294,324,9.795,10.795,,,,,,,,,,,57.783
20cm,yolo11n,295,325,9.829,10.828,,,,,,,,,,,58.338
20cm,yolo11n,296,326,9.862,10.862,,,,,,,,,,,56.682
20cm,yolo11n,297,327,9.895,10.895,,,,,,,,,,,57.013
20cm,yolo11n,298,328,9.929,10.928,,,,,,,,,,,57.123
20cm,yolo11n,299,329,9.962,10.962,,,,,,,,,,,56.483
20cm,yolo11n,300,330,9.995,10.995,,,,,,,,,,,56.536
20cm,yolo11n,301,331,10.029,11.028,,,,,,,,,,,56.168
20cm,yolo11n,302,332,10.062,11.062,,,,,,,,,,,56.634
20cm,yolo11n,303,333,10.095,11.095,,,,,,,,,,,56.026
20cm,yolo11n,304,334,10.129,11.128,,,,,,,,,,,57.021
20cm,yolo11n,305,335,10.162,11.162,,,,,,,,,,,55.765
20cm,yolo11n,306,336,10.195,11.195,,,,,,,,,,,55.705
20cm,yolo11n,307,337,10.229,11.228,,,,,,,,,,,56.755
20cm,yolo11n,308,338,10.262,11.261,,,,,,,,,,,56.171
20cm,yolo11n,309,339,10.295,11.295,,,,,,,,,,,55.958
20cm,yolo11n,310,340,10.329,11.328,,,,,,,,,,,56.018
20cm,yolo11n,311,341,10.362,11.361,,,,,,,,,,,57.294
20cm,yolo11n,312,342,10.395,11.395,,,,,,,,,,,56.32
20cm,yolo11n,313,343,10.429,11.428,,,,,,,,,,,56.287
20cm,yolo11n,314,344,10.462,11.461,,,,,,,,,,,56.993
20cm,yolo11n,315,345,10.495,11.495,,,,,,,,,,,56.112
20cm,yolo11n,316,346,10.528,11.528,,,,,,,,,,,56.491
20cm,yolo11n,317,347,10.562,11.561,,,,,,,,,,,56.435
20cm,yolo11n,318,348,10.595,11.595,,,,,,,,,,,55.718
20cm,yolo11n,319,349,10.628,11.628,,,,,,,,,,,55.592
20cm,yolo11n,320,350,10.662,11.661,,,,,,,,,,,56.695
20cm,yolo11n,321,351,10.695,11.695,,,,,,,,,,,57.083
20cm,yolo11n,322,352,10.728,11.728,,,,,,,,,,,56.261
20cm,yolo11n,323,353,10.762,11.761,0,2,glass_normal,glass,normal,0.275391,289,83,639,370,57.255
20cm,yolo11n,324,354,10.795,11.795,,,,,,,,,,,57.317
20cm,yolo11n,325,355,10.828,11.828,0,5,pet_normal,pet,normal,0.314697,282,81,448,441,56.436
20cm,yolo11n,326,356,10.862,11.861,0,2,glass_normal,glass,normal,0.371582,280,83,445,440,56.113
20cm,yolo11n,327,357,10.895,11.894,0,2,glass_normal,glass,normal,0.34082,279,82,448,441,57.363
20cm,yolo11n,327,357,10.895,11.894,1,5,pet_normal,pet,normal,0.273926,279,82,446,441,57.363
20cm,yolo11n,328,358,10.928,11.928,0,5,pet_normal,pet,normal,0.279297,280,76,452,442,56.03
20cm,yolo11n,329,359,10.962,11.961,,,,,,,,,,,56.38
20cm,yolo11n,330,360,10.995,11.994,,,,,,,,,,,56.289
20cm,yolo11n,331,361,11.028,12.028,,,,,,,,,,,56.089
20cm,yolo11n,332,362,11.062,12.061,0,5,pet_normal,pet,normal,0.272461,317,58,504,447,55.208
20cm,yolo11n,333,363,11.095,12.094,0,5,pet_normal,pet,normal,0.2771,320,80,510,446,55.3
20cm,yolo11n,334,364,11.128,12.128,0,5,pet_normal,pet,normal,0.371582,320,81,509,446,57.694
20cm,yolo11n,335,365,11.162,12.161,0,5,pet_normal,pet,normal,0.331299,316,82,504,447,56.936
20cm,yolo11n,335,365,11.162,12.161,1,10,plastic_dirty,plastic,dirty,0.329102,329,11,614,174,56.936
20cm,yolo11n,336,366,11.195,12.194,,,,,,,,,,,56.562
20cm,yolo11n,337,367,11.228,12.228,,,,,,,,,,,55.307
20cm,yolo11n,338,368,11.261,12.261,0,5,pet_normal,pet,normal,0.283691,289,78,475,447,55.997
20cm,yolo11n,339,369,11.295,12.294,0,5,pet_normal,pet,normal,0.262451,288,79,473,448,55.686
20cm,yolo11n,340,370,11.328,12.328,0,5,pet_normal,pet,normal,0.332031,289,76,477,447,55.9
20cm,yolo11n,341,371,11.361,12.361,0,5,pet_normal,pet,normal,0.272217,293,80,482,450,55.799
20cm,yolo11n,341,371,11.361,12.361,1,10,plastic_dirty,plastic,dirty,0.526855,326,0,636,143,55.799
20cm,yolo11n,342,372,11.395,12.394,0,5,pet_normal,pet,normal,0.411621,300,86,490,449,55.566
20cm,yolo11n,342,372,11.395,12.394,1,7,pet_packaging,pet,packaging,0.290283,301,86,491,449,55.566
20cm,yolo11n,342,372,11.395,12.394,2,10,plastic_dirty,plastic,dirty,0.515137,334,0,636,142,55.566
20cm,yolo11n,343,373,11.428,12.428,0,5,pet_normal,pet,normal,0.280029,302,83,489,449,55.968
20cm,yolo11n,344,374,11.461,12.461,,,,,,,,,,,58.093
20cm,yolo11n,345,375,11.495,12.494,,,,,,,,,,,55.638
20cm,yolo11n,346,376,11.528,12.528,0,5,pet_normal,pet,normal,0.330078,301,85,488,449,56.083
20cm,yolo11n,347,377,11.561,12.561,,,,,,,,,,,56.381
20cm,yolo11n,348,378,11.595,12.594,0,5,pet_normal,pet,normal,0.284668,301,83,489,449,56.347
20cm,yolo11n,349,379,11.628,12.627,0,5,pet_normal,pet,normal,0.323242,301,84,489,450,55.676
20cm,yolo11n,350,380,11.661,12.661,,,,,,,,,,,55.714
20cm,yolo11n,351,381,11.695,12.694,0,5,pet_normal,pet,normal,0.299316,301,84,490,451,55.144
20cm,yolo11n,352,382,11.728,12.727,0,5,pet_normal,pet,normal,0.300049,301,84,490,451,56.748
20cm,yolo11n,353,383,11.761,12.761,,,,,,,,,,,55.701
20cm,yolo11n,354,384,11.795,12.794,,,,,,,,,,,58.693
20cm,yolo11n,355,385,11.828,12.827,,,,,,,,,,,56.176
20cm,yolo11n,356,386,11.861,12.861,,,,,,,,,,,56.394
20cm,yolo11n,357,387,11.894,12.894,,,,,,,,,,,55.813
20cm,yolo11n,358,388,11.928,12.927,,,,,,,,,,,56.258
20cm,yolo11n,359,389,11.961,12.961,,,,,,,,,,,55.995
20cm,yolo11n,360,390,11.994,12.994,,,,,,,,,,,55.621
20cm,yolo11n,361,391,12.028,13.027,0,5,pet_normal,pet,normal,0.255615,301,86,489,449,54.762
20cm,yolo11n,362,392,12.061,13.061,0,5,pet_normal,pet,normal,0.264648,301,86,489,449,55.567
20cm,yolo11n,363,393,12.094,13.094,,,,,,,,,,,56.453
20cm,yolo11n,364,394,12.128,13.127,0,5,pet_normal,pet,normal,0.27417,301,85,489,449,59.414
20cm,yolo11n,365,395,12.161,13.161,,,,,,,,,,,56.583
20cm,yolo11n,366,396,12.194,13.194,,,,,,,,,,,57.048
20cm,yolo11n,367,397,12.228,13.227,0,5,pet_normal,pet,normal,0.304932,300,86,489,449,56.885
20cm,yolo11n,368,398,12.261,13.261,0,5,pet_normal,pet,normal,0.33252,301,85,490,449,63.811
20cm,yolo11n,369,399,12.294,13.294,0,5,pet_normal,pet,normal,0.312012,301,86,490,450,55.061
20cm,yolo11n,370,400,12.328,13.327,0,5,pet_normal,pet,normal,0.328125,301,87,490,450,55.994
20cm,yolo11n,371,401,12.361,13.36,0,5,pet_normal,pet,normal,0.279053,301,86,490,449,55.754
20cm,yolo11n,372,402,12.394,13.394,0,5,pet_normal,pet,normal,0.359863,300,87,488,449,56.474
20cm,yolo11n,373,403,12.428,13.427,,,,,,,,,,,54.95
20cm,yolo11n,374,404,12.461,13.46,,,,,,,,,,,57.87
20cm,yolo11n,375,405,12.494,13.494,0,5,pet_normal,pet,normal,0.293945,301,86,489,450,56.087
20cm,yolo11n,376,406,12.528,13.527,,,,,,,,,,,56.383
20cm,yolo11n,377,407,12.561,13.56,0,5,pet_normal,pet,normal,0.250488,301,85,489,449,57.335
20cm,yolo11n,378,408,12.594,13.594,,,,,,,,,,,56.271
20cm,yolo11n,379,409,12.627,13.627,,,,,,,,,,,55.732
20cm,yolo11n,380,410,12.661,13.66,,,,,,,,,,,55.754
20cm,yolo11n,381,411,12.694,13.694,,,,,,,,,,,55.317
20cm,yolo11n,382,412,12.727,13.727,0,5,pet_normal,pet,normal,0.300049,301,84,489,450,56.583
20cm,yolo11n,383,413,12.761,13.76,,,,,,,,,,,55.633
20cm,yolo11n,384,414,12.794,13.794,,,,,,,,,,,58.542
20cm,yolo11n,385,415,12.827,13.827,,,,,,,,,,,54.718
20cm,yolo11n,386,416,12.861,13.86,,,,,,,,,,,55.487
20cm,yolo11n,387,417,12.894,13.894,0,2,glass_normal,glass,normal,0.34082,301,85,490,451,56.345
20cm,yolo11n,388,418,12.927,13.927,,,,,,,,,,,56.644
20cm,yolo11n,389,419,12.961,13.96,0,5,pet_normal,pet,normal,0.289062,302,88,490,449,55.909
20cm,yolo11n,390,420,12.994,13.994,0,5,pet_normal,pet,normal,0.295898,302,85,491,449,56.414
20cm,yolo11n,391,421,13.027,14.027,,,,,,,,,,,55.978
20cm,yolo11n,392,422,13.061,14.06,,,,,,,,,,,56.117
20cm,yolo11n,393,423,13.094,14.093,,,,,,,,,,,56.378
20cm,yolo11n,394,424,13.127,14.127,,,,,,,,,,,57.713
20cm,yolo11n,395,425,13.161,14.16,,,,,,,,,,,55.785
20cm,yolo11n,396,426,13.194,14.193,,,,,,,,,,,55.284
20cm,yolo11n,397,427,13.227,14.227,,,,,,,,,,,56.084
20cm,yolo11n,398,428,13.261,14.26,,,,,,,,,,,56.092
20cm,yolo11n,399,429,13.294,14.293,,,,,,,,,,,55.617
20cm,yolo11n,400,430,13.327,14.327,,,,,,,,,,,55.844
20cm,yolo11n,401,431,13.36,14.36,,,,,,,,,,,56.746
20cm,yolo11n,402,432,13.394,14.393,,,,,,,,,,,56.93
20cm,yolo11n,403,433,13.427,14.427,,,,,,,,,,,56.271
20cm,yolo11n,404,434,13.46,14.46,,,,,,,,,,,56.138
20cm,yolo11n,405,435,13.494,14.493,,,,,,,,,,,55.679
20cm,yolo11n,406,436,13.527,14.527,,,,,,,,,,,56.211
20cm,yolo11n,407,437,13.56,14.56,,,,,,,,,,,58.394
20cm,yolo11n,408,438,13.594,14.593,,,,,,,,,,,61.266
20cm,yolo11n,409,439,13.627,14.627,,,,,,,,,,,55.051
20cm,yolo11n,410,440,13.66,14.66,,,,,,,,,,,55.718
20cm,yolo11n,411,441,13.694,14.693,,,,,,,,,,,56.176
20cm,yolo11n,412,442,13.727,14.727,,,,,,,,,,,56.889
20cm,yolo11n,413,443,13.76,14.76,,,,,,,,,,,56.552
20cm,yolo11n,414,444,13.794,14.793,,,,,,,,,,,56.565
20cm,yolo11n,415,445,13.827,14.826,,,,,,,,,,,56.606
20cm,yolo11n,416,446,13.86,14.86,,,,,,,,,,,56.603
20cm,yolo11n,417,447,13.894,14.893,,,,,,,,,,,56.703
20cm,yolo11n,418,448,13.927,14.926,,,,,,,,,,,56.923
20cm,yolo11n,419,449,13.96,14.96,,,,,,,,,,,56.794
20cm,yolo11n,420,450,13.994,14.993,,,,,,,,,,,56.348
20cm,yolo11n,421,451,14.027,15.026,,,,,,,,,,,56.306
20cm,yolo11n,422,452,14.06,15.06,,,,,,,,,,,57.067
20cm,yolo11n,423,453,14.093,15.093,,,,,,,,,,,56.629
20cm,yolo11n,424,454,14.127,15.126,,,,,,,,,,,56.329
20cm,yolo11n,425,455,14.16,15.16,,,,,,,,,,,56.903
20cm,yolo11n,426,456,14.193,15.193,,,,,,,,,,,56.409
20cm,yolo11n,427,457,14.227,15.226,,,,,,,,,,,56.715
20cm,yolo11n,428,458,14.26,15.26,,,,,,,,,,,56.651
20cm,yolo11n,429,459,14.293,15.293,,,,,,,,,,,57.048
20cm,yolo11n,430,460,14.327,15.326,,,,,,,,,,,57.161
20cm,yolo11n,431,461,14.36,15.36,,,,,,,,,,,56.902
20cm,yolo11n,432,462,14.393,15.393,,,,,,,,,,,56.816
20cm,yolo11n,433,463,14.427,15.426,,,,,,,,,,,56.628
20cm,yolo11n,434,464,14.46,15.46,,,,,,,,,,,56.662
20cm,yolo11n,435,465,14.493,15.493,,,,,,,,,,,56.456
20cm,yolo11n,436,466,14.527,15.526,,,,,,,,,,,56.982
20cm,yolo11n,437,467,14.56,15.559,,,,,,,,,,,57.488
20cm,yolo11n,438,468,14.593,15.593,,,,,,,,,,,57.786
20cm,yolo11n,439,469,14.627,15.626,0,7,pet_packaging,pet,packaging,0.257324,156,246,469,382,57.647
20cm,yolo11n,440,470,14.66,15.659,,,,,,,,,,,56.488
20cm,yolo11n,441,471,14.693,15.693,0,7,pet_packaging,pet,packaging,0.25293,160,236,520,382,57.118
20cm,yolo11n,442,472,14.727,15.726,,,,,,,,,,,57.367
20cm,yolo11n,443,473,14.76,15.759,0,5,pet_normal,pet,normal,0.306641,162,241,600,377,59.437
20cm,yolo11n,443,473,14.76,15.759,1,7,pet_packaging,pet,packaging,0.292236,161,240,586,380,59.437
20cm,yolo11n,444,474,14.793,15.793,0,5,pet_normal,pet,normal,0.42334,163,241,619,379,56.777
20cm,yolo11n,445,475,14.826,15.826,,,,,,,,,,,56.857
20cm,yolo11n,446,476,14.86,15.859,,,,,,,,,,,56.551
20cm,yolo11n,447,477,14.893,15.893,0,7,pet_packaging,pet,packaging,0.387939,174,266,622,385,57.615
20cm,yolo11n,448,478,14.926,15.926,0,7,pet_packaging,pet,packaging,0.257324,179,267,639,383,56.958
20cm,yolo11n,449,479,14.96,15.959,0,7,pet_packaging,pet,packaging,0.345947,180,279,639,402,56.387
20cm,yolo11n,450,480,14.993,15.993,,,,,,,,,,,56.458
20cm,yolo11n,451,481,15.026,16.026,0,5,pet_normal,pet,normal,0.342041,184,282,639,376,56.141
20cm,yolo11n,452,482,15.06,16.059,0,7,pet_packaging,pet,packaging,0.257324,182,288,639,378,56.334
20cm,yolo11n,453,483,15.093,16.093,,,,,,,,,,,56.717
20cm,yolo11n,454,484,15.126,16.126,0,7,pet_packaging,pet,packaging,0.290039,189,290,639,374,56.476
20cm,yolo11n,455,485,15.16,16.159,0,7,pet_packaging,pet,packaging,0.366211,196,283,639,379,57.036
20cm,yolo11n,456,486,15.193,16.193,0,5,pet_normal,pet,normal,0.323242,190,276,639,377,57.18
20cm,yolo11n,456,486,15.193,16.193,1,7,pet_packaging,pet,packaging,0.270264,194,275,639,378,57.18
20cm,yolo11n,457,487,15.226,16.226,0,5,pet_normal,pet,normal,0.461426,188,275,639,379,59.632
20cm,yolo11n,458,488,15.26,16.259,0,5,pet_normal,pet,normal,0.583984,186,276,636,376,56.471
20cm,yolo11n,459,489,15.293,16.292,0,7,pet_packaging,pet,packaging,0.383057,184,287,621,375,57.646
20cm,yolo11n,460,490,15.326,16.326,,,,,,,,,,,57.078
20cm,yolo11n,461,491,15.36,16.359,,,,,,,,,,,56.461
20cm,yolo11n,462,492,15.393,16.392,0,7,pet_packaging,pet,packaging,0.361084,179,294,639,374,58.228
20cm,yolo11n,463,493,15.426,16.426,0,5,pet_normal,pet,normal,0.367188,176,297,639,474,57.235
20cm,yolo11n,463,493,15.426,16.426,1,7,pet_packaging,pet,packaging,0.344482,178,296,637,443,57.235
20cm,yolo11n,463,493,15.426,16.426,2,10,plastic_dirty,plastic,dirty,0.255127,534,0,638,212,57.235
20cm,yolo11n,464,494,15.46,16.459,0,5,pet_normal,pet,normal,0.586914,176,300,639,472,57.806
20cm,yolo11n,465,495,15.493,16.492,0,5,pet_normal,pet,normal,0.428711,171,300,639,467,57.55
20cm,yolo11n,465,495,15.493,16.492,1,7,pet_packaging,pet,packaging,0.28418,173,299,635,466,57.55
20cm,yolo11n,466,496,15.526,16.526,0,5,pet_normal,pet,normal,0.619629,167,300,639,453,56.972
20cm,yolo11n,467,497,15.559,16.559,,,,,,,,,,,58.172
20cm,yolo11n,468,498,15.593,16.592,,,,,,,,,,,57.602
20cm,yolo11n,469,499,15.626,16.626,0,5,pet_normal,pet,normal,0.585449,162,301,639,479,56.772
20cm,yolo11n,470,500,15.659,16.659,0,5,pet_normal,pet,normal,0.589844,162,301,639,477,56.596
20cm,yolo11n,471,501,15.693,16.692,0,5,pet_normal,pet,normal,0.522461,161,301,639,462,58.038
20cm,yolo11n,472,502,15.726,16.726,0,5,pet_normal,pet,normal,0.262695,162,301,639,378,59.616
20cm,yolo11n,472,502,15.726,16.726,1,7,pet_packaging,pet,packaging,0.250732,162,301,639,392,59.616
20cm,yolo11n,473,503,15.759,16.759,0,7,pet_packaging,pet,packaging,0.29126,167,299,634,373,57.374
20cm,yolo11n,474,504,15.793,16.792,,,,,,,,,,,58.107
20cm,yolo11n,475,505,15.826,16.826,,,,,,,,,,,57.143
20cm,yolo11n,476,506,15.859,16.859,0,7,pet_packaging,pet,packaging,0.253662,152,301,533,453,57.652
20cm,yolo11n,477,507,15.893,16.892,,,,,,,,,,,57.431
20cm,yolo11n,478,508,15.926,16.926,,,,,,,,,,,57.419
20cm,yolo11n,479,509,15.959,16.959,,,,,,,,,,,57.637
20cm,yolo11n,480,510,15.993,16.992,,,,,,,,,,,57.886
20cm,yolo11n,481,511,16.026,17.025,,,,,,,,,,,56.795
20cm,yolo11n,482,512,16.059,17.059,,,,,,,,,,,57.714
20cm,yolo11n,483,513,16.093,17.092,,,,,,,,,,,57.248
20cm,yolo11n,484,514,16.126,17.125,0,7,pet_packaging,pet,packaging,0.430176,211,197,621,324,57.051
20cm,yolo11n,485,515,16.159,17.159,0,7,pet_packaging,pet,packaging,0.265869,213,252,474,320,57.631
20cm,yolo11n,486,516,16.193,17.192,0,7,pet_packaging,pet,packaging,0.429688,215,191,627,328,57.784
20cm,yolo11n,487,517,16.226,17.225,0,7,pet_packaging,pet,packaging,0.383789,221,234,500,325,58.398
20cm,yolo11n,488,518,16.259,17.259,0,7,pet_packaging,pet,packaging,0.481201,224,232,475,324,57.883
20cm,yolo11n,489,519,16.292,17.292,0,7,pet_packaging,pet,packaging,0.42749,227,232,509,326,58.123
20cm,yolo11n,490,520,16.326,17.325,0,7,pet_packaging,pet,packaging,0.498779,228,234,489,333,57.966
20cm,yolo11n,491,521,16.359,17.359,0,7,pet_packaging,pet,packaging,0.436279,224,187,628,332,60.67
20cm,yolo11n,492,522,16.392,17.392,0,7,pet_packaging,pet,packaging,0.257568,221,185,628,334,58.146
20cm,yolo11n,492,522,16.392,17.392,1,8,pet_dirty_packaging,pet,dirty_packaging,0.287842,221,191,626,335,58.146
20cm,yolo11n,493,523,16.426,17.425,,,,,,,,,,,57.501
20cm,yolo11n,494,524,16.459,17.459,,,,,,,,,,,57.529
20cm,yolo11n,495,525,16.492,17.492,0,8,pet_dirty_packaging,pet,dirty_packaging,0.437988,224,239,467,325,58.087
20cm,yolo11n,496,526,16.526,17.525,0,8,pet_dirty_packaging,pet,dirty_packaging,0.532715,225,239,482,324,57.673
20cm,yolo11n,497,527,16.559,17.559,0,8,pet_dirty_packaging,pet,dirty_packaging,0.524414,226,238,480,323,56.595
20cm,yolo11n,498,528,16.592,17.592,0,8,pet_dirty_packaging,pet,dirty_packaging,0.498779,226,238,479,324,58.14
20cm,yolo11n,499,529,16.626,17.625,0,8,pet_dirty_packaging,pet,dirty_packaging,0.414795,225,238,485,325,57.396
20cm,yolo11n,500,530,16.659,17.658,0,8,pet_dirty_packaging,pet,dirty_packaging,0.558105,224,239,477,327,57.644
20cm,yolo11n,501,531,16.692,17.692,0,8,pet_dirty_packaging,pet,dirty_packaging,0.477783,222,240,479,326,58.187
20cm,yolo11n,502,532,16.726,17.725,0,7,pet_packaging,pet,packaging,0.382568,221,241,494,330,57.586
20cm,yolo11n,502,532,16.726,17.725,1,8,pet_dirty_packaging,pet,dirty_packaging,0.451172,221,241,500,329,57.586
20cm,yolo11n,503,533,16.759,17.758,0,8,pet_dirty_packaging,pet,dirty_packaging,0.479736,220,243,484,332,57.4
20cm,yolo11n,504,534,16.792,17.792,0,8,pet_dirty_packaging,pet,dirty_packaging,0.556152,218,245,492,333,57.763
20cm,yolo11n,505,535,16.826,17.825,0,8,pet_dirty_packaging,pet,dirty_packaging,0.505371,217,248,492,332,55.744
20cm,yolo11n,506,536,16.859,17.858,0,8,pet_dirty_packaging,pet,dirty_packaging,0.50293,215,250,475,334,58.378
20cm,yolo11n,507,537,16.892,17.892,0,8,pet_dirty_packaging,pet,dirty_packaging,0.556641,214,254,473,336,56.652
20cm,yolo11n,508,538,16.926,17.925,0,8,pet_dirty_packaging,pet,dirty_packaging,0.583984,215,256,512,336,57.422
20cm,yolo11n,509,539,16.959,17.958,0,8,pet_dirty_packaging,pet,dirty_packaging,0.505859,217,259,491,337,57.318
20cm,yolo11n,510,540,16.992,17.992,0,8,pet_dirty_packaging,pet,dirty_packaging,0.400879,218,264,480,336,60.85
20cm,yolo11n,511,541,17.025,18.025,0,7,pet_packaging,pet,packaging,0.269775,214,215,614,335,57.616
20cm,yolo11n,512,542,17.059,18.058,,,,,,,,,,,57.01
20cm,yolo11n,513,543,17.092,18.092,0,7,pet_packaging,pet,packaging,0.263916,238,288,439,337,57.611
20cm,yolo11n,513,543,17.092,18.092,1,8,pet_dirty_packaging,pet,dirty_packaging,0.299805,239,288,441,335,57.611
20cm,yolo11n,514,544,17.125,18.125,0,8,pet_dirty_packaging,pet,dirty_packaging,0.337646,247,291,435,336,57.268
20cm,yolo11n,515,545,17.159,18.158,,,,,,,,,,,57.953
20cm,yolo11n,516,546,17.192,18.192,0,8,pet_dirty_packaging,pet,dirty_packaging,0.275146,247,292,426,336,57.858
20cm,yolo11n,517,547,17.225,18.225,0,8,pet_dirty_packaging,pet,dirty_packaging,0.46167,247,292,426,336,57.174
20cm,yolo11n,518,548,17.259,18.258,0,8,pet_dirty_packaging,pet,dirty_packaging,0.325928,247,291,434,338,57.29
20cm,yolo11n,519,549,17.292,18.292,,,,,,,,,,,57.458
20cm,yolo11n,520,550,17.325,18.325,,,,,,,,,,,60.902
20cm,yolo11n,521,551,17.359,18.358,,,,,,,,,,,58.339
20cm,yolo11n,522,552,17.392,18.391,,,,,,,,,,,57.631
20cm,yolo11n,523,553,17.425,18.425,,,,,,,,,,,57.808
20cm,yolo11n,524,554,17.459,18.458,,,,,,,,,,,57.143
20cm,yolo11n,525,555,17.492,18.491,,,,,,,,,,,57.207
20cm,yolo11n,526,556,17.525,18.525,,,,,,,,,,,57.867
20cm,yolo11n,527,557,17.559,18.558,,,,,,,,,,,58.272
20cm,yolo11n,528,558,17.592,18.591,,,,,,,,,,,57.879
20cm,yolo11n,529,559,17.625,18.625,,,,,,,,,,,56.999
20cm,yolo11n,530,560,17.658,18.658,,,,,,,,,,,57.61
20cm,yolo11n,531,561,17.692,18.691,,,,,,,,,,,57.415
20cm,yolo11n,532,562,17.725,18.725,,,,,,,,,,,57.537
20cm,yolo11n,533,563,17.758,18.758,0,7,pet_packaging,pet,packaging,0.381348,361,17,490,185,57.786
20cm,yolo11n,534,564,17.792,18.791,,,,,,,,,,,58.192
20cm,yolo11n,535,565,17.825,18.825,,,,,,,,,,,57.419
20cm,yolo11n,536,566,17.858,18.858,,,,,,,,,,,59.102
20cm,yolo11n,537,567,17.892,18.891,0,7,pet_packaging,pet,packaging,0.452148,374,36,498,210,57.982
20cm,yolo11n,537,567,17.892,18.891,1,9,plastic_normal,plastic,normal,0.430908,242,76,379,183,57.982
20cm,yolo11n,538,568,17.925,18.925,0,7,pet_packaging,pet,packaging,0.374756,370,27,506,214,57.669
20cm,yolo11n,539,569,17.958,18.958,,,,,,,,,,,60.862
20cm,yolo11n,540,570,17.992,18.991,,,,,,,,,,,57.849
20cm,yolo11n,541,571,18.025,19.025,,,,,,,,,,,58.246
20cm,yolo11n,542,572,18.058,19.058,0,7,pet_packaging,pet,packaging,0.313721,388,16,529,211,58.168
20cm,yolo11n,543,573,18.092,19.091,0,7,pet_packaging,pet,packaging,0.290283,378,17,519,216,58.955
20cm,yolo11n,544,574,18.125,19.124,,,,,,,,,,,58.046
20cm,yolo11n,545,575,18.158,19.158,,,,,,,,,,,58.382
20cm,yolo11n,546,576,18.192,19.191,,,,,,,,,,,57.391
20cm,yolo11n,547,577,18.225,19.224,,,,,,,,,,,58.183
20cm,yolo11n,548,578,18.258,19.258,,,,,,,,,,,57.864
20cm,yolo11n,549,579,18.292,19.291,0,7,pet_packaging,pet,packaging,0.300537,327,7,537,383,58.346
20cm,yolo11n,549,579,18.292,19.291,1,8,pet_dirty_packaging,pet,dirty_packaging,0.358154,328,7,539,384,58.346
20cm,yolo11n,550,580,18.325,19.324,0,8,pet_dirty_packaging,pet,dirty_packaging,0.439209,313,13,547,394,58.894
20cm,yolo11n,551,581,18.358,19.358,0,7,pet_packaging,pet,packaging,0.409668,305,16,634,378,58.627
20cm,yolo11n,551,581,18.358,19.358,1,8,pet_dirty_packaging,pet,dirty_packaging,0.42749,301,18,583,379,58.627
20cm,yolo11n,552,582,18.391,19.391,0,7,pet_packaging,pet,packaging,0.372314,296,23,632,375,58.244
20cm,yolo11n,552,582,18.391,19.391,1,8,pet_dirty_packaging,pet,dirty_packaging,0.390381,297,27,547,374,58.244
20cm,yolo11n,553,583,18.425,19.424,0,8,pet_dirty_packaging,pet,dirty_packaging,0.275879,285,32,549,373,57.439
20cm,yolo11n,554,584,18.458,19.458,0,7,pet_packaging,pet,packaging,0.30249,282,39,637,378,58.284
20cm,yolo11n,554,584,18.458,19.458,1,8,pet_dirty_packaging,pet,dirty_packaging,0.311279,280,42,627,377,58.284
20cm,yolo11n,555,585,18.491,19.491,,,,,,,,,,,65.836
20cm,yolo11n,556,586,18.525,19.524,,,,,,,,,,,57.67
20cm,yolo11n,557,587,18.558,19.558,0,7,pet_packaging,pet,packaging,0.26416,351,120,539,376,57.457
20cm,yolo11n,557,587,18.558,19.558,1,8,pet_dirty_packaging,pet,dirty_packaging,0.305176,351,120,541,374,57.457
20cm,yolo11n,558,588,18.591,19.591,,,,,,,,,,,60.264
20cm,yolo11n,559,589,18.625,19.624,,,,,,,,,,,57.912
20cm,yolo11n,560,590,18.658,19.658,,,,,,,,,,,57.759
20cm,yolo11n,561,591,18.691,19.691,0,7,pet_packaging,pet,packaging,0.376709,353,185,545,370,58.535
20cm,yolo11n,562,592,18.725,19.724,0,9,plastic_normal,plastic,normal,0.28125,197,79,365,244,58.18
20cm,yolo11n,563,593,18.758,19.758,0,9,plastic_normal,plastic,normal,0.307373,197,193,228,244,58.537
20cm,yolo11n,564,594,18.791,19.791,0,9,plastic_normal,plastic,normal,0.406982,198,195,227,247,57.928
20cm,yolo11n,565,595,18.825,19.824,0,9,plastic_normal,plastic,normal,0.270508,200,198,227,249,57.44
20cm,yolo11n,566,596,18.858,19.857,0,9,plastic_normal,plastic,normal,0.298096,348,210,570,359,58.596
20cm,yolo11n,567,597,18.891,19.891,,,,,,,,,,,58.361
20cm,yolo11n,568,598,18.925,19.924,,,,,,,,,,,58.283
20cm,yolo11n,569,599,18.958,19.957,,,,,,,,,,,58.198
20cm,yolo11n,570,600,18.991,19.991,0,10,plastic_dirty,plastic,dirty,0.268066,424,208,639,292,58.723
20cm,yolo11n,571,601,19.025,20.024,,,,,,,,,,,58.369
20cm,yolo11n,572,602,19.058,20.057,,,,,,,,,,,58.118
20cm,yolo11n,573,603,19.091,20.091,,,,,,,,,,,58.621
20cm,yolo11n,574,604,19.124,20.124,,,,,,,,,,,58.165
20cm,yolo11n,575,605,19.158,20.157,,,,,,,,,,,59.243
20cm,yolo11n,576,606,19.191,20.191,,,,,,,,,,,58.782
20cm,yolo11n,577,607,19.224,20.224,,,,,,,,,,,61.456
20cm,yolo11n,578,608,19.258,20.257,,,,,,,,,,,58.028
20cm,yolo11n,579,609,19.291,20.291,,,,,,,,,,,58.116
20cm,yolo11n,580,610,19.324,20.324,,,,,,,,,,,57.803
20cm,yolo11n,581,611,19.358,20.357,,,,,,,,,,,57.652
20cm,yolo11n,582,612,19.391,20.391,,,,,,,,,,,58.672
20cm,yolo11n,583,613,19.424,20.424,,,,,,,,,,,58.332
20cm,yolo11n,584,614,19.458,20.457,,,,,,,,,,,57.89
20cm,yolo11n,585,615,19.491,20.491,,,,,,,,,,,58.285
20cm,yolo11n,586,616,19.524,20.524,0,7,pet_packaging,pet,packaging,0.276123,343,216,586,305,58.351
20cm,yolo11n,587,617,19.558,20.557,0,7,pet_packaging,pet,packaging,0.358643,344,200,639,311,61.285
20cm,yolo11n,588,618,19.591,20.59,0,7,pet_packaging,pet,packaging,0.398926,342,238,639,323,59.124
20cm,yolo11n,589,619,19.624,20.624,,,,,,,,,,,58.327
20cm,yolo11n,590,620,19.658,20.657,0,7,pet_packaging,pet,packaging,0.282959,345,165,639,339,58.212
20cm,yolo11n,591,621,19.691,20.69,0,7,pet_packaging,pet,packaging,0.354736,348,153,638,344,58.476
20cm,yolo11n,592,622,19.724,20.724,,,,,,,,,,,59.305
20cm,yolo11n,593,623,19.758,20.757,,,,,,,,,,,59.838
20cm,yolo11n,594,624,19.791,20.79,0,7,pet_packaging,pet,packaging,0.251465,359,124,639,330,60.133
20cm,yolo11n,595,625,19.824,20.824,,,,,,,,,,,59.987
20cm,yolo11n,596,626,19.857,20.857,,,,,,,,,,,59.755
20cm,yolo11n,597,627,19.891,20.89,,,,,,,,,,,57.988
20cm,yolo11n,598,628,19.924,20.924,,,,,,,,,,,59.408
20cm,yolo11n,599,629,19.957,20.957,,,,,,,,,,,59.041
20cm,yolo11n,600,630,19.991,20.99,,,,,,,,,,,59.324
20cm,yolo11n,601,631,20.024,21.024,0,2,glass_normal,glass,normal,0.274658,65,132,565,397,58.312
20cm,yolo11n,602,632,20.057,21.057,,,,,,,,,,,59.013
20cm,yolo11n,603,633,20.091,21.09,,,,,,,,,,,59.22
20cm,yolo11n,604,634,20.124,21.124,,,,,,,,,,,59.233
20cm,yolo11n,605,635,20.157,21.157,,,,,,,,,,,59.035
20cm,yolo11n,606,636,20.191,21.19,,,,,,,,,,,58.918
20cm,yolo11n,607,637,20.224,21.224,,,,,,,,,,,58.805
20cm,yolo11n,608,638,20.257,21.257,,,,,,,,,,,58.672
20cm,yolo11n,609,639,20.291,21.29,,,,,,,,,,,59.254
20cm,yolo11n,610,640,20.324,21.323,,,,,,,,,,,59.083
20cm,yolo11n,611,641,20.357,21.357,,,,,,,,,,,58.57
20cm,yolo11n,612,642,20.391,21.39,,,,,,,,,,,58.106
20cm,yolo11n,613,643,20.424,21.423,,,,,,,,,,,58.205
20cm,yolo11n,614,644,20.457,21.457,,,,,,,,,,,59.455
20cm,yolo11n,615,645,20.491,21.49,,,,,,,,,,,61.203
20cm,yolo11n,616,646,20.524,21.523,,,,,,,,,,,58.929
20cm,yolo11n,617,647,20.557,21.557,,,,,,,,,,,58.538
20cm,yolo11n,618,648,20.59,21.59,,,,,,,,,,,59.037
20cm,yolo11n,619,649,20.624,21.623,,,,,,,,,,,58.703
20cm,yolo11n,620,650,20.657,21.657,,,,,,,,,,,59.113
20cm,yolo11n,621,651,20.69,21.69,,,,,,,,,,,58.269
20cm,yolo11n,622,652,20.724,21.723,,,,,,,,,,,59.004
20cm,yolo11n,623,653,20.757,21.757,,,,,,,,,,,59.202
20cm,yolo11n,624,654,20.79,21.79,,,,,,,,,,,58.608
20cm,yolo11n,625,655,20.824,21.823,,,,,,,,,,,60.772
20cm,yolo11n,626,656,20.857,21.857,,,,,,,,,,,58.385
20cm,yolo11n,627,657,20.89,21.89,,,,,,,,,,,58.591
20cm,yolo11n,628,658,20.924,21.923,,,,,,,,,,,59.361
20cm,yolo11n,629,659,20.957,21.957,,,,,,,,,,,59.215
20cm,yolo11n,630,660,20.99,21.99,,,,,,,,,,,58.892
20cm,yolo11n,631,661,21.024,22.023,,,,,,,,,,,60.097
20cm,yolo11n,632,662,21.057,22.056,,,,,,,,,,,59.105
20cm,yolo11n,633,663,21.09,22.09,,,,,,,,,,,58.884
20cm,yolo11n,634,664,21.124,22.123,,,,,,,,,,,59.403
20cm,yolo11n,635,665,21.157,22.156,,,,,,,,,,,58.515
20cm,yolo11n,636,666,21.19,22.19,,,,,,,,,,,58.246
20cm,yolo11n,637,667,21.224,22.223,,,,,,,,,,,57.612
20cm,yolo11n,638,668,21.257,22.256,,,,,,,,,,,58.797
20cm,yolo11n,639,669,21.29,22.29,,,,,,,,,,,59.07
20cm,yolo11n,640,670,21.323,22.323,,,,,,,,,,,58.14
20cm,yolo11n,641,671,21.357,22.356,,,,,,,,,,,58.771
20cm,yolo11n,642,672,21.39,22.39,,,,,,,,,,,59.789
20cm,yolo11n,643,673,21.423,22.423,,,,,,,,,,,59.885
20cm,yolo11n,644,674,21.457,22.456,,,,,,,,,,,62.21
20cm,yolo11n,645,675,21.49,22.49,,,,,,,,,,,59.51
20cm,yolo11n,646,676,21.523,22.523,,,,,,,,,,,58.881
20cm,yolo11n,647,677,21.557,22.556,,,,,,,,,,,59.543
20cm,yolo11n,648,678,21.59,22.59,,,,,,,,,,,59.797
20cm,yolo11n,649,679,21.623,22.623,,,,,,,,,,,58.54
20cm,yolo11n,650,680,21.657,22.656,,,,,,,,,,,58.614
20cm,yolo11n,651,681,21.69,22.69,,,,,,,,,,,58.917
20cm,yolo11n,652,682,21.723,22.723,,,,,,,,,,,58.857
20cm,yolo11n,653,683,21.757,22.756,,,,,,,,,,,59.718
20cm,yolo11n,654,684,21.79,22.789,,,,,,,,,,,59.2
20cm,yolo11n,655,685,21.823,22.823,0,7,pet_packaging,pet,packaging,0.304932,328,7,535,333,58.744
20cm,yolo11n,656,686,21.857,22.856,,,,,,,,,,,59.176
20cm,yolo11n,657,687,21.89,22.889,,,,,,,,,,,59.617
20cm,yolo11n,658,688,21.923,22.923,,,,,,,,,,,59.934
20cm,yolo11n,659,689,21.957,22.956,,,,,,,,,,,58.712
20cm,yolo11n,660,690,21.99,22.989,0,5,pet_normal,pet,normal,0.409668,199,86,639,451,59.104
20cm,yolo11n,661,691,22.023,23.023,0,5,pet_normal,pet,normal,0.525391,142,132,638,421,57.509
20cm,yolo11n,662,692,22.056,23.056,0,5,pet_normal,pet,normal,0.447266,120,152,639,431,57.932
20cm,yolo11n,663,693,22.09,23.089,0,5,pet_normal,pet,normal,0.323975,113,160,639,381,62.325
20cm,yolo11n,664,694,22.123,23.123,,,,,,,,,,,57.964
20cm,yolo11n,665,695,22.156,23.156,,,,,,,,,,,57.793
20cm,yolo11n,666,696,22.19,23.189,,,,,,,,,,,58.571
20cm,yolo11n,667,697,22.223,23.223,0,5,pet_normal,pet,normal,0.268799,191,224,639,391,59.1
20cm,yolo11n,668,698,22.256,23.256,,,,,,,,,,,57.961
20cm,yolo11n,669,699,22.29,23.289,,,,,,,,,,,58.044
20cm,yolo11n,670,700,22.323,23.323,,,,,,,,,,,58.869
20cm,yolo11n,671,701,22.356,23.356,,,,,,,,,,,58.348
20cm,yolo11n,672,702,22.39,23.389,,,,,,,,,,,61.769
20cm,yolo11n,673,703,22.423,23.422,,,,,,,,,,,58.237
20cm,yolo11n,674,704,22.456,23.456,,,,,,,,,,,57.53
20cm,yolo11n,675,705,22.49,23.489,,,,,,,,,,,57.522
20cm,yolo11n,676,706,22.523,23.522,0,5,pet_normal,pet,normal,0.344727,0,258,450,479,57.812
20cm,yolo11n,677,707,22.556,23.556,0,5,pet_normal,pet,normal,0.365967,0,286,430,479,57.676
20cm,yolo11n,678,708,22.59,23.589,0,5,pet_normal,pet,normal,0.466064,0,281,428,479,58.997
20cm,yolo11n,679,709,22.623,23.622,0,5,pet_normal,pet,normal,0.427002,0,279,429,479,57.601
20cm,yolo11n,679,709,22.623,23.622,1,7,pet_packaging,pet,packaging,0.329834,0,280,428,479,57.601
20cm,yolo11n,680,710,22.656,23.656,0,7,pet_packaging,pet,packaging,0.450439,0,278,435,479,57.981
20cm,yolo11n,681,711,22.69,23.689,0,5,pet_normal,pet,normal,0.357666,0,286,439,479,58.567
20cm,yolo11n,681,711,22.69,23.689,1,7,pet_packaging,pet,packaging,0.312256,0,285,439,479,58.567
20cm,yolo11n,682,712,22.723,23.722,0,5,pet_normal,pet,normal,0.369873,0,288,448,479,60.278
20cm,yolo11n,682,712,22.723,23.722,1,7,pet_packaging,pet,packaging,0.260498,1,288,447,479,60.278
20cm,yolo11n,683,713,22.756,23.756,0,7,pet_packaging,pet,packaging,0.458008,0,284,450,479,58.7
20cm,yolo11n,684,714,22.789,23.789,0,5,pet_normal,pet,normal,0.254883,0,287,459,479,57.728
20cm,yolo11n,684,714,22.789,23.789,1,7,pet_packaging,pet,packaging,0.393066,0,287,456,479,57.728
20cm,yolo11n,685,715,22.823,23.822,0,7,pet_packaging,pet,packaging,0.385254,0,291,470,479,57.675
20cm,yolo11n,686,716,22.856,23.856,0,5,pet_normal,pet,normal,0.634766,0,288,477,479,59.0
20cm,yolo11n,687,717,22.889,23.889,0,5,pet_normal,pet,normal,0.491455,0,287,491,479,59.004
20cm,yolo11n,688,718,22.923,23.922,0,5,pet_normal,pet,normal,0.540527,0,290,491,479,58.643
20cm,yolo11n,689,719,22.956,23.956,0,5,pet_normal,pet,normal,0.486572,0,292,493,479,58.325
20cm,yolo11n,690,720,22.989,23.989,0,5,pet_normal,pet,normal,0.520996,0,288,484,479,57.589
20cm,yolo11n,691,721,23.023,24.022,0,5,pet_normal,pet,normal,0.501953,0,288,482,479,58.071
20cm,yolo11n,692,722,23.056,24.056,0,5,pet_normal,pet,normal,0.471191,0,290,475,479,59.106
20cm,yolo11n,693,723,23.089,24.089,0,5,pet_normal,pet,normal,0.347412,0,292,470,479,58.534
20cm,yolo11n,693,723,23.089,24.089,1,7,pet_packaging,pet,packaging,0.311035,1,291,468,479,58.534
20cm,yolo11n,694,724,23.123,24.122,0,5,pet_normal,pet,normal,0.455078,0,287,466,479,58.183
20cm,yolo11n,695,725,23.156,24.155,0,5,pet_normal,pet,normal,0.671387,0,285,462,479,58.552
20cm,yolo11n,696,726,23.189,24.189,0,5,pet_normal,pet,normal,0.697266,0,288,460,479,58.52
20cm,yolo11n,697,727,23.223,24.222,0,5,pet_normal,pet,normal,0.726074,0,291,460,479,58.688
20cm,yolo11n,698,728,23.256,24.255,0,5,pet_normal,pet,normal,0.703125,0,289,459,479,57.687
20cm,yolo11n,699,729,23.289,24.289,0,5,pet_normal,pet,normal,0.765137,0,291,459,479,57.852
20cm,yolo11n,700,730,23.323,24.322,0,5,pet_normal,pet,normal,0.725586,0,290,459,479,57.842
20cm,yolo11n,701,731,23.356,24.355,0,5,pet_normal,pet,normal,0.758789,0,291,462,479,60.685
20cm,yolo11n,702,732,23.389,24.389,0,5,pet_normal,pet,normal,0.72168,0,292,464,479,59.459
20cm,yolo11n,703,733,23.422,24.422,0,5,pet_normal,pet,normal,0.696289,0,291,468,479,59.501
20cm,yolo11n,704,734,23.456,24.455,0,5,pet_normal,pet,normal,0.657715,0,292,474,479,58.537
20cm,yolo11n,705,735,23.489,24.489,0,5,pet_normal,pet,normal,0.571777,0,292,482,479,57.836
20cm,yolo11n,706,736,23.522,24.522,0,5,pet_normal,pet,normal,0.682129,0,289,488,479,58.262
20cm,yolo11n,707,737,23.556,24.555,0,5,pet_normal,pet,normal,0.689941,0,287,491,479,58.54
20cm,yolo11n,708,738,23.589,24.589,0,5,pet_normal,pet,normal,0.695312,0,288,494,479,57.7
20cm,yolo11n,709,739,23.622,24.622,0,5,pet_normal,pet,normal,0.597656,0,293,521,479,58.389
20cm,yolo11n,710,740,23.656,24.655,0,5,pet_normal,pet,normal,0.645508,7,293,518,479,58.443
20cm,yolo11n,711,741,23.689,24.689,,,,,,,,,,,59.073
20cm,yolo11n,712,742,23.722,24.722,,,,,,,,,,,58.254
20cm,yolo11n,713,743,23.756,24.755,0,5,pet_normal,pet,normal,0.264648,0,288,440,479,59.005
20cm,yolo11n,714,744,23.789,24.789,0,5,pet_normal,pet,normal,0.588867,0,283,432,479,59.354
20cm,yolo11n,715,745,23.822,24.822,0,5,pet_normal,pet,normal,0.735352,0,278,419,479,58.584
20cm,yolo11n,716,746,23.856,24.855,0,5,pet_normal,pet,normal,0.602539,0,278,414,479,58.667
20cm,yolo11n,717,747,23.889,24.888,,,,,,,,,,,58.447
20cm,yolo11n,718,748,23.922,24.922,,,,,,,,,,,58.43
20cm,yolo11n,719,749,23.956,24.955,,,,,,,,,,,58.014
20cm,yolo11n,720,750,23.989,24.988,,,,,,,,,,,62.59
20cm,yolo11n,721,751,24.022,25.022,,,,,,,,,,,58.468
20cm,yolo11n,722,752,24.056,25.055,0,5,pet_normal,pet,normal,0.284668,6,277,505,479,58.092
20cm,yolo11n,723,753,24.089,25.088,0,5,pet_normal,pet,normal,0.313721,2,284,484,479,59.161
20cm,yolo11n,724,754,24.122,25.122,0,5,pet_normal,pet,normal,0.30542,2,285,508,479,58.725
20cm,yolo11n,725,755,24.155,25.155,0,5,pet_normal,pet,normal,0.377686,2,240,520,479,58.705
20cm,yolo11n,726,756,24.189,25.188,0,5,pet_normal,pet,normal,0.543457,1,255,519,479,59.181
20cm,yolo11n,727,757,24.222,25.222,0,5,pet_normal,pet,normal,0.740723,0,287,331,479,59.257
20cm,yolo11n,728,758,24.255,25.255,0,5,pet_normal,pet,normal,0.756836,0,285,331,479,59.11
20cm,yolo11n,729,759,24.289,25.288,0,5,pet_normal,pet,normal,0.756836,0,285,335,479,62.054
20cm,yolo11n,730,760,24.322,25.322,0,5,pet_normal,pet,normal,0.765625,0,284,334,479,58.577
20cm,yolo11n,731,761,24.355,25.355,0,5,pet_normal,pet,normal,0.708008,0,284,333,479,57.985
20cm,yolo11n,732,762,24.389,25.388,0,5,pet_normal,pet,normal,0.748047,0,286,333,479,58.579
20cm,yolo11n,733,763,24.422,25.422,0,5,pet_normal,pet,normal,0.717285,0,286,333,479,58.418
20cm,yolo11n,734,764,24.455,25.455,0,5,pet_normal,pet,normal,0.760742,0,285,333,479,58.591
20cm,yolo11n,735,765,24.489,25.488,0,5,pet_normal,pet,normal,0.741699,0,285,332,479,57.982
20cm,yolo11n,736,766,24.522,25.522,0,5,pet_normal,pet,normal,0.741211,0,285,332,479,58.509
20cm,yolo11n,737,767,24.555,25.555,0,5,pet_normal,pet,normal,0.725586,0,284,333,479,58.308
20cm,yolo11n,738,768,24.589,25.588,0,5,pet_normal,pet,normal,0.686523,0,285,334,479,58.343
20cm,yolo11n,739,769,24.622,25.621,0,5,pet_normal,pet,normal,0.678711,0,285,332,479,58.364
20cm,yolo11n,740,770,24.655,25.655,0,5,pet_normal,pet,normal,0.637695,0,285,333,479,58.58
20cm,yolo11n,741,771,24.689,25.688,0,5,pet_normal,pet,normal,0.682129,0,285,332,479,58.093
20cm,yolo11n,742,772,24.722,25.721,0,5,pet_normal,pet,normal,0.685547,0,285,332,479,58.481
20cm,yolo11n,743,773,24.755,25.755,0,5,pet_normal,pet,normal,0.726562,0,285,332,479,58.75
20cm,yolo11n,744,774,24.789,25.788,0,5,pet_normal,pet,normal,0.706055,0,285,332,479,58.491
20cm,yolo11n,745,775,24.822,25.821,0,5,pet_normal,pet,normal,0.709961,0,285,332,479,57.671
20cm,yolo11n,746,776,24.855,25.855,0,5,pet_normal,pet,normal,0.72998,0,285,332,479,58.824
20cm,yolo11n,747,777,24.888,25.888,0,5,pet_normal,pet,normal,0.709961,0,285,332,479,58.43
20cm,yolo11n,748,778,24.922,25.921,0,5,pet_normal,pet,normal,0.742188,0,285,331,479,57.87
20cm,yolo11n,749,779,24.955,25.955,0,5,pet_normal,pet,normal,0.709961,0,285,332,479,59.816
20cm,yolo11n,750,780,24.988,25.988,0,5,pet_normal,pet,normal,0.732422,0,285,333,479,61.489
20cm,yolo11n,751,781,25.022,26.021,0,5,pet_normal,pet,normal,0.719727,0,285,333,479,58.277
20cm,yolo11n,752,782,25.055,26.055,0,5,pet_normal,pet,normal,0.686035,0,285,332,479,57.822
20cm,yolo11n,753,783,25.088,26.088,0,5,pet_normal,pet,normal,0.686523,0,285,334,479,58.169
20cm,yolo11n,754,784,25.122,26.121,0,5,pet_normal,pet,normal,0.685059,0,285,333,479,74.729
20cm,yolo11n,755,785,25.155,26.155,0,5,pet_normal,pet,normal,0.707031,0,285,333,479,64.064
20cm,yolo11n,756,786,25.188,26.188,0,5,pet_normal,pet,normal,0.646973,0,285,331,479,57.663
20cm,yolo11n,757,787,25.222,26.221,0,5,pet_normal,pet,normal,0.673828,0,285,333,479,57.857
20cm,yolo11n,758,788,25.255,26.255,0,5,pet_normal,pet,normal,0.711914,0,284,333,479,61.116
20cm,yolo11n,759,789,25.288,26.288,0,5,pet_normal,pet,normal,0.712402,0,285,333,479,59.762
20cm,yolo11n,759,789,25.288,26.288,1,9,plastic_normal,plastic,normal,0.364746,455,91,638,286,59.762
20cm,yolo11n,760,790,25.322,26.321,0,5,pet_normal,pet,normal,0.674805,0,285,332,479,58.764
20cm,yolo11n,761,791,25.355,26.354,0,5,pet_normal,pet,normal,0.686035,0,285,331,479,59.05
20cm,yolo11n,762,792,25.388,26.388,0,2,glass_normal,glass,normal,0.363525,0,284,326,479,58.195
20cm,yolo11n,762,792,25.388,26.388,1,5,pet_normal,pet,normal,0.533203,0,284,323,479,58.195
20cm,yolo11n,763,793,25.422,26.421,0,5,pet_normal,pet,normal,0.294922,1,284,318,479,58.539
20cm,yolo11n,764,794,25.455,26.454,0,5,pet_normal,pet,normal,0.524902,0,284,308,479,58.593
20cm,yolo11n,765,795,25.488,26.488,0,5,pet_normal,pet,normal,0.640137,0,283,303,479,58.822
20cm,yolo11n,766,796,25.522,26.521,0,5,pet_normal,pet,normal,0.655762,0,283,300,479,57.634
20cm,yolo11n,766,796,25.522,26.521,1,7,pet_packaging,pet,packaging,0.269531,291,85,419,479,57.634
20cm,yolo11n,767,797,25.555,26.554,0,5,pet_normal,pet,normal,0.62207,0,283,294,479,58.678
20cm,yolo11n,767,797,25.555,26.554,1,7,pet_packaging,pet,packaging,0.265625,288,85,417,479,58.678
20cm,yolo11n,768,798,25.588,26.588,0,5,pet_normal,pet,normal,0.664062,0,283,294,479,58.245
20cm,yolo11n,769,799,25.621,26.621,0,5,pet_normal,pet,normal,0.69043,0,282,293,479,59.12
20cm,yolo11n,770,800,25.655,26.654,0,5,pet_normal,pet,normal,0.672852,0,282,288,479,58.904
20cm,yolo11n,771,801,25.688,26.688,0,5,pet_normal,pet,normal,0.64209,0,282,288,479,59.106
20cm,yolo11n,771,801,25.688,26.688,1,9,plastic_normal,plastic,normal,0.376709,397,315,523,454,59.106
20cm,yolo11n,772,802,25.721,26.721,0,5,pet_normal,pet,normal,0.646484,0,282,286,479,58.56
20cm,yolo11n,772,802,25.721,26.721,1,9,plastic_normal,plastic,normal,0.348145,397,315,523,455,58.56
20cm,yolo11n,773,803,25.755,26.754,0,5,pet_normal,pet,normal,0.709961,0,282,286,479,58.146
20cm,yolo11n,774,804,25.788,26.788,0,5,pet_normal,pet,normal,0.714355,0,282,285,479,58.787
20cm,yolo11n,774,804,25.788,26.788,1,9,plastic_normal,plastic,normal,0.25293,402,101,553,326,58.787
20cm,yolo11n,775,805,25.821,26.821,0,5,pet_normal,pet,normal,0.695801,0,282,286,479,58.572
20cm,yolo11n,775,805,25.821,26.821,1,9,plastic_normal,plastic,normal,0.360596,400,100,552,323,58.572
20cm,yolo11n,776,806,25.855,26.854,0,5,pet_normal,pet,normal,0.700684,0,282,285,479,57.598
20cm,yolo11n,777,807,25.888,26.888,0,5,pet_normal,pet,normal,0.679199,0,282,285,479,57.476
20cm,yolo11n,778,808,25.921,26.921,0,5,pet_normal,pet,normal,0.6875,0,282,286,479,57.523
20cm,yolo11n,779,809,25.955,26.954,0,5,pet_normal,pet,normal,0.668945,0,282,285,479,57.638
20cm,yolo11n,779,809,25.955,26.954,1,9,plastic_normal,plastic,normal,0.375244,404,98,564,292,57.638
20cm,yolo11n,780,810,25.988,26.988,0,5,pet_normal,pet,normal,0.692871,0,282,285,479,57.557
20cm,yolo11n,780,810,25.988,26.988,1,9,plastic_normal,plastic,normal,0.331299,405,99,570,289,57.557
20cm,yolo11n,781,811,26.021,27.021,0,5,pet_normal,pet,normal,0.697266,0,282,285,479,57.303
20cm,yolo11n,781,811,26.021,27.021,1,9,plastic_normal,plastic,normal,0.253418,401,99,604,291,57.303
20cm,yolo11n,782,812,26.055,27.054,0,5,pet_normal,pet,normal,0.668945,0,282,285,479,57.873
20cm,yolo11n,783,813,26.088,27.087,0,5,pet_normal,pet,normal,0.737305,0,282,286,479,58.902
20cm,yolo11n,784,814,26.121,27.121,0,5,pet_normal,pet,normal,0.64502,0,282,284,479,57.88
20cm,yolo11n,785,815,26.155,27.154,0,5,pet_normal,pet,normal,0.435059,0,280,280,479,58.639
20cm,yolo11n,785,815,26.155,27.154,1,9,plastic_normal,plastic,normal,0.352539,400,95,639,294,58.639
20cm,yolo11n,786,816,26.188,27.187,0,5,pet_normal,pet,normal,0.378906,0,280,277,479,60.873
20cm,yolo11n,786,816,26.188,27.187,1,10,plastic_dirty,plastic,dirty,0.399414,398,97,639,293,60.873
20cm,yolo11n,787,817,26.221,27.221,0,2,glass_normal,glass,normal,0.275879,0,280,273,479,57.141
20cm,yolo11n,787,817,26.221,27.221,1,5,pet_normal,pet,normal,0.374023,0,280,271,479,57.141
20cm,yolo11n,787,817,26.221,27.221,2,9,plastic_normal,plastic,normal,0.445068,392,98,639,290,57.141
20cm,yolo11n,787,817,26.221,27.221,3,10,plastic_dirty,plastic,dirty,0.343018,390,89,639,291,57.141
20cm,yolo11n,788,818,26.255,27.254,0,2,glass_normal,glass,normal,0.455078,0,280,263,479,58.198
20cm,yolo11n,788,818,26.255,27.254,1,5,pet_normal,pet,normal,0.27002,0,282,264,479,58.198
20cm,yolo11n,788,818,26.255,27.254,2,9,plastic_normal,plastic,normal,0.558594,389,99,639,292,58.198
20cm,yolo11n,789,819,26.288,27.287,0,9,plastic_normal,plastic,normal,0.567871,389,98,639,287,57.869
20cm,yolo11n,790,820,26.321,27.321,0,9,plastic_normal,plastic,normal,0.537598,391,96,639,280,58.026
20cm,yolo11n,791,821,26.354,27.354,0,9,plastic_normal,plastic,normal,0.52832,391,94,639,279,58.968
20cm,yolo11n,792,822,26.388,27.387,0,9,plastic_normal,plastic,normal,0.464111,390,93,639,277,58.032
20cm,yolo11n,793,823,26.421,27.421,0,5,pet_normal,pet,normal,0.342041,0,283,211,479,57.382
20cm,yolo11n,793,823,26.421,27.421,1,9,plastic_normal,plastic,normal,0.390137,383,93,639,278,57.382
20cm,yolo11n,794,824,26.454,27.454,0,5,pet_normal,pet,normal,0.255859,0,285,209,479,58.258
20cm,yolo11n,794,824,26.454,27.454,1,9,plastic_normal,plastic,normal,0.301758,382,93,639,273,58.258
20cm,yolo11n,795,825,26.488,27.487,,,,,,,,,,,59.341
20cm,yolo11n,796,826,26.521,27.521,0,5,pet_normal,pet,normal,0.272217,0,286,210,479,58.76
20cm,yolo11n,797,827,26.554,27.554,0,5,pet_normal,pet,normal,0.277588,0,286,209,479,59.471
20cm,yolo11n,798,828,26.588,27.587,,,,,,,,,,,58.582
20cm,yolo11n,799,829,26.621,27.621,0,5,pet_normal,pet,normal,0.269043,0,286,209,479,58.957
20cm,yolo11n,799,829,26.621,27.621,1,7,pet_packaging,pet,packaging,0.287109,200,95,328,478,58.957
20cm,yolo11n,799,829,26.621,27.621,2,9,plastic_normal,plastic,normal,0.306152,375,91,577,325,58.957
20cm,yolo11n,800,830,26.654,27.654,0,5,pet_normal,pet,normal,0.388184,0,286,210,479,58.855
20cm,yolo11n,800,830,26.654,27.654,1,7,pet_packaging,pet,packaging,0.317139,200,95,328,478,58.855
20cm,yolo11n,801,831,26.688,27.687,0,5,pet_normal,pet,normal,0.282471,0,286,210,479,58.777
20cm,yolo11n,801,831,26.688,27.687,1,7,pet_packaging,pet,packaging,0.318848,199,95,329,479,58.777
20cm,yolo11n,802,832,26.721,27.721,0,5,pet_normal,pet,normal,0.256104,0,286,210,479,57.907
20cm,yolo11n,802,832,26.721,27.721,1,7,pet_packaging,pet,packaging,0.260254,199,95,329,479,57.907
20cm,yolo11n,803,833,26.754,27.754,0,5,pet_normal,pet,normal,0.382812,0,285,209,479,58.608
20cm,yolo11n,803,833,26.754,27.754,1,7,pet_packaging,pet,packaging,0.280029,200,95,329,479,58.608
20cm,yolo11n,804,834,26.788,27.787,0,5,pet_normal,pet,normal,0.345947,0,286,210,479,59.047
20cm,yolo11n,804,834,26.788,27.787,1,7,pet_packaging,pet,packaging,0.335205,200,95,328,479,59.047
20cm,yolo11n,805,835,26.821,27.82,0,5,pet_normal,pet,normal,0.38623,0,286,209,479,62.381
20cm,yolo11n,805,835,26.821,27.82,1,7,pet_packaging,pet,packaging,0.324707,200,95,328,479,62.381
20cm,yolo11n,806,836,26.854,27.854,0,5,pet_normal,pet,normal,0.416992,0,285,209,479,58.052
20cm,yolo11n,806,836,26.854,27.854,1,7,pet_packaging,pet,packaging,0.314209,200,95,329,479,58.052
20cm,yolo11n,806,836,26.854,27.854,2,9,plastic_normal,plastic,normal,0.293701,369,92,567,457,58.052
20cm,yolo11n,807,837,26.888,27.887,0,5,pet_normal,pet,normal,0.436035,0,286,209,479,60.154
20cm,yolo11n,807,837,26.888,27.887,1,7,pet_packaging,pet,packaging,0.319092,200,95,328,479,60.154
20cm,yolo11n,807,837,26.888,27.887,2,7,pet_packaging,pet,packaging,0.26123,0,286,209,479,60.154
20cm,yolo11n,808,838,26.921,27.92,0,5,pet_normal,pet,normal,0.417725,0,286,209,479,58.256
20cm,yolo11n,808,838,26.921,27.92,1,7,pet_packaging,pet,packaging,0.35083,200,95,329,479,58.256
20cm,yolo11n,808,838,26.921,27.92,2,7,pet_packaging,pet,packaging,0.250732,0,286,209,479,58.256
20cm,yolo11n,809,839,26.954,27.954,0,5,pet_normal,pet,normal,0.390869,0,285,209,479,58.283
20cm,yolo11n,809,839,26.954,27.954,1,7,pet_packaging,pet,packaging,0.324951,200,95,329,479,58.283
20cm,yolo11n,809,839,26.954,27.954,2,7,pet_packaging,pet,packaging,0.253906,0,286,209,479,58.283
20cm,yolo11n,810,840,26.988,27.987,0,5,pet_normal,pet,normal,0.406006,0,285,209,479,58.251
20cm,yolo11n,810,840,26.988,27.987,1,7,pet_packaging,pet,packaging,0.305908,199,95,329,479,58.251
20cm,yolo11n,811,841,27.021,28.02,0,5,pet_normal,pet,normal,0.403809,0,285,209,479,58.674
20cm,yolo11n,811,841,27.021,28.02,1,7,pet_packaging,pet,packaging,0.341797,200,95,328,479,58.674
20cm,yolo11n,811,841,27.021,28.02,2,7,pet_packaging,pet,packaging,0.250244,0,285,210,479,58.674
20cm,yolo11n,812,842,27.054,28.054,0,5,pet_normal,pet,normal,0.319092,0,285,209,479,59.197
20cm,yolo11n,812,842,27.054,28.054,1,7,pet_packaging,pet,packaging,0.39502,200,96,327,479,59.197
20cm,yolo11n,813,843,27.087,28.087,0,5,pet_normal,pet,normal,0.40625,0,286,210,479,58.151
20cm,yolo11n,813,843,27.087,28.087,1,7,pet_packaging,pet,packaging,0.393311,200,95,328,479,58.151
20cm,yolo11n,814,844,27.121,28.12,0,5,pet_normal,pet,normal,0.420898,0,285,210,479,58.492
20cm,yolo11n,814,844,27.121,28.12,1,7,pet_packaging,pet,packaging,0.395264,200,96,327,479,58.492
20cm,yolo11n,814,844,27.121,28.12,2,7,pet_packaging,pet,packaging,0.283203,0,286,210,479,58.492
20cm,yolo11n,815,845,27.154,28.154,0,5,pet_normal,pet,normal,0.350098,0,285,210,479,58.637
20cm,yolo11n,815,845,27.154,28.154,1,7,pet_packaging,pet,packaging,0.36792,200,95,330,479,58.637
20cm,yolo11n,815,845,27.154,28.154,2,7,pet_packaging,pet,packaging,0.25293,0,286,210,479,58.637
20cm,yolo11n,816,846,27.187,28.187,0,5,pet_normal,pet,normal,0.391602,0,285,209,479,58.785
20cm,yolo11n,816,846,27.187,28.187,1,7,pet_packaging,pet,packaging,0.371826,200,96,329,479,58.785
20cm,yolo11n,817,847,27.221,28.22,0,5,pet_normal,pet,normal,0.440674,0,285,209,479,57.863
20cm,yolo11n,817,847,27.221,28.22,1,7,pet_packaging,pet,packaging,0.374023,199,96,328,479,57.863
20cm,yolo11n,818,848,27.254,28.254,0,5,pet_normal,pet,normal,0.407471,0,285,209,479,58.171
20cm,yolo11n,818,848,27.254,28.254,1,7,pet_packaging,pet,packaging,0.40332,200,95,330,479,58.171
20cm,yolo11n,819,849,27.287,28.287,0,5,pet_normal,pet,normal,0.430664,0,285,209,479,58.966
20cm,yolo11n,819,849,27.287,28.287,1,7,pet_packaging,pet,packaging,0.420654,200,95,329,479,58.966
20cm,yolo11n,820,850,27.321,28.32,0,5,pet_normal,pet,normal,0.440674,0,285,209,479,58.219
20cm,yolo11n,820,850,27.321,28.32,1,7,pet_packaging,pet,packaging,0.389648,200,95,329,479,58.219
20cm,yolo11n,821,851,27.354,28.354,0,5,pet_normal,pet,normal,0.48291,0,285,210,479,58.061
20cm,yolo11n,821,851,27.354,28.354,1,7,pet_packaging,pet,packaging,0.368652,200,95,329,479,58.061
20cm,yolo11n,822,852,27.387,28.387,0,5,pet_normal,pet,normal,0.35376,0,285,209,479,58.009
20cm,yolo11n,822,852,27.387,28.387,1,7,pet_packaging,pet,packaging,0.372559,200,95,328,479,58.009
20cm,yolo11n,822,852,27.387,28.387,2,9,plastic_normal,plastic,normal,0.337891,387,90,595,328,58.009
20cm,yolo11n,823,853,27.421,28.42,0,5,pet_normal,pet,normal,0.37793,0,284,210,479,59.231
20cm,yolo11n,823,853,27.421,28.42,1,7,pet_packaging,pet,packaging,0.386475,200,95,328,479,59.231
20cm,yolo11n,824,854,27.454,28.454,0,5,pet_normal,pet,normal,0.46167,0,285,210,479,60.365
20cm,yolo11n,824,854,27.454,28.454,1,7,pet_packaging,pet,packaging,0.347412,200,95,328,479,60.365
20cm,yolo11n,825,855,27.487,28.487,0,5,pet_normal,pet,normal,0.426758,0,286,209,479,57.988
20cm,yolo11n,825,855,27.487,28.487,1,7,pet_packaging,pet,packaging,0.404053,200,95,328,479,57.988
20cm,yolo11n,826,856,27.521,28.52,0,5,pet_normal,pet,normal,0.454102,0,286,209,479,58.818
20cm,yolo11n,826,856,27.521,28.52,1,7,pet_packaging,pet,packaging,0.430176,200,95,328,479,58.818
20cm,yolo11n,827,857,27.554,28.553,0,5,pet_normal,pet,normal,0.46167,0,285,210,479,58.759
20cm,yolo11n,827,857,27.554,28.553,1,7,pet_packaging,pet,packaging,0.399414,200,95,329,479,58.759
20cm,yolo11n,828,858,27.587,28.587,0,5,pet_normal,pet,normal,0.299805,0,287,210,479,58.193
20cm,yolo11n,828,858,27.587,28.587,1,7,pet_packaging,pet,packaging,0.399902,200,96,329,479,58.193
20cm,yolo11n,828,858,27.587,28.587,2,7,pet_packaging,pet,packaging,0.254883,0,287,210,479,58.193
20cm,yolo11n,829,859,27.621,28.62,0,7,pet_packaging,pet,packaging,0.391113,200,96,328,479,58.81
20cm,yolo11n,830,860,27.654,28.653,0,7,pet_packaging,pet,packaging,0.400391,200,95,328,479,58.776
20cm,yolo11n,831,861,27.687,28.687,0,5,pet_normal,pet,normal,0.344727,0,287,209,479,57.7
20cm,yolo11n,831,861,27.687,28.687,1,7,pet_packaging,pet,packaging,0.388184,200,95,329,479,57.7
20cm,yolo11n,831,861,27.687,28.687,2,7,pet_packaging,pet,packaging,0.271484,0,286,209,479,57.7
20cm,yolo11n,832,862,27.721,28.72,0,5,pet_normal,pet,normal,0.409912,0,286,209,479,58.953
20cm,yolo11n,832,862,27.721,28.72,1,7,pet_packaging,pet,packaging,0.388184,199,95,328,479,58.953
20cm,yolo11n,832,862,27.721,28.72,2,7,pet_packaging,pet,packaging,0.279541,0,285,211,479,58.953
20cm,yolo11n,832,862,27.721,28.72,3,9,plastic_normal,plastic,normal,0.291016,378,91,584,330,58.953
20cm,yolo11n,833,863,27.754,28.753,0,5,pet_normal,pet,normal,0.443359,0,286,209,479,59.052
20cm,yolo11n,833,863,27.754,28.753,1,7,pet_packaging,pet,packaging,0.399414,200,95,329,479,59.052
20cm,yolo11n,833,863,27.754,28.753,2,7,pet_packaging,pet,packaging,0.298096,0,285,210,479,59.052
20cm,yolo11n,833,863,27.754,28.753,3,9,plastic_normal,plastic,normal,0.380371,376,91,586,327,59.052
20cm,yolo11n,834,864,27.787,28.787,0,5,pet_normal,pet,normal,0.409424,0,286,209,479,58.186
20cm,yolo11n,834,864,27.787,28.787,1,7,pet_packaging,pet,packaging,0.348633,200,95,329,479,58.186
20cm,yolo11n,834,864,27.787,28.787,2,7,pet_packaging,pet,packaging,0.269775,0,286,210,479,58.186
20cm,yolo11n,834,864,27.787,28.787,3,9,plastic_normal,plastic,normal,0.264648,374,91,585,372,58.186
20cm,yolo11n,835,865,27.82,28.82,0,5,pet_normal,pet,normal,0.428467,0,285,209,479,59.61
20cm,yolo11n,835,865,27.82,28.82,1,7,pet_packaging,pet,packaging,0.374268,199,95,329,479,59.61
20cm,yolo11n,835,865,27.82,28.82,2,7,pet_packaging,pet,packaging,0.25708,0,286,210,479,59.61
20cm,yolo11n,836,866,27.854,28.853,0,5,pet_normal,pet,normal,0.437988,0,286,209,479,59.224
20cm,yolo11n,836,866,27.854,28.853,1,7,pet_packaging,pet,packaging,0.39624,199,96,328,479,59.224
20cm,yolo11n,837,867,27.887,28.887,0,5,pet_normal,pet,normal,0.450195,0,285,209,479,59.078
20cm,yolo11n,837,867,27.887,28.887,1,7,pet_packaging,pet,packaging,0.350342,198,95,328,479,59.078
20cm,yolo11n,838,868,27.92,28.92,0,5,pet_normal,pet,normal,0.488037,0,286,209,479,59.42
20cm,yolo11n,838,868,27.92,28.92,1,7,pet_packaging,pet,packaging,0.349365,198,95,329,479,59.42
20cm,yolo11n,839,869,27.954,28.953,0,5,pet_normal,pet,normal,0.429932,0,285,210,479,57.935
20cm,yolo11n,839,869,27.954,28.953,1,7,pet_packaging,pet,packaging,0.344482,198,95,328,479,57.935
20cm,yolo11n,840,870,27.987,28.987,0,5,pet_normal,pet,normal,0.449463,0,285,209,479,58.372
20cm,yolo11n,840,870,27.987,28.987,1,7,pet_packaging,pet,packaging,0.325928,199,95,328,479,58.372
20cm,yolo11n,841,871,28.02,29.02,0,5,pet_normal,pet,normal,0.360107,0,285,210,479,57.921
20cm,yolo11n,841,871,28.02,29.02,1,7,pet_packaging,pet,packaging,0.316162,198,95,329,479,57.921
20cm,yolo11n,842,872,28.054,29.053,0,5,pet_normal,pet,normal,0.346191,0,285,209,479,57.891
20cm,yolo11n,842,872,28.054,29.053,1,7,pet_packaging,pet,packaging,0.283691,194,95,329,479,57.891
20cm,yolo11n,843,873,28.087,29.087,0,5,pet_normal,pet,normal,0.393311,0,286,209,479,57.515
20cm,yolo11n,843,873,28.087,29.087,1,7,pet_packaging,pet,packaging,0.301758,199,95,329,479,57.515
20cm,yolo11n,844,874,28.12,29.12,0,5,pet_normal,pet,normal,0.335449,0,285,210,479,58.148
20cm,yolo11n,844,874,28.12,29.12,1,7,pet_packaging,pet,packaging,0.343018,200,95,328,479,58.148
20cm,yolo11n,845,875,28.154,29.153,0,5,pet_normal,pet,normal,0.408691,0,286,210,479,59.085
20cm,yolo11n,845,875,28.154,29.153,1,7,pet_packaging,pet,packaging,0.35498,200,95,328,479,59.085
20cm,yolo11n,846,876,28.187,29.186,0,5,pet_normal,pet,normal,0.505859,0,286,210,479,58.799
20cm,yolo11n,846,876,28.187,29.186,1,7,pet_packaging,pet,packaging,0.330811,200,95,328,479,58.799
20cm,yolo11n,847,877,28.22,29.22,0,5,pet_normal,pet,normal,0.494141,0,286,209,479,59.503
20cm,yolo11n,847,877,28.22,29.22,1,7,pet_packaging,pet,packaging,0.38208,200,95,328,479,59.503
20cm,yolo11n,848,878,28.254,29.253,0,5,pet_normal,pet,normal,0.466309,0,286,209,479,58.384
20cm,yolo11n,848,878,28.254,29.253,1,7,pet_packaging,pet,packaging,0.400391,200,95,328,479,58.384
20cm,yolo11n,849,879,28.287,29.286,0,5,pet_normal,pet,normal,0.404541,0,286,209,479,58.154
20cm,yolo11n,849,879,28.287,29.286,1,7,pet_packaging,pet,packaging,0.436035,200,95,329,479,58.154
20cm,yolo11n,849,879,28.287,29.286,2,9,plastic_normal,plastic,normal,0.330566,399,21,637,196,58.154
20cm,yolo11n,850,880,28.32,29.32,0,5,pet_normal,pet,normal,0.408447,0,285,209,479,58.29
20cm,yolo11n,850,880,28.32,29.32,1,7,pet_packaging,pet,packaging,0.475098,200,96,328,479,58.29
20cm,yolo11n,850,880,28.32,29.32,2,9,plastic_normal,plastic,normal,0.317139,398,20,637,377,58.29
20cm,yolo11n,851,881,28.354,29.353,0,5,pet_normal,pet,normal,0.382324,0,286,209,479,59.42
20cm,yolo11n,851,881,28.354,29.353,1,7,pet_packaging,pet,packaging,0.414795,200,95,328,479,59.42
20cm,yolo11n,851,881,28.354,29.353,2,10,plastic_dirty,plastic,dirty,0.326172,393,19,637,375,59.42
20cm,yolo11n,852,882,28.387,29.386,0,5,pet_normal,pet,normal,0.375488,0,285,209,479,60.514
20cm,yolo11n,852,882,28.387,29.386,1,7,pet_packaging,pet,packaging,0.404785,200,95,327,479,60.514
20cm,yolo11n,852,882,28.387,29.386,2,9,plastic_normal,plastic,normal,0.35791,396,23,636,382,60.514
20cm,yolo11n,853,883,28.42,29.42,0,7,pet_packaging,pet,packaging,0.397217,200,95,327,479,57.708
20cm,yolo11n,854,884,28.454,29.453,0,5,pet_normal,pet,normal,0.39209,0,286,210,479,59.205
20cm,yolo11n,854,884,28.454,29.453,1,7,pet_packaging,pet,packaging,0.393311,200,95,327,479,59.205
20cm,yolo11n,855,885,28.487,29.486,0,5,pet_normal,pet,normal,0.415771,0,286,209,479,58.592
20cm,yolo11n,855,885,28.487,29.486,1,7,pet_packaging,pet,packaging,0.4646,200,95,328,479,58.592
20cm,yolo11n,856,886,28.52,29.52,0,5,pet_normal,pet,normal,0.362549,0,286,209,479,57.596
20cm,yolo11n,856,886,28.52,29.52,1,7,pet_packaging,pet,packaging,0.421631,200,95,328,479,57.596
20cm,yolo11n,857,887,28.553,29.553,0,5,pet_normal,pet,normal,0.396973,0,286,210,479,58.547
20cm,yolo11n,857,887,28.553,29.553,1,7,pet_packaging,pet,packaging,0.489014,200,96,328,479,58.547
20cm,yolo11n,858,888,28.587,29.586,0,5,pet_normal,pet,normal,0.296631,0,286,210,479,58.977
20cm,yolo11n,858,888,28.587,29.586,1,7,pet_packaging,pet,packaging,0.326416,200,95,328,478,58.977
20cm,yolo11n,859,889,28.62,29.62,0,5,pet_normal,pet,normal,0.256104,0,285,210,479,59.698
20cm,yolo11n,859,889,28.62,29.62,1,7,pet_packaging,pet,packaging,0.359131,200,95,328,479,59.698
20cm,yolo11n,860,890,28.653,29.653,0,5,pet_normal,pet,normal,0.408691,0,286,210,479,57.744
20cm,yolo11n,860,890,28.653,29.653,1,7,pet_packaging,pet,packaging,0.302734,200,95,328,478,57.744
20cm,yolo11n,861,891,28.687,29.686,0,5,pet_normal,pet,normal,0.398438,0,285,210,479,58.562
20cm,yolo11n,861,891,28.687,29.686,1,7,pet_packaging,pet,packaging,0.345947,200,95,328,479,58.562
20cm,yolo11n,861,891,28.687,29.686,2,7,pet_packaging,pet,packaging,0.250244,0,286,210,479,58.562
20cm,yolo11n,862,892,28.72,29.72,0,5,pet_normal,pet,normal,0.410156,0,286,210,479,57.436
20cm,yolo11n,862,892,28.72,29.72,1,7,pet_packaging,pet,packaging,0.342529,200,95,328,479,57.436
20cm,yolo11n,863,893,28.753,29.753,0,5,pet_normal,pet,normal,0.459717,0,286,210,479,59.001
20cm,yolo11n,863,893,28.753,29.753,1,7,pet_packaging,pet,packaging,0.318115,200,95,328,479,59.001
20cm,yolo11n,864,894,28.787,29.786,0,5,pet_normal,pet,normal,0.458496,0,286,209,479,58.251
20cm,yolo11n,864,894,28.787,29.786,1,7,pet_packaging,pet,packaging,0.37207,200,95,328,479,58.251
20cm,yolo11n,865,895,28.82,29.82,0,5,pet_normal,pet,normal,0.484863,0,286,210,479,57.854
20cm,yolo11n,865,895,28.82,29.82,1,7,pet_packaging,pet,packaging,0.357422,200,95,328,479,57.854
20cm,yolo11n,866,896,28.853,29.853,0,5,pet_normal,pet,normal,0.41626,0,285,209,479,57.897
20cm,yolo11n,866,896,28.853,29.853,1,7,pet_packaging,pet,packaging,0.409912,200,95,328,479,57.897
20cm,yolo11n,866,896,28.853,29.853,2,7,pet_packaging,pet,packaging,0.270996,0,285,209,479,57.897
20cm,yolo11n,867,897,28.887,29.886,0,5,pet_normal,pet,normal,0.470459,0,286,209,479,58.621
20cm,yolo11n,867,897,28.887,29.886,1,7,pet_packaging,pet,packaging,0.401367,200,95,328,479,58.621
20cm,yolo11n,868,898,28.92,29.919,0,5,pet_normal,pet,normal,0.4375,0,286,209,479,58.968
20cm,yolo11n,868,898,28.92,29.919,1,7,pet_packaging,pet,packaging,0.454346,200,95,328,479,58.968
20cm,yolo11n,869,899,28.953,29.953,0,5,pet_normal,pet,normal,0.389893,0,286,209,479,58.021
20cm,yolo11n,869,899,28.953,29.953,1,7,pet_packaging,pet,packaging,0.431885,200,95,328,479,58.021
20cm,yolo11n,869,899,28.953,29.953,2,7,pet_packaging,pet,packaging,0.268555,0,286,209,479,58.021
20cm,yolo11n,870,900,28.987,29.986,0,5,pet_normal,pet,normal,0.413574,0,285,209,479,58.516
20cm,yolo11n,870,900,28.987,29.986,1,7,pet_packaging,pet,packaging,0.438965,200,95,327,479,58.516
20cm,yolo11n,870,900,28.987,29.986,2,7,pet_packaging,pet,packaging,0.267334,0,285,210,479,58.516
20cm,yolo11n,871,901,29.02,30.019,0,5,pet_normal,pet,normal,0.431885,0,286,209,479,60.417
20cm,yolo11n,871,901,29.02,30.019,1,7,pet_packaging,pet,packaging,0.442627,200,95,328,479,60.417
20cm,yolo11n,871,901,29.02,30.019,2,7,pet_packaging,pet,packaging,0.27417,0,286,209,479,60.417
20cm,yolo11n,872,902,29.053,30.053,0,5,pet_normal,pet,normal,0.440918,0,286,209,479,57.854
20cm,yolo11n,872,902,29.053,30.053,1,7,pet_packaging,pet,packaging,0.400879,200,95,328,479,57.854
20cm,yolo11n,872,902,29.053,30.053,2,7,pet_packaging,pet,packaging,0.251709,0,286,209,479,57.854
20cm,yolo11n,873,903,29.087,30.086,0,5,pet_normal,pet,normal,0.436279,0,285,210,479,57.491
20cm,yolo11n,873,903,29.087,30.086,1,7,pet_packaging,pet,packaging,0.386475,200,95,328,479,57.491
20cm,yolo11n,874,904,29.12,30.119,0,5,pet_normal,pet,normal,0.446045,0,285,209,479,59.365
20cm,yolo11n,874,904,29.12,30.119,1,7,pet_packaging,pet,packaging,0.381836,200,95,329,479,59.365
20cm,yolo11n,874,904,29.12,30.119,2,7,pet_packaging,pet,packaging,0.255859,0,285,209,479,59.365
20cm,yolo11n,875,905,29.153,30.153,0,5,pet_normal,pet,normal,0.413818,0,285,209,479,57.797
20cm,yolo11n,875,905,29.153,30.153,1,7,pet_packaging,pet,packaging,0.414307,200,95,328,479,57.797
20cm,yolo11n,876,906,29.186,30.186,0,5,pet_normal,pet,normal,0.366699,0,285,209,479,58.189
20cm,yolo11n,876,906,29.186,30.186,1,7,pet_packaging,pet,packaging,0.426025,200,95,328,479,58.189
20cm,yolo11n,877,907,29.22,30.219,0,5,pet_normal,pet,normal,0.371582,0,285,210,479,58.73
20cm,yolo11n,877,907,29.22,30.219,1,7,pet_packaging,pet,packaging,0.393799,200,95,329,479,58.73
20cm,yolo11n,878,908,29.253,30.253,0,5,pet_normal,pet,normal,0.435791,0,285,210,479,58.066
20cm,yolo11n,878,908,29.253,30.253,1,7,pet_packaging,pet,packaging,0.394287,200,95,328,479,58.066
20cm,yolo11n,879,909,29.286,30.286,0,5,pet_normal,pet,normal,0.338867,0,285,210,479,58.624
20cm,yolo11n,879,909,29.286,30.286,1,7,pet_packaging,pet,packaging,0.369873,200,95,328,479,58.624
20cm,yolo11n,880,910,29.32,30.319,0,5,pet_normal,pet,normal,0.333252,0,285,210,479,58.023
20cm,yolo11n,880,910,29.32,30.319,1,7,pet_packaging,pet,packaging,0.413574,200,95,328,479,58.023
20cm,yolo11n,881,911,29.353,30.353,0,5,pet_normal,pet,normal,0.408691,0,285,210,479,61.661
20cm,yolo11n,881,911,29.353,30.353,1,7,pet_packaging,pet,packaging,0.424072,200,95,328,479,61.661
20cm,yolo11n,882,912,29.386,30.386,0,5,pet_normal,pet,normal,0.404297,0,285,210,479,57.933
20cm,yolo11n,882,912,29.386,30.386,1,7,pet_packaging,pet,packaging,0.364502,199,95,327,479,57.933
20cm,yolo11n,883,913,29.42,30.419,0,5,pet_normal,pet,normal,0.318115,0,284,210,479,58.263
20cm,yolo11n,883,913,29.42,30.419,1,7,pet_packaging,pet,packaging,0.399414,200,95,328,479,58.263
20cm,yolo11n,884,914,29.453,30.453,0,5,pet_normal,pet,normal,0.394043,0,285,210,479,58.485
20cm,yolo11n,884,914,29.453,30.453,1,7,pet_packaging,pet,packaging,0.40625,200,95,328,479,58.485
20cm,yolo11n,885,915,29.486,30.486,0,5,pet_normal,pet,normal,0.36792,0,285,210,479,58.628
20cm,yolo11n,885,915,29.486,30.486,1,7,pet_packaging,pet,packaging,0.352051,200,95,328,479,58.628
20cm,yolo11n,886,916,29.52,30.519,0,5,pet_normal,pet,normal,0.430176,0,285,210,479,58.633
20cm,yolo11n,886,916,29.52,30.519,1,7,pet_packaging,pet,packaging,0.418457,200,95,328,479,58.633
20cm,yolo11n,887,917,29.553,30.553,0,5,pet_normal,pet,normal,0.44873,0,286,210,479,58.538
20cm,yolo11n,887,917,29.553,30.553,1,7,pet_packaging,pet,packaging,0.377441,200,95,328,479,58.538
20cm,yolo11n,888,918,29.586,30.586,0,5,pet_normal,pet,normal,0.411865,0,285,209,479,58.024
20cm,yolo11n,888,918,29.586,30.586,1,7,pet_packaging,pet,packaging,0.366943,200,95,328,479,58.024
20cm,yolo11n,889,919,29.62,30.619,0,5,pet_normal,pet,normal,0.382812,0,285,209,479,58.778
20cm,yolo11n,889,919,29.62,30.619,1,7,pet_packaging,pet,packaging,0.352539,200,95,328,479,58.778
20cm,yolo11n,890,920,29.653,30.652,0,5,pet_normal,pet,normal,0.388672,0,285,209,479,58.59
20cm,yolo11n,890,920,29.653,30.652,1,7,pet_packaging,pet,packaging,0.325195,200,95,328,479,58.59
20cm,yolo11n,891,921,29.686,30.686,0,5,pet_normal,pet,normal,0.367432,0,285,209,479,57.982
20cm,yolo11n,891,921,29.686,30.686,1,7,pet_packaging,pet,packaging,0.322998,200,95,327,479,57.982
20cm,yolo11n,892,922,29.72,30.719,0,5,pet_normal,pet,normal,0.359375,0,285,209,479,58.157
20cm,yolo11n,892,922,29.72,30.719,1,7,pet_packaging,pet,packaging,0.342041,200,95,327,479,58.157
20cm,yolo11n,893,923,29.753,30.752,0,7,pet_packaging,pet,packaging,0.352539,200,95,328,479,58.386
20cm,yolo11n,894,924,29.786,30.786,0,7,pet_packaging,pet,packaging,0.323242,200,95,328,479,58.941
20cm,yolo11n,895,925,29.82,30.819,0,5,pet_normal,pet,normal,0.327393,0,286,209,479,58.306
20cm,yolo11n,895,925,29.82,30.819,1,7,pet_packaging,pet,packaging,0.303711,200,95,328,479,58.306
20cm,yolo11n,896,926,29.853,30.852,0,7,pet_packaging,pet,packaging,0.300537,200,95,328,479,58.264
20cm,yolo11n,897,927,29.886,30.886,0,5,pet_normal,pet,normal,0.379395,0,285,210,479,58.734
20cm,yolo11n,897,927,29.886,30.886,1,7,pet_packaging,pet,packaging,0.282715,199,95,328,479,58.734
20cm,yolo11n,898,928,29.919,30.919,0,5,pet_normal,pet,normal,0.37207,0,285,209,479,58.132
20cm,yolo11n,898,928,29.919,30.919,1,7,pet_packaging,pet,packaging,0.292725,200,95,329,479,58.132
20cm,yolo11n,899,929,29.953,30.952,0,5,pet_normal,pet,normal,0.36377,0,286,209,479,58.665
20cm,yolo11n,899,929,29.953,30.952,1,7,pet_packaging,pet,packaging,0.275146,200,95,328,479,58.665
20cm,yolo11s,0,30,0.0,1.0,,,,,,,,,,,115.144
20cm,yolo11s,1,31,0.033,1.033,,,,,,,,,,,115.775
20cm,yolo11s,2,32,0.067,1.066,0,7,pet_packaging,pet,packaging,0.27832,427,53,639,306,115.361
20cm,yolo11s,3,33,0.1,1.099,,,,,,,,,,,116.389
20cm,yolo11s,4,34,0.133,1.133,,,,,,,,,,,115.279
20cm,yolo11s,5,35,0.167,1.166,,,,,,,,,,,116.204
20cm,yolo11s,6,36,0.2,1.199,,,,,,,,,,,116.242
20cm,yolo11s,7,37,0.233,1.233,,,,,,,,,,,115.944
20cm,yolo11s,8,38,0.267,1.266,,,,,,,,,,,116.781
20cm,yolo11s,9,39,0.3,1.299,,,,,,,,,,,116.683
20cm,yolo11s,10,40,0.333,1.333,,,,,,,,,,,116.343
20cm,yolo11s,11,41,0.366,1.366,,,,,,,,,,,116.336
20cm,yolo11s,12,42,0.4,1.399,,,,,,,,,,,115.0
20cm,yolo11s,13,43,0.433,1.433,,,,,,,,,,,114.733
20cm,yolo11s,14,44,0.466,1.466,,,,,,,,,,,115.272
20cm,yolo11s,15,45,0.5,1.499,,,,,,,,,,,116.458
20cm,yolo11s,16,46,0.533,1.533,,,,,,,,,,,117.863
20cm,yolo11s,17,47,0.566,1.566,,,,,,,,,,,116.445
20cm,yolo11s,18,48,0.6,1.599,0,9,plastic_normal,plastic,normal,0.270508,0,0,55,260,117.016
20cm,yolo11s,19,49,0.633,1.633,,,,,,,,,,,115.382
20cm,yolo11s,20,50,0.666,1.666,0,9,plastic_normal,plastic,normal,0.649414,0,208,112,273,115.947
20cm,yolo11s,20,50,0.666,1.666,1,9,plastic_normal,plastic,normal,0.352295,224,183,341,239,115.947
20cm,yolo11s,21,51,0.7,1.699,,,,,,,,,,,116.594
20cm,yolo11s,22,52,0.733,1.733,,,,,,,,,,,115.266
20cm,yolo11s,23,53,0.766,1.766,,,,,,,,,,,116.695
20cm,yolo11s,24,54,0.8,1.799,,,,,,,,,,,116.944
20cm,yolo11s,25,55,0.833,1.832,0,9,plastic_normal,plastic,normal,0.300781,0,0,60,175,115.038
20cm,yolo11s,26,56,0.866,1.866,0,9,plastic_normal,plastic,normal,0.345215,0,0,57,188,114.107
20cm,yolo11s,27,57,0.9,1.899,0,9,plastic_normal,plastic,normal,0.299072,0,0,57,190,115.285
20cm,yolo11s,28,58,0.933,1.932,0,2,glass_normal,glass,normal,0.360352,258,83,639,253,116.325
20cm,yolo11s,29,59,0.966,1.966,0,2,glass_normal,glass,normal,0.30249,260,78,639,258,115.514
20cm,yolo11s,30,60,1.0,1.999,,,,,,,,,,,117.533
20cm,yolo11s,31,61,1.033,2.032,0,9,plastic_normal,plastic,normal,0.280518,267,94,446,223,116.078
20cm,yolo11s,32,62,1.066,2.066,0,9,plastic_normal,plastic,normal,0.374756,273,94,449,221,114.843
20cm,yolo11s,33,63,1.099,2.099,,,,,,,,,,,115.709
20cm,yolo11s,34,64,1.133,2.132,,,,,,,,,,,114.988
20cm,yolo11s,35,65,1.166,2.166,,,,,,,,,,,114.921
20cm,yolo11s,36,66,1.199,2.199,,,,,,,,,,,116.791
20cm,yolo11s,37,67,1.233,2.232,,,,,,,,,,,114.201
20cm,yolo11s,38,68,1.266,2.266,0,2,glass_normal,glass,normal,0.349609,348,76,639,272,114.815
20cm,yolo11s,39,69,1.299,2.299,0,2,glass_normal,glass,normal,0.404541,289,76,639,271,116.705
20cm,yolo11s,40,70,1.333,2.332,0,2,glass_normal,glass,normal,0.385742,297,76,639,268,115.241
20cm,yolo11s,41,71,1.366,2.366,0,2,glass_normal,glass,normal,0.38208,299,83,639,266,116.619
20cm,yolo11s,42,72,1.399,2.399,0,2,glass_normal,glass,normal,0.33374,294,77,639,257,118.776
20cm,yolo11s,43,73,1.433,2.432,,,,,,,,,,,115.814
20cm,yolo11s,44,74,1.466,2.466,0,2,glass_normal,glass,normal,0.320068,296,92,639,226,116.371
20cm,yolo11s,45,75,1.499,2.499,0,2,glass_normal,glass,normal,0.380371,315,96,639,204,117.051
20cm,yolo11s,46,76,1.533,2.532,0,9,plastic_normal,plastic,normal,0.640625,174,82,304,171,121.436
20cm,yolo11s,47,77,1.566,2.565,,,,,,,,,,,116.098
20cm,yolo11s,48,78,1.599,2.599,,,,,,,,,,,118.073
20cm,yolo11s,49,79,1.633,2.632,,,,,,,,,,,113.769
20cm,yolo11s,50,80,1.666,2.665,,,,,,,,,,,115.877
20cm,yolo11s,51,81,1.699,2.699,,,,,,,,,,,115.769
20cm,yolo11s,52,82,1.733,2.732,,,,,,,,,,,115.07
20cm,yolo11s,53,83,1.766,2.765,,,,,,,,,,,116.302
20cm,yolo11s,54,84,1.799,2.799,,,,,,,,,,,117.455
20cm,yolo11s,55,85,1.832,2.832,,,,,,,,,,,114.815
20cm,yolo11s,56,86,1.866,2.865,,,,,,,,,,,115.628
20cm,yolo11s,57,87,1.899,2.899,,,,,,,,,,,115.934
20cm,yolo11s,58,88,1.932,2.932,,,,,,,,,,,116.705
20cm,yolo11s,59,89,1.966,2.965,,,,,,,,,,,115.587
20cm,yolo11s,60,90,1.999,2.999,,,,,,,,,,,116.823
20cm,yolo11s,61,91,2.032,3.032,,,,,,,,,,,113.76
20cm,yolo11s,62,92,2.066,3.065,,,,,,,,,,,114.797
20cm,yolo11s,63,93,2.099,3.099,,,,,,,,,,,115.676
20cm,yolo11s,64,94,2.132,3.132,,,,,,,,,,,116.582
20cm,yolo11s,65,95,2.166,3.165,,,,,,,,,,,116.376
20cm,yolo11s,66,96,2.199,3.199,,,,,,,,,,,116.918
20cm,yolo11s,67,97,2.232,3.232,,,,,,,,,,,115.716
20cm,yolo11s,68,98,2.266,3.265,,,,,,,,,,,115.074
20cm,yolo11s,69,99,2.299,3.298,,,,,,,,,,,115.955
20cm,yolo11s,70,100,2.332,3.332,,,,,,,,,,,114.945
20cm,yolo11s,71,101,2.366,3.365,,,,,,,,,,,116.167
20cm,yolo11s,72,102,2.399,3.398,,,,,,,,,,,115.242
20cm,yolo11s,73,103,2.432,3.432,,,,,,,,,,,115.335
20cm,yolo11s,74,104,2.466,3.465,,,,,,,,,,,115.361
20cm,yolo11s,75,105,2.499,3.498,,,,,,,,,,,114.86
20cm,yolo11s,76,106,2.532,3.532,,,,,,,,,,,116.546
20cm,yolo11s,77,107,2.565,3.565,,,,,,,,,,,116.018
20cm,yolo11s,78,108,2.599,3.598,,,,,,,,,,,115.404
20cm,yolo11s,79,109,2.632,3.632,,,,,,,,,,,118.693
20cm,yolo11s,80,110,2.665,3.665,,,,,,,,,,,116.183
20cm,yolo11s,81,111,2.699,3.698,0,9,plastic_normal,plastic,normal,0.284668,300,99,476,245,114.775
20cm,yolo11s,82,112,2.732,3.732,,,,,,,,,,,115.829
20cm,yolo11s,83,113,2.765,3.765,,,,,,,,,,,116.782
20cm,yolo11s,84,114,2.799,3.798,0,9,plastic_normal,plastic,normal,0.417725,303,100,480,237,115.684
20cm,yolo11s,85,115,2.832,3.832,0,9,plastic_normal,plastic,normal,0.259033,304,100,485,243,117.132
20cm,yolo11s,86,116,2.865,3.865,0,9,plastic_normal,plastic,normal,0.265869,308,100,482,237,117.09
20cm,yolo11s,87,117,2.899,3.898,0,2,glass_normal,glass,normal,0.251709,396,57,639,204,116.054
20cm,yolo11s,88,118,2.932,3.932,,,,,,,,,,,116.367
20cm,yolo11s,89,119,2.965,3.965,,,,,,,,,,,115.707
20cm,yolo11s,90,120,2.999,3.998,,,,,,,,,,,117.643
20cm,yolo11s,91,121,3.032,4.031,,,,,,,,,,,118.045
20cm,yolo11s,92,122,3.065,4.065,0,9,plastic_normal,plastic,normal,0.251709,343,100,639,263,115.824
20cm,yolo11s,93,123,3.099,4.098,0,9,plastic_normal,plastic,normal,0.250244,347,100,639,268,116.319
20cm,yolo11s,94,124,3.132,4.131,,,,,,,,,,,115.46
20cm,yolo11s,95,125,3.165,4.165,,,,,,,,,,,116.841
20cm,yolo11s,96,126,3.199,4.198,,,,,,,,,,,115.542
20cm,yolo11s,97,127,3.232,4.231,,,,,,,,,,,115.856
20cm,yolo11s,98,128,3.265,4.265,,,,,,,,,,,115.367
20cm,yolo11s,99,129,3.298,4.298,,,,,,,,,,,115.699
20cm,yolo11s,100,130,3.332,4.331,,,,,,,,,,,115.658
20cm,yolo11s,101,131,3.365,4.365,,,,,,,,,,,116.321
20cm,yolo11s,102,132,3.398,4.398,,,,,,,,,,,116.233
20cm,yolo11s,103,133,3.432,4.431,,,,,,,,,,,117.023
20cm,yolo11s,104,134,3.465,4.465,,,,,,,,,,,116.375
20cm,yolo11s,105,135,3.498,4.498,,,,,,,,,,,116.537
20cm,yolo11s,106,136,3.532,4.531,,,,,,,,,,,116.891
20cm,yolo11s,107,137,3.565,4.565,,,,,,,,,,,115.271
20cm,yolo11s,108,138,3.598,4.598,,,,,,,,,,,116.235
20cm,yolo11s,109,139,3.632,4.631,,,,,,,,,,,114.389
20cm,yolo11s,110,140,3.665,4.665,,,,,,,,,,,119.623
20cm,yolo11s,111,141,3.698,4.698,,,,,,,,,,,117.095
20cm,yolo11s,112,142,3.732,4.731,,,,,,,,,,,117.508
20cm,yolo11s,113,143,3.765,4.764,,,,,,,,,,,116.189
20cm,yolo11s,114,144,3.798,4.798,,,,,,,,,,,116.715
20cm,yolo11s,115,145,3.832,4.831,,,,,,,,,,,117.296
20cm,yolo11s,116,146,3.865,4.864,,,,,,,,,,,117.52
20cm,yolo11s,117,147,3.898,4.898,,,,,,,,,,,116.884
20cm,yolo11s,118,148,3.932,4.931,,,,,,,,,,,116.454
20cm,yolo11s,119,149,3.965,4.964,0,9,plastic_normal,plastic,normal,0.295898,501,41,639,163,116.447
20cm,yolo11s,120,150,3.998,4.998,,,,,,,,,,,116.883
20cm,yolo11s,121,151,4.031,5.031,,,,,,,,,,,116.433
20cm,yolo11s,122,152,4.065,5.064,,,,,,,,,,,118.667
20cm,yolo11s,123,153,4.098,5.098,,,,,,,,,,,116.567
20cm,yolo11s,124,154,4.131,5.131,,,,,,,,,,,115.332
20cm,yolo11s,125,155,4.165,5.164,,,,,,,,,,,116.115
20cm,yolo11s,126,156,4.198,5.198,,,,,,,,,,,115.638
20cm,yolo11s,127,157,4.231,5.231,0,7,pet_packaging,pet,packaging,0.413086,65,10,220,307,115.866
20cm,yolo11s,128,158,4.265,5.264,,,,,,,,,,,118.645
20cm,yolo11s,129,159,4.298,5.298,0,7,pet_packaging,pet,packaging,0.510742,74,8,224,314,116.185
20cm,yolo11s,130,160,4.331,5.331,0,7,pet_packaging,pet,packaging,0.482422,74,9,225,316,115.868
20cm,yolo11s,131,161,4.365,5.364,0,7,pet_packaging,pet,packaging,0.448486,76,9,226,318,116.589
20cm,yolo11s,131,161,4.365,5.364,1,8,pet_dirty_packaging,pet,dirty_packaging,0.338867,76,8,226,317,116.589
20cm,yolo11s,132,162,4.398,5.398,0,7,pet_packaging,pet,packaging,0.476562,77,8,225,319,115.42
20cm,yolo11s,133,163,4.431,5.431,0,7,pet_packaging,pet,packaging,0.422607,78,9,226,322,116.126
20cm,yolo11s,134,164,4.465,5.464,0,7,pet_packaging,pet,packaging,0.470703,78,9,225,325,117.385
20cm,yolo11s,135,165,4.498,5.497,0,7,pet_packaging,pet,packaging,0.436768,78,9,225,329,115.514
20cm,yolo11s,136,166,4.531,5.531,0,7,pet_packaging,pet,packaging,0.482422,77,9,225,334,116.437
20cm,yolo11s,137,167,4.565,5.564,0,7,pet_packaging,pet,packaging,0.453369,77,9,224,345,116.925
20cm,yolo11s,138,168,4.598,5.597,0,7,pet_packaging,pet,packaging,0.344238,75,9,225,381,115.559
20cm,yolo11s,139,169,4.631,5.631,0,6,pet_dirty,pet,dirty,0.318359,75,10,225,384,116.989
20cm,yolo11s,139,169,4.631,5.631,1,7,pet_packaging,pet,packaging,0.375732,75,9,225,383,116.989
20cm,yolo11s,140,170,4.665,5.664,0,9,plastic_normal,plastic,normal,0.283691,417,106,620,228,118.551
20cm,yolo11s,141,171,4.698,5.697,0,6,pet_dirty,pet,dirty,0.270508,74,8,225,453,116.673
20cm,yolo11s,141,171,4.698,5.697,1,9,plastic_normal,plastic,normal,0.59082,419,105,597,209,116.673
20cm,yolo11s,142,172,4.731,5.731,0,0,can_normal,can,normal,0.305664,265,108,373,440,116.6
20cm,yolo11s,142,172,4.731,5.731,1,1,can_dirty,can,dirty,0.301514,265,110,372,439,116.6
20cm,yolo11s,142,172,4.731,5.731,2,6,pet_dirty,pet,dirty,0.458008,74,7,226,453,116.6
20cm,yolo11s,143,173,4.764,5.764,0,0,can_normal,can,normal,0.540039,265,110,374,439,117.096
20cm,yolo11s,143,173,4.764,5.764,1,6,pet_dirty,pet,dirty,0.49707,74,8,226,454,117.096
20cm,yolo11s,144,174,4.798,5.797,0,0,can_normal,can,normal,0.520508,266,110,374,440,117.561
20cm,yolo11s,144,174,4.798,5.797,1,6,pet_dirty,pet,dirty,0.26123,74,8,225,456,117.561
20cm,yolo11s,145,175,4.831,5.831,0,0,can_normal,can,normal,0.508789,265,110,374,440,116.501
20cm,yolo11s,145,175,4.831,5.831,1,6,pet_dirty,pet,dirty,0.314941,74,8,225,454,116.501
20cm,yolo11s,146,176,4.864,5.864,0,0,can_normal,can,normal,0.539062,265,110,374,440,117.48
20cm,yolo11s,146,176,4.864,5.864,1,6,pet_dirty,pet,dirty,0.327637,74,7,226,453,117.48
20cm,yolo11s,147,177,4.898,5.897,0,0,can_normal,can,normal,0.543945,265,110,374,440,118.262
20cm,yolo11s,147,177,4.898,5.897,1,6,pet_dirty,pet,dirty,0.405518,74,8,226,453,118.262
20cm,yolo11s,148,178,4.931,5.931,0,0,can_normal,can,normal,0.536133,265,110,373,440,117.639
20cm,yolo11s,148,178,4.931,5.931,1,6,pet_dirty,pet,dirty,0.44751,73,8,225,453,117.639
20cm,yolo11s,149,179,4.964,5.964,0,0,can_normal,can,normal,0.512695,266,110,375,440,118.022
20cm,yolo11s,149,179,4.964,5.964,1,6,pet_dirty,pet,dirty,0.403564,73,9,225,454,118.022
20cm,yolo11s,150,180,4.998,5.997,0,0,can_normal,can,normal,0.515625,265,110,374,439,116.042
20cm,yolo11s,150,180,4.998,5.997,1,6,pet_dirty,pet,dirty,0.53125,73,9,225,454,116.042
20cm,yolo11s,151,181,5.031,6.031,0,0,can_normal,can,normal,0.503906,265,110,374,440,116.984
20cm,yolo11s,151,181,5.031,6.031,1,6,pet_dirty,pet,dirty,0.5,73,9,225,454,116.984
20cm,yolo11s,152,182,5.064,6.064,0,0,can_normal,can,normal,0.482422,265,110,374,440,117.318
20cm,yolo11s,152,182,5.064,6.064,1,6,pet_dirty,pet,dirty,0.581543,74,9,226,453,117.318
20cm,yolo11s,152,182,5.064,6.064,2,9,plastic_normal,plastic,normal,0.320068,419,104,638,372,117.318
20cm,yolo11s,153,183,5.098,6.097,0,0,can_normal,can,normal,0.50293,265,110,374,441,118.832
20cm,yolo11s,153,183,5.098,6.097,1,6,pet_dirty,pet,dirty,0.451416,74,8,225,453,118.832
20cm,yolo11s,153,183,5.098,6.097,2,9,plastic_normal,plastic,normal,0.272705,419,105,637,409,118.832
20cm,yolo11s,154,184,5.131,6.13,0,0,can_normal,can,normal,0.490234,265,110,374,440,117.201
20cm,yolo11s,154,184,5.131,6.13,1,6,pet_dirty,pet,dirty,0.369385,74,8,226,454,117.201
20cm,yolo11s,154,184,5.131,6.13,2,9,plastic_normal,plastic,normal,0.279785,422,105,638,392,117.201
20cm,yolo11s,155,185,5.164,6.164,0,0,can_normal,can,normal,0.508789,266,110,375,440,117.39
20cm,yolo11s,155,185,5.164,6.164,1,6,pet_dirty,pet,dirty,0.349609,74,8,225,454,117.39
20cm,yolo11s,155,185,5.164,6.164,2,9,plastic_normal,plastic,normal,0.337158,421,105,639,412,117.39
20cm,yolo11s,156,186,5.198,6.197,0,0,can_normal,can,normal,0.509766,265,110,374,440,116.367
20cm,yolo11s,156,186,5.198,6.197,1,6,pet_dirty,pet,dirty,0.395996,74,8,225,454,116.367
20cm,yolo11s,156,186,5.198,6.197,2,9,plastic_normal,plastic,normal,0.263672,418,105,637,402,116.367
20cm,yolo11s,157,187,5.231,6.23,0,0,can_normal,can,normal,0.500977,265,109,375,440,116.067
20cm,yolo11s,157,187,5.231,6.23,1,6,pet_dirty,pet,dirty,0.351318,74,8,225,454,116.067
20cm,yolo11s,157,187,5.231,6.23,2,9,plastic_normal,plastic,normal,0.291748,420,105,637,385,116.067
20cm,yolo11s,158,188,5.264,6.264,0,0,can_normal,can,normal,0.504883,265,110,374,441,118.064
20cm,yolo11s,158,188,5.264,6.264,1,6,pet_dirty,pet,dirty,0.279785,74,8,225,455,118.064
20cm,yolo11s,158,188,5.264,6.264,2,9,plastic_normal,plastic,normal,0.299805,419,105,637,377,118.064
20cm,yolo11s,159,189,5.298,6.297,0,0,can_normal,can,normal,0.538086,266,110,375,440,118.908
20cm,yolo11s,159,189,5.298,6.297,1,6,pet_dirty,pet,dirty,0.331055,75,8,226,455,118.908
20cm,yolo11s,159,189,5.298,6.297,2,9,plastic_normal,plastic,normal,0.34082,420,105,637,376,118.908
20cm,yolo11s,160,190,5.331,6.33,0,0,can_normal,can,normal,0.491211,265,109,375,440,116.248
20cm,yolo11s,160,190,5.331,6.33,1,6,pet_dirty,pet,dirty,0.326904,74,8,225,455,116.248
20cm,yolo11s,160,190,5.331,6.33,2,9,plastic_normal,plastic,normal,0.398926,419,105,638,385,116.248
20cm,yolo11s,161,191,5.364,6.364,0,0,can_normal,can,normal,0.504883,265,110,374,441,117.885
20cm,yolo11s,161,191,5.364,6.364,1,6,pet_dirty,pet,dirty,0.42334,74,9,225,454,117.885
20cm,yolo11s,161,191,5.364,6.364,2,9,plastic_normal,plastic,normal,0.326904,421,105,638,371,117.885
20cm,yolo11s,162,192,5.398,6.397,0,0,can_normal,can,normal,0.517578,266,110,374,440,118.282
20cm,yolo11s,162,192,5.398,6.397,1,6,pet_dirty,pet,dirty,0.34082,74,8,225,454,118.282
20cm,yolo11s,162,192,5.398,6.397,2,9,plastic_normal,plastic,normal,0.354004,424,105,638,369,118.282
20cm,yolo11s,163,193,5.431,6.43,0,0,can_normal,can,normal,0.495117,265,109,374,439,116.172
20cm,yolo11s,163,193,5.431,6.43,1,6,pet_dirty,pet,dirty,0.326904,74,11,225,453,116.172
20cm,yolo11s,163,193,5.431,6.43,2,9,plastic_normal,plastic,normal,0.367432,419,105,638,370,116.172
20cm,yolo11s,164,194,5.464,6.464,0,0,can_normal,can,normal,0.450439,265,109,375,440,117.471
20cm,yolo11s,164,194,5.464,6.464,1,6,pet_dirty,pet,dirty,0.326904,74,8,224,456,117.471
20cm,yolo11s,165,195,5.497,6.497,0,0,can_normal,can,normal,0.460938,265,110,375,440,118.814
20cm,yolo11s,165,195,5.497,6.497,1,1,can_dirty,can,dirty,0.361084,265,109,374,438,118.814
20cm,yolo11s,165,195,5.497,6.497,2,6,pet_dirty,pet,dirty,0.297363,74,11,225,452,118.814
20cm,yolo11s,166,196,5.531,6.53,0,0,can_normal,can,normal,0.479492,265,110,376,441,116.084
20cm,yolo11s,166,196,5.531,6.53,1,9,plastic_normal,plastic,normal,0.259033,418,105,637,417,116.084
20cm,yolo11s,167,197,5.564,6.564,0,0,can_normal,can,normal,0.484375,264,109,385,440,118.479
20cm,yolo11s,167,197,5.564,6.564,1,9,plastic_normal,plastic,normal,0.253174,420,106,636,428,118.479
20cm,yolo11s,168,198,5.597,6.597,0,0,can_normal,can,normal,0.458984,263,108,379,440,118.242
20cm,yolo11s,168,198,5.597,6.597,1,9,plastic_normal,plastic,normal,0.326904,416,106,634,423,118.242
20cm,yolo11s,169,199,5.631,6.63,0,0,can_normal,can,normal,0.451416,262,108,377,439,117.737
20cm,yolo11s,169,199,5.631,6.63,1,9,plastic_normal,plastic,normal,0.330322,415,106,637,426,117.737
20cm,yolo11s,170,200,5.664,6.664,0,0,can_normal,can,normal,0.414795,261,107,380,438,118.44
20cm,yolo11s,170,200,5.664,6.664,1,1,can_dirty,can,dirty,0.341553,260,107,375,438,118.44
20cm,yolo11s,170,200,5.664,6.664,2,6,pet_dirty,pet,dirty,0.42334,65,2,220,460,118.44
20cm,yolo11s,171,201,5.697,6.697,0,0,can_normal,can,normal,0.460938,261,107,372,438,120.892
20cm,yolo11s,171,201,5.697,6.697,1,1,can_dirty,can,dirty,0.376709,261,107,369,438,120.892
20cm,yolo11s,171,201,5.697,6.697,2,6,pet_dirty,pet,dirty,0.430176,64,4,220,461,120.892
20cm,yolo11s,172,202,5.731,6.73,0,0,can_normal,can,normal,0.450439,260,107,375,439,119.301
20cm,yolo11s,172,202,5.731,6.73,1,1,can_dirty,can,dirty,0.363037,260,107,369,438,119.301
20cm,yolo11s,172,202,5.731,6.73,2,9,plastic_normal,plastic,normal,0.332031,413,107,625,420,119.301
20cm,yolo11s,173,203,5.764,6.764,0,0,can_normal,can,normal,0.445557,259,107,372,439,117.816
20cm,yolo11s,173,203,5.764,6.764,1,1,can_dirty,can,dirty,0.320068,260,107,369,438,117.816
20cm,yolo11s,173,203,5.764,6.764,2,6,pet_dirty,pet,dirty,0.309082,61,2,217,464,117.816
20cm,yolo11s,174,204,5.797,6.797,0,0,can_normal,can,normal,0.440674,260,106,375,438,117.861
20cm,yolo11s,174,204,5.797,6.797,1,1,can_dirty,can,dirty,0.27832,259,107,370,438,117.861
20cm,yolo11s,174,204,5.797,6.797,2,6,pet_dirty,pet,dirty,0.268066,61,3,218,463,117.861
20cm,yolo11s,175,205,5.831,6.83,0,0,can_normal,can,normal,0.435059,260,106,384,438,115.716
20cm,yolo11s,175,205,5.831,6.83,1,1,can_dirty,can,dirty,0.280518,260,106,370,437,115.716
20cm,yolo11s,175,205,5.831,6.83,2,6,pet_dirty,pet,dirty,0.279785,61,3,217,465,115.716
20cm,yolo11s,176,206,5.864,6.863,0,0,can_normal,can,normal,0.454346,260,106,373,439,117.71
20cm,yolo11s,176,206,5.864,6.863,1,1,can_dirty,can,dirty,0.309814,259,106,369,438,117.71
20cm,yolo11s,176,206,5.864,6.863,2,6,pet_dirty,pet,dirty,0.383057,61,3,217,462,117.71
20cm,yolo11s,177,207,5.897,6.897,0,0,can_normal,can,normal,0.456055,260,106,373,439,117.772
20cm,yolo11s,177,207,5.897,6.897,1,1,can_dirty,can,dirty,0.311523,260,106,370,438,117.772
20cm,yolo11s,177,207,5.897,6.897,2,6,pet_dirty,pet,dirty,0.38501,61,3,217,462,117.772
20cm,yolo11s,178,208,5.931,6.93,0,0,can_normal,can,normal,0.446533,260,105,380,438,117.113
20cm,yolo11s,178,208,5.931,6.93,1,1,can_dirty,can,dirty,0.358398,259,106,379,438,117.113
20cm,yolo11s,178,208,5.931,6.93,2,6,pet_dirty,pet,dirty,0.354004,61,3,217,465,117.113
20cm,yolo11s,179,209,5.964,6.963,0,0,can_normal,can,normal,0.452393,260,105,376,438,118.391
20cm,yolo11s,179,209,5.964,6.963,1,1,can_dirty,can,dirty,0.294189,259,106,370,437,118.391
20cm,yolo11s,179,209,5.964,6.963,2,6,pet_dirty,pet,dirty,0.279785,61,3,217,467,118.391
20cm,yolo11s,180,210,5.997,6.997,0,0,can_normal,can,normal,0.478516,260,105,371,439,117.481
20cm,yolo11s,180,210,5.997,6.997,1,1,can_dirty,can,dirty,0.328613,259,106,369,438,117.481
20cm,yolo11s,180,210,5.997,6.997,2,6,pet_dirty,pet,dirty,0.399902,61,3,218,459,117.481
20cm,yolo11s,181,211,6.031,7.03,0,0,can_normal,can,normal,0.458008,260,105,372,439,117.138
20cm,yolo11s,181,211,6.031,7.03,1,1,can_dirty,can,dirty,0.328613,259,106,369,438,117.138
20cm,yolo11s,181,211,6.031,7.03,2,6,pet_dirty,pet,dirty,0.335449,61,2,217,461,117.138
20cm,yolo11s,182,212,6.064,7.063,0,0,can_normal,can,normal,0.494141,260,105,370,438,119.032
20cm,yolo11s,182,212,6.064,7.063,1,1,can_dirty,can,dirty,0.318359,259,107,369,438,119.032
20cm,yolo11s,182,212,6.064,7.063,2,6,pet_dirty,pet,dirty,0.505859,61,2,218,461,119.032
20cm,yolo11s,183,213,6.097,7.097,0,0,can_normal,can,normal,0.436768,260,105,373,439,120.189
20cm,yolo11s,183,213,6.097,7.097,1,1,can_dirty,can,dirty,0.308105,259,106,369,438,120.189
20cm,yolo11s,183,213,6.097,7.097,2,6,pet_dirty,pet,dirty,0.562012,61,2,218,460,120.189
20cm,yolo11s,184,214,6.13,7.13,0,0,can_normal,can,normal,0.421631,259,106,380,438,118.21
20cm,yolo11s,184,214,6.13,7.13,1,1,can_dirty,can,dirty,0.349609,259,106,372,438,118.21
20cm,yolo11s,184,214,6.13,7.13,2,6,pet_dirty,pet,dirty,0.494141,61,2,218,461,118.21
20cm,yolo11s,185,215,6.164,7.163,0,0,can_normal,can,normal,0.440674,260,106,421,438,116.613
20cm,yolo11s,185,215,6.164,7.163,1,1,can_dirty,can,dirty,0.263672,260,106,376,438,116.613
20cm,yolo11s,185,215,6.164,7.163,2,6,pet_dirty,pet,dirty,0.515625,61,2,218,460,116.613
20cm,yolo11s,186,216,6.197,7.197,0,0,can_normal,can,normal,0.417725,259,106,414,438,118.385
20cm,yolo11s,186,216,6.197,7.197,1,1,can_dirty,can,dirty,0.342529,259,106,387,438,118.385
20cm,yolo11s,186,216,6.197,7.197,2,6,pet_dirty,pet,dirty,0.438721,61,2,218,460,118.385
20cm,yolo11s,187,217,6.23,7.23,0,0,can_normal,can,normal,0.404541,260,106,411,438,117.594
20cm,yolo11s,187,217,6.23,7.23,1,1,can_dirty,can,dirty,0.318359,259,106,385,438,117.594
20cm,yolo11s,187,217,6.23,7.23,2,6,pet_dirty,pet,dirty,0.498047,61,2,218,460,117.594
20cm,yolo11s,188,218,6.264,7.263,0,0,can_normal,can,normal,0.391357,260,106,416,438,118.098
20cm,yolo11s,188,218,6.264,7.263,1,1,can_dirty,can,dirty,0.309814,259,106,395,438,118.098
20cm,yolo11s,188,218,6.264,7.263,2,6,pet_dirty,pet,dirty,0.481445,61,3,218,460,118.098
20cm,yolo11s,189,219,6.297,7.297,0,0,can_normal,can,normal,0.379395,259,106,398,438,118.504
20cm,yolo11s,189,219,6.297,7.297,1,1,can_dirty,can,dirty,0.303223,259,106,380,438,118.504
20cm,yolo11s,189,219,6.297,7.297,2,6,pet_dirty,pet,dirty,0.453369,61,3,218,460,118.504
20cm,yolo11s,190,220,6.33,7.33,0,0,can_normal,can,normal,0.367432,259,106,379,438,117.456
20cm,yolo11s,190,220,6.33,7.33,1,1,can_dirty,can,dirty,0.288574,259,106,374,438,117.456
20cm,yolo11s,190,220,6.33,7.33,2,6,pet_dirty,pet,dirty,0.359375,61,3,218,463,117.456
20cm,yolo11s,191,221,6.364,7.363,0,0,can_normal,can,normal,0.359375,259,106,412,439,117.866
20cm,yolo11s,191,221,6.364,7.363,1,1,can_dirty,can,dirty,0.296631,259,106,393,439,117.866
20cm,yolo11s,191,221,6.364,7.363,2,6,pet_dirty,pet,dirty,0.529297,61,2,218,460,117.866
20cm,yolo11s,191,221,6.364,7.363,3,9,plastic_normal,plastic,normal,0.272705,401,108,595,283,117.866
20cm,yolo11s,192,222,6.397,7.397,0,0,can_normal,can,normal,0.402588,259,106,399,439,118.252
20cm,yolo11s,192,222,6.397,7.397,1,6,pet_dirty,pet,dirty,0.500977,61,3,218,458,118.252
20cm,yolo11s,192,222,6.397,7.397,2,9,plastic_normal,plastic,normal,0.313965,398,107,592,283,118.252
20cm,yolo11s,193,223,6.43,7.43,0,0,can_normal,can,normal,0.392334,260,106,417,438,117.242
20cm,yolo11s,193,223,6.43,7.43,1,1,can_dirty,can,dirty,0.288574,259,106,401,438,117.242
20cm,yolo11s,193,223,6.43,7.43,2,6,pet_dirty,pet,dirty,0.469727,60,4,217,461,117.242
20cm,yolo11s,194,224,6.464,7.463,0,0,can_normal,can,normal,0.371094,259,106,383,438,118.171
20cm,yolo11s,194,224,6.464,7.463,1,1,can_dirty,can,dirty,0.321777,259,106,377,438,118.171
20cm,yolo11s,194,224,6.464,7.463,2,6,pet_dirty,pet,dirty,0.494141,60,4,218,460,118.171
20cm,yolo11s,195,225,6.497,7.497,0,0,can_normal,can,normal,0.425293,260,106,392,438,117.864
20cm,yolo11s,195,225,6.497,7.497,1,6,pet_dirty,pet,dirty,0.499023,60,4,217,465,117.864
20cm,yolo11s,196,226,6.53,7.53,0,0,can_normal,can,normal,0.414795,259,106,378,438,116.867
20cm,yolo11s,196,226,6.53,7.53,1,1,can_dirty,can,dirty,0.328613,259,106,376,438,116.867
20cm,yolo11s,196,226,6.53,7.53,2,6,pet_dirty,pet,dirty,0.44165,61,3,218,464,116.867
20cm,yolo11s,197,227,6.564,7.563,0,0,can_normal,can,normal,0.427246,259,106,392,438,117.73
20cm,yolo11s,197,227,6.564,7.563,1,1,can_dirty,can,dirty,0.371094,259,106,390,438,117.73
20cm,yolo11s,197,227,6.564,7.563,2,6,pet_dirty,pet,dirty,0.549805,61,3,218,463,117.73
20cm,yolo11s,198,228,6.597,7.596,0,0,can_normal,can,normal,0.495117,259,106,409,438,117.494
20cm,yolo11s,198,228,6.597,7.596,1,1,can_dirty,can,dirty,0.291016,259,106,402,438,117.494
20cm,yolo11s,198,228,6.597,7.596,2,6,pet_dirty,pet,dirty,0.542969,60,3,217,462,117.494
20cm,yolo11s,199,229,6.63,7.63,0,0,can_normal,can,normal,0.522461,259,106,404,438,117.173
20cm,yolo11s,199,229,6.63,7.63,1,6,pet_dirty,pet,dirty,0.539062,60,2,218,462,117.173
20cm,yolo11s,200,230,6.664,7.663,0,0,can_normal,can,normal,0.505859,259,106,388,438,118.374
20cm,yolo11s,200,230,6.664,7.663,1,1,can_dirty,can,dirty,0.27124,259,106,373,438,118.374
20cm,yolo11s,200,230,6.664,7.663,2,6,pet_dirty,pet,dirty,0.554688,61,2,217,461,118.374
20cm,yolo11s,201,231,6.697,7.696,0,0,can_normal,can,normal,0.46582,259,106,403,438,119.076
20cm,yolo11s,201,231,6.697,7.696,1,1,can_dirty,can,dirty,0.37207,259,106,382,438,119.076
20cm,yolo11s,201,231,6.697,7.696,2,6,pet_dirty,pet,dirty,0.57666,61,2,218,460,119.076
20cm,yolo11s,202,232,6.73,7.73,0,0,can_normal,can,normal,0.484375,259,106,377,438,118.12
20cm,yolo11s,202,232,6.73,7.73,1,1,can_dirty,can,dirty,0.391357,259,106,375,438,118.12
20cm,yolo11s,202,232,6.73,7.73,2,6,pet_dirty,pet,dirty,0.546875,61,2,218,463,118.12
20cm,yolo11s,203,233,6.764,7.763,0,0,can_normal,can,normal,0.501953,259,106,375,438,117.179
20cm,yolo11s,203,233,6.764,7.763,1,1,can_dirty,can,dirty,0.375732,259,106,374,438,117.179
20cm,yolo11s,203,233,6.764,7.763,2,6,pet_dirty,pet,dirty,0.584961,61,2,218,467,117.179
20cm,yolo11s,204,234,6.797,7.796,0,0,can_normal,can,normal,0.47168,259,106,374,438,118.55
20cm,yolo11s,204,234,6.797,7.796,1,1,can_dirty,can,dirty,0.450439,259,106,373,438,118.55
20cm,yolo11s,204,234,6.797,7.796,2,6,pet_dirty,pet,dirty,0.517578,61,2,218,468,118.55
20cm,yolo11s,205,235,6.83,7.83,0,0,can_normal,can,normal,0.460938,259,106,375,438,117.623
20cm,yolo11s,205,235,6.83,7.83,1,1,can_dirty,can,dirty,0.422607,259,106,373,438,117.623
20cm,yolo11s,205,235,6.83,7.83,2,6,pet_dirty,pet,dirty,0.524414,61,3,218,470,117.623
20cm,yolo11s,206,236,6.863,7.863,0,0,can_normal,can,normal,0.449463,259,107,378,438,118.099
20cm,yolo11s,206,236,6.863,7.863,1,1,can_dirty,can,dirty,0.410156,259,106,376,438,118.099
20cm,yolo11s,206,236,6.863,7.863,2,6,pet_dirty,pet,dirty,0.414062,61,3,217,467,118.099
20cm,yolo11s,207,237,6.897,7.896,0,0,can_normal,can,normal,0.361084,259,106,374,437,119.305
20cm,yolo11s,207,237,6.897,7.896,1,1,can_dirty,can,dirty,0.414062,259,106,372,438,119.305
20cm,yolo11s,207,237,6.897,7.896,2,6,pet_dirty,pet,dirty,0.39502,61,3,217,469,119.305
20cm,yolo11s,208,238,6.93,7.93,0,1,can_dirty,can,dirty,0.360352,259,106,372,438,118.788
20cm,yolo11s,208,238,6.93,7.93,1,6,pet_dirty,pet,dirty,0.508789,61,4,217,461,118.788
20cm,yolo11s,209,239,6.963,7.963,0,0,can_normal,can,normal,0.356689,259,106,374,437,118.815
20cm,yolo11s,209,239,6.963,7.963,1,1,can_dirty,can,dirty,0.373047,259,106,372,438,118.815
20cm,yolo11s,209,239,6.963,7.963,2,6,pet_dirty,pet,dirty,0.453369,61,3,217,458,118.815
20cm,yolo11s,210,240,6.997,7.996,0,0,can_normal,can,normal,0.44751,259,107,377,438,119.191
20cm,yolo11s,210,240,6.997,7.996,1,1,can_dirty,can,dirty,0.38501,259,106,375,438,119.191
20cm,yolo11s,210,240,6.997,7.996,2,6,pet_dirty,pet,dirty,0.565918,61,3,218,462,119.191
20cm,yolo11s,211,241,7.03,8.03,0,0,can_normal,can,normal,0.49707,259,106,377,437,118.486
20cm,yolo11s,211,241,7.03,8.03,1,1,can_dirty,can,dirty,0.404541,259,106,376,438,118.486
20cm,yolo11s,211,241,7.03,8.03,2,6,pet_dirty,pet,dirty,0.558105,61,3,218,460,118.486
20cm,yolo11s,212,242,7.063,8.063,0,0,can_normal,can,normal,0.47168,259,106,371,437,116.648
20cm,yolo11s,212,242,7.063,8.063,1,1,can_dirty,can,dirty,0.406494,259,106,370,437,116.648
20cm,yolo11s,212,242,7.063,8.063,2,6,pet_dirty,pet,dirty,0.575684,61,2,218,458,116.648
20cm,yolo11s,213,243,7.097,8.096,0,0,can_normal,can,normal,0.461914,259,106,375,438,118.706
20cm,yolo11s,213,243,7.097,8.096,1,1,can_dirty,can,dirty,0.36377,259,106,371,438,118.706
20cm,yolo11s,213,243,7.097,8.096,2,6,pet_dirty,pet,dirty,0.578613,61,3,218,458,118.706
20cm,yolo11s,214,244,7.13,8.13,0,0,can_normal,can,normal,0.537109,259,106,375,437,117.476
20cm,yolo11s,214,244,7.13,8.13,1,4,glass_packaging,glass,packaging,0.275146,575,116,639,353,117.476
20cm,yolo11s,214,244,7.13,8.13,2,6,pet_dirty,pet,dirty,0.562012,61,3,218,458,117.476
20cm,yolo11s,215,245,7.163,8.163,0,0,can_normal,can,normal,0.454346,259,106,375,438,118.219
20cm,yolo11s,215,245,7.163,8.163,1,1,can_dirty,can,dirty,0.369385,259,106,371,438,118.219
20cm,yolo11s,215,245,7.163,8.163,2,2,glass_normal,glass,normal,0.318359,578,108,639,353,118.219
20cm,yolo11s,215,245,7.163,8.163,3,6,pet_dirty,pet,dirty,0.575684,61,4,218,461,118.219
20cm,yolo11s,216,246,7.197,8.196,0,1,can_dirty,can,dirty,0.410156,259,106,377,437,118.812
20cm,yolo11s,216,246,7.197,8.196,1,6,pet_dirty,pet,dirty,0.57666,61,4,218,457,118.812
20cm,yolo11s,217,247,7.23,8.23,0,0,can_normal,can,normal,0.385742,260,105,377,438,117.029
20cm,yolo11s,217,247,7.23,8.23,1,1,can_dirty,can,dirty,0.36377,259,106,374,438,117.029
20cm,yolo11s,217,247,7.23,8.23,2,2,glass_normal,glass,normal,0.400635,576,73,639,353,117.029
20cm,yolo11s,217,247,7.23,8.23,3,6,pet_dirty,pet,dirty,0.613281,61,5,217,456,117.029
20cm,yolo11s,218,248,7.263,8.263,0,0,can_normal,can,normal,0.347656,259,106,378,437,118.001
20cm,yolo11s,218,248,7.263,8.263,1,1,can_dirty,can,dirty,0.455078,259,107,370,437,118.001
20cm,yolo11s,218,248,7.263,8.263,2,6,pet_dirty,pet,dirty,0.607422,61,6,218,457,118.001
20cm,yolo11s,219,249,7.297,8.296,0,0,can_normal,can,normal,0.289307,260,107,408,438,118.214
20cm,yolo11s,219,249,7.297,8.296,1,1,can_dirty,can,dirty,0.459961,259,107,370,437,118.214
20cm,yolo11s,219,249,7.297,8.296,2,5,pet_normal,pet,normal,0.253174,387,70,632,461,118.214
20cm,yolo11s,219,249,7.297,8.296,3,6,pet_dirty,pet,dirty,0.589844,61,4,218,455,118.214
20cm,yolo11s,220,250,7.33,8.329,0,0,can_normal,can,normal,0.396973,260,105,372,437,116.66
20cm,yolo11s,220,250,7.33,8.329,1,1,can_dirty,can,dirty,0.480469,259,107,369,437,116.66
20cm,yolo11s,220,250,7.33,8.329,2,6,pet_dirty,pet,dirty,0.583984,61,5,218,457,116.66
20cm,yolo11s,221,251,7.363,8.363,0,0,can_normal,can,normal,0.39502,260,107,374,438,117.221
20cm,yolo11s,221,251,7.363,8.363,1,1,can_dirty,can,dirty,0.480469,259,107,369,436,117.221
20cm,yolo11s,221,251,7.363,8.363,2,6,pet_dirty,pet,dirty,0.539062,61,5,218,457,117.221
20cm,yolo11s,222,252,7.397,8.396,0,0,can_normal,can,normal,0.366699,259,107,390,439,117.428
20cm,yolo11s,222,252,7.397,8.396,1,1,can_dirty,can,dirty,0.414062,259,107,369,436,117.428
20cm,yolo11s,222,252,7.397,8.396,2,6,pet_dirty,pet,dirty,0.548828,61,5,218,458,117.428
20cm,yolo11s,223,253,7.43,8.429,0,0,can_normal,can,normal,0.379395,260,105,407,438,121.421
20cm,yolo11s,223,253,7.43,8.429,1,1,can_dirty,can,dirty,0.438721,259,107,378,437,121.421
20cm,yolo11s,223,253,7.43,8.429,2,5,pet_normal,pet,normal,0.256104,384,69,630,467,121.421
20cm,yolo11s,223,253,7.43,8.429,3,6,pet_dirty,pet,dirty,0.580566,61,5,218,458,121.421
20cm,yolo11s,224,254,7.463,8.463,0,0,can_normal,can,normal,0.312256,260,107,407,438,118.16
20cm,yolo11s,224,254,7.463,8.463,1,1,can_dirty,can,dirty,0.452393,259,107,372,437,118.16
20cm,yolo11s,224,254,7.463,8.463,2,5,pet_normal,pet,normal,0.456055,382,71,614,443,118.16
20cm,yolo11s,224,254,7.463,8.463,3,6,pet_dirty,pet,dirty,0.59082,61,7,218,457,118.16
20cm,yolo11s,225,255,7.497,8.496,0,0,can_normal,can,normal,0.367432,260,107,375,438,119.783
20cm,yolo11s,225,255,7.497,8.496,1,1,can_dirty,can,dirty,0.500977,259,107,369,437,119.783
20cm,yolo11s,225,255,7.497,8.496,2,2,glass_normal,glass,normal,0.259033,381,70,617,363,119.783
20cm,yolo11s,225,255,7.497,8.496,3,5,pet_normal,pet,normal,0.442627,381,70,615,444,119.783
20cm,yolo11s,225,255,7.497,8.496,4,6,pet_dirty,pet,dirty,0.567871,61,5,218,457,119.783
20cm,yolo11s,226,256,7.53,8.529,0,0,can_normal,can,normal,0.341553,259,105,398,438,118.593
20cm,yolo11s,226,256,7.53,8.529,1,1,can_dirty,can,dirty,0.417725,258,106,380,437,118.593
20cm,yolo11s,226,256,7.53,8.529,2,5,pet_normal,pet,normal,0.36377,383,69,616,460,118.593
20cm,yolo11s,226,256,7.53,8.529,3,6,pet_dirty,pet,dirty,0.577637,61,3,217,459,118.593
20cm,yolo11s,227,257,7.563,8.563,0,1,can_dirty,can,dirty,0.373047,259,106,395,436,118.869
20cm,yolo11s,227,257,7.563,8.563,1,6,pet_dirty,pet,dirty,0.558105,61,5,217,457,118.869
20cm,yolo11s,228,258,7.596,8.596,0,1,can_dirty,can,dirty,0.440674,258,106,375,437,119.778
20cm,yolo11s,228,258,7.596,8.596,1,5,pet_normal,pet,normal,0.331055,385,70,623,467,119.778
20cm,yolo11s,228,258,7.596,8.596,2,6,pet_dirty,pet,dirty,0.615234,61,4,218,456,119.778
20cm,yolo11s,229,259,7.63,8.629,0,0,can_normal,can,normal,0.269775,260,107,396,438,117.76
20cm,yolo11s,229,259,7.63,8.629,1,1,can_dirty,can,dirty,0.456055,259,107,371,437,117.76
20cm,yolo11s,229,259,7.63,8.629,2,6,pet_dirty,pet,dirty,0.597168,61,4,218,456,117.76
20cm,yolo11s,229,259,7.63,8.629,3,6,pet_dirty,pet,dirty,0.293457,382,67,632,467,117.76
20cm,yolo11s,229,259,7.63,8.629,4,9,plastic_normal,plastic,normal,0.311523,382,68,628,381,117.76
20cm,yolo11s,230,260,7.663,8.663,0,0,can_normal,can,normal,0.319092,260,107,414,438,117.425
20cm,yolo11s,230,260,7.663,8.663,1,1,can_dirty,can,dirty,0.456055,259,107,375,437,117.425
20cm,yolo11s,230,260,7.663,8.663,2,6,pet_dirty,pet,dirty,0.509766,61,3,217,457,117.425
20cm,yolo11s,230,260,7.663,8.663,3,6,pet_dirty,pet,dirty,0.296631,380,66,635,466,117.425
20cm,yolo11s,230,260,7.663,8.663,4,9,plastic_normal,plastic,normal,0.286865,379,67,631,377,117.425
20cm,yolo11s,231,261,7.696,8.696,0,0,can_normal,can,normal,0.277588,260,107,416,438,117.318
20cm,yolo11s,231,261,7.696,8.696,1,1,can_dirty,can,dirty,0.464844,259,107,376,437,117.318
20cm,yolo11s,231,261,7.696,8.696,2,6,pet_dirty,pet,dirty,0.537109,61,3,218,456,117.318
20cm,yolo11s,231,261,7.696,8.696,3,9,plastic_normal,plastic,normal,0.305664,385,69,632,469,117.318
20cm,yolo11s,232,262,7.73,8.729,0,1,can_dirty,can,dirty,0.417725,259,106,411,437,116.937
20cm,yolo11s,232,262,7.73,8.729,1,6,pet_dirty,pet,dirty,0.499023,61,6,218,456,116.937
20cm,yolo11s,232,262,7.73,8.729,2,9,plastic_normal,plastic,normal,0.385742,384,69,637,467,116.937
20cm,yolo11s,233,263,7.763,8.763,0,1,can_dirty,can,dirty,0.378418,259,106,403,437,116.638
20cm,yolo11s,233,263,7.763,8.763,1,6,pet_dirty,pet,dirty,0.535156,61,3,218,456,116.638
20cm,yolo11s,234,264,7.796,8.796,0,1,can_dirty,can,dirty,0.389648,259,106,383,437,117.774
20cm,yolo11s,234,264,7.796,8.796,1,6,pet_dirty,pet,dirty,0.507812,61,3,218,457,117.774
20cm,yolo11s,235,265,7.83,8.829,0,0,can_normal,can,normal,0.250244,260,107,386,438,118.622
20cm,yolo11s,235,265,7.83,8.829,1,1,can_dirty,can,dirty,0.417725,259,108,370,437,118.622
20cm,yolo11s,235,265,7.83,8.829,2,6,pet_dirty,pet,dirty,0.527344,61,3,218,458,118.622
20cm,yolo11s,236,266,7.863,8.863,0,1,can_dirty,can,dirty,0.469727,259,107,369,437,117.28
20cm,yolo11s,236,266,7.863,8.863,1,6,pet_dirty,pet,dirty,0.605957,61,3,218,457,117.28
20cm,yolo11s,237,267,7.896,8.896,0,0,can_normal,can,normal,0.31665,258,106,370,439,118.574
20cm,yolo11s,237,267,7.896,8.896,1,1,can_dirty,can,dirty,0.485352,258,106,368,437,118.574
20cm,yolo11s,237,267,7.896,8.896,2,2,glass_normal,glass,normal,0.495117,390,36,639,360,118.574
20cm,yolo11s,237,267,7.896,8.896,3,6,pet_dirty,pet,dirty,0.57373,61,3,217,458,118.574
20cm,yolo11s,238,268,7.93,8.929,0,0,can_normal,can,normal,0.412109,259,104,370,438,119.657
20cm,yolo11s,238,268,7.93,8.929,1,1,can_dirty,can,dirty,0.436768,258,105,369,437,119.657
20cm,yolo11s,238,268,7.93,8.929,2,2,glass_normal,glass,normal,0.455078,390,35,639,361,119.657
20cm,yolo11s,238,268,7.93,8.929,3,6,pet_dirty,pet,dirty,0.484375,61,2,218,457,119.657
20cm,yolo11s,238,268,7.93,8.929,4,9,plastic_normal,plastic,normal,0.279053,391,35,639,393,119.657
20cm,yolo11s,239,269,7.963,8.963,0,0,can_normal,can,normal,0.36377,259,107,368,438,119.284
20cm,yolo11s,239,269,7.963,8.963,1,1,can_dirty,can,dirty,0.396973,257,106,367,437,119.284
20cm,yolo11s,239,269,7.963,8.963,2,2,glass_normal,glass,normal,0.490234,389,35,639,357,119.284
20cm,yolo11s,239,269,7.963,8.963,3,6,pet_dirty,pet,dirty,0.455078,60,3,217,458,119.284
20cm,yolo11s,240,270,7.996,8.996,0,0,can_normal,can,normal,0.27124,257,107,367,439,119.166
20cm,yolo11s,240,270,7.996,8.996,1,1,can_dirty,can,dirty,0.414795,256,106,366,438,119.166
20cm,yolo11s,240,270,7.996,8.996,2,6,pet_dirty,pet,dirty,0.445557,61,3,218,457,119.166
20cm,yolo11s,241,271,8.03,9.029,0,1,can_dirty,can,dirty,0.427246,256,105,366,438,117.296
20cm,yolo11s,241,271,8.03,9.029,1,6,pet_dirty,pet,dirty,0.46875,61,3,218,458,117.296
20cm,yolo11s,242,272,8.063,9.062,0,1,can_dirty,can,dirty,0.326904,256,108,366,437,117.829
20cm,yolo11s,242,272,8.063,9.062,1,6,pet_dirty,pet,dirty,0.565918,61,2,218,458,117.829
20cm,yolo11s,243,273,8.096,9.096,0,6,pet_dirty,pet,dirty,0.361084,61,2,218,458,118.06
20cm,yolo11s,244,274,8.13,9.129,,,,,,,,,,,120.191
20cm,yolo11s,245,275,8.163,9.162,,,,,,,,,,,118.587
20cm,yolo11s,246,276,8.196,9.196,,,,,,,,,,,118.122
20cm,yolo11s,247,277,8.23,9.229,,,,,,,,,,,118.345
20cm,yolo11s,248,278,8.263,9.262,,,,,,,,,,,117.56
20cm,yolo11s,249,279,8.296,9.296,,,,,,,,,,,118.683
20cm,yolo11s,250,280,8.329,9.329,,,,,,,,,,,120.978
20cm,yolo11s,251,281,8.363,9.362,,,,,,,,,,,119.004
20cm,yolo11s,252,282,8.396,9.396,,,,,,,,,,,118.197
20cm,yolo11s,253,283,8.429,9.429,,,,,,,,,,,118.159
20cm,yolo11s,254,284,8.463,9.462,,,,,,,,,,,121.51
20cm,yolo11s,255,285,8.496,9.496,,,,,,,,,,,119.768
20cm,yolo11s,256,286,8.529,9.529,,,,,,,,,,,120.749
20cm,yolo11s,257,287,8.563,9.562,,,,,,,,,,,120.073
20cm,yolo11s,258,288,8.596,9.596,,,,,,,,,,,120.161
20cm,yolo11s,259,289,8.629,9.629,,,,,,,,,,,121.994
20cm,yolo11s,260,290,8.663,9.662,,,,,,,,,,,117.336
20cm,yolo11s,261,291,8.696,9.696,,,,,,,,,,,118.8
20cm,yolo11s,262,292,8.729,9.729,,,,,,,,,,,120.364
20cm,yolo11s,263,293,8.763,9.762,,,,,,,,,,,118.89
20cm,yolo11s,264,294,8.796,9.795,,,,,,,,,,,119.776
20cm,yolo11s,265,295,8.829,9.829,,,,,,,,,,,118.216
20cm,yolo11s,266,296,8.863,9.862,,,,,,,,,,,117.538
20cm,yolo11s,267,297,8.896,9.895,0,6,pet_dirty,pet,dirty,0.329346,16,4,207,463,118.326
20cm,yolo11s,268,298,8.929,9.929,0,6,pet_dirty,pet,dirty,0.345215,16,4,208,457,121.668
20cm,yolo11s,269,299,8.963,9.962,0,6,pet_dirty,pet,dirty,0.455078,16,3,209,456,119.4
20cm,yolo11s,270,300,8.996,9.995,0,6,pet_dirty,pet,dirty,0.40918,16,2,209,456,119.947
20cm,yolo11s,271,301,9.029,10.029,0,5,pet_normal,pet,normal,0.323486,15,1,209,466,120.098
20cm,yolo11s,271,301,9.029,10.029,1,6,pet_dirty,pet,dirty,0.37207,15,2,209,457,120.098
20cm,yolo11s,272,302,9.062,10.062,0,6,pet_dirty,pet,dirty,0.29248,17,3,210,459,119.319
20cm,yolo11s,273,303,9.096,10.095,,,,,,,,,,,118.43
20cm,yolo11s,274,304,9.129,10.129,0,6,pet_dirty,pet,dirty,0.343262,385,73,611,477,119.166
20cm,yolo11s,275,305,9.162,10.162,0,6,pet_dirty,pet,dirty,0.418701,384,53,610,477,117.684
20cm,yolo11s,276,306,9.196,10.195,0,6,pet_dirty,pet,dirty,0.324219,373,56,609,478,117.209
20cm,yolo11s,277,307,9.229,10.229,0,6,pet_dirty,pet,dirty,0.359375,26,3,213,454,117.119
20cm,yolo11s,278,308,9.262,10.262,,,,,,,,,,,118.249
20cm,yolo11s,279,309,9.296,10.295,0,6,pet_dirty,pet,dirty,0.254639,374,55,608,478,118.06
20cm,yolo11s,280,310,9.329,10.329,,,,,,,,,,,121.065
20cm,yolo11s,281,311,9.362,10.362,0,6,pet_dirty,pet,dirty,0.257568,369,54,605,477,117.27
20cm,yolo11s,282,312,9.396,10.395,,,,,,,,,,,117.987
20cm,yolo11s,283,313,9.429,10.429,,,,,,,,,,,118.375
20cm,yolo11s,284,314,9.462,10.462,0,2,glass_normal,glass,normal,0.392334,362,59,593,475,118.342
20cm,yolo11s,285,315,9.496,10.495,0,6,pet_dirty,pet,dirty,0.357666,367,62,588,475,120.026
20cm,yolo11s,286,316,9.529,10.528,,,,,,,,,,,120.31
20cm,yolo11s,287,317,9.562,10.562,,,,,,,,,,,118.71
20cm,yolo11s,288,318,9.596,10.595,,,,,,,,,,,119.014
20cm,yolo11s,289,319,9.629,10.628,,,,,,,,,,,117.863
20cm,yolo11s,290,320,9.662,10.662,,,,,,,,,,,119.329
20cm,yolo11s,291,321,9.696,10.695,0,6,pet_dirty,pet,dirty,0.344238,372,60,609,479,118.493
20cm,yolo11s,292,322,9.729,10.728,0,6,pet_dirty,pet,dirty,0.299805,372,88,612,478,120.081
20cm,yolo11s,293,323,9.762,10.762,0,6,pet_dirty,pet,dirty,0.289307,370,62,618,479,116.571
20cm,yolo11s,294,324,9.795,10.795,,,,,,,,,,,117.892
20cm,yolo11s,295,325,9.829,10.828,0,6,pet_dirty,pet,dirty,0.294189,374,60,631,478,119.3
20cm,yolo11s,296,326,9.862,10.862,,,,,,,,,,,119.176
20cm,yolo11s,297,327,9.895,10.895,,,,,,,,,,,118.221
20cm,yolo11s,298,328,9.929,10.928,,,,,,,,,,,120.887
20cm,yolo11s,299,329,9.962,10.962,,,,,,,,,,,116.949
20cm,yolo11s,300,330,9.995,10.995,,,,,,,,,,,117.978
20cm,yolo11s,301,331,10.029,11.028,0,6,pet_dirty,pet,dirty,0.273682,369,67,616,479,116.656
20cm,yolo11s,302,332,10.062,11.062,,,,,,,,,,,117.8
20cm,yolo11s,303,333,10.095,11.095,0,6,pet_dirty,pet,dirty,0.327637,371,131,615,479,119.058
20cm,yolo11s,304,334,10.129,11.128,0,6,pet_dirty,pet,dirty,0.366699,371,131,616,479,120.6
20cm,yolo11s,305,335,10.162,11.162,,,,,,,,,,,117.462
20cm,yolo11s,306,336,10.195,11.195,0,9,plastic_normal,plastic,normal,0.288574,369,71,618,479,118.174
20cm,yolo11s,307,337,10.229,11.228,0,9,plastic_normal,plastic,normal,0.32251,369,66,626,445,117.33
20cm,yolo11s,308,338,10.262,11.261,0,9,plastic_normal,plastic,normal,0.31665,369,65,621,479,118.124
20cm,yolo11s,309,339,10.295,11.295,0,9,plastic_normal,plastic,normal,0.306641,370,64,628,475,116.924
20cm,yolo11s,310,340,10.329,11.328,0,9,plastic_normal,plastic,normal,0.253174,370,70,628,474,120.475
20cm,yolo11s,311,341,10.362,11.361,,,,,,,,,,,118.685
20cm,yolo11s,312,342,10.395,11.395,0,9,plastic_normal,plastic,normal,0.269043,371,65,628,475,117.925
20cm,yolo11s,313,343,10.429,11.428,0,9,plastic_normal,plastic,normal,0.266602,370,65,625,468,117.71
20cm,yolo11s,314,344,10.462,11.461,0,9,plastic_normal,plastic,normal,0.303223,369,67,625,460,117.588
20cm,yolo11s,315,345,10.495,11.495,0,9,plastic_normal,plastic,normal,0.250977,371,63,624,454,118.403
20cm,yolo11s,316,346,10.528,11.528,0,9,plastic_normal,plastic,normal,0.253906,376,64,617,473,117.926
20cm,yolo11s,317,347,10.562,11.561,0,6,pet_dirty,pet,dirty,0.276611,375,62,615,478,116.992
20cm,yolo11s,318,348,10.595,11.595,,,,,,,,,,,119.036
20cm,yolo11s,319,349,10.628,11.628,,,,,,,,,,,117.325
20cm,yolo11s,320,350,10.662,11.661,,,,,,,,,,,118.443
20cm,yolo11s,321,351,10.695,11.695,,,,,,,,,,,118.294
20cm,yolo11s,322,352,10.728,11.728,,,,,,,,,,,116.991
20cm,yolo11s,323,353,10.762,11.761,,,,,,,,,,,117.293
20cm,yolo11s,324,354,10.795,11.795,0,5,pet_normal,pet,normal,0.289307,285,82,454,446,117.929
20cm,yolo11s,325,355,10.828,11.828,0,5,pet_normal,pet,normal,0.283691,281,82,447,441,118.114
20cm,yolo11s,326,356,10.862,11.861,,,,,,,,,,,119.361
20cm,yolo11s,327,357,10.895,11.894,,,,,,,,,,,119.255
20cm,yolo11s,328,358,10.928,11.928,,,,,,,,,,,118.043
20cm,yolo11s,329,359,10.962,11.961,0,5,pet_normal,pet,normal,0.259766,284,73,469,447,117.692
20cm,yolo11s,330,360,10.995,11.994,,,,,,,,,,,119.73
20cm,yolo11s,331,361,11.028,12.028,,,,,,,,,,,119.532
20cm,yolo11s,332,362,11.062,12.061,0,5,pet_normal,pet,normal,0.267334,314,82,507,446,123.783
20cm,yolo11s,333,363,11.095,12.094,0,9,plastic_normal,plastic,normal,0.304932,322,81,513,445,119.037
20cm,yolo11s,334,364,11.128,12.128,,,,,,,,,,,120.427
20cm,yolo11s,335,365,11.162,12.161,0,5,pet_normal,pet,normal,0.402588,314,83,508,446,119.444
20cm,yolo11s,335,365,11.162,12.161,1,7,pet_packaging,pet,packaging,0.303955,313,85,508,447,119.444
20cm,yolo11s,336,366,11.195,12.194,,,,,,,,,,,120.139
20cm,yolo11s,337,367,11.228,12.228,0,5,pet_normal,pet,normal,0.282227,297,77,484,447,119.207
20cm,yolo11s,338,368,11.261,12.261,0,5,pet_normal,pet,normal,0.284668,291,77,478,447,120.701
20cm,yolo11s,339,369,11.295,12.294,,,,,,,,,,,120.53
20cm,yolo11s,340,370,11.328,12.328,0,6,pet_dirty,pet,dirty,0.307373,290,73,477,447,119.972
20cm,yolo11s,341,371,11.361,12.361,0,5,pet_normal,pet,normal,0.424316,295,80,483,448,120.233
20cm,yolo11s,342,372,11.395,12.394,0,5,pet_normal,pet,normal,0.385742,300,84,490,449,119.171
20cm,yolo11s,343,373,11.428,12.428,0,9,plastic_normal,plastic,normal,0.327637,303,83,492,449,118.97
20cm,yolo11s,344,374,11.461,12.461,0,6,pet_dirty,pet,dirty,0.27832,304,83,490,449,119.033
20cm,yolo11s,345,375,11.495,12.494,0,2,glass_normal,glass,normal,0.341553,302,85,488,448,119.678
20cm,yolo11s,345,375,11.495,12.494,1,6,pet_dirty,pet,dirty,0.383057,306,84,485,448,119.678
20cm,yolo11s,346,376,11.528,12.528,0,2,glass_normal,glass,normal,0.256104,301,87,489,448,120.864
20cm,yolo11s,346,376,11.528,12.528,1,6,pet_dirty,pet,dirty,0.32251,302,87,487,448,120.864
20cm,yolo11s,347,377,11.561,12.561,0,6,pet_dirty,pet,dirty,0.324219,302,86,488,448,122.078
20cm,yolo11s,348,378,11.595,12.594,0,2,glass_normal,glass,normal,0.27124,302,86,490,448,119.614
20cm,yolo11s,348,378,11.595,12.594,1,6,pet_dirty,pet,dirty,0.448486,303,85,488,448,119.614
20cm,yolo11s,349,379,11.628,12.627,0,6,pet_dirty,pet,dirty,0.370117,302,86,488,448,118.519
20cm,yolo11s,350,380,11.661,12.661,0,6,pet_dirty,pet,dirty,0.401611,303,87,489,448,119.435
20cm,yolo11s,351,381,11.695,12.694,0,6,pet_dirty,pet,dirty,0.486328,302,85,489,448,119.601
20cm,yolo11s,351,381,11.695,12.694,1,9,plastic_normal,plastic,normal,0.311523,301,86,490,448,119.601
20cm,yolo11s,352,382,11.728,12.727,0,6,pet_dirty,pet,dirty,0.431152,302,85,488,447,120.255
20cm,yolo11s,352,382,11.728,12.727,1,9,plastic_normal,plastic,normal,0.405518,301,86,489,449,120.255
20cm,yolo11s,353,383,11.761,12.761,0,6,pet_dirty,pet,dirty,0.435791,302,86,488,448,122.965
20cm,yolo11s,353,383,11.761,12.761,1,9,plastic_normal,plastic,normal,0.408203,301,86,490,448,122.965
20cm,yolo11s,354,384,11.795,12.794,0,6,pet_dirty,pet,dirty,0.435791,302,86,489,448,120.83
20cm,yolo11s,354,384,11.795,12.794,1,9,plastic_normal,plastic,normal,0.32251,301,86,489,448,120.83
20cm,yolo11s,355,385,11.828,12.827,0,6,pet_dirty,pet,dirty,0.253906,303,86,488,448,122.186
20cm,yolo11s,355,385,11.828,12.827,1,9,plastic_normal,plastic,normal,0.327637,301,86,489,448,122.186
20cm,yolo11s,356,386,11.861,12.861,0,6,pet_dirty,pet,dirty,0.343262,302,86,488,448,122.374
20cm,yolo11s,356,386,11.861,12.861,1,9,plastic_normal,plastic,normal,0.351318,301,86,489,448,122.374
20cm,yolo11s,357,387,11.894,12.894,0,6,pet_dirty,pet,dirty,0.368408,302,86,488,448,122.354
20cm,yolo11s,357,387,11.894,12.894,1,9,plastic_normal,plastic,normal,0.327637,301,86,489,448,122.354
20cm,yolo11s,358,388,11.928,12.927,0,6,pet_dirty,pet,dirty,0.363037,302,86,488,448,122.982
20cm,yolo11s,358,388,11.928,12.927,1,9,plastic_normal,plastic,normal,0.288574,301,86,489,449,122.982
20cm,yolo11s,359,389,11.961,12.961,0,6,pet_dirty,pet,dirty,0.303955,302,86,488,448,125.287
20cm,yolo11s,359,389,11.961,12.961,1,9,plastic_normal,plastic,normal,0.286865,302,86,490,449,125.287
20cm,yolo11s,360,390,11.994,12.994,0,6,pet_dirty,pet,dirty,0.335449,303,86,489,448,121.559
20cm,yolo11s,360,390,11.994,12.994,1,9,plastic_normal,plastic,normal,0.31665,302,86,490,449,121.559
20cm,yolo11s,361,391,12.028,13.027,0,9,plastic_normal,plastic,normal,0.319092,301,86,489,448,123.224
20cm,yolo11s,362,392,12.061,13.061,0,9,plastic_normal,plastic,normal,0.291016,302,86,490,448,123.143
20cm,yolo11s,363,393,12.094,13.094,0,6,pet_dirty,pet,dirty,0.282959,302,86,488,448,121.408
20cm,yolo11s,364,394,12.128,13.127,0,6,pet_dirty,pet,dirty,0.29248,303,87,489,448,122.582
20cm,yolo11s,364,394,12.128,13.127,1,9,plastic_normal,plastic,normal,0.273682,301,86,489,448,122.582
20cm,yolo11s,365,395,12.161,13.161,0,6,pet_dirty,pet,dirty,0.331055,302,86,488,448,126.04
20cm,yolo11s,365,395,12.161,13.161,1,9,plastic_normal,plastic,normal,0.268066,301,86,490,449,126.04
20cm,yolo11s,366,396,12.194,13.194,0,6,pet_dirty,pet,dirty,0.399902,302,86,488,448,122.412
20cm,yolo11s,366,396,12.194,13.194,1,9,plastic_normal,plastic,normal,0.268066,302,86,490,448,122.412
20cm,yolo11s,367,397,12.228,13.227,0,6,pet_dirty,pet,dirty,0.365723,302,86,488,448,123.694
20cm,yolo11s,367,397,12.228,13.227,1,9,plastic_normal,plastic,normal,0.360352,301,87,489,449,123.694
20cm,yolo11s,368,398,12.261,13.261,0,6,pet_dirty,pet,dirty,0.42627,302,86,488,448,122.767
20cm,yolo11s,369,399,12.294,13.294,0,6,pet_dirty,pet,dirty,0.338135,302,86,488,448,121.895
20cm,yolo11s,370,400,12.328,13.327,0,6,pet_dirty,pet,dirty,0.36377,302,86,489,448,122.199
20cm,yolo11s,371,401,12.361,13.36,0,6,pet_dirty,pet,dirty,0.303223,302,87,489,448,125.227
20cm,yolo11s,371,401,12.361,13.36,1,9,plastic_normal,plastic,normal,0.314941,301,87,489,449,125.227
20cm,yolo11s,372,402,12.394,13.394,0,6,pet_dirty,pet,dirty,0.346924,301,87,488,448,121.839
20cm,yolo11s,372,402,12.394,13.394,1,9,plastic_normal,plastic,normal,0.300781,301,87,489,449,121.839
20cm,yolo11s,373,403,12.428,13.427,0,6,pet_dirty,pet,dirty,0.32251,302,87,489,449,118.786
20cm,yolo11s,374,404,12.461,13.46,0,6,pet_dirty,pet,dirty,0.449463,302,87,488,449,119.19
20cm,yolo11s,374,404,12.461,13.46,1,9,plastic_normal,plastic,normal,0.279785,301,87,489,449,119.19
20cm,yolo11s,375,405,12.494,13.494,0,6,pet_dirty,pet,dirty,0.30249,302,86,488,448,120.678
20cm,yolo11s,375,405,12.494,13.494,1,9,plastic_normal,plastic,normal,0.257568,302,87,490,450,120.678
20cm,yolo11s,376,406,12.528,13.527,0,2,glass_normal,glass,normal,0.301514,302,87,490,449,121.883
20cm,yolo11s,376,406,12.528,13.527,1,6,pet_dirty,pet,dirty,0.269043,304,86,489,448,121.883
20cm,yolo11s,377,407,12.561,13.56,0,2,glass_normal,glass,normal,0.332764,303,86,489,448,125.062
20cm,yolo11s,378,408,12.594,13.594,0,2,glass_normal,glass,normal,0.385742,302,85,490,448,120.761
20cm,yolo11s,379,409,12.627,13.627,0,2,glass_normal,glass,normal,0.44458,302,86,489,448,120.766
20cm,yolo11s,380,410,12.661,13.66,0,2,glass_normal,glass,normal,0.283691,302,87,489,450,120.693
20cm,yolo11s,380,410,12.661,13.66,1,6,pet_dirty,pet,dirty,0.295898,303,86,488,449,120.693
20cm,yolo11s,381,411,12.694,13.694,0,2,glass_normal,glass,normal,0.33374,302,86,490,449,120.417
20cm,yolo11s,382,412,12.727,13.727,0,5,pet_normal,pet,normal,0.257568,302,86,489,448,120.442
20cm,yolo11s,382,412,12.727,13.727,1,6,pet_dirty,pet,dirty,0.254639,303,85,489,448,120.442
20cm,yolo11s,382,412,12.727,13.727,2,9,plastic_normal,plastic,normal,0.318359,302,86,490,448,120.442
20cm,yolo11s,383,413,12.761,13.76,0,9,plastic_normal,plastic,normal,0.336426,303,86,491,448,122.877
20cm,yolo11s,384,414,12.794,13.794,0,2,glass_normal,glass,normal,0.260498,305,87,491,448,120.541
20cm,yolo11s,385,415,12.827,13.827,0,2,glass_normal,glass,normal,0.308105,304,87,490,449,118.66
20cm,yolo11s,385,415,12.827,13.827,1,6,pet_dirty,pet,dirty,0.275879,305,87,489,448,118.66
20cm,yolo11s,386,416,12.861,13.86,0,2,glass_normal,glass,normal,0.344238,304,88,490,449,120.183
20cm,yolo11s,387,417,12.894,13.894,0,2,glass_normal,glass,normal,0.258301,301,86,490,449,120.698
20cm,yolo11s,388,418,12.927,13.927,0,2,glass_normal,glass,normal,0.562988,301,81,490,448,120.951
20cm,yolo11s,388,418,12.927,13.927,1,6,pet_dirty,pet,dirty,0.27832,302,80,489,448,120.951
20cm,yolo11s,389,419,12.961,13.96,0,2,glass_normal,glass,normal,0.311523,304,86,488,447,123.076
20cm,yolo11s,390,420,12.994,13.994,,,,,,,,,,,120.678
20cm,yolo11s,391,421,13.027,14.027,0,6,pet_dirty,pet,dirty,0.283691,302,85,489,448,119.423
20cm,yolo11s,392,422,13.061,14.06,0,6,pet_dirty,pet,dirty,0.279785,304,85,488,448,118.098
20cm,yolo11s,393,423,13.094,14.093,0,6,pet_dirty,pet,dirty,0.262939,307,93,488,448,118.479
20cm,yolo11s,394,424,13.127,14.127,0,5,pet_normal,pet,normal,0.318359,307,131,490,448,120.086
20cm,yolo11s,394,424,13.127,14.127,1,6,pet_dirty,pet,dirty,0.393311,307,146,489,449,120.086
20cm,yolo11s,395,425,13.161,14.16,0,6,pet_dirty,pet,dirty,0.383057,305,84,490,452,124.009
20cm,yolo11s,396,426,13.194,14.193,0,6,pet_dirty,pet,dirty,0.458008,303,82,484,452,120.538
20cm,yolo11s,397,427,13.227,14.227,0,5,pet_normal,pet,normal,0.458008,305,78,485,450,120.444
20cm,yolo11s,398,428,13.261,14.26,0,5,pet_normal,pet,normal,0.317383,309,114,489,449,120.429
20cm,yolo11s,398,428,13.261,14.26,1,7,pet_packaging,pet,packaging,0.275146,312,138,489,450,120.429
20cm,yolo11s,399,429,13.294,14.293,,,,,,,,,,,121.117
20cm,yolo11s,400,430,13.327,14.327,,,,,,,,,,,121.35
20cm,yolo11s,401,431,13.36,14.36,,,,,,,,,,,124.042
20cm,yolo11s,402,432,13.394,14.393,,,,,,,,,,,121.299
20cm,yolo11s,403,433,13.427,14.427,,,,,,,,,,,120.567
20cm,yolo11s,404,434,13.46,14.46,,,,,,,,,,,122.169
20cm,yolo11s,405,435,13.494,14.493,,,,,,,,,,,120.403
20cm,yolo11s,406,436,13.527,14.527,,,,,,,,,,,120.535
20cm,yolo11s,407,437,13.56,14.56,,,,,,,,,,,123.681
20cm,yolo11s,408,438,13.594,14.593,,,,,,,,,,,119.738
20cm,yolo11s,409,439,13.627,14.627,,,,,,,,,,,118.913
20cm,yolo11s,410,440,13.66,14.66,,,,,,,,,,,119.951
20cm,yolo11s,411,441,13.694,14.693,,,,,,,,,,,118.982
20cm,yolo11s,412,442,13.727,14.727,,,,,,,,,,,119.873
20cm,yolo11s,413,443,13.76,14.76,,,,,,,,,,,122.471
20cm,yolo11s,414,444,13.794,14.793,0,10,plastic_dirty,plastic,dirty,0.281494,533,0,639,331,119.495
20cm,yolo11s,415,445,13.827,14.826,,,,,,,,,,,119.434
20cm,yolo11s,416,446,13.86,14.86,0,10,plastic_dirty,plastic,dirty,0.304932,532,0,639,329,119.11
20cm,yolo11s,417,447,13.894,14.893,,,,,,,,,,,119.508
20cm,yolo11s,418,448,13.927,14.926,0,10,plastic_dirty,plastic,dirty,0.264404,532,0,639,329,118.717
20cm,yolo11s,419,449,13.96,14.96,,,,,,,,,,,122.111
20cm,yolo11s,420,450,13.994,14.993,,,,,,,,,,,120.812
20cm,yolo11s,421,451,14.027,15.026,,,,,,,,,,,120.185
20cm,yolo11s,422,452,14.06,15.06,,,,,,,,,,,118.994
20cm,yolo11s,423,453,14.093,15.093,,,,,,,,,,,120.346
20cm,yolo11s,424,454,14.127,15.126,,,,,,,,,,,120.412
20cm,yolo11s,425,455,14.16,15.16,,,,,,,,,,,122.831
20cm,yolo11s,426,456,14.193,15.193,,,,,,,,,,,119.02
20cm,yolo11s,427,457,14.227,15.226,,,,,,,,,,,118.907
20cm,yolo11s,428,458,14.26,15.26,,,,,,,,,,,119.71
20cm,yolo11s,429,459,14.293,15.293,,,,,,,,,,,119.337
20cm,yolo11s,430,460,14.327,15.326,,,,,,,,,,,119.935
20cm,yolo11s,431,461,14.36,15.36,,,,,,,,,,,120.861
20cm,yolo11s,432,462,14.393,15.393,,,,,,,,,,,120.162
20cm,yolo11s,433,463,14.427,15.426,,,,,,,,,,,118.931
20cm,yolo11s,434,464,14.46,15.46,,,,,,,,,,,121.178
20cm,yolo11s,435,465,14.493,15.493,,,,,,,,,,,120.957
20cm,yolo11s,436,466,14.527,15.526,,,,,,,,,,,120.857
20cm,yolo11s,437,467,14.56,15.559,,,,,,,,,,,123.927
20cm,yolo11s,438,468,14.593,15.593,0,5,pet_normal,pet,normal,0.288574,154,282,480,390,120.731
20cm,yolo11s,439,469,14.627,15.626,0,5,pet_normal,pet,normal,0.250244,158,238,474,373,121.332
20cm,yolo11s,439,469,14.627,15.626,1,7,pet_packaging,pet,packaging,0.271973,157,241,475,375,121.332
20cm,yolo11s,440,470,14.66,15.659,0,5,pet_normal,pet,normal,0.367432,158,237,561,369,120.134
20cm,yolo11s,440,470,14.66,15.659,1,7,pet_packaging,pet,packaging,0.276611,158,237,575,368,120.134
20cm,yolo11s,441,471,14.693,15.693,0,5,pet_normal,pet,normal,0.545898,162,237,514,378,121.172
20cm,yolo11s,442,472,14.727,15.726,,,,,,,,,,,121.687
20cm,yolo11s,443,473,14.76,15.759,0,5,pet_normal,pet,normal,0.288574,162,239,583,377,122.932
20cm,yolo11s,444,474,14.793,15.793,0,5,pet_normal,pet,normal,0.320801,164,241,614,375,120.5
20cm,yolo11s,445,475,14.826,15.826,,,,,,,,,,,119.331
20cm,yolo11s,446,476,14.86,15.859,0,5,pet_normal,pet,normal,0.410156,165,279,619,382,120.995
20cm,yolo11s,447,477,14.893,15.893,0,7,pet_packaging,pet,packaging,0.282227,173,270,629,378,119.497
20cm,yolo11s,448,478,14.926,15.926,0,5,pet_normal,pet,normal,0.400635,180,270,639,376,119.205
20cm,yolo11s,449,479,14.96,15.959,0,5,pet_normal,pet,normal,0.256104,185,280,639,379,121.438
20cm,yolo11s,450,480,14.993,15.993,,,,,,,,,,,119.589
20cm,yolo11s,451,481,15.026,16.026,,,,,,,,,,,119.958
20cm,yolo11s,452,482,15.06,16.059,,,,,,,,,,,119.567
20cm,yolo11s,453,483,15.093,16.093,,,,,,,,,,,120.832
20cm,yolo11s,454,484,15.126,16.126,,,,,,,,,,,122.433
20cm,yolo11s,455,485,15.16,16.159,,,,,,,,,,,125.072
20cm,yolo11s,456,486,15.193,16.193,0,5,pet_normal,pet,normal,0.475586,193,277,639,374,119.997
20cm,yolo11s,457,487,15.226,16.226,0,6,pet_dirty,pet,dirty,0.383057,190,277,639,374,118.824
20cm,yolo11s,458,488,15.26,16.259,,,,,,,,,,,122.886
20cm,yolo11s,459,489,15.293,16.292,,,,,,,,,,,119.85
20cm,yolo11s,460,490,15.326,16.326,,,,,,,,,,,119.796
20cm,yolo11s,461,491,15.36,16.359,,,,,,,,,,,123.655
20cm,yolo11s,462,492,15.393,16.392,,,,,,,,,,,119.706
20cm,yolo11s,463,493,15.426,16.426,,,,,,,,,,,120.693
20cm,yolo11s,464,494,15.46,16.459,,,,,,,,,,,120.939
20cm,yolo11s,465,495,15.493,16.492,,,,,,,,,,,121.655
20cm,yolo11s,466,496,15.526,16.526,,,,,,,,,,,121.798
20cm,yolo11s,467,497,15.559,16.559,,,,,,,,,,,123.637
20cm,yolo11s,468,498,15.593,16.592,,,,,,,,,,,121.085
20cm,yolo11s,469,499,15.626,16.626,,,,,,,,,,,119.881
20cm,yolo11s,470,500,15.659,16.659,,,,,,,,,,,120.573
20cm,yolo11s,471,501,15.693,16.692,0,6,pet_dirty,pet,dirty,0.472656,163,301,639,474,120.939
20cm,yolo11s,472,502,15.726,16.726,,,,,,,,,,,121.618
20cm,yolo11s,473,503,15.759,16.759,,,,,,,,,,,121.136
20cm,yolo11s,474,504,15.793,16.792,,,,,,,,,,,121.63
20cm,yolo11s,475,505,15.826,16.826,0,5,pet_normal,pet,normal,0.266602,156,303,545,410,121.368
20cm,yolo11s,476,506,15.859,16.859,0,4,glass_packaging,glass,packaging,0.750488,532,0,639,130,122.569
20cm,yolo11s,476,506,15.859,16.859,1,5,pet_normal,pet,normal,0.393311,153,302,534,391,122.569
20cm,yolo11s,477,507,15.893,16.892,,,,,,,,,,,121.795
20cm,yolo11s,478,508,15.926,16.926,,,,,,,,,,,122.347
20cm,yolo11s,479,509,15.959,16.959,,,,,,,,,,,123.09
20cm,yolo11s,480,510,15.993,16.992,,,,,,,,,,,121.581
20cm,yolo11s,481,511,16.026,17.025,0,5,pet_normal,pet,normal,0.495117,184,288,484,388,120.311
20cm,yolo11s,481,511,16.026,17.025,1,7,pet_packaging,pet,packaging,0.405518,185,288,483,389,120.311
20cm,yolo11s,482,512,16.059,17.059,,,,,,,,,,,122.567
20cm,yolo11s,483,513,16.093,17.092,,,,,,,,,,,122.402
20cm,yolo11s,484,514,16.126,17.125,0,7,pet_packaging,pet,packaging,0.326904,212,255,461,324,120.692
20cm,yolo11s,485,515,16.159,17.159,0,7,pet_packaging,pet,packaging,0.399902,211,250,454,320,124.277
20cm,yolo11s,486,516,16.193,17.192,0,7,pet_packaging,pet,packaging,0.411133,213,237,452,330,122.123
20cm,yolo11s,487,517,16.226,17.225,0,7,pet_packaging,pet,packaging,0.457031,221,233,453,325,121.261
20cm,yolo11s,488,518,16.259,17.259,0,7,pet_packaging,pet,packaging,0.434082,223,232,453,323,122.838
20cm,yolo11s,489,519,16.292,17.292,0,7,pet_packaging,pet,packaging,0.453369,226,232,476,324,121.647
20cm,yolo11s,490,520,16.326,17.325,0,7,pet_packaging,pet,packaging,0.537109,227,234,474,332,122.865
20cm,yolo11s,491,521,16.359,17.359,0,7,pet_packaging,pet,packaging,0.341553,225,234,490,331,124.975
20cm,yolo11s,492,522,16.392,17.392,0,7,pet_packaging,pet,packaging,0.346924,221,238,510,330,121.618
20cm,yolo11s,493,523,16.426,17.425,0,7,pet_packaging,pet,packaging,0.413086,222,241,489,332,121.918
20cm,yolo11s,494,524,16.459,17.459,0,7,pet_packaging,pet,packaging,0.475586,223,242,445,331,121.994
20cm,yolo11s,495,525,16.492,17.492,0,7,pet_packaging,pet,packaging,0.448486,224,240,445,325,122.799
20cm,yolo11s,495,525,16.492,17.492,1,8,pet_dirty_packaging,pet,dirty_packaging,0.430176,224,240,444,325,122.799
20cm,yolo11s,496,526,16.526,17.525,0,7,pet_packaging,pet,packaging,0.440674,225,239,467,324,121.838
20cm,yolo11s,496,526,16.526,17.525,1,8,pet_dirty_packaging,pet,dirty_packaging,0.397949,225,238,458,323,121.838
20cm,yolo11s,497,527,16.559,17.559,0,7,pet_packaging,pet,packaging,0.505859,226,237,474,323,125.921
20cm,yolo11s,498,528,16.592,17.592,0,7,pet_packaging,pet,packaging,0.480469,226,238,477,325,121.641
20cm,yolo11s,498,528,16.592,17.592,1,8,pet_dirty_packaging,pet,dirty_packaging,0.457031,225,237,477,324,121.641
20cm,yolo11s,499,529,16.626,17.625,0,7,pet_packaging,pet,packaging,0.439697,225,237,476,325,122.909
20cm,yolo11s,499,529,16.626,17.625,1,8,pet_dirty_packaging,pet,dirty_packaging,0.46582,226,237,479,325,122.909
20cm,yolo11s,500,530,16.659,17.658,0,8,pet_dirty_packaging,pet,dirty_packaging,0.541016,225,239,478,326,121.048
20cm,yolo11s,501,531,16.692,17.692,0,7,pet_packaging,pet,packaging,0.445557,222,240,472,327,123.088
20cm,yolo11s,501,531,16.692,17.692,1,8,pet_dirty_packaging,pet,dirty_packaging,0.461914,222,239,474,326,123.088
20cm,yolo11s,502,532,16.726,17.725,0,7,pet_packaging,pet,packaging,0.430176,221,241,461,329,121.181
20cm,yolo11s,502,532,16.726,17.725,1,8,pet_dirty_packaging,pet,dirty_packaging,0.379395,221,241,453,328,121.181
20cm,yolo11s,503,533,16.759,17.758,0,8,pet_dirty_packaging,pet,dirty_packaging,0.481445,219,243,486,331,123.833
20cm,yolo11s,504,534,16.792,17.792,0,8,pet_dirty_packaging,pet,dirty_packaging,0.475586,218,244,478,335,122.872
20cm,yolo11s,505,535,16.826,17.825,0,8,pet_dirty_packaging,pet,dirty_packaging,0.512695,217,247,491,330,120.356
20cm,yolo11s,506,536,16.859,17.858,0,7,pet_packaging,pet,packaging,0.343262,214,250,499,333,122.357
20cm,yolo11s,506,536,16.859,17.858,1,8,pet_dirty_packaging,pet,dirty_packaging,0.446533,214,250,489,334,122.357
20cm,yolo11s,507,537,16.892,17.892,0,7,pet_packaging,pet,packaging,0.449463,214,254,472,336,123.172
20cm,yolo11s,507,537,16.892,17.892,1,8,pet_dirty_packaging,pet,dirty_packaging,0.397949,214,254,472,336,123.172
20cm,yolo11s,508,538,16.926,17.925,0,7,pet_packaging,pet,packaging,0.470703,215,257,481,340,120.953
20cm,yolo11s,509,539,16.959,17.958,0,7,pet_packaging,pet,packaging,0.57373,217,258,470,339,125.911
20cm,yolo11s,510,540,16.992,17.992,0,7,pet_packaging,pet,packaging,0.44165,217,263,478,338,120.772
20cm,yolo11s,511,541,17.025,18.025,0,5,pet_normal,pet,normal,0.373047,218,216,619,336,122.662
20cm,yolo11s,512,542,17.059,18.058,0,7,pet_packaging,pet,packaging,0.386719,226,269,465,337,122.169
20cm,yolo11s,513,543,17.092,18.092,0,7,pet_packaging,pet,packaging,0.507812,239,289,442,336,121.533
20cm,yolo11s,514,544,17.125,18.125,0,7,pet_packaging,pet,packaging,0.489258,252,292,436,337,122.615
20cm,yolo11s,515,545,17.159,18.158,0,7,pet_packaging,pet,packaging,0.510742,245,292,430,336,126.906
20cm,yolo11s,516,546,17.192,18.192,0,7,pet_packaging,pet,packaging,0.557129,245,293,426,336,123.269
20cm,yolo11s,517,547,17.225,18.225,0,7,pet_packaging,pet,packaging,0.44751,245,292,427,335,119.528
20cm,yolo11s,518,548,17.259,18.258,0,7,pet_packaging,pet,packaging,0.385742,244,292,436,334,120.362
20cm,yolo11s,519,549,17.292,18.292,,,,,,,,,,,120.798
20cm,yolo11s,520,550,17.325,18.325,,,,,,,,,,,120.391
20cm,yolo11s,521,551,17.359,18.358,,,,,,,,,,,123.865
20cm,yolo11s,522,552,17.392,18.391,,,,,,,,,,,121.404
20cm,yolo11s,523,553,17.425,18.425,,,,,,,,,,,120.253
20cm,yolo11s,524,554,17.459,18.458,,,,,,,,,,,121.999
20cm,yolo11s,525,555,17.492,18.491,,,,,,,,,,,121.623
20cm,yolo11s,526,556,17.525,18.525,,,,,,,,,,,120.449
20cm,yolo11s,527,557,17.559,18.558,,,,,,,,,,,123.619
20cm,yolo11s,528,558,17.592,18.591,,,,,,,,,,,121.052
20cm,yolo11s,529,559,17.625,18.625,,,,,,,,,,,119.071
20cm,yolo11s,530,560,17.658,18.658,,,,,,,,,,,121.009
20cm,yolo11s,531,561,17.692,18.691,,,,,,,,,,,120.45
20cm,yolo11s,532,562,17.725,18.725,,,,,,,,,,,119.523
20cm,yolo11s,533,563,17.758,18.758,0,7,pet_packaging,pet,packaging,0.443604,358,17,489,185,124.488
20cm,yolo11s,534,564,17.792,18.791,,,,,,,,,,,121.438
20cm,yolo11s,535,565,17.825,18.825,,,,,,,,,,,121.425
20cm,yolo11s,536,566,17.858,18.858,,,,,,,,,,,120.266
20cm,yolo11s,537,567,17.892,18.891,0,7,pet_packaging,pet,packaging,0.327637,371,36,500,212,120.134
20cm,yolo11s,538,568,17.925,18.925,0,7,pet_packaging,pet,packaging,0.35498,375,31,506,216,121.255
20cm,yolo11s,539,569,17.958,18.958,,,,,,,,,,,123.298
20cm,yolo11s,540,570,17.992,18.991,,,,,,,,,,,121.78
20cm,yolo11s,541,571,18.025,19.025,0,7,pet_packaging,pet,packaging,0.374756,395,16,533,213,120.141
20cm,yolo11s,541,571,18.025,19.025,1,9,plastic_normal,plastic,normal,0.257568,394,16,532,213,120.141
20cm,yolo11s,542,572,18.058,19.058,0,7,pet_packaging,pet,packaging,0.508789,384,17,529,211,121.949
20cm,yolo11s,543,573,18.092,19.091,0,7,pet_packaging,pet,packaging,0.410156,376,17,520,215,122.163
20cm,yolo11s,544,574,18.125,19.124,,,,,,,,,,,122.83
20cm,yolo11s,545,575,18.158,19.158,,,,,,,,,,,123.435
20cm,yolo11s,546,576,18.192,19.191,0,0,can_normal,can,normal,0.264404,226,79,377,348,121.464
20cm,yolo11s,547,577,18.225,19.224,,,,,,,,,,,121.796
20cm,yolo11s,548,578,18.258,19.258,,,,,,,,,,,121.723
20cm,yolo11s,549,579,18.292,19.291,0,7,pet_packaging,pet,packaging,0.44165,329,8,538,397,122.247
20cm,yolo11s,550,580,18.325,19.324,0,7,pet_packaging,pet,packaging,0.307373,315,13,546,391,121.615
20cm,yolo11s,551,581,18.358,19.358,0,7,pet_packaging,pet,packaging,0.353027,303,16,577,383,121.887
20cm,yolo11s,551,581,18.358,19.358,1,8,pet_dirty_packaging,pet,dirty_packaging,0.259033,302,18,543,378,121.887
20cm,yolo11s,552,582,18.391,19.391,0,7,pet_packaging,pet,packaging,0.485352,292,25,542,374,120.411
20cm,yolo11s,553,583,18.425,19.424,0,7,pet_packaging,pet,packaging,0.379395,282,30,543,367,120.285
20cm,yolo11s,554,584,18.458,19.458,,,,,,,,,,,120.649
20cm,yolo11s,555,585,18.491,19.491,0,7,pet_packaging,pet,packaging,0.352295,353,102,541,372,119.442
20cm,yolo11s,556,586,18.525,19.524,,,,,,,,,,,119.349
20cm,yolo11s,557,587,18.558,19.558,0,7,pet_packaging,pet,packaging,0.373779,351,118,537,370,119.635
20cm,yolo11s,558,588,18.591,19.591,,,,,,,,,,,121.722
20cm,yolo11s,559,589,18.625,19.624,0,7,pet_packaging,pet,packaging,0.320801,351,151,541,369,121.837
20cm,yolo11s,560,590,18.658,19.658,0,7,pet_packaging,pet,packaging,0.428223,353,168,541,367,120.95
20cm,yolo11s,561,591,18.691,19.691,0,7,pet_packaging,pet,packaging,0.514648,353,186,544,366,120.168
20cm,yolo11s,562,592,18.725,19.724,,,,,,,,,,,120.639
20cm,yolo11s,563,593,18.758,19.758,,,,,,,,,,,122.998
20cm,yolo11s,564,594,18.791,19.791,,,,,,,,,,,121.986
20cm,yolo11s,565,595,18.825,19.824,,,,,,,,,,,119.141
20cm,yolo11s,566,596,18.858,19.857,,,,,,,,,,,121.24
20cm,yolo11s,567,597,18.891,19.891,,,,,,,,,,,121.621
20cm,yolo11s,568,598,18.925,19.924,,,,,,,,,,,121.853
20cm,yolo11s,569,599,18.958,19.957,,,,,,,,,,,124.811
20cm,yolo11s,570,600,18.991,19.991,,,,,,,,,,,120.228
20cm,yolo11s,571,601,19.025,20.024,0,9,plastic_normal,plastic,normal,0.309814,351,238,519,371,119.302
20cm,yolo11s,572,602,19.058,20.057,,,,,,,,,,,120.395
20cm,yolo11s,573,603,19.091,20.091,,,,,,,,,,,120.683
20cm,yolo11s,574,604,19.124,20.124,,,,,,,,,,,119.991
20cm,yolo11s,575,605,19.158,20.157,,,,,,,,,,,123.394
20cm,yolo11s,576,606,19.191,20.191,,,,,,,,,,,119.883
20cm,yolo11s,577,607,19.224,20.224,,,,,,,,,,,118.933
20cm,yolo11s,578,608,19.258,20.257,,,,,,,,,,,121.146
20cm,yolo11s,579,609,19.291,20.291,,,,,,,,,,,121.884
20cm,yolo11s,580,610,19.324,20.324,,,,,,,,,,,122.675
20cm,yolo11s,581,611,19.358,20.357,,,,,,,,,,,125.654
20cm,yolo11s,582,612,19.391,20.391,,,,,,,,,,,120.211
20cm,yolo11s,583,613,19.424,20.424,,,,,,,,,,,120.377
20cm,yolo11s,584,614,19.458,20.457,,,,,,,,,,,119.816
20cm,yolo11s,585,615,19.491,20.491,,,,,,,,,,,120.077
20cm,yolo11s,586,616,19.524,20.524,,,,,,,,,,,119.878
20cm,yolo11s,587,617,19.558,20.557,,,,,,,,,,,122.007
20cm,yolo11s,588,618,19.591,20.59,,,,,,,,,,,120.196
20cm,yolo11s,589,619,19.624,20.624,0,4,glass_packaging,glass,packaging,0.310791,528,0,639,264,118.546
20cm,yolo11s,589,619,19.624,20.624,1,5,pet_normal,pet,normal,0.353027,342,175,639,339,118.546
20cm,yolo11s,590,620,19.658,20.657,0,4,glass_packaging,glass,packaging,0.331055,528,0,639,263,120.161
20cm,yolo11s,591,621,19.691,20.69,,,,,,,,,,,120.39
20cm,yolo11s,592,622,19.724,20.724,,,,,,,,,,,121.304
20cm,yolo11s,593,623,19.758,20.757,0,5,pet_normal,pet,normal,0.36377,357,134,639,333,123.253
20cm,yolo11s,594,624,19.791,20.79,,,,,,,,,,,120.655
20cm,yolo11s,595,625,19.824,20.824,,,,,,,,,,,120.234
20cm,yolo11s,596,626,19.857,20.857,,,,,,,,,,,119.494
20cm,yolo11s,597,627,19.891,20.89,,,,,,,,,,,119.066
20cm,yolo11s,598,628,19.924,20.924,,,,,,,,,,,119.59
20cm,yolo11s,599,629,19.957,20.957,,,,,,,,,,,124.389
20cm,yolo11s,600,630,19.991,20.99,0,5,pet_normal,pet,normal,0.39502,303,100,635,269,121.443
20cm,yolo11s,601,631,20.024,21.024,,,,,,,,,,,120.729
20cm,yolo11s,602,632,20.057,21.057,,,,,,,,,,,121.108
20cm,yolo11s,603,633,20.091,21.09,,,,,,,,,,,120.814
20cm,yolo11s,604,634,20.124,21.124,,,,,,,,,,,120.09
20cm,yolo11s,605,635,20.157,21.157,,,,,,,,,,,123.602
20cm,yolo11s,606,636,20.191,21.19,,,,,,,,,,,119.876
20cm,yolo11s,607,637,20.224,21.224,,,,,,,,,,,120.942
20cm,yolo11s,608,638,20.257,21.257,,,,,,,,,,,121.308
20cm,yolo11s,609,639,20.291,21.29,,,,,,,,,,,121.441
20cm,yolo11s,610,640,20.324,21.323,,,,,,,,,,,120.518
20cm,yolo11s,611,641,20.357,21.357,,,,,,,,,,,124.021
20cm,yolo11s,612,642,20.391,21.39,,,,,,,,,,,122.177
20cm,yolo11s,613,643,20.424,21.423,,,,,,,,,,,119.716
20cm,yolo11s,614,644,20.457,21.457,,,,,,,,,,,123.429
20cm,yolo11s,615,645,20.491,21.49,,,,,,,,,,,122.065
20cm,yolo11s,616,646,20.524,21.523,,,,,,,,,,,121.03
20cm,yolo11s,617,647,20.557,21.557,,,,,,,,,,,123.743
20cm,yolo11s,618,648,20.59,21.59,,,,,,,,,,,120.739
20cm,yolo11s,619,649,20.624,21.623,,,,,,,,,,,120.45
20cm,yolo11s,620,650,20.657,21.657,,,,,,,,,,,121.527
20cm,yolo11s,621,651,20.69,21.69,,,,,,,,,,,120.948
20cm,yolo11s,622,652,20.724,21.723,,,,,,,,,,,120.344
20cm,yolo11s,623,653,20.757,21.757,,,,,,,,,,,122.994
20cm,yolo11s,624,654,20.79,21.79,,,,,,,,,,,120.882
20cm,yolo11s,625,655,20.824,21.823,,,,,,,,,,,119.068
20cm,yolo11s,626,656,20.857,21.857,,,,,,,,,,,120.376
20cm,yolo11s,627,657,20.89,21.89,,,,,,,,,,,122.451
20cm,yolo11s,628,658,20.924,21.923,,,,,,,,,,,122.037
20cm,yolo11s,629,659,20.957,21.957,,,,,,,,,,,125.04
20cm,yolo11s,630,660,20.99,21.99,,,,,,,,,,,120.964
20cm,yolo11s,631,661,21.024,22.023,,,,,,,,,,,120.099
20cm,yolo11s,632,662,21.057,22.056,,,,,,,,,,,120.411
20cm,yolo11s,633,663,21.09,22.09,,,,,,,,,,,121.267
20cm,yolo11s,634,664,21.124,22.123,,,,,,,,,,,120.99
20cm,yolo11s,635,665,21.157,22.156,,,,,,,,,,,123.643
20cm,yolo11s,636,666,21.19,22.19,,,,,,,,,,,123.021
20cm,yolo11s,637,667,21.224,22.223,,,,,,,,,,,121.645
20cm,yolo11s,638,668,21.257,22.256,,,,,,,,,,,122.646
20cm,yolo11s,639,669,21.29,22.29,,,,,,,,,,,120.57
20cm,yolo11s,640,670,21.323,22.323,,,,,,,,,,,121.992
20cm,yolo11s,641,671,21.357,22.356,,,,,,,,,,,126.382
20cm,yolo11s,642,672,21.39,22.39,,,,,,,,,,,123.198
20cm,yolo11s,643,673,21.423,22.423,,,,,,,,,,,123.632
20cm,yolo11s,644,674,21.457,22.456,,,,,,,,,,,124.637
20cm,yolo11s,645,675,21.49,22.49,,,,,,,,,,,122.047
20cm,yolo11s,646,676,21.523,22.523,,,,,,,,,,,121.303
20cm,yolo11s,647,677,21.557,22.556,,,,,,,,,,,123.698
20cm,yolo11s,648,678,21.59,22.59,,,,,,,,,,,121.194
20cm,yolo11s,649,679,21.623,22.623,,,,,,,,,,,120.235
20cm,yolo11s,650,680,21.657,22.656,,,,,,,,,,,121.418
20cm,yolo11s,651,681,21.69,22.69,,,,,,,,,,,121.638
20cm,yolo11s,652,682,21.723,22.723,,,,,,,,,,,122.215
20cm,yolo11s,653,683,21.757,22.756,,,,,,,,,,,124.086
20cm,yolo11s,654,684,21.79,22.789,,,,,,,,,,,121.159
20cm,yolo11s,655,685,21.823,22.823,0,7,pet_packaging,pet,packaging,0.338867,328,3,534,336,121.552
20cm,yolo11s,656,686,21.857,22.856,,,,,,,,,,,122.38
20cm,yolo11s,657,687,21.89,22.889,,,,,,,,,,,121.296
20cm,yolo11s,658,688,21.923,22.923,,,,,,,,,,,119.917
20cm,yolo11s,659,689,21.957,22.956,,,,,,,,,,,124.533
20cm,yolo11s,660,690,21.99,22.989,,,,,,,,,,,120.603
20cm,yolo11s,661,691,22.023,23.023,,,,,,,,,,,120.784
20cm,yolo11s,662,692,22.056,23.056,,,,,,,,,,,122.368
20cm,yolo11s,663,693,22.09,23.089,,,,,,,,,,,121.01
20cm,yolo11s,664,694,22.123,23.123,,,,,,,,,,,120.4
20cm,yolo11s,665,695,22.156,23.156,,,,,,,,,,,126.99
20cm,yolo11s,666,696,22.19,23.189,,,,,,,,,,,122.111
20cm,yolo11s,667,697,22.223,23.223,,,,,,,,,,,121.674
20cm,yolo11s,668,698,22.256,23.256,,,,,,,,,,,121.68
20cm,yolo11s,669,699,22.29,23.289,,,,,,,,,,,122.478
20cm,yolo11s,670,700,22.323,23.323,,,,,,,,,,,120.873
20cm,yolo11s,671,701,22.356,23.356,,,,,,,,,,,125.379
20cm,yolo11s,672,702,22.39,23.389,,,,,,,,,,,121.057
20cm,yolo11s,673,703,22.423,23.422,,,,,,,,,,,120.147
20cm,yolo11s,674,704,22.456,23.456,,,,,,,,,,,123.782
20cm,yolo11s,675,705,22.49,23.489,,,,,,,,,,,121.732
20cm,yolo11s,676,706,22.523,23.522,0,7,pet_packaging,pet,packaging,0.373779,2,255,443,479,120.243
20cm,yolo11s,677,707,22.556,23.556,,,,,,,,,,,123.821
20cm,yolo11s,678,708,22.59,23.589,0,5,pet_normal,pet,normal,0.325928,0,282,428,479,122.254
20cm,yolo11s,678,708,22.59,23.589,1,7,pet_packaging,pet,packaging,0.300781,1,281,427,479,122.254
20cm,yolo11s,679,709,22.623,23.622,,,,,,,,,,,121.53
20cm,yolo11s,680,710,22.656,23.656,,,,,,,,,,,120.077
20cm,yolo11s,681,711,22.69,23.689,,,,,,,,,,,120.811
20cm,yolo11s,682,712,22.723,23.722,,,,,,,,,,,121.2
20cm,yolo11s,683,713,22.756,23.756,0,7,pet_packaging,pet,packaging,0.351318,0,285,447,479,123.889
20cm,yolo11s,684,714,22.789,23.789,0,7,pet_packaging,pet,packaging,0.411133,1,287,456,479,121.145
20cm,yolo11s,685,715,22.823,23.822,0,7,pet_packaging,pet,packaging,0.44165,1,291,468,479,120.076
20cm,yolo11s,686,716,22.856,23.856,0,7,pet_packaging,pet,packaging,0.458008,2,287,475,479,123.597
20cm,yolo11s,687,717,22.889,23.889,0,7,pet_packaging,pet,packaging,0.435791,0,287,485,479,122.376
20cm,yolo11s,688,718,22.923,23.922,0,7,pet_packaging,pet,packaging,0.362061,2,291,490,479,134.582
20cm,yolo11s,689,719,22.956,23.956,0,7,pet_packaging,pet,packaging,0.256104,1,291,487,479,121.949
20cm,yolo11s,690,720,22.989,23.989,0,7,pet_packaging,pet,packaging,0.297363,1,287,482,479,122.143
20cm,yolo11s,691,721,23.023,24.022,0,7,pet_packaging,pet,packaging,0.432129,1,287,476,479,122.612
20cm,yolo11s,692,722,23.056,24.056,0,7,pet_packaging,pet,packaging,0.369385,2,290,472,479,121.913
20cm,yolo11s,693,723,23.089,24.089,0,7,pet_packaging,pet,packaging,0.401611,1,291,469,479,122.673
20cm,yolo11s,694,724,23.123,24.122,0,5,pet_normal,pet,normal,0.332031,0,286,466,479,122.279
20cm,yolo11s,695,725,23.156,24.155,0,5,pet_normal,pet,normal,0.469727,1,286,459,479,120.547
20cm,yolo11s,696,726,23.189,24.189,0,5,pet_normal,pet,normal,0.376709,1,287,460,479,121.295
20cm,yolo11s,697,727,23.223,24.222,0,5,pet_normal,pet,normal,0.516602,0,290,458,479,122.137
20cm,yolo11s,698,728,23.256,24.255,0,5,pet_normal,pet,normal,0.371094,0,289,458,479,122.327
20cm,yolo11s,699,729,23.289,24.289,0,5,pet_normal,pet,normal,0.380371,0,290,457,479,121.001
20cm,yolo11s,699,729,23.289,24.289,1,6,pet_dirty,pet,dirty,0.377441,0,290,458,479,121.001
20cm,yolo11s,700,730,23.323,24.322,0,5,pet_normal,pet,normal,0.40918,0,290,458,479,120.764
20cm,yolo11s,700,730,23.323,24.322,1,6,pet_dirty,pet,dirty,0.250244,0,290,455,479,120.764
20cm,yolo11s,701,731,23.356,24.355,0,5,pet_normal,pet,normal,0.608398,0,290,458,479,122.226
20cm,yolo11s,702,732,23.389,24.389,0,5,pet_normal,pet,normal,0.448486,0,290,462,479,123.103
20cm,yolo11s,703,733,23.422,24.422,0,5,pet_normal,pet,normal,0.446533,0,290,467,479,123.152
20cm,yolo11s,704,734,23.456,24.455,0,5,pet_normal,pet,normal,0.449463,1,292,471,479,121.63
20cm,yolo11s,705,735,23.489,24.489,0,5,pet_normal,pet,normal,0.403564,0,291,479,479,121.578
20cm,yolo11s,706,736,23.522,24.522,0,5,pet_normal,pet,normal,0.461914,0,289,486,479,121.65
20cm,yolo11s,707,737,23.556,24.555,0,5,pet_normal,pet,normal,0.376709,0,287,491,479,121.878
20cm,yolo11s,708,738,23.589,24.589,0,5,pet_normal,pet,normal,0.337158,0,287,496,479,122.582
20cm,yolo11s,709,739,23.622,24.622,0,5,pet_normal,pet,normal,0.445557,0,294,509,479,120.754
20cm,yolo11s,710,740,23.656,24.655,0,5,pet_normal,pet,normal,0.313232,0,295,515,479,121.816
20cm,yolo11s,711,741,23.689,24.689,0,7,pet_packaging,pet,packaging,0.291016,1,293,506,479,122.875
20cm,yolo11s,712,742,23.722,24.722,,,,,,,,,,,122.754
20cm,yolo11s,713,743,23.756,24.755,0,6,pet_dirty,pet,dirty,0.260498,0,288,438,479,123.824
20cm,yolo11s,713,743,23.756,24.755,1,7,pet_packaging,pet,packaging,0.312256,2,287,442,479,123.824
20cm,yolo11s,714,744,23.789,24.789,0,5,pet_normal,pet,normal,0.404541,0,283,425,479,122.3
20cm,yolo11s,714,744,23.789,24.789,1,7,pet_packaging,pet,packaging,0.291016,1,283,430,479,122.3
20cm,yolo11s,715,745,23.822,24.822,0,5,pet_normal,pet,normal,0.555664,0,279,419,479,124.315
20cm,yolo11s,716,746,23.856,24.855,0,5,pet_normal,pet,normal,0.400635,1,278,415,479,124.19
20cm,yolo11s,717,747,23.889,24.888,,,,,,,,,,,122.933
20cm,yolo11s,718,748,23.922,24.922,,,,,,,,,,,123.977
20cm,yolo11s,719,749,23.956,24.955,,,,,,,,,,,122.695
20cm,yolo11s,720,750,23.989,24.988,,,,,,,,,,,123.406
20cm,yolo11s,721,751,24.022,25.022,,,,,,,,,,,122.624
20cm,yolo11s,722,752,24.056,25.055,,,,,,,,,,,122.575
20cm,yolo11s,723,753,24.089,25.088,,,,,,,,,,,122.752
20cm,yolo11s,724,754,24.122,25.122,,,,,,,,,,,123.26
20cm,yolo11s,725,755,24.155,25.155,,,,,,,,,,,124.475
20cm,yolo11s,726,756,24.189,25.188,0,0,can_normal,can,normal,0.266602,328,86,461,279,123.846
20cm,yolo11s,727,757,24.222,25.222,0,5,pet_normal,pet,normal,0.536133,0,287,330,479,124.709
20cm,yolo11s,728,758,24.255,25.255,0,5,pet_normal,pet,normal,0.553711,0,286,330,479,124.712
20cm,yolo11s,728,758,24.255,25.255,1,6,pet_dirty,pet,dirty,0.356689,0,286,331,479,124.712
20cm,yolo11s,729,759,24.289,25.288,0,5,pet_normal,pet,normal,0.46582,0,286,331,479,124.935
20cm,yolo11s,729,759,24.289,25.288,1,7,pet_packaging,pet,packaging,0.299072,0,286,331,479,124.935
20cm,yolo11s,730,760,24.322,25.322,0,5,pet_normal,pet,normal,0.251709,0,285,332,479,127.19
20cm,yolo11s,730,760,24.322,25.322,1,7,pet_packaging,pet,packaging,0.644043,0,285,331,479,127.19
20cm,yolo11s,731,761,24.355,25.355,0,7,pet_packaging,pet,packaging,0.539062,0,285,332,479,126.195
20cm,yolo11s,732,762,24.389,25.388,0,5,pet_normal,pet,normal,0.263672,0,287,332,479,123.245
20cm,yolo11s,732,762,24.389,25.388,1,7,pet_packaging,pet,packaging,0.513672,0,287,331,479,123.245
20cm,yolo11s,733,763,24.422,25.422,0,5,pet_normal,pet,normal,0.291748,0,286,332,479,123.087
20cm,yolo11s,733,763,24.422,25.422,1,7,pet_packaging,pet,packaging,0.547852,0,287,331,479,123.087
20cm,yolo11s,734,764,24.455,25.455,0,5,pet_normal,pet,normal,0.392334,0,285,331,479,125.159
20cm,yolo11s,734,764,24.455,25.455,1,7,pet_packaging,pet,packaging,0.411133,0,286,331,479,125.159
20cm,yolo11s,735,765,24.489,25.488,0,5,pet_normal,pet,normal,0.299805,0,286,331,479,123.05
20cm,yolo11s,735,765,24.489,25.488,1,7,pet_packaging,pet,packaging,0.521484,0,287,331,479,123.05
20cm,yolo11s,736,766,24.522,25.522,0,5,pet_normal,pet,normal,0.318359,0,286,331,479,126.505
20cm,yolo11s,736,766,24.522,25.522,1,7,pet_packaging,pet,packaging,0.517578,0,287,332,479,126.505
20cm,yolo11s,737,767,24.555,25.555,0,5,pet_normal,pet,normal,0.393311,0,285,333,479,124.25
20cm,yolo11s,737,767,24.555,25.555,1,7,pet_packaging,pet,packaging,0.575684,0,286,332,479,124.25
20cm,yolo11s,738,768,24.589,25.588,0,5,pet_normal,pet,normal,0.310791,0,285,333,479,123.721
20cm,yolo11s,738,768,24.589,25.588,1,6,pet_dirty,pet,dirty,0.311523,0,286,333,479,123.721
20cm,yolo11s,738,768,24.589,25.588,2,7,pet_packaging,pet,packaging,0.401611,0,286,332,479,123.721
20cm,yolo11s,739,769,24.622,25.621,0,5,pet_normal,pet,normal,0.303223,0,286,331,479,125.358
20cm,yolo11s,739,769,24.622,25.621,1,7,pet_packaging,pet,packaging,0.404541,0,286,332,479,125.358
20cm,yolo11s,740,770,24.655,25.655,0,5,pet_normal,pet,normal,0.311523,0,286,331,479,123.32
20cm,yolo11s,740,770,24.655,25.655,1,6,pet_dirty,pet,dirty,0.337158,0,286,332,479,123.32
20cm,yolo11s,740,770,24.655,25.655,2,7,pet_packaging,pet,packaging,0.32251,0,286,331,479,123.32
20cm,yolo11s,741,771,24.689,25.688,0,5,pet_normal,pet,normal,0.265137,0,286,332,479,124.083
20cm,yolo11s,741,771,24.689,25.688,1,7,pet_packaging,pet,packaging,0.509766,0,286,331,479,124.083
20cm,yolo11s,742,772,24.722,25.721,0,5,pet_normal,pet,normal,0.282959,0,286,331,479,126.776
20cm,yolo11s,742,772,24.722,25.721,1,7,pet_packaging,pet,packaging,0.421631,0,286,332,479,126.776
20cm,yolo11s,743,773,24.755,25.755,0,5,pet_normal,pet,normal,0.299805,0,285,331,479,123.827
20cm,yolo11s,743,773,24.755,25.755,1,7,pet_packaging,pet,packaging,0.476562,0,285,332,479,123.827
20cm,yolo11s,744,774,24.789,25.788,0,7,pet_packaging,pet,packaging,0.59375,0,286,332,479,124.242
20cm,yolo11s,745,775,24.822,25.821,0,5,pet_normal,pet,normal,0.308105,1,286,331,479,123.993
20cm,yolo11s,745,775,24.822,25.821,1,7,pet_packaging,pet,packaging,0.518555,0,286,331,479,123.993
20cm,yolo11s,746,776,24.855,25.855,0,7,pet_packaging,pet,packaging,0.487305,0,286,332,479,124.591
20cm,yolo11s,747,777,24.888,25.888,0,6,pet_dirty,pet,dirty,0.250977,0,286,332,479,125.299
20cm,yolo11s,747,777,24.888,25.888,1,7,pet_packaging,pet,packaging,0.470703,0,286,331,479,125.299
20cm,yolo11s,748,778,24.922,25.921,0,7,pet_packaging,pet,packaging,0.466797,0,286,332,479,126.971
20cm,yolo11s,749,779,24.955,25.955,0,7,pet_packaging,pet,packaging,0.478516,0,286,331,479,125.819
20cm,yolo11s,750,780,24.988,25.988,0,7,pet_packaging,pet,packaging,0.464844,0,287,331,479,125.168
20cm,yolo11s,751,781,25.022,26.021,0,7,pet_packaging,pet,packaging,0.473633,0,286,331,479,124.511
20cm,yolo11s,752,782,25.055,26.055,0,6,pet_dirty,pet,dirty,0.29834,0,286,331,479,125.536
20cm,yolo11s,752,782,25.055,26.055,1,7,pet_packaging,pet,packaging,0.381104,0,286,330,479,125.536
20cm,yolo11s,753,783,25.088,26.088,0,6,pet_dirty,pet,dirty,0.27832,0,286,331,479,126.098
20cm,yolo11s,753,783,25.088,26.088,1,7,pet_packaging,pet,packaging,0.439697,0,286,331,479,126.098
20cm,yolo11s,754,784,25.122,26.121,0,5,pet_normal,pet,normal,0.294189,0,286,330,479,128.45
20cm,yolo11s,754,784,25.122,26.121,1,6,pet_dirty,pet,dirty,0.30249,0,286,331,479,128.45
20cm,yolo11s,754,784,25.122,26.121,2,7,pet_packaging,pet,packaging,0.394287,0,286,331,479,128.45
20cm,yolo11s,755,785,25.155,26.155,0,5,pet_normal,pet,normal,0.282959,0,286,331,479,126.845
20cm,yolo11s,755,785,25.155,26.155,1,7,pet_packaging,pet,packaging,0.388672,0,286,331,479,126.845
20cm,yolo11s,756,786,25.188,26.188,0,5,pet_normal,pet,normal,0.326904,0,286,332,479,125.915
20cm,yolo11s,756,786,25.188,26.188,1,7,pet_packaging,pet,packaging,0.364746,0,286,331,479,125.915
20cm,yolo11s,757,787,25.222,26.221,0,5,pet_normal,pet,normal,0.288574,0,286,332,479,126.157
20cm,yolo11s,757,787,25.222,26.221,1,7,pet_packaging,pet,packaging,0.418701,0,286,331,479,126.157
20cm,yolo11s,758,788,25.255,26.255,0,5,pet_normal,pet,normal,0.254639,0,286,332,479,125.893
20cm,yolo11s,758,788,25.255,26.255,1,7,pet_packaging,pet,packaging,0.392334,0,286,332,479,125.893
20cm,yolo11s,759,789,25.288,26.288,0,5,pet_normal,pet,normal,0.259033,0,286,331,479,126.76
20cm,yolo11s,759,789,25.288,26.288,1,7,pet_packaging,pet,packaging,0.414795,0,287,331,479,126.76
20cm,yolo11s,760,790,25.322,26.321,0,5,pet_normal,pet,normal,0.262207,0,286,331,479,130.574
20cm,yolo11s,760,790,25.322,26.321,1,7,pet_packaging,pet,packaging,0.408203,0,287,331,479,130.574
20cm,yolo11s,761,791,25.355,26.354,0,5,pet_normal,pet,normal,0.301514,0,286,330,479,127.853
20cm,yolo11s,761,791,25.355,26.354,1,7,pet_packaging,pet,packaging,0.413086,0,286,330,479,127.853
20cm,yolo11s,762,792,25.388,26.388,,,,,,,,,,,126.783
20cm,yolo11s,763,793,25.422,26.421,,,,,,,,,,,126.568
20cm,yolo11s,764,794,25.455,26.454,,,,,,,,,,,128.581
20cm,yolo11s,765,795,25.488,26.488,0,7,pet_packaging,pet,packaging,0.420654,0,284,301,479,127.322
20cm,yolo11s,766,796,25.522,26.521,0,7,pet_packaging,pet,packaging,0.431152,0,283,296,479,128.035
20cm,yolo11s,766,796,25.522,26.521,1,9,plastic_normal,plastic,normal,0.286865,410,101,564,334,128.035
20cm,yolo11s,767,797,25.555,26.554,0,7,pet_packaging,pet,packaging,0.343262,0,283,294,479,127.415
20cm,yolo11s,768,798,25.588,26.588,0,7,pet_packaging,pet,packaging,0.268066,0,283,293,479,127.112
20cm,yolo11s,769,799,25.621,26.621,0,7,pet_packaging,pet,packaging,0.399902,0,283,290,479,126.995
20cm,yolo11s,770,800,25.655,26.654,0,7,pet_packaging,pet,packaging,0.334473,0,283,287,479,128.058
20cm,yolo11s,770,800,25.655,26.654,1,9,plastic_normal,plastic,normal,0.2854,400,101,553,347,128.058
20cm,yolo11s,771,801,25.688,26.688,0,7,pet_packaging,pet,packaging,0.332031,0,283,286,479,131.272
20cm,yolo11s,771,801,25.688,26.688,1,9,plastic_normal,plastic,normal,0.438721,400,101,551,328,131.272
20cm,yolo11s,772,802,25.721,26.721,0,7,pet_packaging,pet,packaging,0.42334,0,283,284,479,126.762
20cm,yolo11s,772,802,25.721,26.721,1,9,plastic_normal,plastic,normal,0.461914,400,101,551,326,126.762
20cm,yolo11s,773,803,25.755,26.754,0,7,pet_packaging,pet,packaging,0.346924,0,283,284,479,127.409
20cm,yolo11s,773,803,25.755,26.754,1,9,plastic_normal,plastic,normal,0.540039,401,98,551,324,127.409
20cm,yolo11s,774,804,25.788,26.788,0,7,pet_packaging,pet,packaging,0.312256,0,283,284,479,125.694
20cm,yolo11s,774,804,25.788,26.788,1,9,plastic_normal,plastic,normal,0.617676,401,101,551,324,125.694
20cm,yolo11s,775,805,25.821,26.821,0,7,pet_packaging,pet,packaging,0.327637,0,283,284,479,126.961
20cm,yolo11s,775,805,25.821,26.821,1,9,plastic_normal,plastic,normal,0.538086,401,100,552,324,126.961
20cm,yolo11s,776,806,25.855,26.854,0,7,pet_packaging,pet,packaging,0.346924,0,283,284,479,127.485
20cm,yolo11s,776,806,25.855,26.854,1,9,plastic_normal,plastic,normal,0.460938,400,100,555,323,127.485
20cm,yolo11s,777,807,25.888,26.888,0,9,plastic_normal,plastic,normal,0.483398,398,100,559,313,129.543
20cm,yolo11s,778,808,25.921,26.921,0,7,pet_packaging,pet,packaging,0.294189,0,283,284,479,126.981
20cm,yolo11s,778,808,25.921,26.921,1,9,plastic_normal,plastic,normal,0.67334,401,99,562,315,126.981
20cm,yolo11s,779,809,25.955,26.954,0,7,pet_packaging,pet,packaging,0.357666,0,283,284,479,128.104
20cm,yolo11s,779,809,25.955,26.954,1,9,plastic_normal,plastic,normal,0.688477,404,100,565,293,128.104
20cm,yolo11s,780,810,25.988,26.988,0,7,pet_packaging,pet,packaging,0.299072,0,283,284,479,127.221
20cm,yolo11s,780,810,25.988,26.988,1,9,plastic_normal,plastic,normal,0.587891,405,99,569,286,127.221
20cm,yolo11s,781,811,26.021,27.021,0,7,pet_packaging,pet,packaging,0.282959,0,283,284,479,126.085
20cm,yolo11s,781,811,26.021,27.021,1,9,plastic_normal,plastic,normal,0.632324,404,100,574,286,126.085
20cm,yolo11s,782,812,26.055,27.054,0,9,plastic_normal,plastic,normal,0.59375,404,97,581,282,126.847
20cm,yolo11s,783,813,26.088,27.087,0,9,plastic_normal,plastic,normal,0.599121,404,95,585,277,129.971
20cm,yolo11s,784,814,26.121,27.121,0,9,plastic_normal,plastic,normal,0.640625,404,94,587,275,126.494
20cm,yolo11s,785,815,26.155,27.154,0,9,plastic_normal,plastic,normal,0.646973,401,95,588,283,126.419
20cm,yolo11s,786,816,26.188,27.187,0,9,plastic_normal,plastic,normal,0.456055,396,97,622,296,126.944
20cm,yolo11s,787,817,26.221,27.221,0,9,plastic_normal,plastic,normal,0.483398,388,98,632,294,127.367
20cm,yolo11s,788,818,26.255,27.254,0,9,plastic_normal,plastic,normal,0.540039,389,99,637,292,126.872
20cm,yolo11s,789,819,26.288,27.287,0,9,plastic_normal,plastic,normal,0.582031,385,98,638,288,126.019
20cm,yolo11s,790,820,26.321,27.321,0,9,plastic_normal,plastic,normal,0.453369,388,94,639,280,125.65
20cm,yolo11s,791,821,26.354,27.354,0,9,plastic_normal,plastic,normal,0.591797,390,38,639,277,127.59
20cm,yolo11s,792,822,26.388,27.387,0,9,plastic_normal,plastic,normal,0.703125,388,88,639,276,125.339
20cm,yolo11s,793,823,26.421,27.421,0,9,plastic_normal,plastic,normal,0.499023,377,89,639,276,125.042
20cm,yolo11s,794,824,26.454,27.454,0,9,plastic_normal,plastic,normal,0.425293,376,90,639,270,132.329
20cm,yolo11s,795,825,26.488,27.487,0,9,plastic_normal,plastic,normal,0.628906,375,92,581,283,124.955
20cm,yolo11s,796,826,26.521,27.521,0,7,pet_packaging,pet,packaging,0.294189,202,95,328,476,126.568
20cm,yolo11s,796,826,26.521,27.521,1,9,plastic_normal,plastic,normal,0.628906,374,92,578,309,126.568
20cm,yolo11s,797,827,26.554,27.554,0,7,pet_packaging,pet,packaging,0.331055,203,95,328,475,125.948
20cm,yolo11s,797,827,26.554,27.554,1,9,plastic_normal,plastic,normal,0.734863,373,92,576,325,125.948
20cm,yolo11s,798,828,26.588,27.587,0,7,pet_packaging,pet,packaging,0.267334,202,95,328,475,126.108
20cm,yolo11s,798,828,26.588,27.587,1,9,plastic_normal,plastic,normal,0.46582,374,91,579,327,126.108
20cm,yolo11s,799,829,26.621,27.621,0,7,pet_packaging,pet,packaging,0.313232,202,95,328,476,125.159
20cm,yolo11s,799,829,26.621,27.621,1,9,plastic_normal,plastic,normal,0.580566,374,91,578,327,125.159
20cm,yolo11s,800,830,26.654,27.654,0,7,pet_packaging,pet,packaging,0.358398,202,95,329,476,127.611
20cm,yolo11s,800,830,26.654,27.654,1,9,plastic_normal,plastic,normal,0.398926,373,93,575,329,127.611
20cm,yolo11s,801,831,26.688,27.687,0,7,pet_packaging,pet,packaging,0.251709,202,96,329,477,125.628
20cm,yolo11s,801,831,26.688,27.687,1,9,plastic_normal,plastic,normal,0.580566,373,94,575,327,125.628
20cm,yolo11s,802,832,26.721,27.721,0,9,plastic_normal,plastic,normal,0.435791,373,93,576,329,124.74
20cm,yolo11s,803,833,26.754,27.754,0,9,plastic_normal,plastic,normal,0.294922,373,93,575,331,125.439
20cm,yolo11s,804,834,26.788,27.787,0,9,plastic_normal,plastic,normal,0.438721,374,93,576,329,125.22
20cm,yolo11s,805,835,26.821,27.82,0,9,plastic_normal,plastic,normal,0.335449,372,93,574,459,124.572
20cm,yolo11s,806,836,26.854,27.854,0,9,plastic_normal,plastic,normal,0.486328,370,94,571,457,127.512
20cm,yolo11s,807,837,26.888,27.887,0,9,plastic_normal,plastic,normal,0.467773,370,94,568,456,123.839
20cm,yolo11s,808,838,26.921,27.92,0,9,plastic_normal,plastic,normal,0.344238,367,93,568,457,126.436
20cm,yolo11s,809,839,26.954,27.954,,,,,,,,,,,125.368
20cm,yolo11s,810,840,26.988,27.987,,,,,,,,,,,125.257
20cm,yolo11s,811,841,27.021,28.02,,,,,,,,,,,124.798
20cm,yolo11s,812,842,27.054,28.054,,,,,,,,,,,126.481
20cm,yolo11s,813,843,27.087,28.087,,,,,,,,,,,124.888
20cm,yolo11s,814,844,27.121,28.12,0,7,pet_packaging,pet,packaging,0.299072,202,95,328,476,125.703
20cm,yolo11s,815,845,27.154,28.154,,,,,,,,,,,126.075
20cm,yolo11s,816,846,27.187,28.187,0,7,pet_packaging,pet,packaging,0.252441,202,95,328,476,125.747
20cm,yolo11s,817,847,27.221,28.22,0,7,pet_packaging,pet,packaging,0.256836,202,95,329,475,123.879
20cm,yolo11s,818,848,27.254,28.254,0,7,pet_packaging,pet,packaging,0.293457,202,95,328,476,127.818
20cm,yolo11s,819,849,27.287,28.287,0,7,pet_packaging,pet,packaging,0.380371,202,95,329,476,125.641
20cm,yolo11s,820,850,27.321,28.32,0,7,pet_packaging,pet,packaging,0.364746,202,95,329,476,125.619
20cm,yolo11s,821,851,27.354,28.354,0,7,pet_packaging,pet,packaging,0.2854,202,95,328,477,127.27
20cm,yolo11s,821,851,27.354,28.354,1,9,plastic_normal,plastic,normal,0.477539,378,88,593,328,127.27
20cm,yolo11s,822,852,27.387,28.387,0,7,pet_packaging,pet,packaging,0.342529,202,95,328,476,125.746
20cm,yolo11s,822,852,27.387,28.387,1,9,plastic_normal,plastic,normal,0.64502,385,89,596,329,125.746
20cm,yolo11s,823,853,27.421,28.42,0,7,pet_packaging,pet,packaging,0.313965,202,95,329,477,126.67
20cm,yolo11s,823,853,27.421,28.42,1,9,plastic_normal,plastic,normal,0.585938,386,88,596,328,126.67
20cm,yolo11s,824,854,27.454,28.454,0,7,pet_packaging,pet,packaging,0.287842,202,96,329,477,125.45
20cm,yolo11s,824,854,27.454,28.454,1,9,plastic_normal,plastic,normal,0.331055,375,88,598,330,125.45
20cm,yolo11s,825,855,27.487,28.487,0,7,pet_packaging,pet,packaging,0.354004,202,95,329,477,125.497
20cm,yolo11s,826,856,27.521,28.52,0,7,pet_packaging,pet,packaging,0.381104,202,96,329,478,125.7
20cm,yolo11s,827,857,27.554,28.553,0,7,pet_packaging,pet,packaging,0.385742,202,96,328,478,126.537
20cm,yolo11s,827,857,27.554,28.553,1,9,plastic_normal,plastic,normal,0.338867,372,93,572,329,126.537
20cm,yolo11s,828,858,27.587,28.587,0,9,plastic_normal,plastic,normal,0.286865,374,93,582,331,123.513
20cm,yolo11s,829,859,27.621,28.62,0,9,plastic_normal,plastic,normal,0.345947,376,89,586,330,125.601
20cm,yolo11s,830,860,27.654,28.653,0,7,pet_packaging,pet,packaging,0.307373,202,96,329,477,126.436
20cm,yolo11s,830,860,27.654,28.653,1,9,plastic_normal,plastic,normal,0.512695,375,88,587,331,126.436
20cm,yolo11s,831,861,27.687,28.687,0,7,pet_packaging,pet,packaging,0.287842,202,96,329,477,124.992
20cm,yolo11s,831,861,27.687,28.687,1,9,plastic_normal,plastic,normal,0.442627,376,87,585,331,124.992
20cm,yolo11s,832,862,27.721,28.72,0,7,pet_packaging,pet,packaging,0.352295,202,96,329,477,124.131
20cm,yolo11s,832,862,27.721,28.72,1,9,plastic_normal,plastic,normal,0.587891,378,90,584,329,124.131
20cm,yolo11s,833,863,27.754,28.753,0,7,pet_packaging,pet,packaging,0.287842,202,96,328,478,126.66
20cm,yolo11s,833,863,27.754,28.753,1,9,plastic_normal,plastic,normal,0.610352,376,91,583,329,126.66
20cm,yolo11s,834,864,27.787,28.787,0,9,plastic_normal,plastic,normal,0.551758,377,91,585,330,125.674
20cm,yolo11s,835,865,27.82,28.82,0,7,pet_packaging,pet,packaging,0.29834,202,96,328,477,127.306
20cm,yolo11s,835,865,27.82,28.82,1,9,plastic_normal,plastic,normal,0.514648,374,89,582,329,127.306
20cm,yolo11s,836,866,27.854,28.853,0,9,plastic_normal,plastic,normal,0.514648,374,90,578,329,124.835
20cm,yolo11s,837,867,27.887,28.887,0,7,pet_packaging,pet,packaging,0.295898,202,95,328,476,124.94
20cm,yolo11s,837,867,27.887,28.887,1,9,plastic_normal,plastic,normal,0.323486,376,91,586,331,124.94
20cm,yolo11s,838,868,27.92,28.92,0,7,pet_packaging,pet,packaging,0.275879,202,96,329,477,125.793
20cm,yolo11s,838,868,27.92,28.92,1,9,plastic_normal,plastic,normal,0.294922,376,89,586,329,125.793
20cm,yolo11s,839,869,27.954,28.953,0,7,pet_packaging,pet,packaging,0.311523,202,95,328,476,126.062
20cm,yolo11s,839,869,27.954,28.953,1,9,plastic_normal,plastic,normal,0.291748,375,86,623,324,126.062
20cm,yolo11s,840,870,27.987,28.987,0,9,plastic_normal,plastic,normal,0.275879,377,3,639,331,124.45
20cm,yolo11s,841,871,28.02,29.02,0,9,plastic_normal,plastic,normal,0.404541,380,4,638,329,126.771
20cm,yolo11s,842,872,28.054,29.053,0,9,plastic_normal,plastic,normal,0.349609,382,76,639,369,124.597
20cm,yolo11s,843,873,28.087,29.087,,,,,,,,,,,125.759
20cm,yolo11s,844,874,28.12,29.12,,,,,,,,,,,123.469
20cm,yolo11s,845,875,28.154,29.153,,,,,,,,,,,124.899
20cm,yolo11s,846,876,28.187,29.186,,,,,,,,,,,123.153
20cm,yolo11s,847,877,28.22,29.22,,,,,,,,,,,127.217
20cm,yolo11s,848,878,28.254,29.253,,,,,,,,,,,124.13
20cm,yolo11s,849,879,28.287,29.286,0,7,pet_packaging,pet,packaging,0.303955,202,96,328,478,124.65
20cm,yolo11s,850,880,28.32,29.32,0,7,pet_packaging,pet,packaging,0.288574,202,96,328,478,124.387
20cm,yolo11s,851,881,28.354,29.353,0,7,pet_packaging,pet,packaging,0.262939,202,95,328,477,125.201
20cm,yolo11s,852,882,28.387,29.386,0,7,pet_packaging,pet,packaging,0.270508,202,96,328,478,125.384
20cm,yolo11s,853,883,28.42,29.42,,,,,,,,,,,126.178
20cm,yolo11s,854,884,28.454,29.453,0,7,pet_packaging,pet,packaging,0.332764,202,96,328,478,123.798
20cm,yolo11s,855,885,28.487,29.486,,,,,,,,,,,124.822
20cm,yolo11s,856,886,28.52,29.52,,,,,,,,,,,124.488
20cm,yolo11s,857,887,28.553,29.553,0,7,pet_packaging,pet,packaging,0.356689,202,95,328,477,124.58
20cm,yolo11s,858,888,28.587,29.586,0,10,plastic_dirty,plastic,dirty,0.264404,384,31,639,391,125.248
20cm,yolo11s,859,889,28.62,29.62,0,7,pet_packaging,pet,packaging,0.250977,202,96,328,476,126.303
20cm,yolo11s,860,890,28.653,29.653,0,7,pet_packaging,pet,packaging,0.339844,202,96,328,477,125.403
20cm,yolo11s,861,891,28.687,29.686,0,7,pet_packaging,pet,packaging,0.309814,203,95,328,476,123.767
20cm,yolo11s,862,892,28.72,29.72,0,7,pet_packaging,pet,packaging,0.309082,202,95,328,475,124.826
20cm,yolo11s,863,893,28.753,29.753,,,,,,,,,,,124.349
20cm,yolo11s,864,894,28.787,29.786,0,7,pet_packaging,pet,packaging,0.294189,202,95,328,476,124.598
20cm,yolo11s,865,895,28.82,29.82,0,7,pet_packaging,pet,packaging,0.280518,202,95,328,476,126.286
20cm,yolo11s,866,896,28.853,29.853,0,7,pet_packaging,pet,packaging,0.300781,202,95,328,476,124.003
20cm,yolo11s,867,897,28.887,29.886,0,7,pet_packaging,pet,packaging,0.325195,202,95,328,476,124.302
20cm,yolo11s,868,898,28.92,29.919,0,7,pet_packaging,pet,packaging,0.366699,202,96,328,477,124.458
20cm,yolo11s,869,899,28.953,29.953,0,7,pet_packaging,pet,packaging,0.294189,202,95,328,476,124.62
20cm,yolo11s,870,900,28.987,29.986,0,7,pet_packaging,pet,packaging,0.262939,202,96,328,477,124.658
20cm,yolo11s,871,901,29.02,30.019,0,7,pet_packaging,pet,packaging,0.257568,202,95,328,477,124.315
20cm,yolo11s,872,902,29.053,30.053,0,7,pet_packaging,pet,packaging,0.269775,202,95,328,477,124.028
20cm,yolo11s,873,903,29.087,30.086,,,,,,,,,,,124.167
20cm,yolo11s,874,904,29.12,30.119,,,,,,,,,,,123.486
20cm,yolo11s,875,905,29.153,30.153,0,7,pet_packaging,pet,packaging,0.255371,202,96,328,478,124.889
20cm,yolo11s,876,906,29.186,30.186,0,7,pet_packaging,pet,packaging,0.267334,202,95,328,476,124.945
20cm,yolo11s,877,907,29.22,30.219,0,7,pet_packaging,pet,packaging,0.29248,202,95,328,476,123.872
20cm,yolo11s,878,908,29.253,30.253,0,7,pet_packaging,pet,packaging,0.263672,202,95,328,476,124.234
20cm,yolo11s,879,909,29.286,30.286,0,7,pet_packaging,pet,packaging,0.368408,202,95,328,477,124.103
20cm,yolo11s,880,910,29.32,30.319,0,7,pet_packaging,pet,packaging,0.379395,202,96,328,478,125.452
20cm,yolo11s,881,911,29.353,30.353,0,7,pet_packaging,pet,packaging,0.385742,202,96,328,478,125.364
20cm,yolo11s,882,912,29.386,30.386,0,7,pet_packaging,pet,packaging,0.390381,202,95,329,478,124.975
20cm,yolo11s,883,913,29.42,30.419,0,7,pet_packaging,pet,packaging,0.361084,202,95,329,477,123.596
20cm,yolo11s,884,914,29.453,30.453,0,7,pet_packaging,pet,packaging,0.309814,202,96,329,478,124.593
20cm,yolo11s,885,915,29.486,30.486,,,,,,,,,,,124.757
20cm,yolo11s,886,916,29.52,30.519,0,7,pet_packaging,pet,packaging,0.361084,202,95,328,477,124.798
20cm,yolo11s,887,917,29.553,30.553,0,7,pet_packaging,pet,packaging,0.345215,202,95,329,477,124.956
20cm,yolo11s,887,917,29.553,30.553,1,9,plastic_normal,plastic,normal,0.272705,387,0,638,295,124.956
20cm,yolo11s,888,918,29.586,30.586,0,7,pet_packaging,pet,packaging,0.259766,202,96,328,477,124.807
20cm,yolo11s,888,918,29.586,30.586,1,9,plastic_normal,plastic,normal,0.335449,387,0,638,272,124.807
20cm,yolo11s,889,919,29.62,30.619,0,7,pet_packaging,pet,packaging,0.32251,202,96,328,478,124.434
20cm,yolo11s,889,919,29.62,30.619,1,9,plastic_normal,plastic,normal,0.399902,387,0,635,265,124.434
20cm,yolo11s,890,920,29.653,30.652,0,7,pet_packaging,pet,packaging,0.335449,202,95,328,477,127.404
20cm,yolo11s,891,921,29.686,30.686,0,7,pet_packaging,pet,packaging,0.325195,202,95,328,477,125.821
20cm,yolo11s,892,922,29.72,30.719,0,7,pet_packaging,pet,packaging,0.312256,202,96,328,478,124.408
20cm,yolo11s,892,922,29.72,30.719,1,9,plastic_normal,plastic,normal,0.402588,386,3,631,244,124.408
20cm,yolo11s,893,923,29.753,30.752,0,7,pet_packaging,pet,packaging,0.331055,202,96,328,478,126.386
20cm,yolo11s,893,923,29.753,30.752,1,9,plastic_normal,plastic,normal,0.362061,386,22,629,243,126.386
20cm,yolo11s,894,924,29.786,30.786,0,7,pet_packaging,pet,packaging,0.339844,202,96,328,479,126.752
20cm,yolo11s,894,924,29.786,30.786,1,9,plastic_normal,plastic,normal,0.437744,387,35,629,244,126.752
20cm,yolo11s,895,925,29.82,30.819,0,7,pet_packaging,pet,packaging,0.263672,202,95,328,477,125.25
20cm,yolo11s,895,925,29.82,30.819,1,9,plastic_normal,plastic,normal,0.474609,386,69,630,243,125.25
20cm,yolo11s,896,926,29.853,30.852,0,9,plastic_normal,plastic,normal,0.420654,385,3,630,244,124.589
20cm,yolo11s,897,927,29.886,30.886,0,7,pet_packaging,pet,packaging,0.275879,202,95,329,477,126.737
20cm,yolo11s,897,927,29.886,30.886,1,9,plastic_normal,plastic,normal,0.495117,385,3,630,243,126.737
20cm,yolo11s,898,928,29.919,30.919,0,7,pet_packaging,pet,packaging,0.282959,202,96,328,478,124.998
20cm,yolo11s,898,928,29.919,30.919,1,9,plastic_normal,plastic,normal,0.39502,384,38,630,243,124.998
20cm,yolo11s,899,929,29.953,30.952,0,7,pet_packaging,pet,packaging,0.335449,202,95,328,477,126.027
20cm,yolo11s,899,929,29.953,30.952,1,9,plastic_normal,plastic,normal,0.415771,385,31,631,243,126.027
20cm,yolo12n,0,30,0.0,1.0,0,2,glass_normal,glass,normal,0.431885,425,53,639,356,106.013
20cm,yolo12n,1,31,0.033,1.033,0,2,glass_normal,glass,normal,0.334961,425,53,639,356,107.715
20cm,yolo12n,2,32,0.067,1.066,0,2,glass_normal,glass,normal,0.538086,426,53,639,318,109.016
20cm,yolo12n,3,33,0.1,1.099,0,2,glass_normal,glass,normal,0.547363,427,54,639,309,108.255
20cm,yolo12n,4,34,0.133,1.133,,,,,,,,,,,108.5
20cm,yolo12n,5,35,0.167,1.166,0,2,glass_normal,glass,normal,0.250977,0,0,266,452,106.552
20cm,yolo12n,6,36,0.2,1.199,,,,,,,,,,,108.324
20cm,yolo12n,7,37,0.233,1.233,0,2,glass_normal,glass,normal,0.271729,0,0,268,451,108.751
20cm,yolo12n,8,38,0.267,1.266,,,,,,,,,,,108.414
20cm,yolo12n,9,39,0.3,1.299,0,2,glass_normal,glass,normal,0.269287,0,0,268,450,107.659
20cm,yolo12n,10,40,0.333,1.333,,,,,,,,,,,107.711
20cm,yolo12n,11,41,0.366,1.366,,,,,,,,,,,108.21
20cm,yolo12n,12,42,0.4,1.399,0,2,glass_normal,glass,normal,0.25293,0,0,267,447,107.265
20cm,yolo12n,13,43,0.433,1.433,,,,,,,,,,,106.513
20cm,yolo12n,14,44,0.466,1.466,,,,,,,,,,,107.491
20cm,yolo12n,15,45,0.5,1.499,,,,,,,,,,,109.905
20cm,yolo12n,16,46,0.533,1.533,,,,,,,,,,,108.053
20cm,yolo12n,17,47,0.566,1.566,,,,,,,,,,,108.338
20cm,yolo12n,18,48,0.6,1.599,,,,,,,,,,,107.798
20cm,yolo12n,19,49,0.633,1.633,0,9,plastic_normal,plastic,normal,0.551758,186,202,256,265,111.506
20cm,yolo12n,19,49,0.633,1.633,1,9,plastic_normal,plastic,normal,0.426758,274,188,423,244,111.506
20cm,yolo12n,20,50,0.666,1.666,0,9,plastic_normal,plastic,normal,0.426758,0,208,111,273,107.724
20cm,yolo12n,20,50,0.666,1.666,1,9,plastic_normal,plastic,normal,0.290283,224,181,342,237,107.724
20cm,yolo12n,21,51,0.7,1.699,,,,,,,,,,,109.344
20cm,yolo12n,22,52,0.733,1.733,0,9,plastic_normal,plastic,normal,0.520996,196,283,255,355,107.907
20cm,yolo12n,23,53,0.766,1.766,,,,,,,,,,,109.09
20cm,yolo12n,24,54,0.8,1.799,,,,,,,,,,,109.053
20cm,yolo12n,25,55,0.833,1.832,0,4,glass_packaging,glass,packaging,0.468506,0,0,261,191,106.71
20cm,yolo12n,26,56,0.866,1.866,0,4,glass_packaging,glass,packaging,0.378418,1,0,262,196,107.156
20cm,yolo12n,27,57,0.9,1.899,0,2,glass_normal,glass,normal,0.490479,257,84,639,242,107.692
20cm,yolo12n,28,58,0.933,1.932,0,2,glass_normal,glass,normal,0.640625,256,81,638,254,107.526
20cm,yolo12n,29,59,0.966,1.966,0,2,glass_normal,glass,normal,0.479736,259,80,638,261,107.96
20cm,yolo12n,30,60,1.0,1.999,,,,,,,,,,,108.068
20cm,yolo12n,31,61,1.033,2.032,0,2,glass_normal,glass,normal,0.254883,268,56,638,266,107.852
20cm,yolo12n,32,62,1.066,2.066,0,2,glass_normal,glass,normal,0.312012,269,17,639,265,107.62
20cm,yolo12n,33,63,1.099,2.099,,,,,,,,,,,107.986
20cm,yolo12n,34,64,1.133,2.132,,,,,,,,,,,108.412
20cm,yolo12n,35,65,1.166,2.166,0,4,glass_packaging,glass,packaging,0.345215,282,72,639,273,107.799
20cm,yolo12n,36,66,1.199,2.199,,,,,,,,,,,108.064
20cm,yolo12n,37,67,1.233,2.232,,,,,,,,,,,106.322
20cm,yolo12n,38,68,1.266,2.266,,,,,,,,,,,106.491
20cm,yolo12n,39,69,1.299,2.299,,,,,,,,,,,108.89
20cm,yolo12n,40,70,1.333,2.332,0,10,plastic_dirty,plastic,dirty,0.273682,164,68,305,210,107.082
20cm,yolo12n,41,71,1.366,2.366,0,5,pet_normal,pet,normal,0.257324,0,0,133,391,107.997
20cm,yolo12n,42,72,1.399,2.399,,,,,,,,,,,107.517
20cm,yolo12n,43,73,1.433,2.432,,,,,,,,,,,107.851
20cm,yolo12n,44,74,1.466,2.466,,,,,,,,,,,108.266
20cm,yolo12n,45,75,1.499,2.499,,,,,,,,,,,107.85
20cm,yolo12n,46,76,1.533,2.532,0,9,plastic_normal,plastic,normal,0.38916,176,82,304,168,108.547
20cm,yolo12n,47,77,1.566,2.565,0,9,plastic_normal,plastic,normal,0.524902,309,369,436,447,110.496
20cm,yolo12n,48,78,1.599,2.599,,,,,,,,,,,108.573
20cm,yolo12n,49,79,1.633,2.632,,,,,,,,,,,108.243
20cm,yolo12n,50,80,1.666,2.665,,,,,,,,,,,108.705
20cm,yolo12n,51,81,1.699,2.699,0,9,plastic_normal,plastic,normal,0.262695,310,359,441,447,108.371
20cm,yolo12n,52,82,1.733,2.732,,,,,,,,,,,109.145
20cm,yolo12n,53,83,1.766,2.765,,,,,,,,,,,110.961
20cm,yolo12n,54,84,1.799,2.799,,,,,,,,,,,109.034
20cm,yolo12n,55,85,1.832,2.832,,,,,,,,,,,109.147
20cm,yolo12n,56,86,1.866,2.865,,,,,,,,,,,108.622
20cm,yolo12n,57,87,1.899,2.899,,,,,,,,,,,108.196
20cm,yolo12n,58,88,1.932,2.932,,,,,,,,,,,108.378
20cm,yolo12n,59,89,1.966,2.965,,,,,,,,,,,108.397
20cm,yolo12n,60,90,1.999,2.999,0,10,plastic_dirty,plastic,dirty,0.427734,169,65,301,162,107.736
20cm,yolo12n,61,91,2.032,3.032,,,,,,,,,,,108.767
20cm,yolo12n,62,92,2.066,3.065,,,,,,,,,,,108.234
20cm,yolo12n,63,93,2.099,3.099,0,5,pet_normal,pet,normal,0.460205,0,0,127,253,108.17
20cm,yolo12n,64,94,2.132,3.132,0,5,pet_normal,pet,normal,0.394043,0,0,128,255,108.395
20cm,yolo12n,65,95,2.166,3.165,0,5,pet_normal,pet,normal,0.274414,0,0,128,281,109.017
20cm,yolo12n,66,96,2.199,3.199,,,,,,,,,,,110.354
20cm,yolo12n,67,97,2.232,3.232,,,,,,,,,,,108.99
20cm,yolo12n,68,98,2.266,3.265,0,5,pet_normal,pet,normal,0.330078,0,0,120,303,109.097
20cm,yolo12n,69,99,2.299,3.298,0,5,pet_normal,pet,normal,0.297363,0,0,119,299,108.226
20cm,yolo12n,70,100,2.332,3.332,0,5,pet_normal,pet,normal,0.424805,0,0,121,297,108.282
20cm,yolo12n,71,101,2.366,3.365,0,5,pet_normal,pet,normal,0.294922,0,0,124,299,110.479
20cm,yolo12n,72,102,2.399,3.398,,,,,,,,,,,110.868
20cm,yolo12n,73,103,2.432,3.432,,,,,,,,,,,112.826
20cm,yolo12n,74,104,2.466,3.465,0,5,pet_normal,pet,normal,0.520996,0,0,136,298,107.712
20cm,yolo12n,75,105,2.499,3.498,0,5,pet_normal,pet,normal,0.494629,0,5,136,299,108.337
20cm,yolo12n,76,106,2.532,3.532,0,5,pet_normal,pet,normal,0.581055,0,4,136,301,135.422
20cm,yolo12n,77,107,2.565,3.565,0,5,pet_normal,pet,normal,0.361816,0,5,135,302,131.833
20cm,yolo12n,78,108,2.599,3.598,0,5,pet_normal,pet,normal,0.426025,0,3,138,303,143.053
20cm,yolo12n,79,109,2.632,3.632,0,5,pet_normal,pet,normal,0.453369,0,2,141,303,140.111
20cm,yolo12n,80,110,2.665,3.665,0,5,pet_normal,pet,normal,0.554199,0,4,141,305,136.557
20cm,yolo12n,81,111,2.699,3.698,0,5,pet_normal,pet,normal,0.54834,0,6,140,323,137.036
20cm,yolo12n,82,112,2.732,3.732,0,5,pet_normal,pet,normal,0.546875,0,3,140,331,136.36
20cm,yolo12n,83,113,2.765,3.765,0,5,pet_normal,pet,normal,0.387451,0,6,141,357,134.445
20cm,yolo12n,84,114,2.799,3.798,0,5,pet_normal,pet,normal,0.266113,0,6,142,395,141.412
20cm,yolo12n,85,115,2.832,3.832,0,5,pet_normal,pet,normal,0.272217,0,3,142,420,142.575
20cm,yolo12n,86,116,2.865,3.865,0,5,pet_normal,pet,normal,0.288818,0,7,141,425,140.455
20cm,yolo12n,87,117,2.899,3.898,0,5,pet_normal,pet,normal,0.326904,0,4,142,422,139.889
20cm,yolo12n,88,118,2.932,3.932,,,,,,,,,,,138.458
20cm,yolo12n,89,119,2.965,3.965,0,5,pet_normal,pet,normal,0.386719,0,5,142,425,138.327
20cm,yolo12n,90,120,2.999,3.998,0,5,pet_normal,pet,normal,0.446777,0,7,142,413,138.016
20cm,yolo12n,91,121,3.032,4.031,0,5,pet_normal,pet,normal,0.407959,0,8,141,411,138.065
20cm,yolo12n,92,122,3.065,4.065,0,5,pet_normal,pet,normal,0.500488,0,5,141,421,142.826
20cm,yolo12n,93,123,3.099,4.098,0,5,pet_normal,pet,normal,0.48584,0,3,142,405,145.2
20cm,yolo12n,94,124,3.132,4.131,0,5,pet_normal,pet,normal,0.491211,0,4,142,479,139.208
20cm,yolo12n,95,125,3.165,4.165,0,5,pet_normal,pet,normal,0.525879,0,5,142,479,135.738
20cm,yolo12n,96,126,3.199,4.198,0,5,pet_normal,pet,normal,0.592285,0,4,141,424,132.8
20cm,yolo12n,97,127,3.232,4.231,0,5,pet_normal,pet,normal,0.621582,0,3,141,437,133.531
20cm,yolo12n,98,128,3.265,4.265,0,5,pet_normal,pet,normal,0.631348,0,4,142,479,131.495
20cm,yolo12n,99,129,3.298,4.298,0,5,pet_normal,pet,normal,0.634766,0,5,142,479,135.029
20cm,yolo12n,100,130,3.332,4.331,0,5,pet_normal,pet,normal,0.616699,0,3,142,479,134.738
20cm,yolo12n,101,131,3.365,4.365,0,5,pet_normal,pet,normal,0.61084,0,3,142,479,134.01
20cm,yolo12n,102,132,3.398,4.398,0,5,pet_normal,pet,normal,0.592285,0,3,142,472,132.861
20cm,yolo12n,103,133,3.432,4.431,0,5,pet_normal,pet,normal,0.564941,0,5,142,433,134.339
20cm,yolo12n,104,134,3.465,4.465,0,5,pet_normal,pet,normal,0.687012,0,4,142,387,135.3
20cm,yolo12n,105,135,3.498,4.498,0,5,pet_normal,pet,normal,0.586914,0,3,141,342,135.368
20cm,yolo12n,106,136,3.532,4.531,0,5,pet_normal,pet,normal,0.716309,0,3,141,339,141.594
20cm,yolo12n,107,137,3.565,4.565,0,5,pet_normal,pet,normal,0.706055,0,4,141,328,139.146
20cm,yolo12n,108,138,3.598,4.598,0,5,pet_normal,pet,normal,0.703613,0,4,141,314,139.32
20cm,yolo12n,109,139,3.632,4.631,0,5,pet_normal,pet,normal,0.686035,0,5,141,313,135.5
20cm,yolo12n,110,140,3.665,4.665,0,5,pet_normal,pet,normal,0.716309,0,1,141,326,137.538
20cm,yolo12n,111,141,3.698,4.698,0,5,pet_normal,pet,normal,0.683105,0,1,141,331,135.411
20cm,yolo12n,112,142,3.732,4.731,0,5,pet_normal,pet,normal,0.703125,0,2,141,344,133.188
20cm,yolo12n,113,143,3.765,4.764,0,5,pet_normal,pet,normal,0.696289,0,2,141,336,134.729
20cm,yolo12n,114,144,3.798,4.798,0,5,pet_normal,pet,normal,0.695801,0,3,141,333,140.113
20cm,yolo12n,115,145,3.832,4.831,0,5,pet_normal,pet,normal,0.712402,0,1,140,333,138.716
20cm,yolo12n,116,146,3.865,4.864,0,5,pet_normal,pet,normal,0.708984,0,3,141,327,136.628
20cm,yolo12n,117,147,3.898,4.898,0,5,pet_normal,pet,normal,0.724609,0,6,141,324,135.115
20cm,yolo12n,118,148,3.932,4.931,,,,,,,,,,,132.397
20cm,yolo12n,119,149,3.965,4.964,,,,,,,,,,,132.813
20cm,yolo12n,120,150,3.998,4.998,,,,,,,,,,,131.129
20cm,yolo12n,121,151,4.031,5.031,,,,,,,,,,,138.471
20cm,yolo12n,122,152,4.065,5.064,,,,,,,,,,,130.967
20cm,yolo12n,123,153,4.098,5.098,0,5,pet_normal,pet,normal,0.524902,38,4,200,301,131.235
20cm,yolo12n,124,154,4.131,5.131,0,5,pet_normal,pet,normal,0.429443,42,2,200,304,133.936
20cm,yolo12n,124,154,4.131,5.131,1,6,pet_dirty,pet,dirty,0.287598,41,3,200,304,133.936
20cm,yolo12n,125,155,4.165,5.164,,,,,,,,,,,132.689
20cm,yolo12n,126,156,4.198,5.198,0,7,pet_packaging,pet,packaging,0.261719,60,8,216,306,128.617
20cm,yolo12n,127,157,4.231,5.231,0,5,pet_normal,pet,normal,0.273193,69,11,220,308,133.925
20cm,yolo12n,128,158,4.265,5.264,0,5,pet_normal,pet,normal,0.484131,74,10,222,310,134.442
20cm,yolo12n,129,159,4.298,5.298,0,5,pet_normal,pet,normal,0.479736,75,8,224,314,134.188
20cm,yolo12n,130,160,4.331,5.331,0,5,pet_normal,pet,normal,0.538086,76,9,225,316,138.701
20cm,yolo12n,131,161,4.365,5.364,0,0,can_normal,can,normal,0.284424,260,109,369,321,119.978
20cm,yolo12n,131,161,4.365,5.364,1,5,pet_normal,pet,normal,0.628906,78,9,226,317,119.978
20cm,yolo12n,132,162,4.398,5.398,0,0,can_normal,can,normal,0.258545,261,109,370,321,105.779
20cm,yolo12n,132,162,4.398,5.398,1,5,pet_normal,pet,normal,0.575684,78,10,226,320,105.779
20cm,yolo12n,133,163,4.431,5.431,0,0,can_normal,can,normal,0.32251,263,110,372,322,103.387
20cm,yolo12n,133,163,4.431,5.431,1,5,pet_normal,pet,normal,0.638184,78,10,226,322,103.387
20cm,yolo12n,134,164,4.465,5.464,0,5,pet_normal,pet,normal,0.652832,77,10,225,325,103.866
20cm,yolo12n,135,165,4.498,5.497,0,5,pet_normal,pet,normal,0.650879,77,10,225,330,104.63
20cm,yolo12n,136,166,4.531,5.531,0,5,pet_normal,pet,normal,0.590332,77,8,226,334,103.19
20cm,yolo12n,137,167,4.565,5.564,0,5,pet_normal,pet,normal,0.649902,77,12,226,349,103.745
20cm,yolo12n,138,168,4.598,5.597,0,0,can_normal,can,normal,0.321777,265,109,374,320,103.64
20cm,yolo12n,138,168,4.598,5.597,1,5,pet_normal,pet,normal,0.632812,76,11,226,378,103.64
20cm,yolo12n,139,169,4.631,5.631,0,0,can_normal,can,normal,0.32373,265,110,375,323,106.519
20cm,yolo12n,139,169,4.631,5.631,1,5,pet_normal,pet,normal,0.587402,74,9,225,383,106.519
20cm,yolo12n,140,170,4.665,5.664,0,5,pet_normal,pet,normal,0.499268,75,13,225,380,103.117
20cm,yolo12n,141,171,4.698,5.697,0,5,pet_normal,pet,normal,0.56543,75,13,225,456,102.671
20cm,yolo12n,141,171,4.698,5.697,1,9,plastic_normal,plastic,normal,0.366211,440,364,574,431,102.671
20cm,yolo12n,142,172,4.731,5.731,0,0,can_normal,can,normal,0.421143,265,110,373,439,104.049
20cm,yolo12n,142,172,4.731,5.731,1,5,pet_normal,pet,normal,0.550293,75,12,225,458,104.049
20cm,yolo12n,143,173,4.764,5.764,0,0,can_normal,can,normal,0.576172,265,110,374,440,103.329
20cm,yolo12n,143,173,4.764,5.764,1,4,glass_packaging,glass,packaging,0.299561,264,110,375,439,103.329
20cm,yolo12n,143,173,4.764,5.764,2,5,pet_normal,pet,normal,0.643066,75,11,225,456,103.329
20cm,yolo12n,144,174,4.798,5.797,0,0,can_normal,can,normal,0.744629,265,109,374,439,103.24
20cm,yolo12n,144,174,4.798,5.797,1,5,pet_normal,pet,normal,0.678223,75,11,224,456,103.24
20cm,yolo12n,145,175,4.831,5.831,0,0,can_normal,can,normal,0.790527,265,110,374,440,104.052
20cm,yolo12n,145,175,4.831,5.831,1,5,pet_normal,pet,normal,0.690918,75,11,225,456,104.052
20cm,yolo12n,146,176,4.864,5.864,0,0,can_normal,can,normal,0.768555,265,110,374,440,103.259
20cm,yolo12n,146,176,4.864,5.864,1,5,pet_normal,pet,normal,0.683594,76,11,226,454,103.259
20cm,yolo12n,147,177,4.898,5.897,0,0,can_normal,can,normal,0.785645,265,110,374,441,102.868
20cm,yolo12n,147,177,4.898,5.897,1,5,pet_normal,pet,normal,0.686035,75,11,225,453,102.868
20cm,yolo12n,148,178,4.931,5.931,0,0,can_normal,can,normal,0.786621,265,110,374,440,104.316
20cm,yolo12n,148,178,4.931,5.931,1,5,pet_normal,pet,normal,0.672363,75,11,225,455,104.316
20cm,yolo12n,149,179,4.964,5.964,0,0,can_normal,can,normal,0.782227,265,110,374,440,104.111
20cm,yolo12n,149,179,4.964,5.964,1,5,pet_normal,pet,normal,0.65918,75,12,225,454,104.111
20cm,yolo12n,150,180,4.998,5.997,0,0,can_normal,can,normal,0.723633,265,110,374,439,104.247
20cm,yolo12n,150,180,4.998,5.997,1,5,pet_normal,pet,normal,0.635254,75,14,225,459,104.247
20cm,yolo12n,151,181,5.031,6.031,0,0,can_normal,can,normal,0.775879,265,110,374,440,103.591
20cm,yolo12n,151,181,5.031,6.031,1,5,pet_normal,pet,normal,0.653809,75,12,225,455,103.591
20cm,yolo12n,152,182,5.064,6.064,0,0,can_normal,can,normal,0.768555,265,110,374,440,107.475
20cm,yolo12n,152,182,5.064,6.064,1,5,pet_normal,pet,normal,0.624512,75,12,225,455,107.475
20cm,yolo12n,153,183,5.098,6.097,0,0,can_normal,can,normal,0.791016,265,110,374,440,103.328
20cm,yolo12n,153,183,5.098,6.097,1,5,pet_normal,pet,normal,0.631348,75,11,225,457,103.328
20cm,yolo12n,154,184,5.131,6.13,0,0,can_normal,can,normal,0.79248,265,110,374,440,103.253
20cm,yolo12n,154,184,5.131,6.13,1,5,pet_normal,pet,normal,0.635742,75,12,225,454,103.253
20cm,yolo12n,155,185,5.164,6.164,0,0,can_normal,can,normal,0.80127,265,110,374,439,103.469
20cm,yolo12n,155,185,5.164,6.164,1,5,pet_normal,pet,normal,0.649414,75,12,225,456,103.469
20cm,yolo12n,156,186,5.198,6.197,0,0,can_normal,can,normal,0.790527,265,110,374,440,103.311
20cm,yolo12n,156,186,5.198,6.197,1,5,pet_normal,pet,normal,0.63623,75,12,225,454,103.311
20cm,yolo12n,157,187,5.231,6.23,0,0,can_normal,can,normal,0.792969,265,110,374,440,103.812
20cm,yolo12n,157,187,5.231,6.23,1,5,pet_normal,pet,normal,0.633789,74,11,225,454,103.812
20cm,yolo12n,158,188,5.264,6.264,0,0,can_normal,can,normal,0.804688,265,110,374,440,103.365
20cm,yolo12n,158,188,5.264,6.264,1,5,pet_normal,pet,normal,0.69043,74,11,225,453,103.365
20cm,yolo12n,159,189,5.298,6.297,0,0,can_normal,can,normal,0.800293,265,110,374,439,108.261
20cm,yolo12n,159,189,5.298,6.297,1,5,pet_normal,pet,normal,0.687988,75,11,225,455,108.261
20cm,yolo12n,160,190,5.331,6.33,0,0,can_normal,can,normal,0.808105,265,110,374,440,103.578
20cm,yolo12n,160,190,5.331,6.33,1,5,pet_normal,pet,normal,0.664062,75,10,225,456,103.578
20cm,yolo12n,161,191,5.364,6.364,0,0,can_normal,can,normal,0.815918,265,110,375,440,103.878
20cm,yolo12n,161,191,5.364,6.364,1,5,pet_normal,pet,normal,0.657227,76,10,225,454,103.878
20cm,yolo12n,162,192,5.398,6.397,0,0,can_normal,can,normal,0.805664,265,110,374,440,103.154
20cm,yolo12n,162,192,5.398,6.397,1,5,pet_normal,pet,normal,0.666504,75,10,225,455,103.154
20cm,yolo12n,163,193,5.431,6.43,0,0,can_normal,can,normal,0.820801,265,110,374,439,103.775
20cm,yolo12n,163,193,5.431,6.43,1,5,pet_normal,pet,normal,0.635254,75,11,225,457,103.775
20cm,yolo12n,164,194,5.464,6.464,0,0,can_normal,can,normal,0.789062,265,110,374,439,103.48
20cm,yolo12n,164,194,5.464,6.464,1,5,pet_normal,pet,normal,0.704102,75,11,225,459,103.48
20cm,yolo12n,165,195,5.497,6.497,0,0,can_normal,can,normal,0.821289,265,110,374,440,103.07
20cm,yolo12n,165,195,5.497,6.497,1,5,pet_normal,pet,normal,0.687012,75,11,225,456,103.07
20cm,yolo12n,166,196,5.531,6.53,0,0,can_normal,can,normal,0.819336,264,110,374,440,107.969
20cm,yolo12n,166,196,5.531,6.53,1,5,pet_normal,pet,normal,0.683105,74,10,225,457,107.969
20cm,yolo12n,167,197,5.564,6.564,0,0,can_normal,can,normal,0.800293,263,109,374,438,103.29
20cm,yolo12n,167,197,5.564,6.564,1,5,pet_normal,pet,normal,0.640625,71,9,224,464,103.29
20cm,yolo12n,168,198,5.597,6.597,0,0,can_normal,can,normal,0.75293,261,109,374,439,104.306
20cm,yolo12n,168,198,5.597,6.597,1,5,pet_normal,pet,normal,0.587402,68,5,223,465,104.306
20cm,yolo12n,169,199,5.631,6.63,0,0,can_normal,can,normal,0.740723,260,107,374,438,103.533
20cm,yolo12n,169,199,5.631,6.63,1,2,glass_normal,glass,normal,0.453613,414,103,602,427,103.533
20cm,yolo12n,169,199,5.631,6.63,2,5,pet_normal,pet,normal,0.618652,66,3,222,468,103.533
20cm,yolo12n,170,200,5.664,6.664,0,0,can_normal,can,normal,0.78418,259,107,371,438,102.491
20cm,yolo12n,170,200,5.664,6.664,1,2,glass_normal,glass,normal,0.32251,409,106,601,427,102.491
20cm,yolo12n,170,200,5.664,6.664,2,5,pet_normal,pet,normal,0.594727,65,3,221,461,102.491
20cm,yolo12n,171,201,5.697,6.697,0,0,can_normal,can,normal,0.764648,259,106,370,438,104.899
20cm,yolo12n,171,201,5.697,6.697,1,5,pet_normal,pet,normal,0.660645,64,2,220,461,104.899
20cm,yolo12n,172,202,5.731,6.73,0,0,can_normal,can,normal,0.70752,258,106,370,438,104.666
20cm,yolo12n,172,202,5.731,6.73,1,2,glass_normal,glass,normal,0.291504,402,105,598,425,104.666
20cm,yolo12n,172,202,5.731,6.73,2,5,pet_normal,pet,normal,0.684082,63,2,219,464,104.666
20cm,yolo12n,173,203,5.764,6.764,0,0,can_normal,can,normal,0.688965,258,106,371,438,102.603
20cm,yolo12n,173,203,5.764,6.764,1,5,pet_normal,pet,normal,0.681152,62,2,219,461,102.603
20cm,yolo12n,174,204,5.797,6.797,0,0,can_normal,can,normal,0.696777,258,105,372,437,103.54
20cm,yolo12n,174,204,5.797,6.797,1,5,pet_normal,pet,normal,0.697266,61,1,218,461,103.54
20cm,yolo12n,175,205,5.831,6.83,0,0,can_normal,can,normal,0.694824,258,106,375,438,103.043
20cm,yolo12n,175,205,5.831,6.83,1,5,pet_normal,pet,normal,0.704102,62,1,219,461,103.043
20cm,yolo12n,176,206,5.864,6.863,0,0,can_normal,can,normal,0.662598,258,106,371,438,103.01
20cm,yolo12n,176,206,5.864,6.863,1,5,pet_normal,pet,normal,0.711426,61,1,218,462,103.01
20cm,yolo12n,177,207,5.897,6.897,0,0,can_normal,can,normal,0.705078,258,106,372,438,102.828
20cm,yolo12n,177,207,5.897,6.897,1,5,pet_normal,pet,normal,0.700195,62,0,219,463,102.828
20cm,yolo12n,178,208,5.931,6.93,0,0,can_normal,can,normal,0.720215,258,106,373,438,103.58
20cm,yolo12n,178,208,5.931,6.93,1,5,pet_normal,pet,normal,0.688965,61,1,218,462,103.58
20cm,yolo12n,179,209,5.964,6.963,0,0,can_normal,can,normal,0.687012,258,106,373,438,107.555
20cm,yolo12n,179,209,5.964,6.963,1,5,pet_normal,pet,normal,0.669922,62,1,219,463,107.555
20cm,yolo12n,180,210,5.997,6.997,0,0,can_normal,can,normal,0.662109,258,105,372,437,104.082
20cm,yolo12n,180,210,5.997,6.997,1,5,pet_normal,pet,normal,0.700195,62,1,219,462,104.082
20cm,yolo12n,181,211,6.031,7.03,0,0,can_normal,can,normal,0.679688,258,105,372,438,103.403
20cm,yolo12n,181,211,6.031,7.03,1,5,pet_normal,pet,normal,0.701172,62,1,219,462,103.403
20cm,yolo12n,182,212,6.064,7.063,0,0,can_normal,can,normal,0.718262,258,106,374,438,103.444
20cm,yolo12n,182,212,6.064,7.063,1,5,pet_normal,pet,normal,0.706543,61,0,218,463,103.444
20cm,yolo12n,183,213,6.097,7.097,0,0,can_normal,can,normal,0.711426,258,106,374,438,103.248
20cm,yolo12n,183,213,6.097,7.097,1,5,pet_normal,pet,normal,0.73291,61,1,218,462,103.248
20cm,yolo12n,184,214,6.13,7.13,0,0,can_normal,can,normal,0.723633,258,106,374,438,103.902
20cm,yolo12n,184,214,6.13,7.13,1,5,pet_normal,pet,normal,0.702148,61,1,218,462,103.902
20cm,yolo12n,185,215,6.164,7.163,0,0,can_normal,can,normal,0.728027,257,106,374,438,103.858
20cm,yolo12n,185,215,6.164,7.163,1,5,pet_normal,pet,normal,0.692383,61,0,218,462,103.858
20cm,yolo12n,186,216,6.197,7.197,0,0,can_normal,can,normal,0.712402,258,106,378,438,109.728
20cm,yolo12n,186,216,6.197,7.197,1,5,pet_normal,pet,normal,0.691895,62,0,219,463,109.728
20cm,yolo12n,187,217,6.23,7.23,0,0,can_normal,can,normal,0.662109,258,106,376,438,104.066
20cm,yolo12n,187,217,6.23,7.23,1,5,pet_normal,pet,normal,0.667969,61,1,218,463,104.066
20cm,yolo12n,188,218,6.264,7.263,0,0,can_normal,can,normal,0.717773,258,105,378,437,103.339
20cm,yolo12n,188,218,6.264,7.263,1,5,pet_normal,pet,normal,0.660156,62,1,219,463,103.339
20cm,yolo12n,189,219,6.297,7.297,0,0,can_normal,can,normal,0.731445,258,106,381,438,103.751
20cm,yolo12n,189,219,6.297,7.297,1,5,pet_normal,pet,normal,0.666992,61,1,218,463,103.751
20cm,yolo12n,190,220,6.33,7.33,0,0,can_normal,can,normal,0.662109,257,105,373,437,104.39
20cm,yolo12n,190,220,6.33,7.33,1,5,pet_normal,pet,normal,0.65625,62,1,219,465,104.39
20cm,yolo12n,191,221,6.364,7.363,0,0,can_normal,can,normal,0.62793,258,105,378,438,104.008
20cm,yolo12n,191,221,6.364,7.363,1,5,pet_normal,pet,normal,0.614746,61,1,218,461,104.008
20cm,yolo12n,192,222,6.397,7.397,0,0,can_normal,can,normal,0.650391,258,106,383,438,103.377
20cm,yolo12n,192,222,6.397,7.397,1,5,pet_normal,pet,normal,0.646973,61,0,218,459,103.377
20cm,yolo12n,193,223,6.43,7.43,0,0,can_normal,can,normal,0.63623,258,106,378,439,103.269
20cm,yolo12n,193,223,6.43,7.43,1,5,pet_normal,pet,normal,0.645508,62,0,219,462,103.269
20cm,yolo12n,194,224,6.464,7.463,0,0,can_normal,can,normal,0.607422,258,106,374,438,103.479
20cm,yolo12n,194,224,6.464,7.463,1,5,pet_normal,pet,normal,0.636719,60,32,217,460,103.479
20cm,yolo12n,195,225,6.497,7.497,0,0,can_normal,can,normal,0.670898,257,106,377,438,103.443
20cm,yolo12n,195,225,6.497,7.497,1,5,pet_normal,pet,normal,0.662109,60,34,217,461,103.443
20cm,yolo12n,196,226,6.53,7.53,0,0,can_normal,can,normal,0.694824,258,106,377,438,106.438
20cm,yolo12n,196,226,6.53,7.53,1,5,pet_normal,pet,normal,0.656738,62,0,219,462,106.438
20cm,yolo12n,197,227,6.564,7.563,0,0,can_normal,can,normal,0.700684,258,106,382,438,104.01
20cm,yolo12n,197,227,6.564,7.563,1,5,pet_normal,pet,normal,0.623047,61,0,218,462,104.01
20cm,yolo12n,198,228,6.597,7.596,0,0,can_normal,can,normal,0.722168,258,106,379,438,103.496
20cm,yolo12n,198,228,6.597,7.596,1,5,pet_normal,pet,normal,0.621582,61,0,218,460,103.496
20cm,yolo12n,199,229,6.63,7.63,0,0,can_normal,can,normal,0.75293,258,106,377,438,108.24
20cm,yolo12n,199,229,6.63,7.63,1,5,pet_normal,pet,normal,0.63623,61,0,218,461,108.24
20cm,yolo12n,200,230,6.664,7.663,0,0,can_normal,can,normal,0.763184,257,106,377,437,104.676
20cm,yolo12n,200,230,6.664,7.663,1,5,pet_normal,pet,normal,0.651367,61,0,218,460,104.676
20cm,yolo12n,201,231,6.697,7.696,0,0,can_normal,can,normal,0.767578,257,106,375,438,104.588
20cm,yolo12n,201,231,6.697,7.696,1,5,pet_normal,pet,normal,0.708984,61,1,218,460,104.588
20cm,yolo12n,202,232,6.73,7.73,0,0,can_normal,can,normal,0.756348,258,106,374,438,103.397
20cm,yolo12n,202,232,6.73,7.73,1,5,pet_normal,pet,normal,0.726074,61,1,219,460,103.397
20cm,yolo12n,203,233,6.764,7.763,0,0,can_normal,can,normal,0.784668,258,106,375,437,102.73
20cm,yolo12n,203,233,6.764,7.763,1,5,pet_normal,pet,normal,0.737305,62,1,219,463,102.73
20cm,yolo12n,204,234,6.797,7.796,0,0,can_normal,can,normal,0.787109,258,106,386,437,103.205
20cm,yolo12n,204,234,6.797,7.796,1,5,pet_normal,pet,normal,0.724609,61,1,218,462,103.205
20cm,yolo12n,205,235,6.83,7.83,0,0,can_normal,can,normal,0.791504,258,106,383,437,103.599
20cm,yolo12n,205,235,6.83,7.83,1,5,pet_normal,pet,normal,0.717773,61,1,218,461,103.599
20cm,yolo12n,206,236,6.863,7.863,0,0,can_normal,can,normal,0.770508,258,106,380,437,107.938
20cm,yolo12n,206,236,6.863,7.863,1,5,pet_normal,pet,normal,0.731445,61,1,218,462,107.938
20cm,yolo12n,207,237,6.897,7.896,0,0,can_normal,can,normal,0.748535,258,106,372,438,103.398
20cm,yolo12n,207,237,6.897,7.896,1,5,pet_normal,pet,normal,0.728516,61,0,218,462,103.398
20cm,yolo12n,208,238,6.93,7.93,0,0,can_normal,can,normal,0.748535,258,106,380,437,103.905
20cm,yolo12n,208,238,6.93,7.93,1,5,pet_normal,pet,normal,0.75,61,0,218,459,103.905
20cm,yolo12n,209,239,6.963,7.963,0,0,can_normal,can,normal,0.756348,258,106,387,437,104.183
20cm,yolo12n,209,239,6.963,7.963,1,5,pet_normal,pet,normal,0.688965,61,0,218,460,104.183
20cm,yolo12n,210,240,6.997,7.996,0,0,can_normal,can,normal,0.726074,258,106,384,437,103.956
20cm,yolo12n,210,240,6.997,7.996,1,5,pet_normal,pet,normal,0.675293,61,0,219,462,103.956
20cm,yolo12n,211,241,7.03,8.03,0,0,can_normal,can,normal,0.774902,258,107,396,437,104.961
20cm,yolo12n,211,241,7.03,8.03,1,5,pet_normal,pet,normal,0.723633,61,1,218,460,104.961
20cm,yolo12n,212,242,7.063,8.063,0,0,can_normal,can,normal,0.817383,258,107,393,438,108.017
20cm,yolo12n,212,242,7.063,8.063,1,5,pet_normal,pet,normal,0.712891,61,1,218,460,108.017
20cm,yolo12n,213,243,7.097,8.096,0,0,can_normal,can,normal,0.766602,258,106,378,437,104.78
20cm,yolo12n,213,243,7.097,8.096,1,5,pet_normal,pet,normal,0.721191,61,0,218,460,104.78
20cm,yolo12n,214,244,7.13,8.13,0,0,can_normal,can,normal,0.767578,258,106,376,437,104.092
20cm,yolo12n,214,244,7.13,8.13,1,5,pet_normal,pet,normal,0.695312,61,1,218,460,104.092
20cm,yolo12n,215,245,7.163,8.163,0,0,can_normal,can,normal,0.755371,258,106,374,437,102.599
20cm,yolo12n,215,245,7.163,8.163,1,5,pet_normal,pet,normal,0.694336,61,1,218,463,102.599
20cm,yolo12n,216,246,7.197,8.196,0,0,can_normal,can,normal,0.789551,258,106,373,437,104.319
20cm,yolo12n,216,246,7.197,8.196,1,5,pet_normal,pet,normal,0.680664,61,0,219,462,104.319
20cm,yolo12n,217,247,7.23,8.23,0,0,can_normal,can,normal,0.79248,258,106,382,437,103.079
20cm,yolo12n,217,247,7.23,8.23,1,5,pet_normal,pet,normal,0.698242,60,37,217,460,103.079
20cm,yolo12n,218,248,7.263,8.263,0,0,can_normal,can,normal,0.750488,258,106,373,437,102.714
20cm,yolo12n,218,248,7.263,8.263,1,5,pet_normal,pet,normal,0.70752,61,37,218,460,102.714
20cm,yolo12n,219,249,7.297,8.296,0,0,can_normal,can,normal,0.75293,258,106,371,437,106.507
20cm,yolo12n,219,249,7.297,8.296,1,5,pet_normal,pet,normal,0.689453,61,36,218,460,106.507
20cm,yolo12n,220,250,7.33,8.329,0,0,can_normal,can,normal,0.748535,258,106,370,437,103.862
20cm,yolo12n,220,250,7.33,8.329,1,5,pet_normal,pet,normal,0.704102,60,40,217,461,103.862
20cm,yolo12n,221,251,7.363,8.363,0,0,can_normal,can,normal,0.755859,258,106,370,437,104.345
20cm,yolo12n,221,251,7.363,8.363,1,5,pet_normal,pet,normal,0.709961,61,35,218,459,104.345
20cm,yolo12n,222,252,7.397,8.396,0,0,can_normal,can,normal,0.661621,258,107,369,437,103.338
20cm,yolo12n,222,252,7.397,8.396,1,5,pet_normal,pet,normal,0.677246,60,35,217,461,103.338
20cm,yolo12n,223,253,7.43,8.429,0,0,can_normal,can,normal,0.78125,257,106,370,438,102.561
20cm,yolo12n,223,253,7.43,8.429,1,5,pet_normal,pet,normal,0.70459,60,35,217,461,102.561
20cm,yolo12n,224,254,7.463,8.463,0,0,can_normal,can,normal,0.743164,258,106,370,437,102.56
20cm,yolo12n,224,254,7.463,8.463,1,5,pet_normal,pet,normal,0.733887,61,0,218,461,102.56
20cm,yolo12n,225,255,7.497,8.496,0,0,can_normal,can,normal,0.766602,258,106,370,437,102.654
20cm,yolo12n,225,255,7.497,8.496,1,2,glass_normal,glass,normal,0.5,384,68,617,466,102.654
20cm,yolo12n,225,255,7.497,8.496,2,5,pet_normal,pet,normal,0.733887,61,0,218,463,102.654
20cm,yolo12n,226,256,7.53,8.529,0,0,can_normal,can,normal,0.750977,258,106,370,437,103.59
20cm,yolo12n,226,256,7.53,8.529,1,2,glass_normal,glass,normal,0.288086,386,68,617,466,103.59
20cm,yolo12n,226,256,7.53,8.529,2,5,pet_normal,pet,normal,0.727539,61,0,219,459,103.59
20cm,yolo12n,227,257,7.563,8.563,0,0,can_normal,can,normal,0.76123,258,106,370,438,104.171
20cm,yolo12n,227,257,7.563,8.563,1,2,glass_normal,glass,normal,0.687012,390,68,612,467,104.171
20cm,yolo12n,227,257,7.563,8.563,2,5,pet_normal,pet,normal,0.693359,61,0,218,459,104.171
20cm,yolo12n,228,258,7.596,8.596,0,0,can_normal,can,normal,0.763672,258,106,370,437,103.51
20cm,yolo12n,228,258,7.596,8.596,1,2,glass_normal,glass,normal,0.38623,390,68,617,467,103.51
20cm,yolo12n,228,258,7.596,8.596,2,5,pet_normal,pet,normal,0.711914,61,0,218,459,103.51
20cm,yolo12n,229,259,7.63,8.629,0,0,can_normal,can,normal,0.73584,258,106,369,437,103.526
20cm,yolo12n,229,259,7.63,8.629,1,2,glass_normal,glass,normal,0.81543,385,67,609,466,103.526
20cm,yolo12n,229,259,7.63,8.629,2,5,pet_normal,pet,normal,0.687988,61,0,218,459,103.526
20cm,yolo12n,230,260,7.663,8.663,0,0,can_normal,can,normal,0.707031,258,106,369,437,103.477
20cm,yolo12n,230,260,7.663,8.663,1,2,glass_normal,glass,normal,0.518555,384,67,611,468,103.477
20cm,yolo12n,230,260,7.663,8.663,2,5,pet_normal,pet,normal,0.686523,61,0,218,459,103.477
20cm,yolo12n,231,261,7.696,8.696,0,0,can_normal,can,normal,0.70752,258,106,369,438,102.304
20cm,yolo12n,231,261,7.696,8.696,1,2,glass_normal,glass,normal,0.567871,388,68,610,466,102.304
20cm,yolo12n,231,261,7.696,8.696,2,5,pet_normal,pet,normal,0.6875,60,39,217,459,102.304
20cm,yolo12n,232,262,7.73,8.729,0,0,can_normal,can,normal,0.629883,258,105,369,437,106.536
20cm,yolo12n,232,262,7.73,8.729,1,2,glass_normal,glass,normal,0.652832,386,69,610,468,106.536
20cm,yolo12n,232,262,7.73,8.729,2,5,pet_normal,pet,normal,0.719727,60,43,217,460,106.536
20cm,yolo12n,233,263,7.763,8.763,0,0,can_normal,can,normal,0.540039,258,105,369,437,103.675
20cm,yolo12n,233,263,7.763,8.763,1,5,pet_normal,pet,normal,0.675781,61,36,218,460,103.675
20cm,yolo12n,234,264,7.796,8.796,0,0,can_normal,can,normal,0.526367,258,105,370,437,103.31
20cm,yolo12n,234,264,7.796,8.796,1,5,pet_normal,pet,normal,0.698242,61,0,218,461,103.31
20cm,yolo12n,235,265,7.83,8.829,0,0,can_normal,can,normal,0.606445,258,106,369,437,103.367
20cm,yolo12n,235,265,7.83,8.829,1,5,pet_normal,pet,normal,0.670898,61,39,218,461,103.367
20cm,yolo12n,236,266,7.863,8.863,0,0,can_normal,can,normal,0.691895,257,106,369,438,104.22
20cm,yolo12n,236,266,7.863,8.863,1,5,pet_normal,pet,normal,0.691895,60,46,217,460,104.22
20cm,yolo12n,237,267,7.896,8.896,0,0,can_normal,can,normal,0.564941,257,105,369,437,103.943
20cm,yolo12n,237,267,7.896,8.896,1,5,pet_normal,pet,normal,0.681152,60,45,217,461,103.943
20cm,yolo12n,238,268,7.93,8.929,0,0,can_normal,can,normal,0.342529,257,106,369,438,103.526
20cm,yolo12n,238,268,7.93,8.929,1,5,pet_normal,pet,normal,0.679199,60,44,217,462,103.526
20cm,yolo12n,239,269,7.963,8.963,0,5,pet_normal,pet,normal,0.677246,60,44,217,460,109.288
20cm,yolo12n,240,270,7.996,8.996,0,0,can_normal,can,normal,0.283447,255,114,366,439,104.439
20cm,yolo12n,240,270,7.996,8.996,1,5,pet_normal,pet,normal,0.601074,61,37,218,460,104.439
20cm,yolo12n,241,271,8.03,9.029,0,5,pet_normal,pet,normal,0.619141,61,38,218,461,103.759
20cm,yolo12n,242,272,8.063,9.062,0,5,pet_normal,pet,normal,0.659668,60,41,218,461,104.208
20cm,yolo12n,243,273,8.096,9.096,0,5,pet_normal,pet,normal,0.730957,60,42,217,460,104.526
20cm,yolo12n,244,274,8.13,9.129,0,5,pet_normal,pet,normal,0.705078,61,0,218,461,103.776
20cm,yolo12n,245,275,8.163,9.162,0,5,pet_normal,pet,normal,0.707031,61,0,218,463,103.416
20cm,yolo12n,246,276,8.196,9.196,,,,,,,,,,,103.17
20cm,yolo12n,247,277,8.23,9.229,,,,,,,,,,,103.571
20cm,yolo12n,248,278,8.263,9.262,,,,,,,,,,,104.748
20cm,yolo12n,249,279,8.296,9.296,,,,,,,,,,,103.824
20cm,yolo12n,250,280,8.329,9.329,,,,,,,,,,,103.238
20cm,yolo12n,251,281,8.363,9.362,0,2,glass_normal,glass,normal,0.34082,355,57,576,479,104.548
20cm,yolo12n,251,281,8.363,9.362,1,5,pet_normal,pet,normal,0.343994,0,0,167,470,104.548
20cm,yolo12n,252,282,8.396,9.396,0,2,glass_normal,glass,normal,0.472412,358,101,578,479,107.635
20cm,yolo12n,252,282,8.396,9.396,1,5,pet_normal,pet,normal,0.432861,0,2,165,467,107.635
20cm,yolo12n,253,283,8.429,9.429,0,5,pet_normal,pet,normal,0.598145,0,2,165,462,103.497
20cm,yolo12n,254,284,8.463,9.462,0,5,pet_normal,pet,normal,0.70752,0,3,165,462,103.86
20cm,yolo12n,255,285,8.496,9.496,0,5,pet_normal,pet,normal,0.694336,0,5,165,458,104.106
20cm,yolo12n,256,286,8.529,9.529,0,5,pet_normal,pet,normal,0.652344,0,4,164,461,104.261
20cm,yolo12n,257,287,8.563,9.562,0,2,glass_normal,glass,normal,0.308105,369,56,588,479,103.983
20cm,yolo12n,257,287,8.563,9.562,1,5,pet_normal,pet,normal,0.579102,0,3,166,461,103.983
20cm,yolo12n,258,288,8.596,9.596,0,2,glass_normal,glass,normal,0.77002,367,66,583,479,102.765
20cm,yolo12n,258,288,8.596,9.596,1,4,glass_packaging,glass,packaging,0.300781,535,0,638,285,102.765
20cm,yolo12n,258,288,8.596,9.596,2,5,pet_normal,pet,normal,0.526367,0,3,168,459,102.765
20cm,yolo12n,259,289,8.629,9.629,0,2,glass_normal,glass,normal,0.712402,364,65,582,479,102.938
20cm,yolo12n,259,289,8.629,9.629,1,5,pet_normal,pet,normal,0.436768,0,1,167,456,102.938
20cm,yolo12n,260,290,8.663,9.662,0,4,glass_packaging,glass,packaging,0.267822,536,0,639,295,103.09
20cm,yolo12n,260,290,8.663,9.662,1,5,pet_normal,pet,normal,0.25293,0,0,170,463,103.09
20cm,yolo12n,261,291,8.696,9.696,0,5,pet_normal,pet,normal,0.489746,4,1,174,461,104.617
20cm,yolo12n,262,292,8.729,9.729,0,5,pet_normal,pet,normal,0.463623,9,1,183,460,103.29
20cm,yolo12n,263,293,8.763,9.762,0,2,glass_normal,glass,normal,0.464844,383,46,622,479,104.475
20cm,yolo12n,263,293,8.763,9.762,1,5,pet_normal,pet,normal,0.557129,13,2,191,459,104.475
20cm,yolo12n,264,294,8.796,9.795,0,2,glass_normal,glass,normal,0.30542,384,43,622,479,103.464
20cm,yolo12n,264,294,8.796,9.795,1,5,pet_normal,pet,normal,0.508789,14,4,197,461,103.464
20cm,yolo12n,265,295,8.829,9.829,0,5,pet_normal,pet,normal,0.625977,15,4,201,460,107.693
20cm,yolo12n,266,296,8.863,9.862,0,5,pet_normal,pet,normal,0.623535,15,4,204,464,103.045
20cm,yolo12n,267,297,8.896,9.895,0,5,pet_normal,pet,normal,0.665527,17,5,207,458,102.514
20cm,yolo12n,268,298,8.929,9.929,0,2,glass_normal,glass,normal,0.349854,362,48,601,479,104.484
20cm,yolo12n,268,298,8.929,9.929,1,5,pet_normal,pet,normal,0.717773,17,4,208,468,104.484
20cm,yolo12n,269,299,8.963,9.962,0,2,glass_normal,glass,normal,0.469727,364,38,601,479,103.643
20cm,yolo12n,269,299,8.963,9.962,1,5,pet_normal,pet,normal,0.73877,17,3,209,462,103.643
20cm,yolo12n,270,300,8.996,9.995,0,5,pet_normal,pet,normal,0.745117,17,2,209,458,104.246
20cm,yolo12n,271,301,9.029,10.029,0,2,glass_normal,glass,normal,0.539551,368,56,598,479,102.883
20cm,yolo12n,271,301,9.029,10.029,1,5,pet_normal,pet,normal,0.753418,16,1,209,459,102.883
20cm,yolo12n,272,302,9.062,10.062,0,2,glass_normal,glass,normal,0.523926,367,58,599,479,103.982
20cm,yolo12n,272,302,9.062,10.062,1,5,pet_normal,pet,normal,0.765137,17,1,210,460,103.982
20cm,yolo12n,273,303,9.096,10.095,0,5,pet_normal,pet,normal,0.670898,17,1,211,460,103.742
20cm,yolo12n,274,304,9.129,10.129,0,5,pet_normal,pet,normal,0.727539,21,1,212,461,104.075
20cm,yolo12n,275,305,9.162,10.162,0,5,pet_normal,pet,normal,0.718262,23,1,214,460,104.413
20cm,yolo12n,275,305,9.162,10.162,1,5,pet_normal,pet,normal,0.306885,377,54,616,479,104.413
20cm,yolo12n,276,306,9.196,10.195,0,5,pet_normal,pet,normal,0.71582,25,1,214,455,104.433
20cm,yolo12n,277,307,9.229,10.229,0,2,glass_normal,glass,normal,0.42627,369,54,601,479,102.758
20cm,yolo12n,277,307,9.229,10.229,1,5,pet_normal,pet,normal,0.695312,26,1,214,456,102.758
20cm,yolo12n,278,308,9.262,10.262,0,2,glass_normal,glass,normal,0.597656,369,52,604,479,108.017
20cm,yolo12n,278,308,9.262,10.262,1,5,pet_normal,pet,normal,0.745605,29,2,214,454,108.017
20cm,yolo12n,279,309,9.296,10.295,0,2,glass_normal,glass,normal,0.588379,371,54,603,479,103.762
20cm,yolo12n,279,309,9.296,10.295,1,5,pet_normal,pet,normal,0.723145,30,6,213,458,103.762
20cm,yolo12n,280,310,9.329,10.329,0,2,glass_normal,glass,normal,0.655762,369,56,596,479,104.446
20cm,yolo12n,280,310,9.329,10.329,1,5,pet_normal,pet,normal,0.686523,31,9,212,462,104.446
20cm,yolo12n,281,311,9.362,10.362,0,2,glass_normal,glass,normal,0.347412,367,54,603,479,103.785
20cm,yolo12n,281,311,9.362,10.362,1,5,pet_normal,pet,normal,0.657227,33,12,210,465,103.785
20cm,yolo12n,282,312,9.396,10.395,0,5,pet_normal,pet,normal,0.389893,366,52,604,479,104.555
20cm,yolo12n,282,312,9.396,10.395,1,5,pet_normal,pet,normal,0.302002,30,6,214,471,104.555
20cm,yolo12n,283,313,9.429,10.429,0,5,pet_normal,pet,normal,0.469238,38,0,224,387,103.709
20cm,yolo12n,283,313,9.429,10.429,1,5,pet_normal,pet,normal,0.317871,365,54,598,479,103.709
20cm,yolo12n,284,314,9.462,10.462,0,2,glass_normal,glass,normal,0.452393,362,56,592,473,103.408
20cm,yolo12n,285,315,9.496,10.495,0,2,glass_normal,glass,normal,0.393311,367,60,590,474,107.668
20cm,yolo12n,285,315,9.496,10.495,1,5,pet_normal,pet,normal,0.314209,365,63,591,477,107.668
20cm,yolo12n,286,316,9.529,10.528,0,5,pet_normal,pet,normal,0.489746,371,56,597,479,104.341
20cm,yolo12n,287,317,9.562,10.562,,,,,,,,,,,103.566
20cm,yolo12n,288,318,9.596,10.595,0,5,pet_normal,pet,normal,0.366211,378,52,611,479,103.358
20cm,yolo12n,289,319,9.629,10.628,0,5,pet_normal,pet,normal,0.277588,375,51,611,479,102.788
20cm,yolo12n,290,320,9.662,10.662,,,,,,,,,,,104.457
20cm,yolo12n,291,321,9.696,10.695,0,5,pet_normal,pet,normal,0.427246,368,60,598,479,110.806
20cm,yolo12n,292,322,9.729,10.728,0,5,pet_normal,pet,normal,0.328857,373,55,605,479,103.622
20cm,yolo12n,293,323,9.762,10.762,0,5,pet_normal,pet,normal,0.350586,368,53,606,479,104.991
20cm,yolo12n,294,324,9.795,10.795,0,5,pet_normal,pet,normal,0.30127,370,53,604,479,104.231
20cm,yolo12n,294,324,9.795,10.795,1,6,pet_dirty,pet,dirty,0.285645,369,54,603,479,104.231
20cm,yolo12n,295,325,9.829,10.828,0,5,pet_normal,pet,normal,0.331543,370,57,605,479,104.176
20cm,yolo12n,295,325,9.829,10.828,1,6,pet_dirty,pet,dirty,0.306641,370,57,605,479,104.176
20cm,yolo12n,296,326,9.862,10.862,0,5,pet_normal,pet,normal,0.327881,368,57,604,479,104.153
20cm,yolo12n,297,327,9.895,10.895,0,5,pet_normal,pet,normal,0.333252,368,61,602,479,103.348
20cm,yolo12n,298,328,9.929,10.928,0,5,pet_normal,pet,normal,0.280518,369,62,600,479,107.231
20cm,yolo12n,299,329,9.962,10.962,,,,,,,,,,,103.964
20cm,yolo12n,300,330,9.995,10.995,0,2,glass_normal,glass,normal,0.415527,372,60,599,479,103.852
20cm,yolo12n,301,331,10.029,11.028,0,2,glass_normal,glass,normal,0.358887,372,62,598,479,103.26
20cm,yolo12n,302,332,10.062,11.062,0,5,pet_normal,pet,normal,0.250732,371,59,600,479,104.193
20cm,yolo12n,303,333,10.095,11.095,0,5,pet_normal,pet,normal,0.257568,371,59,601,479,104.622
20cm,yolo12n,304,334,10.129,11.128,0,2,glass_normal,glass,normal,0.28125,369,59,596,479,104.28
20cm,yolo12n,304,334,10.129,11.128,1,5,pet_normal,pet,normal,0.260498,368,61,599,479,104.28
20cm,yolo12n,305,335,10.162,11.162,0,2,glass_normal,glass,normal,0.353271,369,61,596,479,108.463
20cm,yolo12n,306,336,10.195,11.195,0,2,glass_normal,glass,normal,0.437012,369,61,596,479,104.064
20cm,yolo12n,307,337,10.229,11.228,0,2,glass_normal,glass,normal,0.438965,370,59,597,479,103.605
20cm,yolo12n,308,338,10.262,11.261,0,2,glass_normal,glass,normal,0.504395,370,59,595,479,103.425
20cm,yolo12n,309,339,10.295,11.295,0,2,glass_normal,glass,normal,0.463379,370,60,596,479,105.623
20cm,yolo12n,310,340,10.329,11.328,0,2,glass_normal,glass,normal,0.431396,372,62,597,479,103.021
20cm,yolo12n,311,341,10.362,11.361,0,2,glass_normal,glass,normal,0.496338,370,60,594,479,103.974
20cm,yolo12n,312,342,10.395,11.395,0,2,glass_normal,glass,normal,0.381104,370,60,596,479,104.806
20cm,yolo12n,313,343,10.429,11.428,0,2,glass_normal,glass,normal,0.380127,369,62,594,479,104.509
20cm,yolo12n,314,344,10.462,11.461,0,2,glass_normal,glass,normal,0.373291,368,62,595,479,103.488
20cm,yolo12n,315,345,10.495,11.495,0,2,glass_normal,glass,normal,0.414307,369,61,596,479,103.294
20cm,yolo12n,316,346,10.528,11.528,0,5,pet_normal,pet,normal,0.373535,368,63,603,479,102.605
20cm,yolo12n,317,347,10.562,11.561,0,5,pet_normal,pet,normal,0.365723,368,62,603,479,104.119
20cm,yolo12n,318,348,10.595,11.595,0,5,pet_normal,pet,normal,0.520996,368,61,604,479,108.808
20cm,yolo12n,319,349,10.628,11.628,,,,,,,,,,,103.93
20cm,yolo12n,320,350,10.662,11.661,,,,,,,,,,,103.744
20cm,yolo12n,321,351,10.695,11.695,,,,,,,,,,,103.603
20cm,yolo12n,322,352,10.728,11.728,,,,,,,,,,,103.98
20cm,yolo12n,323,353,10.762,11.761,,,,,,,,,,,104.066
20cm,yolo12n,324,354,10.795,11.795,0,5,pet_normal,pet,normal,0.447754,283,82,453,445,104.1
20cm,yolo12n,325,355,10.828,11.828,0,5,pet_normal,pet,normal,0.532227,280,81,449,442,107.625
20cm,yolo12n,326,356,10.862,11.861,0,5,pet_normal,pet,normal,0.47168,278,82,455,441,103.845
20cm,yolo12n,327,357,10.895,11.894,0,5,pet_normal,pet,normal,0.462402,278,80,454,441,104.439
20cm,yolo12n,328,358,10.928,11.928,0,5,pet_normal,pet,normal,0.45874,279,74,457,442,103.327
20cm,yolo12n,329,359,10.962,11.961,,,,,,,,,,,102.343
20cm,yolo12n,330,360,10.995,11.994,0,5,pet_normal,pet,normal,0.339844,302,56,476,449,103.69
20cm,yolo12n,331,361,11.028,12.028,0,5,pet_normal,pet,normal,0.290771,312,57,494,447,115.775
20cm,yolo12n,332,362,11.062,12.061,0,5,pet_normal,pet,normal,0.3479,319,81,507,446,103.656
20cm,yolo12n,333,363,11.095,12.094,0,5,pet_normal,pet,normal,0.467041,325,83,514,445,103.832
20cm,yolo12n,334,364,11.128,12.128,0,5,pet_normal,pet,normal,0.554199,323,83,513,446,103.549
20cm,yolo12n,335,365,11.162,12.161,0,5,pet_normal,pet,normal,0.43457,319,83,510,447,103.444
20cm,yolo12n,336,366,11.195,12.194,0,5,pet_normal,pet,normal,0.474121,308,82,496,449,103.862
20cm,yolo12n,337,367,11.228,12.228,0,5,pet_normal,pet,normal,0.509277,295,84,487,448,102.672
20cm,yolo12n,338,368,11.261,12.261,0,5,pet_normal,pet,normal,0.512695,290,81,477,447,106.19
20cm,yolo12n,339,369,11.295,12.294,0,5,pet_normal,pet,normal,0.516113,290,80,477,447,104.071
20cm,yolo12n,340,370,11.328,12.328,0,5,pet_normal,pet,normal,0.54248,289,72,479,447,105.333
20cm,yolo12n,341,371,11.361,12.361,0,5,pet_normal,pet,normal,0.549316,293,81,484,449,104.23
20cm,yolo12n,342,372,11.395,12.394,0,5,pet_normal,pet,normal,0.522461,300,84,491,449,103.304
20cm,yolo12n,343,373,11.428,12.428,0,5,pet_normal,pet,normal,0.616699,302,83,492,449,102.992
20cm,yolo12n,344,374,11.461,12.461,0,5,pet_normal,pet,normal,0.500488,307,84,491,449,103.106
20cm,yolo12n,345,375,11.495,12.494,0,2,glass_normal,glass,normal,0.318604,305,86,489,449,107.432
20cm,yolo12n,345,375,11.495,12.494,1,5,pet_normal,pet,normal,0.278564,303,85,489,448,107.432
20cm,yolo12n,346,376,11.528,12.528,0,2,glass_normal,glass,normal,0.288574,304,88,489,448,103.665
20cm,yolo12n,346,376,11.528,12.528,1,5,pet_normal,pet,normal,0.376465,302,88,489,449,103.665
20cm,yolo12n,347,377,11.561,12.561,0,2,glass_normal,glass,normal,0.591309,302,86,490,449,104.789
20cm,yolo12n,348,378,11.595,12.594,0,2,glass_normal,glass,normal,0.770996,302,86,490,448,103.371
20cm,yolo12n,349,379,11.628,12.627,0,2,glass_normal,glass,normal,0.69043,302,87,491,449,103.382
20cm,yolo12n,350,380,11.661,12.661,0,2,glass_normal,glass,normal,0.764648,302,87,490,449,103.203
20cm,yolo12n,351,381,11.695,12.694,0,2,glass_normal,glass,normal,0.558105,302,87,490,450,104.203
20cm,yolo12n,351,381,11.695,12.694,1,5,pet_normal,pet,normal,0.266846,302,87,487,449,104.203
20cm,yolo12n,352,382,11.728,12.727,0,2,glass_normal,glass,normal,0.659668,301,86,490,449,102.712
20cm,yolo12n,353,383,11.761,12.761,0,2,glass_normal,glass,normal,0.72168,301,87,491,450,102.815
20cm,yolo12n,354,384,11.795,12.794,0,2,glass_normal,glass,normal,0.753418,301,87,490,449,104.913
20cm,yolo12n,355,385,11.828,12.827,0,2,glass_normal,glass,normal,0.776367,302,87,491,448,105.093
20cm,yolo12n,356,386,11.861,12.861,0,2,glass_normal,glass,normal,0.674316,302,87,491,449,104.202
20cm,yolo12n,357,387,11.894,12.894,0,2,glass_normal,glass,normal,0.579102,302,87,490,449,103.004
20cm,yolo12n,357,387,11.894,12.894,1,5,pet_normal,pet,normal,0.275146,302,87,486,449,103.004
20cm,yolo12n,358,388,11.928,12.927,0,2,glass_normal,glass,normal,0.612793,302,87,490,449,107.987
20cm,yolo12n,358,388,11.928,12.927,1,5,pet_normal,pet,normal,0.253418,302,87,486,449,107.987
20cm,yolo12n,359,389,11.961,12.961,0,2,glass_normal,glass,normal,0.631836,302,87,491,449,102.916
20cm,yolo12n,359,389,11.961,12.961,1,5,pet_normal,pet,normal,0.25415,302,87,487,449,102.916
20cm,yolo12n,360,390,11.994,12.994,0,2,glass_normal,glass,normal,0.708984,301,87,489,448,103.265
20cm,yolo12n,361,391,12.028,13.027,0,2,glass_normal,glass,normal,0.714355,302,87,491,449,102.919
20cm,yolo12n,362,392,12.061,13.061,0,2,glass_normal,glass,normal,0.674316,301,87,490,450,103.728
20cm,yolo12n,362,392,12.061,13.061,1,5,pet_normal,pet,normal,0.344238,302,87,487,449,103.728
20cm,yolo12n,363,393,12.094,13.094,0,2,glass_normal,glass,normal,0.693359,301,87,490,449,103.878
20cm,yolo12n,364,394,12.128,13.127,0,2,glass_normal,glass,normal,0.707031,301,87,490,449,103.509
20cm,yolo12n,365,395,12.161,13.161,0,2,glass_normal,glass,normal,0.769531,302,87,490,449,107.778
20cm,yolo12n,366,396,12.194,13.194,0,2,glass_normal,glass,normal,0.702637,302,87,490,449,103.688
20cm,yolo12n,366,396,12.194,13.194,1,5,pet_normal,pet,normal,0.303223,303,87,487,449,103.688
20cm,yolo12n,367,397,12.228,13.227,0,2,glass_normal,glass,normal,0.643555,301,87,490,449,103.43
20cm,yolo12n,367,397,12.228,13.227,1,5,pet_normal,pet,normal,0.344971,302,87,487,448,103.43
20cm,yolo12n,368,398,12.261,13.261,0,2,glass_normal,glass,normal,0.586914,302,87,491,449,104.425
20cm,yolo12n,368,398,12.261,13.261,1,5,pet_normal,pet,normal,0.370117,302,87,487,449,104.425
20cm,yolo12n,369,399,12.294,13.294,0,2,glass_normal,glass,normal,0.684082,302,88,490,449,104.797
20cm,yolo12n,369,399,12.294,13.294,1,5,pet_normal,pet,normal,0.394043,302,87,487,448,104.797
20cm,yolo12n,370,400,12.328,13.327,0,2,glass_normal,glass,normal,0.599609,301,88,490,449,105.223
20cm,yolo12n,370,400,12.328,13.327,1,5,pet_normal,pet,normal,0.425781,302,87,487,448,105.223
20cm,yolo12n,371,401,12.361,13.36,0,2,glass_normal,glass,normal,0.698242,301,88,490,449,110.418
20cm,yolo12n,371,401,12.361,13.36,1,5,pet_normal,pet,normal,0.359131,302,88,487,449,110.418
20cm,yolo12n,372,402,12.394,13.394,0,2,glass_normal,glass,normal,0.706055,301,88,489,450,108.168
20cm,yolo12n,372,402,12.394,13.394,1,5,pet_normal,pet,normal,0.382568,302,87,487,449,108.168
20cm,yolo12n,373,403,12.428,13.427,0,2,glass_normal,glass,normal,0.771484,301,88,490,450,103.546
20cm,yolo12n,374,404,12.461,13.46,0,2,glass_normal,glass,normal,0.688477,301,87,490,449,103.563
20cm,yolo12n,374,404,12.461,13.46,1,5,pet_normal,pet,normal,0.343018,302,87,487,449,103.563
20cm,yolo12n,375,405,12.494,13.494,0,2,glass_normal,glass,normal,0.700684,302,87,491,449,103.238
20cm,yolo12n,375,405,12.494,13.494,1,5,pet_normal,pet,normal,0.286133,303,87,488,449,103.238
20cm,yolo12n,376,406,12.528,13.527,0,2,glass_normal,glass,normal,0.752441,302,87,491,449,103.681
20cm,yolo12n,377,407,12.561,13.56,0,2,glass_normal,glass,normal,0.640625,302,87,490,449,103.219
20cm,yolo12n,378,408,12.594,13.594,0,2,glass_normal,glass,normal,0.714355,302,86,490,449,103.701
20cm,yolo12n,379,409,12.627,13.627,0,2,glass_normal,glass,normal,0.611328,302,86,489,450,103.662
20cm,yolo12n,380,410,12.661,13.66,0,5,pet_normal,pet,normal,0.477539,303,86,490,449,104.038
20cm,yolo12n,381,411,12.694,13.694,0,5,pet_normal,pet,normal,0.518066,302,86,489,449,103.547
20cm,yolo12n,382,412,12.727,13.727,0,5,pet_normal,pet,normal,0.47168,303,86,490,449,104.855
20cm,yolo12n,383,413,12.761,13.76,0,2,glass_normal,glass,normal,0.439697,303,87,490,449,103.987
20cm,yolo12n,383,413,12.761,13.76,1,5,pet_normal,pet,normal,0.333984,304,87,489,450,103.987
20cm,yolo12n,384,414,12.794,13.794,0,5,pet_normal,pet,normal,0.54248,304,87,490,450,104.615
20cm,yolo12n,385,415,12.827,13.827,0,2,glass_normal,glass,normal,0.267822,304,88,490,450,104.612
20cm,yolo12n,385,415,12.827,13.827,1,5,pet_normal,pet,normal,0.550293,304,88,489,451,104.612
20cm,yolo12n,386,416,12.861,13.86,0,5,pet_normal,pet,normal,0.586914,304,88,490,448,104.783
20cm,yolo12n,387,417,12.894,13.894,0,5,pet_normal,pet,normal,0.546387,302,86,491,449,104.33
20cm,yolo12n,388,418,12.927,13.927,0,5,pet_normal,pet,normal,0.551758,302,81,490,448,104.405
20cm,yolo12n,389,419,12.961,13.96,0,5,pet_normal,pet,normal,0.653809,302,89,490,448,104.371
20cm,yolo12n,390,420,12.994,13.994,0,5,pet_normal,pet,normal,0.694336,302,86,490,448,103.017
20cm,yolo12n,391,421,13.027,14.027,0,5,pet_normal,pet,normal,0.650391,302,83,490,449,103.958
20cm,yolo12n,392,422,13.061,14.06,0,5,pet_normal,pet,normal,0.543457,302,85,490,449,108.372
20cm,yolo12n,393,423,13.094,14.093,0,5,pet_normal,pet,normal,0.591309,302,83,491,449,103.955
20cm,yolo12n,394,424,13.127,14.127,0,5,pet_normal,pet,normal,0.540527,302,82,491,449,104.304
20cm,yolo12n,394,424,13.127,14.127,1,9,plastic_normal,plastic,normal,0.324951,318,44,395,98,104.304
20cm,yolo12n,395,425,13.161,14.16,0,5,pet_normal,pet,normal,0.465088,301,80,491,452,105.202
20cm,yolo12n,396,426,13.194,14.193,0,5,pet_normal,pet,normal,0.256348,300,82,482,453,103.952
20cm,yolo12n,396,426,13.194,14.193,1,6,pet_dirty,pet,dirty,0.380615,300,81,481,452,103.952
20cm,yolo12n,397,427,13.227,14.227,0,5,pet_normal,pet,normal,0.435547,305,81,478,451,102.589
20cm,yolo12n,398,428,13.261,14.26,0,5,pet_normal,pet,normal,0.396484,309,81,481,452,102.394
20cm,yolo12n,399,429,13.294,14.293,,,,,,,,,,,106.006
20cm,yolo12n,400,430,13.327,14.327,,,,,,,,,,,104.382
20cm,yolo12n,401,431,13.36,14.36,,,,,,,,,,,104.628
20cm,yolo12n,402,432,13.394,14.393,,,,,,,,,,,104.033
20cm,yolo12n,403,433,13.427,14.427,,,,,,,,,,,104.003
20cm,yolo12n,404,434,13.46,14.46,,,,,,,,,,,104.429
20cm,yolo12n,405,435,13.494,14.493,,,,,,,,,,,107.66
20cm,yolo12n,406,436,13.527,14.527,,,,,,,,,,,104.339
20cm,yolo12n,407,437,13.56,14.56,,,,,,,,,,,104.46
20cm,yolo12n,408,438,13.594,14.593,0,4,glass_packaging,glass,packaging,0.316895,537,0,639,335,103.485
20cm,yolo12n,409,439,13.627,14.627,,,,,,,,,,,104.204
20cm,yolo12n,410,440,13.66,14.66,,,,,,,,,,,104.403
20cm,yolo12n,411,441,13.694,14.693,,,,,,,,,,,115.541
20cm,yolo12n,412,442,13.727,14.727,,,,,,,,,,,110.522
20cm,yolo12n,413,443,13.76,14.76,0,10,plastic_dirty,plastic,dirty,0.2771,534,0,639,338,103.786
20cm,yolo12n,414,444,13.794,14.793,0,10,plastic_dirty,plastic,dirty,0.301758,533,0,639,333,104.257
20cm,yolo12n,415,445,13.827,14.826,,,,,,,,,,,103.051
20cm,yolo12n,416,446,13.86,14.86,,,,,,,,,,,104.284
20cm,yolo12n,417,447,13.894,14.893,,,,,,,,,,,102.751
20cm,yolo12n,418,448,13.927,14.926,,,,,,,,,,,103.94
20cm,yolo12n,419,449,13.96,14.96,,,,,,,,,,,107.752
20cm,yolo12n,420,450,13.994,14.993,,,,,,,,,,,103.534
20cm,yolo12n,421,451,14.027,15.026,,,,,,,,,,,102.803
20cm,yolo12n,422,452,14.06,15.06,,,,,,,,,,,103.146
20cm,yolo12n,423,453,14.093,15.093,,,,,,,,,,,104.527
20cm,yolo12n,424,454,14.127,15.126,,,,,,,,,,,103.08
20cm,yolo12n,425,455,14.16,15.16,,,,,,,,,,,103.236
20cm,yolo12n,426,456,14.193,15.193,,,,,,,,,,,103.181
20cm,yolo12n,427,457,14.227,15.226,,,,,,,,,,,103.28
20cm,yolo12n,428,458,14.26,15.26,,,,,,,,,,,102.947
20cm,yolo12n,429,459,14.293,15.293,,,,,,,,,,,103.116
20cm,yolo12n,430,460,14.327,15.326,,,,,,,,,,,104.383
20cm,yolo12n,431,461,14.36,15.36,,,,,,,,,,,104.048
20cm,yolo12n,432,462,14.393,15.393,,,,,,,,,,,103.604
20cm,yolo12n,433,463,14.427,15.426,,,,,,,,,,,101.967
20cm,yolo12n,434,464,14.46,15.46,,,,,,,,,,,103.118
20cm,yolo12n,435,465,14.493,15.493,,,,,,,,,,,104.683
20cm,yolo12n,436,466,14.527,15.526,,,,,,,,,,,104.23
20cm,yolo12n,437,467,14.56,15.559,,,,,,,,,,,104.79
20cm,yolo12n,438,468,14.593,15.593,0,5,pet_normal,pet,normal,0.522461,151,283,478,395,104.199
20cm,yolo12n,439,469,14.627,15.626,0,5,pet_normal,pet,normal,0.428955,156,244,471,375,108.06
20cm,yolo12n,440,470,14.66,15.659,0,5,pet_normal,pet,normal,0.253906,158,235,528,368,103.784
20cm,yolo12n,441,471,14.693,15.693,0,5,pet_normal,pet,normal,0.317627,159,236,511,377,103.165
20cm,yolo12n,442,472,14.727,15.726,,,,,,,,,,,104.222
20cm,yolo12n,443,473,14.76,15.759,0,7,pet_packaging,pet,packaging,0.391113,162,240,585,377,102.542
20cm,yolo12n,444,474,14.793,15.793,0,4,glass_packaging,glass,packaging,0.378418,537,0,637,342,103.468
20cm,yolo12n,444,474,14.793,15.793,1,7,pet_packaging,pet,packaging,0.272217,165,241,615,377,103.468
20cm,yolo12n,445,475,14.826,15.826,0,4,glass_packaging,glass,packaging,0.328613,537,0,638,356,104.013
20cm,yolo12n,446,476,14.86,15.859,0,5,pet_normal,pet,normal,0.395752,166,280,622,385,106.252
20cm,yolo12n,447,477,14.893,15.893,0,7,pet_packaging,pet,packaging,0.275146,173,269,628,385,104.337
20cm,yolo12n,448,478,14.926,15.926,0,4,glass_packaging,glass,packaging,0.298584,536,0,638,331,104.59
20cm,yolo12n,449,479,14.96,15.959,0,5,pet_normal,pet,normal,0.253418,184,281,625,396,104.596
20cm,yolo12n,450,480,14.993,15.993,0,5,pet_normal,pet,normal,0.294189,187,284,632,377,105.14
20cm,yolo12n,451,481,15.026,16.026,0,4,glass_packaging,glass,packaging,0.2854,537,0,638,310,103.853
20cm,yolo12n,451,481,15.026,16.026,1,5,pet_normal,pet,normal,0.383545,186,284,639,380,103.853
20cm,yolo12n,452,482,15.06,16.059,0,4,glass_packaging,glass,packaging,0.271973,536,0,638,324,108.417
20cm,yolo12n,452,482,15.06,16.059,1,5,pet_normal,pet,normal,0.412598,185,289,639,377,108.417
20cm,yolo12n,453,483,15.093,16.093,,,,,,,,,,,103.178
20cm,yolo12n,454,484,15.126,16.126,0,4,glass_packaging,glass,packaging,0.377441,536,0,638,334,103.001
20cm,yolo12n,454,484,15.126,16.126,1,7,pet_packaging,pet,packaging,0.317139,194,292,639,376,103.001
20cm,yolo12n,455,485,15.16,16.159,0,4,glass_packaging,glass,packaging,0.388916,537,0,639,341,103.397
20cm,yolo12n,455,485,15.16,16.159,1,5,pet_normal,pet,normal,0.262695,194,285,637,385,103.397
20cm,yolo12n,456,486,15.193,16.193,0,4,glass_packaging,glass,packaging,0.391357,537,0,639,332,103.576
20cm,yolo12n,456,486,15.193,16.193,1,5,pet_normal,pet,normal,0.404541,193,277,638,377,103.576
20cm,yolo12n,457,487,15.226,16.226,0,4,glass_packaging,glass,packaging,0.317383,536,0,638,335,103.667
20cm,yolo12n,457,487,15.226,16.226,1,5,pet_normal,pet,normal,0.343994,189,276,637,379,103.667
20cm,yolo12n,458,488,15.26,16.259,0,4,glass_packaging,glass,packaging,0.251221,535,0,639,322,102.775
20cm,yolo12n,458,488,15.26,16.259,1,5,pet_normal,pet,normal,0.429443,187,278,629,417,102.775
20cm,yolo12n,459,489,15.293,16.292,0,5,pet_normal,pet,normal,0.253906,180,287,624,413,107.075
20cm,yolo12n,459,489,15.293,16.292,1,10,plastic_dirty,plastic,dirty,0.338135,533,0,639,244,107.075
20cm,yolo12n,460,490,15.326,16.326,0,10,plastic_dirty,plastic,dirty,0.338379,534,0,639,243,103.772
20cm,yolo12n,461,491,15.36,16.359,0,5,pet_normal,pet,normal,0.334961,180,293,639,448,103.808
20cm,yolo12n,461,491,15.36,16.359,1,10,plastic_dirty,plastic,dirty,0.359863,532,0,638,242,103.808
20cm,yolo12n,462,492,15.393,16.392,0,5,pet_normal,pet,normal,0.322754,189,293,638,388,103.434
20cm,yolo12n,462,492,15.393,16.392,1,10,plastic_dirty,plastic,dirty,0.465576,533,0,639,224,103.434
20cm,yolo12n,463,493,15.426,16.426,0,5,pet_normal,pet,normal,0.304443,177,297,639,467,103.16
20cm,yolo12n,463,493,15.426,16.426,1,10,plastic_dirty,plastic,dirty,0.65625,533,0,639,214,103.16
20cm,yolo12n,464,494,15.46,16.459,0,5,pet_normal,pet,normal,0.394775,182,297,639,457,103.287
20cm,yolo12n,464,494,15.46,16.459,1,10,plastic_dirty,plastic,dirty,0.370117,532,0,638,215,103.287
20cm,yolo12n,465,495,15.493,16.492,0,5,pet_normal,pet,normal,0.304688,180,298,638,461,103.227
20cm,yolo12n,465,495,15.493,16.492,1,10,plastic_dirty,plastic,dirty,0.365967,533,0,634,196,103.227
20cm,yolo12n,466,496,15.526,16.526,0,5,pet_normal,pet,normal,0.311523,214,297,638,455,102.877
20cm,yolo12n,466,496,15.526,16.526,1,10,plastic_dirty,plastic,dirty,0.377686,533,0,635,191,102.877
20cm,yolo12n,467,497,15.559,16.559,0,5,pet_normal,pet,normal,0.541016,179,297,636,375,104.338
20cm,yolo12n,467,497,15.559,16.559,1,10,plastic_dirty,plastic,dirty,0.36499,533,0,634,187,104.338
20cm,yolo12n,468,498,15.593,16.592,0,5,pet_normal,pet,normal,0.472656,188,299,637,374,104.431
20cm,yolo12n,468,498,15.593,16.592,1,10,plastic_dirty,plastic,dirty,0.385254,533,0,625,183,104.431
20cm,yolo12n,469,499,15.626,16.626,0,5,pet_normal,pet,normal,0.362061,161,301,638,466,103.013
20cm,yolo12n,469,499,15.626,16.626,1,10,plastic_dirty,plastic,dirty,0.405029,532,0,622,176,103.013
20cm,yolo12n,470,500,15.659,16.659,0,6,pet_dirty,pet,dirty,0.259521,157,300,639,461,103.427
20cm,yolo12n,470,500,15.659,16.659,1,10,plastic_dirty,plastic,dirty,0.251221,532,0,622,177,103.427
20cm,yolo12n,471,501,15.693,16.692,0,5,pet_normal,pet,normal,0.26123,164,301,639,479,103.495
20cm,yolo12n,471,501,15.693,16.692,1,10,plastic_dirty,plastic,dirty,0.26709,532,0,626,185,103.495
20cm,yolo12n,472,502,15.726,16.726,0,5,pet_normal,pet,normal,0.325439,172,299,638,376,103.22
20cm,yolo12n,472,502,15.726,16.726,1,10,plastic_dirty,plastic,dirty,0.259033,533,0,635,209,103.22
20cm,yolo12n,473,503,15.759,16.759,0,4,glass_packaging,glass,packaging,0.305176,534,0,636,250,102.424
20cm,yolo12n,473,503,15.759,16.759,1,5,pet_normal,pet,normal,0.557129,222,299,637,376,102.424
20cm,yolo12n,473,503,15.759,16.759,2,10,plastic_dirty,plastic,dirty,0.269043,533,0,637,245,102.424
20cm,yolo12n,474,504,15.793,16.792,0,4,glass_packaging,glass,packaging,0.452393,534,0,639,264,103.545
20cm,yolo12n,475,505,15.826,16.826,0,5,pet_normal,pet,normal,0.348389,158,302,546,377,103.67
20cm,yolo12n,475,505,15.826,16.826,1,10,plastic_dirty,plastic,dirty,0.434326,533,0,639,265,103.67
20cm,yolo12n,476,506,15.859,16.859,0,5,pet_normal,pet,normal,0.368408,172,301,534,378,103.888
20cm,yolo12n,476,506,15.859,16.859,1,10,plastic_dirty,plastic,dirty,0.350586,532,0,639,128,103.888
20cm,yolo12n,477,507,15.893,16.892,0,10,plastic_dirty,plastic,dirty,0.250488,533,0,627,159,104.266
20cm,yolo12n,478,508,15.926,16.926,0,10,plastic_dirty,plastic,dirty,0.539551,533,0,634,202,104.005
20cm,yolo12n,479,509,15.959,16.959,0,4,glass_packaging,glass,packaging,0.381348,538,0,634,246,108.822
20cm,yolo12n,480,510,15.993,16.992,0,4,glass_packaging,glass,packaging,0.442871,543,0,636,248,104.132
20cm,yolo12n,480,510,15.993,16.992,1,10,plastic_dirty,plastic,dirty,0.341797,542,0,638,247,104.132
20cm,yolo12n,481,511,16.026,17.025,,,,,,,,,,,104.152
20cm,yolo12n,482,512,16.059,17.059,,,,,,,,,,,103.769
20cm,yolo12n,483,513,16.093,17.092,0,7,pet_packaging,pet,packaging,0.305176,230,264,450,336,103.475
20cm,yolo12n,484,514,16.126,17.125,,,,,,,,,,,103.886
20cm,yolo12n,485,515,16.159,17.159,0,7,pet_packaging,pet,packaging,0.388184,212,251,457,320,102.748
20cm,yolo12n,485,515,16.159,17.159,1,8,pet_dirty_packaging,pet,dirty_packaging,0.349854,213,251,453,320,102.748
20cm,yolo12n,486,516,16.193,17.192,0,5,pet_normal,pet,normal,0.252197,216,191,604,328,103.347
20cm,yolo12n,486,516,16.193,17.192,1,7,pet_packaging,pet,packaging,0.553711,214,238,443,328,103.347
20cm,yolo12n,487,517,16.226,17.225,0,7,pet_packaging,pet,packaging,0.626953,222,232,444,325,103.978
20cm,yolo12n,488,518,16.259,17.259,0,7,pet_packaging,pet,packaging,0.626953,223,232,447,324,102.67
20cm,yolo12n,489,519,16.292,17.292,0,5,pet_normal,pet,normal,0.299316,227,180,629,327,103.849
20cm,yolo12n,490,520,16.326,17.325,0,7,pet_packaging,pet,packaging,0.280762,228,234,527,333,104.575
20cm,yolo12n,491,521,16.359,17.359,0,5,pet_normal,pet,normal,0.412354,225,180,630,332,104.439
20cm,yolo12n,491,521,16.359,17.359,1,7,pet_packaging,pet,packaging,0.278076,226,181,626,332,104.439
20cm,yolo12n,492,522,16.392,17.392,0,7,pet_packaging,pet,packaging,0.280762,222,199,575,334,107.557
20cm,yolo12n,493,523,16.426,17.425,0,7,pet_packaging,pet,packaging,0.304932,223,206,554,331,102.695
20cm,yolo12n,494,524,16.459,17.459,0,7,pet_packaging,pet,packaging,0.448486,223,208,563,330,103.788
20cm,yolo12n,495,525,16.492,17.492,0,7,pet_packaging,pet,packaging,0.500488,224,239,493,325,103.284
20cm,yolo12n,496,526,16.526,17.525,0,7,pet_packaging,pet,packaging,0.616699,225,239,485,324,102.827
20cm,yolo12n,497,527,16.559,17.559,0,7,pet_packaging,pet,packaging,0.691406,226,239,475,324,103.261
20cm,yolo12n,498,528,16.592,17.592,0,7,pet_packaging,pet,packaging,0.636719,226,239,476,325,102.726
20cm,yolo12n,499,529,16.626,17.625,0,7,pet_packaging,pet,packaging,0.675293,225,238,503,325,107.191
20cm,yolo12n,500,530,16.659,17.658,0,7,pet_packaging,pet,packaging,0.60791,224,239,485,326,104.411
20cm,yolo12n,501,531,16.692,17.692,0,7,pet_packaging,pet,packaging,0.646484,223,240,475,326,104.418
20cm,yolo12n,502,532,16.726,17.725,0,7,pet_packaging,pet,packaging,0.632324,221,241,499,328,104.517
20cm,yolo12n,503,533,16.759,17.758,0,7,pet_packaging,pet,packaging,0.64209,219,244,503,332,104.288
20cm,yolo12n,504,534,16.792,17.792,0,7,pet_packaging,pet,packaging,0.586426,218,244,503,332,103.869
20cm,yolo12n,505,535,16.826,17.825,0,7,pet_packaging,pet,packaging,0.581543,216,247,504,331,102.905
20cm,yolo12n,506,536,16.859,17.858,0,7,pet_packaging,pet,packaging,0.380859,215,247,528,333,102.573
20cm,yolo12n,507,537,16.892,17.892,0,7,pet_packaging,pet,packaging,0.465576,215,254,458,334,103.158
20cm,yolo12n,508,538,16.926,17.925,0,7,pet_packaging,pet,packaging,0.484131,214,253,516,336,103.897
20cm,yolo12n,509,539,16.959,17.958,0,7,pet_packaging,pet,packaging,0.476074,215,208,597,334,104.255
20cm,yolo12n,510,540,16.992,17.992,0,7,pet_packaging,pet,packaging,0.342285,217,213,589,335,103.803
20cm,yolo12n,511,541,17.025,18.025,,,,,,,,,,,103.705
20cm,yolo12n,512,542,17.059,18.058,,,,,,,,,,,105.649
20cm,yolo12n,513,543,17.092,18.092,0,7,pet_packaging,pet,packaging,0.331055,238,288,441,336,104.03
20cm,yolo12n,514,544,17.125,18.125,0,7,pet_packaging,pet,packaging,0.282959,245,292,432,338,103.472
20cm,yolo12n,514,544,17.125,18.125,1,8,pet_dirty_packaging,pet,dirty_packaging,0.479492,243,292,430,338,103.472
20cm,yolo12n,515,545,17.159,18.158,0,7,pet_packaging,pet,packaging,0.368652,245,291,426,337,111.058
20cm,yolo12n,515,545,17.159,18.158,1,8,pet_dirty_packaging,pet,dirty_packaging,0.403809,244,291,426,337,111.058
20cm,yolo12n,516,546,17.192,18.192,0,7,pet_packaging,pet,packaging,0.361084,245,292,423,336,108.56
20cm,yolo12n,516,546,17.192,18.192,1,8,pet_dirty_packaging,pet,dirty_packaging,0.361572,244,292,422,336,108.56
20cm,yolo12n,517,547,17.225,18.225,0,8,pet_dirty_packaging,pet,dirty_packaging,0.4729,245,292,422,336,103.965
20cm,yolo12n,518,548,17.259,18.258,0,8,pet_dirty_packaging,pet,dirty_packaging,0.381348,245,292,431,335,104.648
20cm,yolo12n,519,549,17.292,18.292,,,,,,,,,,,109.452
20cm,yolo12n,520,550,17.325,18.325,,,,,,,,,,,103.254
20cm,yolo12n,521,551,17.359,18.358,,,,,,,,,,,103.3
20cm,yolo12n,522,552,17.392,18.391,,,,,,,,,,,103.707
20cm,yolo12n,523,553,17.425,18.425,,,,,,,,,,,103.103
20cm,yolo12n,524,554,17.459,18.458,,,,,,,,,,,105.199
20cm,yolo12n,525,555,17.492,18.491,,,,,,,,,,,104.47
20cm,yolo12n,526,556,17.525,18.525,,,,,,,,,,,103.038
20cm,yolo12n,527,557,17.559,18.558,,,,,,,,,,,103.69
20cm,yolo12n,528,558,17.592,18.591,,,,,,,,,,,103.653
20cm,yolo12n,529,559,17.625,18.625,,,,,,,,,,,103.131
20cm,yolo12n,530,560,17.658,18.658,,,,,,,,,,,103.883
20cm,yolo12n,531,561,17.692,18.691,,,,,,,,,,,104.601
20cm,yolo12n,532,562,17.725,18.725,,,,,,,,,,,105.65
20cm,yolo12n,533,563,17.758,18.758,0,7,pet_packaging,pet,packaging,0.469971,361,18,490,185,103.395
20cm,yolo12n,534,564,17.792,18.791,0,9,plastic_normal,plastic,normal,0.252197,264,65,393,189,103.691
20cm,yolo12n,534,564,17.792,18.791,1,10,plastic_dirty,plastic,dirty,0.349365,263,65,391,189,103.691
20cm,yolo12n,535,565,17.825,18.825,,,,,,,,,,,103.53
20cm,yolo12n,536,566,17.858,18.858,,,,,,,,,,,103.107
20cm,yolo12n,537,567,17.892,18.891,,,,,,,,,,,103.256
20cm,yolo12n,538,568,17.925,18.925,0,7,pet_packaging,pet,packaging,0.321045,369,32,508,216,104.024
20cm,yolo12n,539,569,17.958,18.958,0,9,plastic_normal,plastic,normal,0.365479,231,79,375,189,109.412
20cm,yolo12n,539,569,17.958,18.958,1,10,plastic_dirty,plastic,dirty,0.286865,232,79,377,188,109.412
20cm,yolo12n,540,570,17.992,18.991,0,9,plastic_normal,plastic,normal,0.272217,229,79,375,194,105.142
20cm,yolo12n,540,570,17.992,18.991,1,10,plastic_dirty,plastic,dirty,0.36499,229,80,375,194,105.142
20cm,yolo12n,541,571,18.025,19.025,,,,,,,,,,,104.014
20cm,yolo12n,542,572,18.058,19.058,0,7,pet_packaging,pet,packaging,0.55957,223,345,319,417,104.238
20cm,yolo12n,542,572,18.058,19.058,1,7,pet_packaging,pet,packaging,0.251709,379,16,529,212,104.238
20cm,yolo12n,543,573,18.092,19.091,,,,,,,,,,,104.303
20cm,yolo12n,544,574,18.125,19.124,,,,,,,,,,,103.752
20cm,yolo12n,545,575,18.158,19.158,,,,,,,,,,,104.674
20cm,yolo12n,546,576,18.192,19.191,,,,,,,,,,,102.979
20cm,yolo12n,547,577,18.225,19.224,,,,,,,,,,,103.263
20cm,yolo12n,548,578,18.258,19.258,,,,,,,,,,,104.243
20cm,yolo12n,549,579,18.292,19.291,0,6,pet_dirty,pet,dirty,0.26001,329,9,535,379,104.559
20cm,yolo12n,550,580,18.325,19.324,0,6,pet_dirty,pet,dirty,0.314941,311,12,561,391,103.525
20cm,yolo12n,551,581,18.358,19.358,0,5,pet_normal,pet,normal,0.428467,300,17,559,382,103.689
20cm,yolo12n,552,582,18.391,19.391,0,5,pet_normal,pet,normal,0.378174,294,23,555,374,108.594
20cm,yolo12n,552,582,18.391,19.391,1,6,pet_dirty,pet,dirty,0.284668,293,23,553,375,108.594
20cm,yolo12n,553,583,18.425,19.424,0,6,pet_dirty,pet,dirty,0.27417,290,32,553,369,103.062
20cm,yolo12n,554,584,18.458,19.458,,,,,,,,,,,102.752
20cm,yolo12n,555,585,18.491,19.491,0,5,pet_normal,pet,normal,0.343994,354,105,544,376,103.818
20cm,yolo12n,555,585,18.491,19.491,1,7,pet_packaging,pet,packaging,0.382324,353,107,542,376,103.818
20cm,yolo12n,556,586,18.525,19.524,0,5,pet_normal,pet,normal,0.304443,352,101,539,372,104.69
20cm,yolo12n,556,586,18.525,19.524,1,7,pet_packaging,pet,packaging,0.30249,351,108,538,374,104.69
20cm,yolo12n,557,587,18.558,19.558,0,7,pet_packaging,pet,packaging,0.305664,351,118,538,370,104.729
20cm,yolo12n,558,588,18.591,19.591,0,5,pet_normal,pet,normal,0.290283,351,130,540,372,103.811
20cm,yolo12n,559,589,18.625,19.624,0,5,pet_normal,pet,normal,0.493408,351,149,541,370,108.664
20cm,yolo12n,560,590,18.658,19.658,0,5,pet_normal,pet,normal,0.390137,352,168,542,368,103.313
20cm,yolo12n,561,591,18.691,19.691,0,5,pet_normal,pet,normal,0.560547,353,185,544,367,103.792
20cm,yolo12n,562,592,18.725,19.724,0,5,pet_normal,pet,normal,0.366455,353,206,549,364,103.232
20cm,yolo12n,563,593,18.758,19.758,0,5,pet_normal,pet,normal,0.464355,351,208,550,354,103.418
20cm,yolo12n,564,594,18.791,19.791,0,5,pet_normal,pet,normal,0.325928,349,208,556,352,102.836
20cm,yolo12n,565,595,18.825,19.824,,,,,,,,,,,102.817
20cm,yolo12n,566,596,18.858,19.857,,,,,,,,,,,108.421
20cm,yolo12n,567,597,18.891,19.891,0,5,pet_normal,pet,normal,0.267334,352,213,546,362,103.239
20cm,yolo12n,568,598,18.925,19.924,0,5,pet_normal,pet,normal,0.537598,352,215,558,358,102.948
20cm,yolo12n,569,599,18.958,19.957,,,,,,,,,,,103.22
20cm,yolo12n,570,600,18.991,19.991,,,,,,,,,,,103.543
20cm,yolo12n,571,601,19.025,20.024,,,,,,,,,,,103.98
20cm,yolo12n,572,602,19.058,20.057,,,,,,,,,,,103.592
20cm,yolo12n,573,603,19.091,20.091,,,,,,,,,,,110.103
20cm,yolo12n,574,604,19.124,20.124,,,,,,,,,,,102.956
20cm,yolo12n,575,605,19.158,20.157,,,,,,,,,,,103.465
20cm,yolo12n,576,606,19.191,20.191,,,,,,,,,,,103.933
20cm,yolo12n,577,607,19.224,20.224,,,,,,,,,,,104.331
20cm,yolo12n,578,608,19.258,20.257,,,,,,,,,,,104.483
20cm,yolo12n,579,609,19.291,20.291,,,,,,,,,,,107.476
20cm,yolo12n,580,610,19.324,20.324,,,,,,,,,,,104.504
20cm,yolo12n,581,611,19.358,20.357,,,,,,,,,,,102.893
20cm,yolo12n,582,612,19.391,20.391,,,,,,,,,,,103.565
20cm,yolo12n,583,613,19.424,20.424,,,,,,,,,,,104.089
20cm,yolo12n,584,614,19.458,20.457,,,,,,,,,,,103.376
20cm,yolo12n,585,615,19.491,20.491,,,,,,,,,,,103.561
20cm,yolo12n,586,616,19.524,20.524,,,,,,,,,,,108.065
20cm,yolo12n,587,617,19.558,20.557,0,5,pet_normal,pet,normal,0.267822,343,200,638,311,103.079
20cm,yolo12n,588,618,19.591,20.59,0,5,pet_normal,pet,normal,0.408936,343,188,638,316,103.359
20cm,yolo12n,589,619,19.624,20.624,0,5,pet_normal,pet,normal,0.290527,341,176,639,325,102.468
20cm,yolo12n,590,620,19.658,20.657,0,5,pet_normal,pet,normal,0.348145,345,165,639,326,103.393
20cm,yolo12n,591,621,19.691,20.69,0,5,pet_normal,pet,normal,0.301025,351,153,639,324,103.716
20cm,yolo12n,592,622,19.724,20.724,,,,,,,,,,,102.727
20cm,yolo12n,593,623,19.758,20.757,,,,,,,,,,,109.048
20cm,yolo12n,594,624,19.791,20.79,,,,,,,,,,,104.239
20cm,yolo12n,595,625,19.824,20.824,,,,,,,,,,,104.461
20cm,yolo12n,596,626,19.857,20.857,,,,,,,,,,,103.469
20cm,yolo12n,597,627,19.891,20.89,,,,,,,,,,,102.552
20cm,yolo12n,598,628,19.924,20.924,,,,,,,,,,,102.664
20cm,yolo12n,599,629,19.957,20.957,0,5,pet_normal,pet,normal,0.250977,314,106,634,263,103.217
20cm,yolo12n,600,630,19.991,20.99,,,,,,,,,,,103.31
20cm,yolo12n,601,631,20.024,21.024,,,,,,,,,,,103.621
20cm,yolo12n,602,632,20.057,21.057,,,,,,,,,,,103.396
20cm,yolo12n,603,633,20.091,21.09,,,,,,,,,,,103.373
20cm,yolo12n,604,634,20.124,21.124,,,,,,,,,,,103.945
20cm,yolo12n,605,635,20.157,21.157,,,,,,,,,,,104.255
20cm,yolo12n,606,636,20.191,21.19,,,,,,,,,,,108.57
20cm,yolo12n,607,637,20.224,21.224,,,,,,,,,,,103.703
20cm,yolo12n,608,638,20.257,21.257,,,,,,,,,,,104.088
20cm,yolo12n,609,639,20.291,21.29,,,,,,,,,,,104.272
20cm,yolo12n,610,640,20.324,21.323,,,,,,,,,,,103.46
20cm,yolo12n,611,641,20.357,21.357,,,,,,,,,,,103.509
20cm,yolo12n,612,642,20.391,21.39,,,,,,,,,,,103.497
20cm,yolo12n,613,643,20.424,21.423,,,,,,,,,,,106.993
20cm,yolo12n,614,644,20.457,21.457,,,,,,,,,,,103.038
20cm,yolo12n,615,645,20.491,21.49,,,,,,,,,,,103.648
20cm,yolo12n,616,646,20.524,21.523,,,,,,,,,,,103.468
20cm,yolo12n,617,647,20.557,21.557,,,,,,,,,,,104.047
20cm,yolo12n,618,648,20.59,21.59,,,,,,,,,,,103.944
20cm,yolo12n,619,649,20.624,21.623,,,,,,,,,,,103.982
20cm,yolo12n,620,650,20.657,21.657,,,,,,,,,,,103.194
20cm,yolo12n,621,651,20.69,21.69,,,,,,,,,,,103.08
20cm,yolo12n,622,652,20.724,21.723,,,,,,,,,,,103.273
20cm,yolo12n,623,653,20.757,21.757,,,,,,,,,,,103.332
20cm,yolo12n,624,654,20.79,21.79,,,,,,,,,,,103.945
20cm,yolo12n,625,655,20.824,21.823,,,,,,,,,,,103.078
20cm,yolo12n,626,656,20.857,21.857,,,,,,,,,,,106.729
20cm,yolo12n,627,657,20.89,21.89,,,,,,,,,,,103.798
20cm,yolo12n,628,658,20.924,21.923,,,,,,,,,,,104.716
20cm,yolo12n,629,659,20.957,21.957,,,,,,,,,,,104.97
20cm,yolo12n,630,660,20.99,21.99,,,,,,,,,,,105.128
20cm,yolo12n,631,661,21.024,22.023,,,,,,,,,,,104.52
20cm,yolo12n,632,662,21.057,22.056,,,,,,,,,,,103.928
20cm,yolo12n,633,663,21.09,22.09,,,,,,,,,,,108.613
20cm,yolo12n,634,664,21.124,22.123,,,,,,,,,,,103.253
20cm,yolo12n,635,665,21.157,22.156,,,,,,,,,,,104.156
20cm,yolo12n,636,666,21.19,22.19,,,,,,,,,,,104.588
20cm,yolo12n,637,667,21.224,22.223,,,,,,,,,,,104.375
20cm,yolo12n,638,668,21.257,22.256,,,,,,,,,,,104.24
20cm,yolo12n,639,669,21.29,22.29,,,,,,,,,,,104.115
20cm,yolo12n,640,670,21.323,22.323,,,,,,,,,,,108.638
20cm,yolo12n,641,671,21.357,22.356,,,,,,,,,,,104.964
20cm,yolo12n,642,672,21.39,22.39,,,,,,,,,,,104.632
20cm,yolo12n,643,673,21.423,22.423,,,,,,,,,,,104.462
20cm,yolo12n,644,674,21.457,22.456,,,,,,,,,,,104.88
20cm,yolo12n,645,675,21.49,22.49,,,,,,,,,,,103.947
20cm,yolo12n,646,676,21.523,22.523,,,,,,,,,,,104.848
20cm,yolo12n,647,677,21.557,22.556,,,,,,,,,,,103.064
20cm,yolo12n,648,678,21.59,22.59,,,,,,,,,,,103.993
20cm,yolo12n,649,679,21.623,22.623,,,,,,,,,,,103.081
20cm,yolo12n,650,680,21.657,22.656,,,,,,,,,,,102.786
20cm,yolo12n,651,681,21.69,22.69,,,,,,,,,,,104.272
20cm,yolo12n,652,682,21.723,22.723,,,,,,,,,,,103.393
20cm,yolo12n,653,683,21.757,22.756,,,,,,,,,,,107.439
20cm,yolo12n,654,684,21.79,22.789,,,,,,,,,,,103.951
20cm,yolo12n,655,685,21.823,22.823,,,,,,,,,,,104.732
20cm,yolo12n,656,686,21.857,22.856,0,7,pet_packaging,pet,packaging,0.300293,326,3,535,325,103.49
20cm,yolo12n,657,687,21.89,22.889,,,,,,,,,,,104.032
20cm,yolo12n,658,688,21.923,22.923,,,,,,,,,,,103.369
20cm,yolo12n,659,689,21.957,22.956,,,,,,,,,,,103.836
20cm,yolo12n,660,690,21.99,22.989,0,5,pet_normal,pet,normal,0.302979,137,76,598,475,109.122
20cm,yolo12n,661,691,22.023,23.023,,,,,,,,,,,103.416
20cm,yolo12n,662,692,22.056,23.056,,,,,,,,,,,104.71
20cm,yolo12n,663,693,22.09,23.089,,,,,,,,,,,104.252
20cm,yolo12n,664,694,22.123,23.123,,,,,,,,,,,103.764
20cm,yolo12n,665,695,22.156,23.156,,,,,,,,,,,104.602
20cm,yolo12n,666,696,22.19,23.189,,,,,,,,,,,104.178
20cm,yolo12n,667,697,22.223,23.223,,,,,,,,,,,103.877
20cm,yolo12n,668,698,22.256,23.256,0,5,pet_normal,pet,normal,0.41626,44,229,531,390,104.118
20cm,yolo12n,669,699,22.29,23.289,,,,,,,,,,,104.214
20cm,yolo12n,670,700,22.323,23.323,,,,,,,,,,,104.988
20cm,yolo12n,671,701,22.356,23.356,,,,,,,,,,,103.404
20cm,yolo12n,672,702,22.39,23.389,,,,,,,,,,,104.458
20cm,yolo12n,673,703,22.423,23.422,,,,,,,,,,,106.893
20cm,yolo12n,674,704,22.456,23.456,,,,,,,,,,,104.356
20cm,yolo12n,675,705,22.49,23.489,,,,,,,,,,,103.702
20cm,yolo12n,676,706,22.523,23.522,,,,,,,,,,,104.144
20cm,yolo12n,677,707,22.556,23.556,0,5,pet_normal,pet,normal,0.315186,0,280,433,479,104.114
20cm,yolo12n,678,708,22.59,23.589,0,5,pet_normal,pet,normal,0.577148,1,282,426,479,103.734
20cm,yolo12n,679,709,22.623,23.622,0,5,pet_normal,pet,normal,0.55127,0,280,428,479,103.839
20cm,yolo12n,680,710,22.656,23.656,0,5,pet_normal,pet,normal,0.400879,0,278,434,479,108.081
20cm,yolo12n,681,711,22.69,23.689,0,5,pet_normal,pet,normal,0.548828,0,286,441,479,105.273
20cm,yolo12n,682,712,22.723,23.722,0,5,pet_normal,pet,normal,0.530762,0,287,443,479,103.985
20cm,yolo12n,683,713,22.756,23.756,0,5,pet_normal,pet,normal,0.535645,0,285,448,479,103.754
20cm,yolo12n,684,714,22.789,23.789,0,5,pet_normal,pet,normal,0.464355,0,287,458,479,103.623
20cm,yolo12n,685,715,22.823,23.822,0,5,pet_normal,pet,normal,0.353027,0,289,465,479,102.586
20cm,yolo12n,686,716,22.856,23.856,0,5,pet_normal,pet,normal,0.57666,0,288,477,479,103.577
20cm,yolo12n,687,717,22.889,23.889,0,5,pet_normal,pet,normal,0.503418,0,287,487,479,103.541
20cm,yolo12n,688,718,22.923,23.922,0,5,pet_normal,pet,normal,0.624023,0,289,490,479,103.747
20cm,yolo12n,689,719,22.956,23.956,0,5,pet_normal,pet,normal,0.551758,0,290,489,479,103.973
20cm,yolo12n,690,720,22.989,23.989,0,5,pet_normal,pet,normal,0.595703,0,287,483,479,103.453
20cm,yolo12n,691,721,23.023,24.022,0,5,pet_normal,pet,normal,0.495117,0,287,475,479,102.975
20cm,yolo12n,692,722,23.056,24.056,0,5,pet_normal,pet,normal,0.278809,0,289,475,479,103.532
20cm,yolo12n,692,722,23.056,24.056,1,7,pet_packaging,pet,packaging,0.3125,0,288,472,479,103.532
20cm,yolo12n,693,723,23.089,24.089,0,5,pet_normal,pet,normal,0.577148,0,289,468,479,107.727
20cm,yolo12n,694,724,23.123,24.122,0,5,pet_normal,pet,normal,0.518066,0,286,465,479,104.102
20cm,yolo12n,695,725,23.156,24.155,0,5,pet_normal,pet,normal,0.620117,14,286,462,479,104.663
20cm,yolo12n,696,726,23.189,24.189,0,5,pet_normal,pet,normal,0.529297,30,287,460,479,104.847
20cm,yolo12n,697,727,23.223,24.222,0,5,pet_normal,pet,normal,0.635742,0,290,459,479,103.62
20cm,yolo12n,698,728,23.256,24.255,0,5,pet_normal,pet,normal,0.662598,34,288,457,479,103.417
20cm,yolo12n,699,729,23.289,24.289,0,5,pet_normal,pet,normal,0.700195,0,289,457,479,104.197
20cm,yolo12n,700,730,23.323,24.322,0,5,pet_normal,pet,normal,0.655762,0,289,458,479,108.641
20cm,yolo12n,701,731,23.356,24.355,0,5,pet_normal,pet,normal,0.737305,0,289,460,479,103.843
20cm,yolo12n,702,732,23.389,24.389,0,5,pet_normal,pet,normal,0.522949,2,290,464,479,103.985
20cm,yolo12n,703,733,23.422,24.422,0,5,pet_normal,pet,normal,0.521973,1,289,468,479,105.015
20cm,yolo12n,704,734,23.456,24.455,0,5,pet_normal,pet,normal,0.347168,0,289,472,479,104.161
20cm,yolo12n,705,735,23.489,24.489,,,,,,,,,,,104.623
20cm,yolo12n,706,736,23.522,24.522,0,5,pet_normal,pet,normal,0.468994,0,288,485,479,104.446
20cm,yolo12n,706,736,23.522,24.522,1,10,plastic_dirty,plastic,dirty,0.341797,533,0,639,156,104.446
20cm,yolo12n,707,737,23.556,24.555,0,5,pet_normal,pet,normal,0.518555,0,287,490,479,109.393
20cm,yolo12n,708,738,23.589,24.589,0,5,pet_normal,pet,normal,0.437012,0,287,495,479,104.235
20cm,yolo12n,709,739,23.622,24.622,0,5,pet_normal,pet,normal,0.579102,0,292,499,479,103.933
20cm,yolo12n,710,740,23.656,24.655,0,5,pet_normal,pet,normal,0.580566,0,292,500,479,104.554
20cm,yolo12n,711,741,23.689,24.689,,,,,,,,,,,103.94
20cm,yolo12n,712,742,23.722,24.722,0,5,pet_normal,pet,normal,0.312256,0,289,467,479,104.331
20cm,yolo12n,713,743,23.756,24.755,0,5,pet_normal,pet,normal,0.55127,0,287,442,479,104.23
20cm,yolo12n,714,744,23.789,24.789,0,5,pet_normal,pet,normal,0.711426,0,284,434,479,103.225
20cm,yolo12n,715,745,23.822,24.822,0,5,pet_normal,pet,normal,0.749023,0,279,418,479,103.296
20cm,yolo12n,716,746,23.856,24.855,0,5,pet_normal,pet,normal,0.67334,0,279,415,479,103.688
20cm,yolo12n,717,747,23.889,24.888,,,,,,,,,,,103.29
20cm,yolo12n,718,748,23.922,24.922,,,,,,,,,,,103.333
20cm,yolo12n,719,749,23.956,24.955,,,,,,,,,,,103.656
20cm,yolo12n,720,750,23.989,24.988,,,,,,,,,,,107.808
20cm,yolo12n,721,751,24.022,25.022,,,,,,,,,,,102.688
20cm,yolo12n,722,752,24.056,25.055,,,,,,,,,,,103.585
20cm,yolo12n,723,753,24.089,25.088,,,,,,,,,,,103.725
20cm,yolo12n,724,754,24.122,25.122,,,,,,,,,,,105.081
20cm,yolo12n,725,755,24.155,25.155,0,0,can_normal,can,normal,0.370605,328,85,461,264,104.407
20cm,yolo12n,725,755,24.155,25.155,1,5,pet_normal,pet,normal,0.743164,0,285,329,479,104.407
20cm,yolo12n,726,756,24.189,25.188,0,0,can_normal,can,normal,0.440674,327,86,460,279,103.88
20cm,yolo12n,727,757,24.222,25.222,0,0,can_normal,can,normal,0.461914,327,85,461,301,108.11
20cm,yolo12n,727,757,24.222,25.222,1,5,pet_normal,pet,normal,0.783203,0,287,330,479,108.11
20cm,yolo12n,728,758,24.255,25.255,0,0,can_normal,can,normal,0.590332,327,85,460,312,103.561
20cm,yolo12n,728,758,24.255,25.255,1,5,pet_normal,pet,normal,0.743164,0,286,330,479,103.561
20cm,yolo12n,729,759,24.289,25.288,0,0,can_normal,can,normal,0.403809,327,86,460,317,103.317
20cm,yolo12n,729,759,24.289,25.288,1,5,pet_normal,pet,normal,0.787598,0,286,332,479,103.317
20cm,yolo12n,730,760,24.322,25.322,0,0,can_normal,can,normal,0.414307,327,86,460,339,104.738
20cm,yolo12n,730,760,24.322,25.322,1,5,pet_normal,pet,normal,0.771484,0,285,332,479,104.738
20cm,yolo12n,731,761,24.355,25.355,0,0,can_normal,can,normal,0.390137,325,84,462,479,104.406
20cm,yolo12n,731,761,24.355,25.355,1,5,pet_normal,pet,normal,0.695312,0,285,332,479,104.406
20cm,yolo12n,732,762,24.389,25.388,0,0,can_normal,can,normal,0.429688,325,84,462,479,104.073
20cm,yolo12n,732,762,24.389,25.388,1,5,pet_normal,pet,normal,0.76416,0,287,332,479,104.073
20cm,yolo12n,733,763,24.422,25.422,0,0,can_normal,can,normal,0.359375,324,84,461,479,103.029
20cm,yolo12n,733,763,24.422,25.422,1,5,pet_normal,pet,normal,0.773926,0,287,332,479,103.029
20cm,yolo12n,734,764,24.455,25.455,0,0,can_normal,can,normal,0.37793,324,84,461,479,104.978
20cm,yolo12n,734,764,24.455,25.455,1,5,pet_normal,pet,normal,0.733887,0,286,332,479,104.978
20cm,yolo12n,735,765,24.489,25.488,0,0,can_normal,can,normal,0.384033,324,84,461,479,103.742
20cm,yolo12n,735,765,24.489,25.488,1,5,pet_normal,pet,normal,0.754883,0,286,332,479,103.742
20cm,yolo12n,736,766,24.522,25.522,0,0,can_normal,can,normal,0.362061,325,84,462,479,104.128
20cm,yolo12n,736,766,24.522,25.522,1,5,pet_normal,pet,normal,0.734375,0,287,333,479,104.128
20cm,yolo12n,737,767,24.555,25.555,0,0,can_normal,can,normal,0.34375,325,84,462,479,104.112
20cm,yolo12n,737,767,24.555,25.555,1,5,pet_normal,pet,normal,0.741211,0,285,334,479,104.112
20cm,yolo12n,738,768,24.589,25.588,0,0,can_normal,can,normal,0.274658,325,84,462,479,103.901
20cm,yolo12n,738,768,24.589,25.588,1,5,pet_normal,pet,normal,0.71582,0,286,333,479,103.901
20cm,yolo12n,739,769,24.622,25.621,0,0,can_normal,can,normal,0.269043,324,84,461,479,104.598
20cm,yolo12n,739,769,24.622,25.621,1,5,pet_normal,pet,normal,0.747559,0,286,332,479,104.598
20cm,yolo12n,740,770,24.655,25.655,0,0,can_normal,can,normal,0.256104,325,84,462,479,108.136
20cm,yolo12n,740,770,24.655,25.655,1,5,pet_normal,pet,normal,0.729492,0,286,332,479,108.136
20cm,yolo12n,741,771,24.689,25.688,0,5,pet_normal,pet,normal,0.744629,0,286,331,479,103.756
20cm,yolo12n,742,772,24.722,25.721,0,5,pet_normal,pet,normal,0.746582,0,286,332,479,104.384
20cm,yolo12n,743,773,24.755,25.755,0,0,can_normal,can,normal,0.353027,324,84,461,479,103.634
20cm,yolo12n,743,773,24.755,25.755,1,5,pet_normal,pet,normal,0.740723,0,285,332,479,103.634
20cm,yolo12n,744,774,24.789,25.788,0,0,can_normal,can,normal,0.30957,324,84,461,479,103.633
20cm,yolo12n,744,774,24.789,25.788,1,5,pet_normal,pet,normal,0.743652,0,286,331,479,103.633
20cm,yolo12n,745,775,24.822,25.821,0,0,can_normal,can,normal,0.303467,324,84,461,479,103.382
20cm,yolo12n,745,775,24.822,25.821,1,5,pet_normal,pet,normal,0.773438,0,286,332,479,103.382
20cm,yolo12n,746,776,24.855,25.855,0,0,can_normal,can,normal,0.347656,324,84,461,479,104.489
20cm,yolo12n,746,776,24.855,25.855,1,5,pet_normal,pet,normal,0.739746,0,286,332,479,104.489
20cm,yolo12n,747,777,24.888,25.888,0,0,can_normal,can,normal,0.340088,325,84,462,479,108.285
20cm,yolo12n,747,777,24.888,25.888,1,5,pet_normal,pet,normal,0.578613,0,286,332,479,108.285
20cm,yolo12n,748,778,24.922,25.921,0,0,can_normal,can,normal,0.380859,325,84,462,479,103.145
20cm,yolo12n,748,778,24.922,25.921,1,5,pet_normal,pet,normal,0.688477,0,286,332,479,103.145
20cm,yolo12n,749,779,24.955,25.955,0,0,can_normal,can,normal,0.373047,325,84,462,479,103.6
20cm,yolo12n,749,779,24.955,25.955,1,5,pet_normal,pet,normal,0.795898,0,286,332,479,103.6
20cm,yolo12n,750,780,24.988,25.988,0,0,can_normal,can,normal,0.366211,325,84,462,479,104.653
20cm,yolo12n,750,780,24.988,25.988,1,5,pet_normal,pet,normal,0.784668,0,286,332,479,104.653
20cm,yolo12n,751,781,25.022,26.021,0,0,can_normal,can,normal,0.401367,325,83,462,479,104.281
20cm,yolo12n,751,781,25.022,26.021,1,5,pet_normal,pet,normal,0.767578,0,286,332,479,104.281
20cm,yolo12n,752,782,25.055,26.055,0,0,can_normal,can,normal,0.429688,325,84,462,479,103.256
20cm,yolo12n,752,782,25.055,26.055,1,5,pet_normal,pet,normal,0.770996,0,286,331,479,103.256
20cm,yolo12n,753,783,25.088,26.088,0,0,can_normal,can,normal,0.492676,325,84,462,479,103.6
20cm,yolo12n,753,783,25.088,26.088,1,5,pet_normal,pet,normal,0.715332,0,286,332,479,103.6
20cm,yolo12n,754,784,25.122,26.121,0,0,can_normal,can,normal,0.350098,325,84,462,479,107.733
20cm,yolo12n,754,784,25.122,26.121,1,5,pet_normal,pet,normal,0.755371,0,286,332,479,107.733
20cm,yolo12n,755,785,25.155,26.155,0,0,can_normal,can,normal,0.298828,324,84,462,479,104.181
20cm,yolo12n,755,785,25.155,26.155,1,5,pet_normal,pet,normal,0.761719,0,286,332,479,104.181
20cm,yolo12n,756,786,25.188,26.188,0,0,can_normal,can,normal,0.267578,325,84,463,479,103.423
20cm,yolo12n,756,786,25.188,26.188,1,5,pet_normal,pet,normal,0.716797,0,286,332,479,103.423
20cm,yolo12n,757,787,25.222,26.221,0,5,pet_normal,pet,normal,0.715332,0,286,332,479,104.198
20cm,yolo12n,758,788,25.255,26.255,0,0,can_normal,can,normal,0.297363,324,84,462,479,104.611
20cm,yolo12n,758,788,25.255,26.255,1,5,pet_normal,pet,normal,0.721191,0,285,333,479,104.611
20cm,yolo12n,759,789,25.288,26.288,0,5,pet_normal,pet,normal,0.71582,0,287,332,479,104.619
20cm,yolo12n,760,790,25.322,26.321,0,5,pet_normal,pet,normal,0.743164,0,286,331,479,104.376
20cm,yolo12n,761,791,25.355,26.354,0,4,glass_packaging,glass,packaging,0.3396,321,89,635,474,103.437
20cm,yolo12n,761,791,25.355,26.354,1,5,pet_normal,pet,normal,0.741211,0,286,330,479,103.437
20cm,yolo12n,762,792,25.388,26.388,0,5,pet_normal,pet,normal,0.629395,1,285,327,397,103.046
20cm,yolo12n,763,793,25.422,26.421,0,5,pet_normal,pet,normal,0.325439,0,283,319,445,103.578
20cm,yolo12n,764,794,25.455,26.454,0,5,pet_normal,pet,normal,0.465088,0,284,308,396,106.43
20cm,yolo12n,765,795,25.488,26.488,0,5,pet_normal,pet,normal,0.278564,0,284,305,479,104.127
20cm,yolo12n,766,796,25.522,26.521,0,5,pet_normal,pet,normal,0.713379,0,283,299,479,104.547
20cm,yolo12n,767,797,25.555,26.554,0,5,pet_normal,pet,normal,0.599121,0,283,295,479,109.039
20cm,yolo12n,768,798,25.588,26.588,0,5,pet_normal,pet,normal,0.650879,0,283,294,479,104.748
20cm,yolo12n,769,799,25.621,26.621,0,5,pet_normal,pet,normal,0.643066,0,283,290,479,104.012
20cm,yolo12n,770,800,25.655,26.654,0,5,pet_normal,pet,normal,0.652344,0,283,287,479,104.191
20cm,yolo12n,771,801,25.688,26.688,0,5,pet_normal,pet,normal,0.714844,0,283,286,479,104.286
20cm,yolo12n,771,801,25.688,26.688,1,9,plastic_normal,plastic,normal,0.338623,403,103,552,327,104.286
20cm,yolo12n,771,801,25.688,26.688,2,10,plastic_dirty,plastic,dirty,0.283203,401,99,552,326,104.286
20cm,yolo12n,772,802,25.721,26.721,0,5,pet_normal,pet,normal,0.682129,0,283,285,479,103.907
20cm,yolo12n,772,802,25.721,26.721,1,9,plastic_normal,plastic,normal,0.35376,400,102,551,326,103.907
20cm,yolo12n,773,803,25.755,26.754,0,5,pet_normal,pet,normal,0.740234,0,283,285,479,103.8
20cm,yolo12n,773,803,25.755,26.754,1,9,plastic_normal,plastic,normal,0.372803,402,102,553,325,103.8
20cm,yolo12n,774,804,25.788,26.788,0,5,pet_normal,pet,normal,0.706543,0,283,284,479,108.758
20cm,yolo12n,774,804,25.788,26.788,1,9,plastic_normal,plastic,normal,0.40332,403,103,553,324,108.758
20cm,yolo12n,775,805,25.821,26.821,0,5,pet_normal,pet,normal,0.717773,0,283,284,479,104.777
20cm,yolo12n,775,805,25.821,26.821,1,9,plastic_normal,plastic,normal,0.342529,403,102,553,324,104.777
20cm,yolo12n,776,806,25.855,26.854,0,5,pet_normal,pet,normal,0.692871,0,283,284,479,105.635
20cm,yolo12n,776,806,25.855,26.854,1,9,plastic_normal,plastic,normal,0.252197,403,102,556,324,105.635
20cm,yolo12n,776,806,25.855,26.854,2,10,plastic_dirty,plastic,dirty,0.258789,400,98,556,324,105.635
20cm,yolo12n,777,807,25.888,26.888,0,5,pet_normal,pet,normal,0.711914,0,283,284,479,104.368
20cm,yolo12n,778,808,25.921,26.921,0,5,pet_normal,pet,normal,0.714844,0,283,284,479,106.601
20cm,yolo12n,779,809,25.955,26.954,0,5,pet_normal,pet,normal,0.703613,0,283,284,479,102.816
20cm,yolo12n,780,810,25.988,26.988,0,5,pet_normal,pet,normal,0.629883,0,283,284,479,103.447
20cm,yolo12n,780,810,25.988,26.988,1,9,plastic_normal,plastic,normal,0.326172,402,99,568,290,103.447
20cm,yolo12n,781,811,26.021,27.021,0,5,pet_normal,pet,normal,0.674316,0,283,284,479,103.013
20cm,yolo12n,781,811,26.021,27.021,1,9,plastic_normal,plastic,normal,0.255859,400,99,574,285,103.013
20cm,yolo12n,782,812,26.055,27.054,0,5,pet_normal,pet,normal,0.540527,0,282,284,479,103.504
20cm,yolo12n,783,813,26.088,27.087,0,5,pet_normal,pet,normal,0.36792,0,283,285,479,103.379
20cm,yolo12n,783,813,26.088,27.087,1,9,plastic_normal,plastic,normal,0.312256,401,97,586,268,103.379
20cm,yolo12n,784,814,26.121,27.121,0,2,glass_normal,glass,normal,0.5,397,95,588,269,103.453
20cm,yolo12n,785,815,26.155,27.154,0,2,glass_normal,glass,normal,0.679199,398,95,590,273,103.566
20cm,yolo12n,785,815,26.155,27.154,1,5,pet_normal,pet,normal,0.296875,0,282,279,396,103.566
20cm,yolo12n,786,816,26.188,27.187,0,2,glass_normal,glass,normal,0.599121,395,97,588,272,102.637
20cm,yolo12n,787,817,26.221,27.221,0,2,glass_normal,glass,normal,0.383545,388,98,587,271,106.387
20cm,yolo12n,787,817,26.221,27.221,1,5,pet_normal,pet,normal,0.263672,0,282,271,394,106.387
20cm,yolo12n,788,818,26.255,27.254,0,2,glass_normal,glass,normal,0.531738,388,98,585,266,104.405
20cm,yolo12n,788,818,26.255,27.254,1,9,plastic_normal,plastic,normal,0.261719,386,99,585,267,104.405
20cm,yolo12n,789,819,26.288,27.287,0,2,glass_normal,glass,normal,0.631348,385,98,585,270,104.742
20cm,yolo12n,790,820,26.321,27.321,0,2,glass_normal,glass,normal,0.582031,384,96,590,267,105.06
20cm,yolo12n,791,821,26.354,27.354,0,2,glass_normal,glass,normal,0.380127,390,6,636,273,104.076
20cm,yolo12n,792,822,26.388,27.387,0,2,glass_normal,glass,normal,0.686523,387,93,639,277,102.975
20cm,yolo12n,793,823,26.421,27.421,0,2,glass_normal,glass,normal,0.290771,380,94,589,257,102.426
20cm,yolo12n,794,824,26.454,27.454,0,2,glass_normal,glass,normal,0.399902,384,93,583,249,107.494
20cm,yolo12n,795,825,26.488,27.487,0,2,glass_normal,glass,normal,0.330811,376,93,580,258,103.941
20cm,yolo12n,796,826,26.521,27.521,0,2,glass_normal,glass,normal,0.368164,374,93,578,295,103.046
20cm,yolo12n,797,827,26.554,27.554,0,2,glass_normal,glass,normal,0.446045,373,93,576,326,104.405
20cm,yolo12n,798,828,26.588,27.587,,,,,,,,,,,105.047
20cm,yolo12n,799,829,26.621,27.621,,,,,,,,,,,103.917
20cm,yolo12n,800,830,26.654,27.654,0,2,glass_normal,glass,normal,0.586426,373,93,574,464,103.472
20cm,yolo12n,801,831,26.688,27.687,0,2,glass_normal,glass,normal,0.489258,374,94,573,466,103.978
20cm,yolo12n,802,832,26.721,27.721,0,2,glass_normal,glass,normal,0.625977,373,93,573,470,103.892
20cm,yolo12n,803,833,26.754,27.754,0,2,glass_normal,glass,normal,0.596191,373,93,573,472,103.422
20cm,yolo12n,804,834,26.788,27.787,0,2,glass_normal,glass,normal,0.714355,373,93,573,468,103.222
20cm,yolo12n,804,834,26.788,27.787,1,5,pet_normal,pet,normal,0.357666,0,286,212,479,103.222
20cm,yolo12n,805,835,26.821,27.82,0,2,glass_normal,glass,normal,0.814453,372,93,575,459,103.817
20cm,yolo12n,805,835,26.821,27.82,1,5,pet_normal,pet,normal,0.466797,0,286,211,479,103.817
20cm,yolo12n,806,836,26.854,27.854,0,2,glass_normal,glass,normal,0.780762,370,93,571,457,104.955
20cm,yolo12n,806,836,26.854,27.854,1,5,pet_normal,pet,normal,0.592773,0,286,211,479,104.955
20cm,yolo12n,807,837,26.888,27.887,0,2,glass_normal,glass,normal,0.645996,369,93,570,456,108.345
20cm,yolo12n,807,837,26.888,27.887,1,5,pet_normal,pet,normal,0.57959,0,286,211,479,108.345
20cm,yolo12n,808,838,26.921,27.92,0,5,pet_normal,pet,normal,0.602539,0,286,212,479,103.42
20cm,yolo12n,809,839,26.954,27.954,0,2,glass_normal,glass,normal,0.278076,367,89,572,453,103.162
20cm,yolo12n,809,839,26.954,27.954,1,5,pet_normal,pet,normal,0.640625,0,286,212,479,103.162
20cm,yolo12n,810,840,26.988,27.987,0,5,pet_normal,pet,normal,0.603516,0,286,212,479,103.981
20cm,yolo12n,811,841,27.021,28.02,0,5,pet_normal,pet,normal,0.636719,0,285,212,479,103.749
20cm,yolo12n,812,842,27.054,28.054,0,5,pet_normal,pet,normal,0.63916,0,286,211,479,104.069
20cm,yolo12n,813,843,27.087,28.087,0,5,pet_normal,pet,normal,0.647949,0,286,211,479,104.767
20cm,yolo12n,814,844,27.121,28.12,0,5,pet_normal,pet,normal,0.652344,0,286,212,479,108.896
20cm,yolo12n,815,845,27.154,28.154,0,2,glass_normal,glass,normal,0.353516,365,65,576,455,102.933
20cm,yolo12n,815,845,27.154,28.154,1,5,pet_normal,pet,normal,0.592773,0,286,212,479,102.933
20cm,yolo12n,816,846,27.187,28.187,0,2,glass_normal,glass,normal,0.687988,364,66,579,333,103.868
20cm,yolo12n,816,846,27.187,28.187,1,5,pet_normal,pet,normal,0.638672,0,286,211,479,103.868
20cm,yolo12n,817,847,27.221,28.22,0,5,pet_normal,pet,normal,0.657715,0,286,212,479,103.715
20cm,yolo12n,818,848,27.254,28.254,0,2,glass_normal,glass,normal,0.535645,363,72,581,330,105.526
20cm,yolo12n,818,848,27.254,28.254,1,5,pet_normal,pet,normal,0.637207,0,286,211,479,105.526
20cm,yolo12n,819,849,27.287,28.287,0,2,glass_normal,glass,normal,0.427246,369,76,580,476,104.508
20cm,yolo12n,819,849,27.287,28.287,1,5,pet_normal,pet,normal,0.619629,0,286,210,479,104.508
20cm,yolo12n,820,850,27.321,28.32,0,2,glass_normal,glass,normal,0.535645,374,83,588,479,103.917
20cm,yolo12n,820,850,27.321,28.32,1,5,pet_normal,pet,normal,0.662598,0,286,211,479,103.917
20cm,yolo12n,821,851,27.354,28.354,0,2,glass_normal,glass,normal,0.625977,372,90,591,476,102.769
20cm,yolo12n,821,851,27.354,28.354,1,5,pet_normal,pet,normal,0.655273,0,286,212,479,102.769
20cm,yolo12n,822,852,27.387,28.387,0,2,glass_normal,glass,normal,0.689941,385,90,594,475,103.898
20cm,yolo12n,822,852,27.387,28.387,1,5,pet_normal,pet,normal,0.615723,0,285,212,479,103.898
20cm,yolo12n,823,853,27.421,28.42,0,2,glass_normal,glass,normal,0.65625,385,89,593,475,103.911
20cm,yolo12n,823,853,27.421,28.42,1,5,pet_normal,pet,normal,0.638672,0,286,212,479,103.911
20cm,yolo12n,824,854,27.454,28.454,0,2,glass_normal,glass,normal,0.453613,377,89,590,475,104.159
20cm,yolo12n,824,854,27.454,28.454,1,5,pet_normal,pet,normal,0.606445,0,285,213,479,104.159
20cm,yolo12n,825,855,27.487,28.487,0,2,glass_normal,glass,normal,0.404053,374,89,575,475,103.178
20cm,yolo12n,825,855,27.487,28.487,1,5,pet_normal,pet,normal,0.638184,0,286,211,479,103.178
20cm,yolo12n,826,856,27.521,28.52,0,2,glass_normal,glass,normal,0.706543,372,92,569,475,103.905
20cm,yolo12n,826,856,27.521,28.52,1,5,pet_normal,pet,normal,0.609375,0,286,211,479,103.905
20cm,yolo12n,827,857,27.554,28.553,0,2,glass_normal,glass,normal,0.562012,371,93,569,475,106.77
20cm,yolo12n,827,857,27.554,28.553,1,5,pet_normal,pet,normal,0.617188,0,286,212,479,106.77
20cm,yolo12n,828,858,27.587,28.587,0,2,glass_normal,glass,normal,0.654297,373,93,572,475,104.136
20cm,yolo12n,828,858,27.587,28.587,1,5,pet_normal,pet,normal,0.267334,0,286,212,479,104.136
20cm,yolo12n,829,859,27.621,28.62,0,5,pet_normal,pet,normal,0.275879,0,286,210,479,104.844
20cm,yolo12n,830,860,27.654,28.653,0,2,glass_normal,glass,normal,0.304199,378,88,586,476,104.363
20cm,yolo12n,830,860,27.654,28.653,1,5,pet_normal,pet,normal,0.535645,0,286,210,479,104.363
20cm,yolo12n,831,861,27.687,28.687,0,2,glass_normal,glass,normal,0.494385,378,88,582,476,104.106
20cm,yolo12n,831,861,27.687,28.687,1,5,pet_normal,pet,normal,0.562012,0,286,211,479,104.106
20cm,yolo12n,832,862,27.721,28.72,0,2,glass_normal,glass,normal,0.362305,379,92,581,475,103.965
20cm,yolo12n,832,862,27.721,28.72,1,5,pet_normal,pet,normal,0.565918,0,286,210,479,103.965
20cm,yolo12n,833,863,27.754,28.753,0,2,glass_normal,glass,normal,0.367432,379,92,583,475,104.375
20cm,yolo12n,833,863,27.754,28.753,1,5,pet_normal,pet,normal,0.532715,0,286,210,479,104.375
20cm,yolo12n,834,864,27.787,28.787,0,2,glass_normal,glass,normal,0.536133,375,92,583,476,108.406
20cm,yolo12n,834,864,27.787,28.787,1,5,pet_normal,pet,normal,0.56543,0,286,211,479,108.406
20cm,yolo12n,835,865,27.82,28.82,0,2,glass_normal,glass,normal,0.601074,374,91,582,475,104.533
20cm,yolo12n,835,865,27.82,28.82,1,5,pet_normal,pet,normal,0.52002,0,285,212,479,104.533
20cm,yolo12n,836,866,27.854,28.853,0,2,glass_normal,glass,normal,0.70752,373,92,578,476,104.936
20cm,yolo12n,836,866,27.854,28.853,1,5,pet_normal,pet,normal,0.444824,0,285,212,479,104.936
20cm,yolo12n,837,867,27.887,28.887,0,2,glass_normal,glass,normal,0.63623,375,92,582,476,105.403
20cm,yolo12n,837,867,27.887,28.887,1,5,pet_normal,pet,normal,0.568848,0,285,210,479,105.403
20cm,yolo12n,838,868,27.92,28.92,0,2,glass_normal,glass,normal,0.525391,377,90,585,478,104.792
20cm,yolo12n,838,868,27.92,28.92,1,5,pet_normal,pet,normal,0.503418,0,285,211,479,104.792
20cm,yolo12n,839,869,27.954,28.953,0,2,glass_normal,glass,normal,0.35376,375,90,585,479,103.737
20cm,yolo12n,839,869,27.954,28.953,1,5,pet_normal,pet,normal,0.291992,0,285,211,479,103.737
20cm,yolo12n,840,870,27.987,28.987,0,5,pet_normal,pet,normal,0.480713,0,285,211,479,103.634
20cm,yolo12n,841,871,28.02,29.02,0,5,pet_normal,pet,normal,0.4104,0,286,211,479,103.079
20cm,yolo12n,842,872,28.054,29.053,0,5,pet_normal,pet,normal,0.442627,0,286,210,479,103.743
20cm,yolo12n,843,873,28.087,29.087,0,2,glass_normal,glass,normal,0.300537,378,73,607,479,103.735
20cm,yolo12n,843,873,28.087,29.087,1,5,pet_normal,pet,normal,0.553711,0,286,210,479,103.735
20cm,yolo12n,844,874,28.12,29.12,0,5,pet_normal,pet,normal,0.570801,0,285,211,479,104.561
20cm,yolo12n,845,875,28.154,29.153,0,5,pet_normal,pet,normal,0.628418,0,286,211,479,104.841
20cm,yolo12n,846,876,28.187,29.186,0,5,pet_normal,pet,normal,0.666504,0,286,211,479,105.856
20cm,yolo12n,847,877,28.22,29.22,0,5,pet_normal,pet,normal,0.647461,0,285,210,479,107.366
20cm,yolo12n,847,877,28.22,29.22,1,7,pet_packaging,pet,packaging,0.253174,199,96,327,479,107.366
20cm,yolo12n,848,878,28.254,29.253,0,5,pet_normal,pet,normal,0.640625,0,285,211,479,104.413
20cm,yolo12n,848,878,28.254,29.253,1,7,pet_packaging,pet,packaging,0.295654,199,96,327,479,104.413
20cm,yolo12n,849,879,28.287,29.286,0,5,pet_normal,pet,normal,0.616699,0,285,210,479,104.756
20cm,yolo12n,849,879,28.287,29.286,1,7,pet_packaging,pet,packaging,0.268066,199,95,328,479,104.756
20cm,yolo12n,850,880,28.32,29.32,0,5,pet_normal,pet,normal,0.626953,0,286,210,479,122.609
20cm,yolo12n,850,880,28.32,29.32,1,7,pet_packaging,pet,packaging,0.278809,199,96,327,479,122.609
20cm,yolo12n,851,881,28.354,29.353,0,5,pet_normal,pet,normal,0.641602,0,285,210,479,103.656
20cm,yolo12n,851,881,28.354,29.353,1,7,pet_packaging,pet,packaging,0.315674,199,96,327,479,103.656
20cm,yolo12n,852,882,28.387,29.386,0,5,pet_normal,pet,normal,0.640137,0,286,211,479,104.28
20cm,yolo12n,852,882,28.387,29.386,1,7,pet_packaging,pet,packaging,0.266602,199,95,327,479,104.28
20cm,yolo12n,853,883,28.42,29.42,0,5,pet_normal,pet,normal,0.609863,0,286,212,479,104.796
20cm,yolo12n,854,884,28.454,29.453,0,5,pet_normal,pet,normal,0.611816,0,285,212,479,108.124
20cm,yolo12n,854,884,28.454,29.453,1,7,pet_packaging,pet,packaging,0.279297,199,96,327,479,108.124
20cm,yolo12n,855,885,28.487,29.486,0,5,pet_normal,pet,normal,0.52002,0,286,212,479,102.677
20cm,yolo12n,855,885,28.487,29.486,1,7,pet_packaging,pet,packaging,0.266113,199,96,327,479,102.677
20cm,yolo12n,856,886,28.52,29.52,0,5,pet_normal,pet,normal,0.512695,0,286,211,479,103.706
20cm,yolo12n,856,886,28.52,29.52,1,7,pet_packaging,pet,packaging,0.276855,199,96,327,479,103.706
20cm,yolo12n,857,887,28.553,29.553,0,5,pet_normal,pet,normal,0.602051,0,286,211,479,103.939
20cm,yolo12n,857,887,28.553,29.553,1,7,pet_packaging,pet,packaging,0.285156,200,96,328,479,103.939
20cm,yolo12n,858,888,28.587,29.586,,,,,,,,,,,104.312
20cm,yolo12n,859,889,28.62,29.62,0,5,pet_normal,pet,normal,0.381836,0,286,210,479,104.859
20cm,yolo12n,860,890,28.653,29.653,0,5,pet_normal,pet,normal,0.443359,0,286,210,479,105.046
20cm,yolo12n,861,891,28.687,29.686,0,5,pet_normal,pet,normal,0.522949,0,286,210,479,104.683
20cm,yolo12n,862,892,28.72,29.72,0,5,pet_normal,pet,normal,0.434082,0,286,212,479,104.792
20cm,yolo12n,862,892,28.72,29.72,1,7,pet_packaging,pet,packaging,0.256592,200,96,327,479,104.792
20cm,yolo12n,863,893,28.753,29.753,0,0,can_normal,can,normal,0.277344,200,95,327,479,104.887
20cm,yolo12n,863,893,28.753,29.753,1,5,pet_normal,pet,normal,0.499512,0,286,213,479,104.887
20cm,yolo12n,864,894,28.787,29.786,0,0,can_normal,can,normal,0.256348,200,95,327,479,104.28
20cm,yolo12n,864,894,28.787,29.786,1,5,pet_normal,pet,normal,0.416504,0,286,211,479,104.28
20cm,yolo12n,865,895,28.82,29.82,0,5,pet_normal,pet,normal,0.539062,0,285,211,479,103.775
20cm,yolo12n,866,896,28.853,29.853,0,5,pet_normal,pet,normal,0.547363,0,286,211,479,103.683
20cm,yolo12n,867,897,28.887,29.886,0,5,pet_normal,pet,normal,0.547852,0,286,211,479,108.263
20cm,yolo12n,868,898,28.92,29.919,0,5,pet_normal,pet,normal,0.499023,0,286,212,479,104.434
20cm,yolo12n,869,899,28.953,29.953,0,5,pet_normal,pet,normal,0.525391,0,286,212,479,104.137
20cm,yolo12n,870,900,28.987,29.986,0,5,pet_normal,pet,normal,0.536621,0,285,211,479,103.715
20cm,yolo12n,871,901,29.02,30.019,0,5,pet_normal,pet,normal,0.581055,0,286,210,479,103.339
20cm,yolo12n,872,902,29.053,30.053,0,5,pet_normal,pet,normal,0.529297,0,286,210,479,104.666
20cm,yolo12n,873,903,29.087,30.086,0,5,pet_normal,pet,normal,0.388672,0,286,210,479,103.763
20cm,yolo12n,874,904,29.12,30.119,0,5,pet_normal,pet,normal,0.419922,0,286,211,479,108.456
20cm,yolo12n,875,905,29.153,30.153,0,5,pet_normal,pet,normal,0.369141,0,285,212,479,103.142
20cm,yolo12n,876,906,29.186,30.186,0,5,pet_normal,pet,normal,0.364502,0,285,212,479,103.459
20cm,yolo12n,877,907,29.22,30.219,,,,,,,,,,,103.964
20cm,yolo12n,878,908,29.253,30.253,0,5,pet_normal,pet,normal,0.288086,0,285,212,479,103.513
20cm,yolo12n,879,909,29.286,30.286,0,5,pet_normal,pet,normal,0.290283,0,286,212,479,105.015
20cm,yolo12n,880,910,29.32,30.319,0,5,pet_normal,pet,normal,0.34375,0,285,211,479,104.44
20cm,yolo12n,881,911,29.353,30.353,0,5,pet_normal,pet,normal,0.435303,0,285,210,479,108.81
20cm,yolo12n,882,912,29.386,30.386,0,5,pet_normal,pet,normal,0.432129,0,285,211,479,104.526
20cm,yolo12n,883,913,29.42,30.419,,,,,,,,,,,103.539
20cm,yolo12n,884,914,29.453,30.453,,,,,,,,,,,104.046
20cm,yolo12n,885,915,29.486,30.486,0,0,can_normal,can,normal,0.296875,200,95,328,479,104.158
20cm,yolo12n,886,916,29.52,30.519,0,0,can_normal,can,normal,0.283203,199,95,327,479,104.237
20cm,yolo12n,887,917,29.553,30.553,0,0,can_normal,can,normal,0.256104,199,95,328,479,103.593
20cm,yolo12n,887,917,29.553,30.553,1,5,pet_normal,pet,normal,0.43042,0,286,210,479,103.593
20cm,yolo12n,888,918,29.586,30.586,0,0,can_normal,can,normal,0.264893,200,95,328,479,103.832
20cm,yolo12n,889,919,29.62,30.619,0,0,can_normal,can,normal,0.253906,200,95,327,479,103.361
20cm,yolo12n,889,919,29.62,30.619,1,5,pet_normal,pet,normal,0.275635,0,285,211,479,103.361
20cm,yolo12n,890,920,29.653,30.652,0,0,can_normal,can,normal,0.257568,200,95,328,479,103.782
20cm,yolo12n,891,921,29.686,30.686,,,,,,,,,,,104.606
20cm,yolo12n,892,922,29.72,30.719,0,5,pet_normal,pet,normal,0.282715,0,285,211,479,105.038
20cm,yolo12n,893,923,29.753,30.752,0,0,can_normal,can,normal,0.301514,200,95,328,479,104.648
20cm,yolo12n,893,923,29.753,30.752,1,5,pet_normal,pet,normal,0.305176,0,285,211,479,104.648
20cm,yolo12n,894,924,29.786,30.786,0,0,can_normal,can,normal,0.329834,200,95,328,479,104.066
20cm,yolo12n,894,924,29.786,30.786,1,5,pet_normal,pet,normal,0.314209,0,286,211,479,104.066
20cm,yolo12n,895,925,29.82,30.819,0,0,can_normal,can,normal,0.303955,200,95,327,479,103.292
20cm,yolo12n,895,925,29.82,30.819,1,5,pet_normal,pet,normal,0.400146,0,286,212,479,103.292
20cm,yolo12n,896,926,29.853,30.852,0,0,can_normal,can,normal,0.330322,199,95,327,479,103.694
20cm,yolo12n,896,926,29.853,30.852,1,5,pet_normal,pet,normal,0.358154,0,286,211,479,103.694
20cm,yolo12n,897,927,29.886,30.886,0,0,can_normal,can,normal,0.306396,200,95,327,479,104.954
20cm,yolo12n,897,927,29.886,30.886,1,5,pet_normal,pet,normal,0.484131,0,286,212,479,104.954
20cm,yolo12n,898,928,29.919,30.919,0,0,can_normal,can,normal,0.317627,200,95,327,479,104.479
20cm,yolo12n,898,928,29.919,30.919,1,5,pet_normal,pet,normal,0.459473,0,286,212,479,104.479
20cm,yolo12n,899,929,29.953,30.952,0,0,can_normal,can,normal,0.322266,200,96,327,479,104.033
20cm,yolo12n,899,929,29.953,30.952,1,5,pet_normal,pet,normal,0.319336,0,285,212,479,104.033
20cm,yolo12s,0,30,0.0,1.0,0,7,pet_packaging,pet,packaging,0.330322,425,54,639,321,211.229
20cm,yolo12s,1,31,0.033,1.033,0,5,pet_normal,pet,normal,0.255371,0,0,67,277,206.087
20cm,yolo12s,1,31,0.033,1.033,1,7,pet_packaging,pet,packaging,0.445557,426,53,639,306,206.087
20cm,yolo12s,2,32,0.067,1.066,0,5,pet_normal,pet,normal,0.273682,0,0,68,282,207.773
20cm,yolo12s,2,32,0.067,1.066,1,7,pet_packaging,pet,packaging,0.472656,427,53,639,305,207.773
20cm,yolo12s,3,33,0.1,1.099,0,5,pet_normal,pet,normal,0.279785,0,0,68,274,208.8
20cm,yolo12s,3,33,0.1,1.099,1,7,pet_packaging,pet,packaging,0.392334,427,53,639,306,208.8
20cm,yolo12s,4,34,0.133,1.133,0,5,pet_normal,pet,normal,0.27832,0,0,68,281,212.967
20cm,yolo12s,5,35,0.167,1.166,0,5,pet_normal,pet,normal,0.338135,0,0,67,270,208.25
20cm,yolo12s,6,36,0.2,1.199,0,5,pet_normal,pet,normal,0.27832,0,0,67,283,209.227
20cm,yolo12s,7,37,0.233,1.233,0,5,pet_normal,pet,normal,0.307373,0,0,67,273,208.545
20cm,yolo12s,8,38,0.267,1.266,0,5,pet_normal,pet,normal,0.327637,0,0,67,283,210.706
20cm,yolo12s,9,39,0.3,1.299,0,5,pet_normal,pet,normal,0.294189,0,0,67,269,206.882
20cm,yolo12s,10,40,0.333,1.333,0,5,pet_normal,pet,normal,0.267334,0,0,67,290,208.599
20cm,yolo12s,11,41,0.366,1.366,0,5,pet_normal,pet,normal,0.286133,0,0,67,276,209.48
20cm,yolo12s,12,42,0.4,1.399,0,5,pet_normal,pet,normal,0.282959,0,0,67,286,210.574
20cm,yolo12s,13,43,0.433,1.433,,,,,,,,,,,206.157
20cm,yolo12s,14,44,0.466,1.466,,,,,,,,,,,209.099
20cm,yolo12s,15,45,0.5,1.499,,,,,,,,,,,208.088
20cm,yolo12s,16,46,0.533,1.533,,,,,,,,,,,211.72
20cm,yolo12s,17,47,0.566,1.566,,,,,,,,,,,212.516
20cm,yolo12s,18,48,0.6,1.599,,,,,,,,,,,209.357
20cm,yolo12s,19,49,0.633,1.633,,,,,,,,,,,207.651
20cm,yolo12s,20,50,0.666,1.666,0,9,plastic_normal,plastic,normal,0.50293,223,182,391,241,211.683
20cm,yolo12s,21,51,0.7,1.699,,,,,,,,,,,207.149
20cm,yolo12s,22,52,0.733,1.733,0,9,plastic_normal,plastic,normal,0.754395,196,282,255,356,226.635
20cm,yolo12s,23,53,0.766,1.766,,,,,,,,,,,209.83
20cm,yolo12s,24,54,0.8,1.799,0,9,plastic_normal,plastic,normal,0.368408,286,93,393,151,207.846
20cm,yolo12s,25,55,0.833,1.832,0,9,plastic_normal,plastic,normal,0.358398,273,93,415,170,207.618
20cm,yolo12s,26,56,0.866,1.866,,,,,,,,,,,208.587
20cm,yolo12s,27,57,0.9,1.899,,,,,,,,,,,208.464
20cm,yolo12s,28,58,0.933,1.932,0,2,glass_normal,glass,normal,0.635254,261,87,639,254,208.231
20cm,yolo12s,29,59,0.966,1.966,0,2,glass_normal,glass,normal,0.587891,262,81,639,259,209.676
20cm,yolo12s,30,60,1.0,1.999,0,2,glass_normal,glass,normal,0.451416,264,79,639,261,209.862
20cm,yolo12s,30,60,1.0,1.999,1,9,plastic_normal,plastic,normal,0.283691,272,94,446,213,209.862
20cm,yolo12s,31,61,1.033,2.032,0,2,glass_normal,glass,normal,0.379395,268,86,639,261,212.998
20cm,yolo12s,31,61,1.033,2.032,1,9,plastic_normal,plastic,normal,0.427246,271,94,447,211,212.998
20cm,yolo12s,32,62,1.066,2.066,0,9,plastic_normal,plastic,normal,0.493164,276,94,447,210,209.44
20cm,yolo12s,33,63,1.099,2.099,0,9,plastic_normal,plastic,normal,0.388672,283,95,449,206,208.479
20cm,yolo12s,34,64,1.133,2.132,0,9,plastic_normal,plastic,normal,0.396973,282,95,449,209,209.864
20cm,yolo12s,35,65,1.166,2.166,0,9,plastic_normal,plastic,normal,0.481445,289,95,450,210,213.623
20cm,yolo12s,36,66,1.199,2.199,0,5,pet_normal,pet,normal,0.391357,0,0,133,475,210.299
20cm,yolo12s,36,66,1.199,2.199,1,9,plastic_normal,plastic,normal,0.35498,294,95,451,212,210.299
20cm,yolo12s,37,67,1.233,2.232,0,5,pet_normal,pet,normal,0.315674,0,0,137,466,208.267
20cm,yolo12s,37,67,1.233,2.232,1,9,plastic_normal,plastic,normal,0.257568,292,96,454,231,208.267
20cm,yolo12s,38,68,1.266,2.266,,,,,,,,,,,209.623
20cm,yolo12s,39,69,1.299,2.299,,,,,,,,,,,211.334
20cm,yolo12s,40,70,1.333,2.332,0,6,pet_dirty,pet,dirty,0.30249,0,0,139,479,207.746
20cm,yolo12s,41,71,1.366,2.366,0,9,plastic_normal,plastic,normal,0.256836,300,101,469,246,209.603
20cm,yolo12s,42,72,1.399,2.399,0,9,plastic_normal,plastic,normal,0.262207,301,102,472,247,209.613
20cm,yolo12s,43,73,1.433,2.432,0,9,plastic_normal,plastic,normal,0.33374,299,101,472,235,211.456
20cm,yolo12s,44,74,1.466,2.466,0,9,plastic_normal,plastic,normal,0.313232,298,102,470,213,208.628
20cm,yolo12s,45,75,1.499,2.499,0,6,pet_dirty,pet,dirty,0.257568,0,0,139,472,208.238
20cm,yolo12s,46,76,1.533,2.532,0,9,plastic_normal,plastic,normal,0.404541,176,82,304,169,208.239
20cm,yolo12s,47,77,1.566,2.565,,,,,,,,,,,212.33
20cm,yolo12s,48,78,1.599,2.599,,,,,,,,,,,209.054
20cm,yolo12s,49,79,1.633,2.632,0,9,plastic_normal,plastic,normal,0.641602,302,293,445,448,208.691
20cm,yolo12s,50,80,1.666,2.665,0,9,plastic_normal,plastic,normal,0.440674,299,294,445,448,208.075
20cm,yolo12s,51,81,1.699,2.699,,,,,,,,,,,212.354
20cm,yolo12s,52,82,1.733,2.732,,,,,,,,,,,209.658
20cm,yolo12s,53,83,1.766,2.765,,,,,,,,,,,208.504
20cm,yolo12s,54,84,1.799,2.799,,,,,,,,,,,207.269
20cm,yolo12s,55,85,1.832,2.832,,,,,,,,,,,213.261
20cm,yolo12s,56,86,1.866,2.865,,,,,,,,,,,210.808
20cm,yolo12s,57,87,1.899,2.899,,,,,,,,,,,208.328
20cm,yolo12s,58,88,1.932,2.932,,,,,,,,,,,207.865
20cm,yolo12s,59,89,1.966,2.965,,,,,,,,,,,208.039
20cm,yolo12s,60,90,1.999,2.999,0,10,plastic_dirty,plastic,dirty,0.449463,169,65,300,161,208.887
20cm,yolo12s,61,91,2.032,3.032,0,5,pet_normal,pet,normal,0.387695,0,0,133,199,208.051
20cm,yolo12s,62,92,2.066,3.065,,,,,,,,,,,209.737
20cm,yolo12s,63,93,2.099,3.099,0,5,pet_normal,pet,normal,0.503906,0,0,132,253,209.14
20cm,yolo12s,63,93,2.099,3.099,1,9,plastic_normal,plastic,normal,0.271973,294,95,470,221,209.14
20cm,yolo12s,64,94,2.132,3.132,0,5,pet_normal,pet,normal,0.329346,0,0,133,253,209.53
20cm,yolo12s,64,94,2.132,3.132,1,9,plastic_normal,plastic,normal,0.314941,295,96,474,239,209.53
20cm,yolo12s,65,95,2.166,3.165,0,5,pet_normal,pet,normal,0.370117,0,0,130,278,207.595
20cm,yolo12s,66,96,2.199,3.199,0,6,pet_dirty,pet,dirty,0.328613,0,0,132,293,209.779
20cm,yolo12s,67,97,2.232,3.232,0,6,pet_dirty,pet,dirty,0.317383,0,0,144,297,207.93
20cm,yolo12s,68,98,2.266,3.265,0,6,pet_dirty,pet,dirty,0.342529,0,0,129,299,210.238
20cm,yolo12s,69,99,2.299,3.298,0,5,pet_normal,pet,normal,0.378418,0,0,125,296,210.378
20cm,yolo12s,69,99,2.299,3.298,1,9,plastic_normal,plastic,normal,0.305664,284,96,473,276,210.378
20cm,yolo12s,70,100,2.332,3.332,0,5,pet_normal,pet,normal,0.38501,0,0,122,295,214.201
20cm,yolo12s,70,100,2.332,3.332,1,6,pet_dirty,pet,dirty,0.393311,0,0,123,294,214.201
20cm,yolo12s,71,101,2.366,3.365,0,5,pet_normal,pet,normal,0.413086,0,0,129,295,208.192
20cm,yolo12s,71,101,2.366,3.365,1,6,pet_dirty,pet,dirty,0.358398,0,0,129,295,208.192
20cm,yolo12s,72,102,2.399,3.398,0,5,pet_normal,pet,normal,0.379395,0,0,132,294,208.931
20cm,yolo12s,72,102,2.399,3.398,1,6,pet_dirty,pet,dirty,0.39502,0,0,131,294,208.931
20cm,yolo12s,73,103,2.432,3.432,0,6,pet_dirty,pet,dirty,0.424316,0,0,136,297,209.515
20cm,yolo12s,74,104,2.466,3.465,0,6,pet_dirty,pet,dirty,0.450439,0,3,137,299,211.696
20cm,yolo12s,75,105,2.499,3.498,0,5,pet_normal,pet,normal,0.386719,0,4,137,299,208.857
20cm,yolo12s,75,105,2.499,3.498,1,6,pet_dirty,pet,dirty,0.436768,0,5,137,299,208.857
20cm,yolo12s,76,106,2.532,3.532,0,6,pet_dirty,pet,dirty,0.445557,0,5,136,301,210.244
20cm,yolo12s,77,107,2.565,3.565,0,5,pet_normal,pet,normal,0.413086,0,2,136,303,208.809
20cm,yolo12s,77,107,2.565,3.565,1,6,pet_dirty,pet,dirty,0.384033,0,2,136,303,208.809
20cm,yolo12s,77,107,2.565,3.565,2,9,plastic_normal,plastic,normal,0.378418,302,96,476,279,208.809
20cm,yolo12s,78,108,2.599,3.598,0,5,pet_normal,pet,normal,0.516602,0,1,138,302,212.86
20cm,yolo12s,78,108,2.599,3.598,1,9,plastic_normal,plastic,normal,0.309814,303,97,479,276,212.86
20cm,yolo12s,79,109,2.632,3.632,0,5,pet_normal,pet,normal,0.490234,0,1,141,303,208.205
20cm,yolo12s,79,109,2.632,3.632,1,6,pet_dirty,pet,dirty,0.348633,0,1,141,303,208.205
20cm,yolo12s,79,109,2.632,3.632,2,9,plastic_normal,plastic,normal,0.380371,300,98,474,270,208.205
20cm,yolo12s,80,110,2.665,3.665,0,6,pet_dirty,pet,dirty,0.459961,0,2,142,306,209.088
20cm,yolo12s,80,110,2.665,3.665,1,9,plastic_normal,plastic,normal,0.257568,303,97,479,258,209.088
20cm,yolo12s,81,111,2.699,3.698,0,6,pet_dirty,pet,dirty,0.516602,0,3,141,327,208.423
20cm,yolo12s,82,112,2.732,3.732,0,6,pet_dirty,pet,dirty,0.489258,0,2,140,328,211.778
20cm,yolo12s,83,113,2.765,3.765,0,6,pet_dirty,pet,dirty,0.516602,0,2,141,380,210.197
20cm,yolo12s,84,114,2.799,3.798,0,6,pet_dirty,pet,dirty,0.293457,0,4,141,454,210.412
20cm,yolo12s,85,115,2.832,3.832,0,6,pet_dirty,pet,dirty,0.280518,0,3,141,452,208.931
20cm,yolo12s,86,116,2.865,3.865,,,,,,,,,,,211.889
20cm,yolo12s,87,117,2.899,3.898,,,,,,,,,,,209.988
20cm,yolo12s,88,118,2.932,3.932,,,,,,,,,,,210.006
20cm,yolo12s,89,119,2.965,3.965,,,,,,,,,,,208.109
20cm,yolo12s,90,120,2.999,3.998,,,,,,,,,,,212.689
20cm,yolo12s,91,121,3.032,4.031,,,,,,,,,,,209.005
20cm,yolo12s,92,122,3.065,4.065,0,5,pet_normal,pet,normal,0.253906,0,3,140,479,210.033
20cm,yolo12s,93,123,3.099,4.098,0,5,pet_normal,pet,normal,0.456055,0,2,141,479,210.641
20cm,yolo12s,94,124,3.132,4.131,0,5,pet_normal,pet,normal,0.414062,0,3,141,479,213.204
20cm,yolo12s,94,124,3.132,4.131,1,6,pet_dirty,pet,dirty,0.263672,0,3,141,476,213.204
20cm,yolo12s,95,125,3.165,4.165,0,5,pet_normal,pet,normal,0.469727,0,5,141,479,210.223
20cm,yolo12s,96,126,3.199,4.198,0,5,pet_normal,pet,normal,0.419678,0,3,141,479,210.045
20cm,yolo12s,96,126,3.199,4.198,1,6,pet_dirty,pet,dirty,0.301514,0,4,141,479,210.045
20cm,yolo12s,97,127,3.232,4.231,0,5,pet_normal,pet,normal,0.460938,0,2,140,479,208.311
20cm,yolo12s,97,127,3.232,4.231,1,6,pet_dirty,pet,dirty,0.259766,0,3,140,478,208.311
20cm,yolo12s,98,128,3.265,4.265,0,5,pet_normal,pet,normal,0.498047,0,2,141,479,213.992
20cm,yolo12s,99,129,3.298,4.298,0,5,pet_normal,pet,normal,0.454346,0,3,140,479,209.548
20cm,yolo12s,100,130,3.332,4.331,0,5,pet_normal,pet,normal,0.552734,0,3,142,479,211.887
20cm,yolo12s,101,131,3.365,4.365,0,5,pet_normal,pet,normal,0.466797,0,2,142,479,210.607
20cm,yolo12s,101,131,3.365,4.365,1,6,pet_dirty,pet,dirty,0.38208,0,3,141,479,210.607
20cm,yolo12s,102,132,3.398,4.398,0,5,pet_normal,pet,normal,0.309814,0,2,141,479,211.64
20cm,yolo12s,103,133,3.432,4.431,0,5,pet_normal,pet,normal,0.435059,0,3,141,479,209.558
20cm,yolo12s,104,134,3.465,4.465,0,5,pet_normal,pet,normal,0.486328,0,2,142,479,211.541
20cm,yolo12s,105,135,3.498,4.498,0,6,pet_dirty,pet,dirty,0.477539,0,1,141,377,210.01
20cm,yolo12s,105,135,3.498,4.498,1,9,plastic_normal,plastic,normal,0.330322,395,108,603,286,210.01
20cm,yolo12s,106,136,3.532,4.531,0,6,pet_dirty,pet,dirty,0.492188,0,1,141,338,208.823
20cm,yolo12s,106,136,3.532,4.531,1,9,plastic_normal,plastic,normal,0.286865,393,107,606,287,208.823
20cm,yolo12s,107,137,3.565,4.565,0,6,pet_dirty,pet,dirty,0.499023,0,1,141,327,210.21
20cm,yolo12s,108,138,3.598,4.598,0,6,pet_dirty,pet,dirty,0.484375,0,0,141,317,209.692
20cm,yolo12s,109,139,3.632,4.631,0,6,pet_dirty,pet,dirty,0.479492,0,1,141,314,211.023
20cm,yolo12s,110,140,3.665,4.665,0,6,pet_dirty,pet,dirty,0.494141,0,0,140,325,209.179
20cm,yolo12s,111,141,3.698,4.698,0,5,pet_normal,pet,normal,0.422607,0,2,141,337,210.161
20cm,yolo12s,111,141,3.698,4.698,1,6,pet_dirty,pet,dirty,0.461914,0,1,141,336,210.161
20cm,yolo12s,112,142,3.732,4.731,0,6,pet_dirty,pet,dirty,0.519531,0,1,141,340,210.572
20cm,yolo12s,113,143,3.765,4.764,0,6,pet_dirty,pet,dirty,0.525391,0,1,141,337,214.479
20cm,yolo12s,114,144,3.798,4.798,0,6,pet_dirty,pet,dirty,0.508789,0,0,141,334,209.276
20cm,yolo12s,114,144,3.798,4.798,1,9,plastic_normal,plastic,normal,0.256104,404,108,599,311,209.276
20cm,yolo12s,115,145,3.832,4.831,0,6,pet_dirty,pet,dirty,0.508789,0,1,141,334,209.574
20cm,yolo12s,116,146,3.865,4.864,0,6,pet_dirty,pet,dirty,0.517578,0,0,141,328,209.613
20cm,yolo12s,116,146,3.865,4.864,1,9,plastic_normal,plastic,normal,0.263672,405,108,598,311,209.613
20cm,yolo12s,117,147,3.898,4.898,0,6,pet_dirty,pet,dirty,0.507812,0,1,141,325,212.154
20cm,yolo12s,118,148,3.932,4.931,0,0,can_normal,can,normal,0.462891,243,109,353,323,208.693
20cm,yolo12s,118,148,3.932,4.931,1,5,pet_normal,pet,normal,0.547852,0,1,149,316,208.693
20cm,yolo12s,119,149,3.965,4.964,0,0,can_normal,can,normal,0.345215,250,109,360,321,211.941
20cm,yolo12s,120,150,3.998,4.998,,,,,,,,,,,211.236
20cm,yolo12s,121,151,4.031,5.031,0,9,plastic_normal,plastic,normal,0.594727,415,104,617,296,212.281
20cm,yolo12s,122,152,4.065,5.064,0,5,pet_normal,pet,normal,0.26123,31,0,199,300,210.05
20cm,yolo12s,122,152,4.065,5.064,1,9,plastic_normal,plastic,normal,0.393311,415,104,620,294,210.05
20cm,yolo12s,123,153,4.098,5.098,0,0,can_normal,can,normal,0.470703,256,109,312,303,210.473
20cm,yolo12s,123,153,4.098,5.098,1,6,pet_dirty,pet,dirty,0.44751,36,4,201,301,210.473
20cm,yolo12s,124,154,4.131,5.131,0,5,pet_normal,pet,normal,0.430176,41,0,200,304,210.342
20cm,yolo12s,124,154,4.131,5.131,1,6,pet_dirty,pet,dirty,0.398926,41,0,199,304,210.342
20cm,yolo12s,124,154,4.131,5.131,2,9,plastic_normal,plastic,normal,0.35498,418,104,618,297,210.342
20cm,yolo12s,125,155,4.165,5.164,0,5,pet_normal,pet,normal,0.2854,48,0,210,306,213.571
20cm,yolo12s,125,155,4.165,5.164,1,9,plastic_normal,plastic,normal,0.487305,418,105,616,299,213.571
20cm,yolo12s,126,156,4.198,5.198,0,5,pet_normal,pet,normal,0.373047,59,7,216,306,209.237
20cm,yolo12s,126,156,4.198,5.198,1,9,plastic_normal,plastic,normal,0.374756,418,105,616,302,209.237
20cm,yolo12s,127,157,4.231,5.231,0,5,pet_normal,pet,normal,0.5,67,10,220,308,209.237
20cm,yolo12s,127,157,4.231,5.231,1,9,plastic_normal,plastic,normal,0.27124,419,105,617,304,209.237
20cm,yolo12s,128,158,4.265,5.264,0,5,pet_normal,pet,normal,0.458984,73,9,222,311,209.849
20cm,yolo12s,128,158,4.265,5.264,1,9,plastic_normal,plastic,normal,0.283691,418,105,616,311,209.849
20cm,yolo12s,129,159,4.298,5.298,0,5,pet_normal,pet,normal,0.44165,74,8,223,315,215.466
20cm,yolo12s,129,159,4.298,5.298,1,6,pet_dirty,pet,dirty,0.384033,74,8,224,314,215.466
20cm,yolo12s,129,159,4.298,5.298,2,7,pet_packaging,pet,packaging,0.314941,420,105,615,314,215.466
20cm,yolo12s,129,159,4.298,5.298,3,9,plastic_normal,plastic,normal,0.452393,419,105,614,314,215.466
20cm,yolo12s,130,160,4.331,5.331,0,5,pet_normal,pet,normal,0.420654,73,10,225,316,211.479
20cm,yolo12s,130,160,4.331,5.331,1,6,pet_dirty,pet,dirty,0.413086,74,8,225,315,211.479
20cm,yolo12s,130,160,4.331,5.331,2,7,pet_packaging,pet,packaging,0.250244,421,105,615,314,211.479
20cm,yolo12s,130,160,4.331,5.331,3,9,plastic_normal,plastic,normal,0.510742,420,104,613,316,211.479
20cm,yolo12s,131,161,4.365,5.364,0,0,can_normal,can,normal,0.282227,259,110,361,316,211.373
20cm,yolo12s,131,161,4.365,5.364,1,6,pet_dirty,pet,dirty,0.499023,75,9,226,318,211.373
20cm,yolo12s,131,161,4.365,5.364,2,9,plastic_normal,plastic,normal,0.421631,420,104,613,317,211.373
20cm,yolo12s,132,162,4.398,5.398,0,5,pet_normal,pet,normal,0.470703,76,9,226,320,210.578
20cm,yolo12s,132,162,4.398,5.398,1,9,plastic_normal,plastic,normal,0.522461,418,105,614,316,210.578
20cm,yolo12s,133,163,4.431,5.431,0,5,pet_normal,pet,normal,0.445557,77,8,226,322,214.598
20cm,yolo12s,133,163,4.431,5.431,1,6,pet_dirty,pet,dirty,0.430176,76,10,225,322,214.598
20cm,yolo12s,133,163,4.431,5.431,2,9,plastic_normal,plastic,normal,0.385742,421,105,614,312,214.598
20cm,yolo12s,134,164,4.465,5.464,0,0,can_normal,can,normal,0.439697,264,111,345,313,209.144
20cm,yolo12s,134,164,4.465,5.464,1,6,pet_dirty,pet,dirty,0.479492,77,10,226,326,209.144
20cm,yolo12s,134,164,4.465,5.464,2,9,plastic_normal,plastic,normal,0.353027,420,105,617,313,209.144
20cm,yolo12s,135,165,4.498,5.497,0,6,pet_dirty,pet,dirty,0.521484,77,10,226,330,210.014
20cm,yolo12s,135,165,4.498,5.497,1,9,plastic_normal,plastic,normal,0.347656,417,105,614,315,210.014
20cm,yolo12s,136,166,4.531,5.531,0,6,pet_dirty,pet,dirty,0.492188,76,10,226,335,210.889
20cm,yolo12s,136,166,4.531,5.531,1,9,plastic_normal,plastic,normal,0.402588,416,105,613,316,210.889
20cm,yolo12s,137,167,4.565,5.564,0,6,pet_dirty,pet,dirty,0.479492,76,9,226,347,215.472
20cm,yolo12s,137,167,4.565,5.564,1,9,plastic_normal,plastic,normal,0.351318,415,105,618,296,215.472
20cm,yolo12s,138,168,4.598,5.597,0,6,pet_dirty,pet,dirty,0.469727,76,8,225,361,210.185
20cm,yolo12s,139,169,4.631,5.631,0,6,pet_dirty,pet,dirty,0.50293,76,10,226,384,209.162
20cm,yolo12s,140,170,4.665,5.664,0,6,pet_dirty,pet,dirty,0.360352,75,9,227,462,211.484
20cm,yolo12s,141,171,4.698,5.697,0,6,pet_dirty,pet,dirty,0.469727,75,10,226,466,210.668
20cm,yolo12s,141,171,4.698,5.697,1,9,plastic_normal,plastic,normal,0.344238,418,105,602,206,210.668
20cm,yolo12s,142,172,4.731,5.731,0,6,pet_dirty,pet,dirty,0.438721,76,10,227,463,210.762
20cm,yolo12s,142,172,4.731,5.731,1,9,plastic_normal,plastic,normal,0.516602,414,105,590,197,210.762
20cm,yolo12s,143,173,4.764,5.764,0,6,pet_dirty,pet,dirty,0.419678,76,10,227,461,210.745
20cm,yolo12s,144,174,4.798,5.797,0,6,pet_dirty,pet,dirty,0.402588,76,10,226,462,217.883
20cm,yolo12s,145,175,4.831,5.831,0,6,pet_dirty,pet,dirty,0.396973,76,10,226,464,208.948
20cm,yolo12s,145,175,4.831,5.831,1,9,plastic_normal,plastic,normal,0.335449,416,105,591,305,208.948
20cm,yolo12s,146,176,4.864,5.864,0,6,pet_dirty,pet,dirty,0.428223,76,10,226,461,209.089
20cm,yolo12s,146,176,4.864,5.864,1,7,pet_packaging,pet,packaging,0.377441,417,105,615,310,209.089
20cm,yolo12s,146,176,4.864,5.864,2,9,plastic_normal,plastic,normal,0.417725,417,105,613,310,209.089
20cm,yolo12s,147,177,4.898,5.897,0,6,pet_dirty,pet,dirty,0.416748,76,10,227,460,210.342
20cm,yolo12s,147,177,4.898,5.897,1,7,pet_packaging,pet,packaging,0.522461,416,105,612,308,210.342
20cm,yolo12s,147,177,4.898,5.897,2,9,plastic_normal,plastic,normal,0.342529,416,105,612,308,210.342
20cm,yolo12s,148,178,4.931,5.931,0,6,pet_dirty,pet,dirty,0.419678,76,10,227,459,214.77
20cm,yolo12s,148,178,4.931,5.931,1,7,pet_packaging,pet,packaging,0.540039,416,105,614,303,214.77
20cm,yolo12s,148,178,4.931,5.931,2,9,plastic_normal,plastic,normal,0.367432,417,105,614,303,214.77
20cm,yolo12s,149,179,4.964,5.964,0,6,pet_dirty,pet,dirty,0.417725,76,10,227,460,209.806
20cm,yolo12s,149,179,4.964,5.964,1,7,pet_packaging,pet,packaging,0.492188,416,105,613,304,209.806
20cm,yolo12s,149,179,4.964,5.964,2,9,plastic_normal,plastic,normal,0.378418,416,105,613,305,209.806
20cm,yolo12s,150,180,4.998,5.997,0,6,pet_dirty,pet,dirty,0.367432,76,10,226,469,210.016
20cm,yolo12s,150,180,4.998,5.997,1,7,pet_packaging,pet,packaging,0.36377,416,105,612,308,210.016
20cm,yolo12s,151,181,5.031,6.031,0,6,pet_dirty,pet,dirty,0.391357,76,10,226,463,210.507
20cm,yolo12s,151,181,5.031,6.031,1,7,pet_packaging,pet,packaging,0.553711,417,105,611,307,210.507
20cm,yolo12s,152,182,5.064,6.064,0,6,pet_dirty,pet,dirty,0.408203,76,10,227,460,215.234
20cm,yolo12s,152,182,5.064,6.064,1,7,pet_packaging,pet,packaging,0.582031,417,105,612,305,215.234
20cm,yolo12s,152,182,5.064,6.064,2,9,plastic_normal,plastic,normal,0.275879,417,105,612,306,215.234
20cm,yolo12s,153,183,5.098,6.097,0,6,pet_dirty,pet,dirty,0.384033,76,10,227,461,210.316
20cm,yolo12s,153,183,5.098,6.097,1,7,pet_packaging,pet,packaging,0.628906,419,105,613,307,210.316
20cm,yolo12s,153,183,5.098,6.097,2,9,plastic_normal,plastic,normal,0.300781,419,105,612,308,210.316
20cm,yolo12s,154,184,5.131,6.13,0,6,pet_dirty,pet,dirty,0.396973,76,10,227,459,211.649
20cm,yolo12s,154,184,5.131,6.13,1,7,pet_packaging,pet,packaging,0.646973,420,105,613,305,211.649
20cm,yolo12s,154,184,5.131,6.13,2,9,plastic_normal,plastic,normal,0.325195,420,105,612,306,211.649
20cm,yolo12s,155,185,5.164,6.164,0,6,pet_dirty,pet,dirty,0.406494,76,10,227,459,210.824
20cm,yolo12s,155,185,5.164,6.164,1,7,pet_packaging,pet,packaging,0.587891,418,105,612,305,210.824
20cm,yolo12s,155,185,5.164,6.164,2,9,plastic_normal,plastic,normal,0.280518,419,105,613,305,210.824
20cm,yolo12s,156,186,5.198,6.197,0,6,pet_dirty,pet,dirty,0.420654,76,10,227,460,214.925
20cm,yolo12s,156,186,5.198,6.197,1,7,pet_packaging,pet,packaging,0.539062,417,105,614,306,214.925
20cm,yolo12s,157,187,5.231,6.23,0,6,pet_dirty,pet,dirty,0.429199,76,10,227,459,209.889
20cm,yolo12s,157,187,5.231,6.23,1,7,pet_packaging,pet,packaging,0.580566,418,105,613,301,209.889
20cm,yolo12s,158,188,5.264,6.264,0,6,pet_dirty,pet,dirty,0.404541,76,10,227,462,209.913
20cm,yolo12s,158,188,5.264,6.264,1,7,pet_packaging,pet,packaging,0.550781,418,106,612,303,209.913
20cm,yolo12s,158,188,5.264,6.264,2,9,plastic_normal,plastic,normal,0.338867,418,106,612,303,209.913
20cm,yolo12s,159,189,5.298,6.297,0,6,pet_dirty,pet,dirty,0.421631,76,10,226,461,211.38
20cm,yolo12s,159,189,5.298,6.297,1,7,pet_packaging,pet,packaging,0.551758,420,106,613,303,211.38
20cm,yolo12s,159,189,5.298,6.297,2,9,plastic_normal,plastic,normal,0.282959,420,106,613,303,211.38
20cm,yolo12s,160,190,5.331,6.33,0,6,pet_dirty,pet,dirty,0.414062,76,13,227,460,215.762
20cm,yolo12s,160,190,5.331,6.33,1,7,pet_packaging,pet,packaging,0.529297,419,106,612,307,215.762
20cm,yolo12s,161,191,5.364,6.364,0,6,pet_dirty,pet,dirty,0.440674,76,9,227,461,210.978
20cm,yolo12s,161,191,5.364,6.364,1,7,pet_packaging,pet,packaging,0.412109,419,105,613,304,210.978
20cm,yolo12s,161,191,5.364,6.364,2,9,plastic_normal,plastic,normal,0.287842,418,105,612,303,210.978
20cm,yolo12s,162,192,5.398,6.397,0,6,pet_dirty,pet,dirty,0.425293,76,10,226,462,210.94
20cm,yolo12s,162,192,5.398,6.397,1,7,pet_packaging,pet,packaging,0.47168,421,105,613,304,210.94
20cm,yolo12s,162,192,5.398,6.397,2,9,plastic_normal,plastic,normal,0.250244,421,105,614,302,210.94
20cm,yolo12s,163,193,5.431,6.43,0,6,pet_dirty,pet,dirty,0.44458,76,10,227,463,210.395
20cm,yolo12s,163,193,5.431,6.43,1,7,pet_packaging,pet,packaging,0.496094,418,106,613,305,210.395
20cm,yolo12s,164,194,5.464,6.464,0,5,pet_normal,pet,normal,0.380371,77,10,227,461,216.546
20cm,yolo12s,164,194,5.464,6.464,1,6,pet_dirty,pet,dirty,0.408203,76,10,226,463,216.546
20cm,yolo12s,164,194,5.464,6.464,2,7,pet_packaging,pet,packaging,0.461914,419,105,614,304,216.546
20cm,yolo12s,164,194,5.464,6.464,3,9,plastic_normal,plastic,normal,0.385742,419,105,614,304,216.546
20cm,yolo12s,165,195,5.497,6.497,0,6,pet_dirty,pet,dirty,0.42627,76,10,227,462,211.476
20cm,yolo12s,165,195,5.497,6.497,1,7,pet_packaging,pet,packaging,0.482422,419,105,614,301,211.476
20cm,yolo12s,165,195,5.497,6.497,2,9,plastic_normal,plastic,normal,0.337158,420,106,614,302,211.476
20cm,yolo12s,166,196,5.531,6.53,0,6,pet_dirty,pet,dirty,0.406494,75,10,226,462,211.091
20cm,yolo12s,166,196,5.531,6.53,1,7,pet_packaging,pet,packaging,0.558105,416,106,613,300,211.091
20cm,yolo12s,167,197,5.564,6.564,0,5,pet_normal,pet,normal,0.429199,72,10,226,466,210.452
20cm,yolo12s,167,197,5.564,6.564,1,6,pet_dirty,pet,dirty,0.371094,70,14,225,461,210.452
20cm,yolo12s,167,197,5.564,6.564,2,7,pet_packaging,pet,packaging,0.532227,417,106,611,302,210.452
20cm,yolo12s,168,198,5.597,6.597,0,5,pet_normal,pet,normal,0.480469,70,6,224,464,214.137
20cm,yolo12s,168,198,5.597,6.597,1,7,pet_packaging,pet,packaging,0.57666,416,107,608,304,214.137
20cm,yolo12s,169,199,5.631,6.63,0,5,pet_normal,pet,normal,0.486328,67,4,223,465,208.985
20cm,yolo12s,169,199,5.631,6.63,1,6,pet_dirty,pet,dirty,0.368408,65,10,222,462,208.985
20cm,yolo12s,169,199,5.631,6.63,2,7,pet_packaging,pet,packaging,0.562988,415,107,605,305,208.985
20cm,yolo12s,170,200,5.664,6.664,0,6,pet_dirty,pet,dirty,0.450439,64,4,220,459,209.772
20cm,yolo12s,170,200,5.664,6.664,1,7,pet_packaging,pet,packaging,0.504883,415,107,603,304,209.772
20cm,yolo12s,171,201,5.697,6.697,0,6,pet_dirty,pet,dirty,0.435059,65,15,220,463,209.285
20cm,yolo12s,171,201,5.697,6.697,1,7,pet_packaging,pet,packaging,0.496094,417,107,600,306,209.285
20cm,yolo12s,172,202,5.731,6.73,0,5,pet_normal,pet,normal,0.463867,62,5,219,463,216.312
20cm,yolo12s,172,202,5.731,6.73,1,6,pet_dirty,pet,dirty,0.435059,62,7,219,462,216.312
20cm,yolo12s,172,202,5.731,6.73,2,7,pet_packaging,pet,packaging,0.556641,414,107,599,306,216.312
20cm,yolo12s,173,203,5.764,6.764,0,5,pet_normal,pet,normal,0.439697,61,6,218,462,211.534
20cm,yolo12s,173,203,5.764,6.764,1,6,pet_dirty,pet,dirty,0.44458,60,12,217,460,211.534
20cm,yolo12s,173,203,5.764,6.764,2,7,pet_packaging,pet,packaging,0.538086,414,107,598,304,211.534
20cm,yolo12s,174,204,5.797,6.797,0,5,pet_normal,pet,normal,0.434082,61,10,218,463,210.955
20cm,yolo12s,174,204,5.797,6.797,1,6,pet_dirty,pet,dirty,0.44458,61,9,218,462,210.955
20cm,yolo12s,174,204,5.797,6.797,2,7,pet_packaging,pet,packaging,0.53125,414,107,596,303,210.955
20cm,yolo12s,175,205,5.831,6.83,0,5,pet_normal,pet,normal,0.435791,61,7,218,463,210.985
20cm,yolo12s,175,205,5.831,6.83,1,6,pet_dirty,pet,dirty,0.438721,62,7,218,462,210.985
20cm,yolo12s,175,205,5.831,6.83,2,7,pet_packaging,pet,packaging,0.525391,414,107,595,304,210.985
20cm,yolo12s,176,206,5.864,6.863,0,5,pet_normal,pet,normal,0.428223,61,7,219,463,210.688
20cm,yolo12s,176,206,5.864,6.863,1,6,pet_dirty,pet,dirty,0.44458,61,7,218,462,210.688
20cm,yolo12s,176,206,5.864,6.863,2,7,pet_packaging,pet,packaging,0.455078,413,107,595,301,210.688
20cm,yolo12s,177,207,5.897,6.897,0,6,pet_dirty,pet,dirty,0.463867,62,7,218,462,211.76
20cm,yolo12s,177,207,5.897,6.897,1,7,pet_packaging,pet,packaging,0.467773,413,107,595,299,211.76
20cm,yolo12s,178,208,5.931,6.93,0,6,pet_dirty,pet,dirty,0.489258,62,6,218,462,210.323
20cm,yolo12s,178,208,5.931,6.93,1,7,pet_packaging,pet,packaging,0.408203,413,107,596,303,210.323
20cm,yolo12s,179,209,5.964,6.963,0,6,pet_dirty,pet,dirty,0.495117,62,7,218,464,210.294
20cm,yolo12s,179,209,5.964,6.963,1,7,pet_packaging,pet,packaging,0.445557,413,107,595,302,210.294
20cm,yolo12s,180,210,5.997,6.997,0,6,pet_dirty,pet,dirty,0.430176,63,5,219,462,211.377
20cm,yolo12s,180,210,5.997,6.997,1,7,pet_packaging,pet,packaging,0.430176,414,107,595,297,211.377
20cm,yolo12s,181,211,6.031,7.03,0,6,pet_dirty,pet,dirty,0.448486,63,9,218,461,210.658
20cm,yolo12s,181,211,6.031,7.03,1,7,pet_packaging,pet,packaging,0.450439,413,107,596,297,210.658
20cm,yolo12s,182,212,6.064,7.063,0,6,pet_dirty,pet,dirty,0.435059,62,4,218,463,211.387
20cm,yolo12s,182,212,6.064,7.063,1,7,pet_packaging,pet,packaging,0.546875,412,107,596,298,211.387
20cm,yolo12s,183,213,6.097,7.097,0,6,pet_dirty,pet,dirty,0.473633,61,4,218,464,215.746
20cm,yolo12s,183,213,6.097,7.097,1,7,pet_packaging,pet,packaging,0.650391,408,107,596,297,215.746
20cm,yolo12s,184,214,6.13,7.13,0,6,pet_dirty,pet,dirty,0.458008,61,4,218,462,212.115
20cm,yolo12s,184,214,6.13,7.13,1,7,pet_packaging,pet,packaging,0.57666,401,107,597,298,212.115
20cm,yolo12s,185,215,6.164,7.163,0,6,pet_dirty,pet,dirty,0.463867,61,3,218,461,209.51
20cm,yolo12s,185,215,6.164,7.163,1,7,pet_packaging,pet,packaging,0.42334,394,108,594,301,209.51
20cm,yolo12s,186,216,6.197,7.197,0,5,pet_normal,pet,normal,0.437744,61,5,218,462,210.244
20cm,yolo12s,186,216,6.197,7.197,1,6,pet_dirty,pet,dirty,0.452393,61,4,218,461,210.244
20cm,yolo12s,186,216,6.197,7.197,2,7,pet_packaging,pet,packaging,0.391357,394,108,593,298,210.244
20cm,yolo12s,187,217,6.23,7.23,0,6,pet_dirty,pet,dirty,0.476562,62,5,219,463,213.852
20cm,yolo12s,188,218,6.264,7.263,0,6,pet_dirty,pet,dirty,0.473633,62,13,218,463,211.326
20cm,yolo12s,188,218,6.264,7.263,1,7,pet_packaging,pet,packaging,0.31665,391,109,585,289,211.326
20cm,yolo12s,189,219,6.297,7.297,0,6,pet_dirty,pet,dirty,0.475586,62,5,218,464,217.27
20cm,yolo12s,189,219,6.297,7.297,1,7,pet_packaging,pet,packaging,0.429199,394,108,588,282,217.27
20cm,yolo12s,190,220,6.33,7.33,0,6,pet_dirty,pet,dirty,0.479492,62,5,218,464,211.64
20cm,yolo12s,190,220,6.33,7.33,1,7,pet_packaging,pet,packaging,0.351318,399,107,591,282,211.64
20cm,yolo12s,191,221,6.364,7.363,0,6,pet_dirty,pet,dirty,0.504883,61,5,218,462,215.2
20cm,yolo12s,191,221,6.364,7.363,1,7,pet_packaging,pet,packaging,0.356689,400,108,594,287,215.2
20cm,yolo12s,191,221,6.364,7.363,2,9,plastic_normal,plastic,normal,0.344238,401,108,594,285,215.2
20cm,yolo12s,192,222,6.397,7.397,0,6,pet_dirty,pet,dirty,0.483398,62,4,219,461,211.712
20cm,yolo12s,192,222,6.397,7.397,1,9,plastic_normal,plastic,normal,0.34082,399,107,595,281,211.712
20cm,yolo12s,193,223,6.43,7.43,0,6,pet_dirty,pet,dirty,0.480469,61,9,217,461,210.964
20cm,yolo12s,193,223,6.43,7.43,1,9,plastic_normal,plastic,normal,0.337158,397,106,586,282,210.964
20cm,yolo12s,194,224,6.464,7.463,0,6,pet_dirty,pet,dirty,0.463867,62,4,219,460,210.286
20cm,yolo12s,195,225,6.497,7.497,0,6,pet_dirty,pet,dirty,0.479492,62,4,219,463,214.345
20cm,yolo12s,196,226,6.53,7.53,0,6,pet_dirty,pet,dirty,0.461914,62,14,218,468,210.298
20cm,yolo12s,197,227,6.564,7.563,0,6,pet_dirty,pet,dirty,0.481445,62,12,219,477,210.076
20cm,yolo12s,197,227,6.564,7.563,1,7,pet_packaging,pet,packaging,0.494141,392,102,638,300,210.076
20cm,yolo12s,198,228,6.597,7.596,0,6,pet_dirty,pet,dirty,0.469727,62,10,219,478,211.501
20cm,yolo12s,198,228,6.597,7.596,1,7,pet_packaging,pet,packaging,0.59082,390,102,639,292,211.501
20cm,yolo12s,199,229,6.63,7.63,0,6,pet_dirty,pet,dirty,0.455078,61,8,218,478,214.944
20cm,yolo12s,200,230,6.664,7.663,0,6,pet_dirty,pet,dirty,0.455078,63,13,218,473,211.753
20cm,yolo12s,201,231,6.697,7.696,0,6,pet_dirty,pet,dirty,0.481445,62,12,218,468,211.936
20cm,yolo12s,202,232,6.73,7.73,0,6,pet_dirty,pet,dirty,0.475586,61,11,217,464,212.307
20cm,yolo12s,203,233,6.764,7.763,0,6,pet_dirty,pet,dirty,0.478516,62,12,218,466,217.686
20cm,yolo12s,204,234,6.797,7.796,0,6,pet_dirty,pet,dirty,0.460938,61,8,218,472,211.776
20cm,yolo12s,205,235,6.83,7.83,0,6,pet_dirty,pet,dirty,0.474609,62,11,218,466,209.974
20cm,yolo12s,206,236,6.863,7.863,0,6,pet_dirty,pet,dirty,0.490234,62,11,218,463,210.235
20cm,yolo12s,207,237,6.897,7.896,0,6,pet_dirty,pet,dirty,0.489258,62,12,218,464,215.739
20cm,yolo12s,208,238,6.93,7.93,0,6,pet_dirty,pet,dirty,0.504883,62,5,218,461,211.539
20cm,yolo12s,209,239,6.963,7.963,0,6,pet_dirty,pet,dirty,0.49707,62,5,218,460,211.441
20cm,yolo12s,210,240,6.997,7.996,0,6,pet_dirty,pet,dirty,0.463867,63,3,219,463,209.995
20cm,yolo12s,211,241,7.03,8.03,0,6,pet_dirty,pet,dirty,0.454346,62,3,219,461,210.547
20cm,yolo12s,212,242,7.063,8.063,0,6,pet_dirty,pet,dirty,0.454346,61,4,218,460,211.148
20cm,yolo12s,213,243,7.097,8.096,0,5,pet_normal,pet,normal,0.414795,61,4,219,460,212.53
20cm,yolo12s,213,243,7.097,8.096,1,6,pet_dirty,pet,dirty,0.419678,61,4,218,460,212.53
20cm,yolo12s,214,244,7.13,8.13,0,5,pet_normal,pet,normal,0.42627,61,5,218,461,215.949
20cm,yolo12s,214,244,7.13,8.13,1,6,pet_dirty,pet,dirty,0.417725,61,10,217,460,215.949
20cm,yolo12s,215,245,7.163,8.163,0,0,can_normal,can,normal,0.251709,258,106,370,437,211.931
20cm,yolo12s,215,245,7.163,8.163,1,6,pet_dirty,pet,dirty,0.421631,59,12,218,462,211.931
20cm,yolo12s,216,246,7.197,8.196,0,6,pet_dirty,pet,dirty,0.429199,62,8,218,465,212.248
20cm,yolo12s,217,247,7.23,8.23,0,6,pet_dirty,pet,dirty,0.429199,60,15,218,460,209.538
20cm,yolo12s,218,248,7.263,8.263,0,6,pet_dirty,pet,dirty,0.425293,60,17,218,460,214.743
20cm,yolo12s,219,249,7.297,8.296,0,6,pet_dirty,pet,dirty,0.448486,63,9,218,461,211.126
20cm,yolo12s,219,249,7.297,8.296,1,7,pet_packaging,pet,packaging,0.458984,388,71,617,464,211.126
20cm,yolo12s,220,250,7.33,8.329,0,6,pet_dirty,pet,dirty,0.443604,63,14,217,472,212.157
20cm,yolo12s,220,250,7.33,8.329,1,7,pet_packaging,pet,packaging,0.29248,385,69,621,466,212.157
20cm,yolo12s,221,251,7.363,8.363,0,6,pet_dirty,pet,dirty,0.452393,62,5,218,460,211.675
20cm,yolo12s,221,251,7.363,8.363,1,7,pet_packaging,pet,packaging,0.332764,381,66,621,355,211.675
20cm,yolo12s,222,252,7.397,8.396,0,6,pet_dirty,pet,dirty,0.451416,63,13,218,460,215.335
20cm,yolo12s,222,252,7.397,8.396,1,7,pet_packaging,pet,packaging,0.323486,381,64,621,409,215.335
20cm,yolo12s,223,253,7.43,8.429,0,6,pet_dirty,pet,dirty,0.452393,62,6,218,460,212.896
20cm,yolo12s,224,254,7.463,8.463,0,6,pet_dirty,pet,dirty,0.480469,63,10,218,461,213.195
20cm,yolo12s,225,255,7.497,8.496,0,6,pet_dirty,pet,dirty,0.467773,63,13,217,472,210.71
20cm,yolo12s,225,255,7.497,8.496,1,7,pet_packaging,pet,packaging,0.265869,381,70,612,459,210.71
20cm,yolo12s,226,256,7.53,8.529,0,6,pet_dirty,pet,dirty,0.450439,61,4,218,460,214.517
20cm,yolo12s,226,256,7.53,8.529,1,7,pet_packaging,pet,packaging,0.379395,383,70,614,467,214.517
20cm,yolo12s,227,257,7.563,8.563,0,6,pet_dirty,pet,dirty,0.467773,62,6,218,460,212.926
20cm,yolo12s,227,257,7.563,8.563,1,7,pet_packaging,pet,packaging,0.364746,390,69,614,468,212.926
20cm,yolo12s,228,258,7.596,8.596,0,6,pet_dirty,pet,dirty,0.454346,62,5,218,459,211.227
20cm,yolo12s,228,258,7.596,8.596,1,7,pet_packaging,pet,packaging,0.419678,386,70,613,469,211.227
20cm,yolo12s,229,259,7.63,8.629,0,6,pet_dirty,pet,dirty,0.442627,63,5,219,459,212.01
20cm,yolo12s,229,259,7.63,8.629,1,7,pet_packaging,pet,packaging,0.361084,382,69,608,470,212.01
20cm,yolo12s,230,260,7.663,8.663,0,6,pet_dirty,pet,dirty,0.44165,62,3,218,460,217.117
20cm,yolo12s,230,260,7.663,8.663,1,7,pet_packaging,pet,packaging,0.482422,380,68,610,469,217.117
20cm,yolo12s,231,261,7.696,8.696,0,5,pet_normal,pet,normal,0.412109,62,5,219,460,213.626
20cm,yolo12s,231,261,7.696,8.696,1,6,pet_dirty,pet,dirty,0.452393,62,5,218,460,213.626
20cm,yolo12s,231,261,7.696,8.696,2,7,pet_packaging,pet,packaging,0.552734,386,70,610,469,213.626
20cm,yolo12s,232,262,7.73,8.729,0,5,pet_normal,pet,normal,0.422607,61,5,218,460,212.942
20cm,yolo12s,232,262,7.73,8.729,1,6,pet_dirty,pet,dirty,0.450439,61,11,217,459,212.942
20cm,yolo12s,232,262,7.73,8.729,2,7,pet_packaging,pet,packaging,0.470703,385,71,609,471,212.942
20cm,yolo12s,233,263,7.763,8.763,0,6,pet_dirty,pet,dirty,0.479492,62,6,218,459,212.635
20cm,yolo12s,234,264,7.796,8.796,0,5,pet_normal,pet,normal,0.417725,61,5,218,461,217.216
20cm,yolo12s,234,264,7.796,8.796,1,6,pet_dirty,pet,dirty,0.459961,62,5,218,460,217.216
20cm,yolo12s,235,265,7.83,8.829,0,5,pet_normal,pet,normal,0.418701,61,7,218,463,212.987
20cm,yolo12s,235,265,7.83,8.829,1,6,pet_dirty,pet,dirty,0.458984,62,14,218,462,212.987
20cm,yolo12s,236,266,7.863,8.863,0,6,pet_dirty,pet,dirty,0.438721,62,14,217,459,211.856
20cm,yolo12s,237,267,7.896,8.896,0,6,pet_dirty,pet,dirty,0.450439,63,13,218,465,211.197
20cm,yolo12s,237,267,7.896,8.896,1,7,pet_packaging,pet,packaging,0.267334,390,33,639,471,211.197
20cm,yolo12s,238,268,7.93,8.929,0,6,pet_dirty,pet,dirty,0.46582,62,14,217,462,209.685
20cm,yolo12s,239,269,7.963,8.963,0,6,pet_dirty,pet,dirty,0.5,61,6,218,461,211.938
20cm,yolo12s,240,270,7.996,8.996,0,6,pet_dirty,pet,dirty,0.487305,62,6,218,460,212.613
20cm,yolo12s,241,271,8.03,9.029,0,6,pet_dirty,pet,dirty,0.493164,62,15,218,460,212.13
20cm,yolo12s,242,272,8.063,9.062,0,6,pet_dirty,pet,dirty,0.499023,62,16,218,463,210.885
20cm,yolo12s,243,273,8.096,9.096,0,6,pet_dirty,pet,dirty,0.495117,62,14,218,463,210.98
20cm,yolo12s,244,274,8.13,9.129,0,6,pet_dirty,pet,dirty,0.505859,62,14,218,463,212.731
20cm,yolo12s,245,275,8.163,9.162,0,6,pet_dirty,pet,dirty,0.488281,62,14,218,467,215.625
20cm,yolo12s,246,276,8.196,9.196,,,,,,,,,,,211.61
20cm,yolo12s,247,277,8.23,9.229,,,,,,,,,,,212.084
20cm,yolo12s,248,278,8.263,9.262,0,5,pet_normal,pet,normal,0.622559,7,2,194,466,211.963
20cm,yolo12s,249,279,8.296,9.296,0,5,pet_normal,pet,normal,0.439697,4,4,184,472,214.388
20cm,yolo12s,250,280,8.329,9.329,0,5,pet_normal,pet,normal,0.492188,0,3,171,479,211.191
20cm,yolo12s,251,281,8.363,9.362,0,5,pet_normal,pet,normal,0.467773,0,2,167,479,211.896
20cm,yolo12s,252,282,8.396,9.396,0,5,pet_normal,pet,normal,0.563965,0,10,165,479,211.795
20cm,yolo12s,253,283,8.429,9.429,0,5,pet_normal,pet,normal,0.622559,0,3,165,479,215.277
20cm,yolo12s,254,284,8.463,9.462,0,5,pet_normal,pet,normal,0.592773,0,5,164,476,211.691
20cm,yolo12s,255,285,8.496,9.496,0,5,pet_normal,pet,normal,0.577637,0,10,164,475,211.871
20cm,yolo12s,256,286,8.529,9.529,0,5,pet_normal,pet,normal,0.532227,0,4,164,472,211.413
20cm,yolo12s,257,287,8.563,9.562,0,5,pet_normal,pet,normal,0.551758,0,4,165,479,214.708
20cm,yolo12s,258,288,8.596,9.596,0,5,pet_normal,pet,normal,0.53418,0,6,166,477,209.399
20cm,yolo12s,258,288,8.596,9.596,1,7,pet_packaging,pet,packaging,0.37207,367,68,584,479,209.399
20cm,yolo12s,259,289,8.629,9.629,0,5,pet_normal,pet,normal,0.44751,0,4,166,477,209.844
20cm,yolo12s,259,289,8.629,9.629,1,7,pet_packaging,pet,packaging,0.273682,363,66,590,478,209.844
20cm,yolo12s,260,290,8.663,9.662,0,5,pet_normal,pet,normal,0.477539,1,3,169,479,210.44
20cm,yolo12s,260,290,8.663,9.662,1,7,pet_packaging,pet,packaging,0.305664,365,64,588,478,210.44
20cm,yolo12s,261,291,8.696,9.696,0,5,pet_normal,pet,normal,0.535156,9,0,175,475,215.151
20cm,yolo12s,261,291,8.696,9.696,1,9,plastic_normal,plastic,normal,0.253174,368,49,588,475,215.151
20cm,yolo12s,262,292,8.729,9.729,0,5,pet_normal,pet,normal,0.585938,12,1,183,460,212.93
20cm,yolo12s,262,292,8.729,9.729,1,9,plastic_normal,plastic,normal,0.373779,379,46,612,476,212.93
20cm,yolo12s,263,293,8.763,9.762,0,5,pet_normal,pet,normal,0.552734,14,25,192,466,211.606
20cm,yolo12s,263,293,8.763,9.762,1,9,plastic_normal,plastic,normal,0.489258,383,46,629,476,211.606
20cm,yolo12s,264,294,8.796,9.795,0,5,pet_normal,pet,normal,0.539062,12,14,197,479,211.94
20cm,yolo12s,265,295,8.829,9.829,0,5,pet_normal,pet,normal,0.488281,14,8,201,472,208.822
20cm,yolo12s,265,295,8.829,9.829,1,6,pet_dirty,pet,dirty,0.377441,8,8,200,473,208.822
20cm,yolo12s,266,296,8.863,9.862,0,5,pet_normal,pet,normal,0.479492,16,5,204,471,210.871
20cm,yolo12s,266,296,8.863,9.862,1,6,pet_dirty,pet,dirty,0.429199,15,7,204,479,210.871
20cm,yolo12s,267,297,8.896,9.895,0,5,pet_normal,pet,normal,0.511719,16,6,207,460,211.905
20cm,yolo12s,267,297,8.896,9.895,1,6,pet_dirty,pet,dirty,0.436768,16,6,206,461,211.905
20cm,yolo12s,268,298,8.929,9.929,0,5,pet_normal,pet,normal,0.480469,17,5,209,464,215.514
20cm,yolo12s,268,298,8.929,9.929,1,6,pet_dirty,pet,dirty,0.463867,16,8,207,466,215.514
20cm,yolo12s,269,299,8.963,9.962,0,5,pet_normal,pet,normal,0.539062,17,5,209,459,210.546
20cm,yolo12s,269,299,8.963,9.962,1,6,pet_dirty,pet,dirty,0.349609,16,6,208,460,210.546
20cm,yolo12s,269,299,8.963,9.962,2,9,plastic_normal,plastic,normal,0.326904,364,45,604,479,210.546
20cm,yolo12s,270,300,8.996,9.995,0,6,pet_dirty,pet,dirty,0.489258,16,8,209,462,210.897
20cm,yolo12s,271,301,9.029,10.029,0,6,pet_dirty,pet,dirty,0.49707,16,2,209,460,210.677
20cm,yolo12s,272,302,9.062,10.062,0,5,pet_normal,pet,normal,0.462891,18,2,211,464,213.692
20cm,yolo12s,272,302,9.062,10.062,1,6,pet_dirty,pet,dirty,0.461914,17,2,210,470,213.692
20cm,yolo12s,273,303,9.096,10.095,0,6,pet_dirty,pet,dirty,0.49707,18,2,210,465,211.421
20cm,yolo12s,273,303,9.096,10.095,1,7,pet_packaging,pet,packaging,0.347656,369,46,596,479,211.421
20cm,yolo12s,274,304,9.129,10.129,0,5,pet_normal,pet,normal,0.501953,21,4,212,462,211.968
20cm,yolo12s,274,304,9.129,10.129,1,7,pet_packaging,pet,packaging,0.330322,378,53,614,479,211.968
20cm,yolo12s,275,305,9.162,10.162,0,5,pet_normal,pet,normal,0.482422,22,4,213,460,211.659
20cm,yolo12s,275,305,9.162,10.162,1,6,pet_dirty,pet,dirty,0.341553,22,5,214,461,211.659
20cm,yolo12s,275,305,9.162,10.162,2,7,pet_packaging,pet,packaging,0.379395,376,52,614,479,211.659
20cm,yolo12s,276,306,9.196,10.195,0,5,pet_normal,pet,normal,0.486328,25,3,214,459,215.457
20cm,yolo12s,276,306,9.196,10.195,1,7,pet_packaging,pet,packaging,0.2854,368,56,610,479,215.457
20cm,yolo12s,277,307,9.229,10.229,0,5,pet_normal,pet,normal,0.498047,29,4,214,459,210.895
20cm,yolo12s,277,307,9.229,10.229,1,6,pet_dirty,pet,dirty,0.286865,27,3,213,450,210.895
20cm,yolo12s,278,308,9.262,10.262,0,5,pet_normal,pet,normal,0.496094,29,5,213,458,210.706
20cm,yolo12s,278,308,9.262,10.262,1,6,pet_dirty,pet,dirty,0.368408,28,6,215,457,210.706
20cm,yolo12s,279,309,9.296,10.295,0,2,glass_normal,glass,normal,0.331055,370,48,608,479,210.216
20cm,yolo12s,279,309,9.296,10.295,1,5,pet_normal,pet,normal,0.446533,32,5,213,458,210.216
20cm,yolo12s,279,309,9.296,10.295,2,6,pet_dirty,pet,dirty,0.461914,30,7,212,461,210.216
20cm,yolo12s,280,310,9.329,10.329,0,2,glass_normal,glass,normal,0.38208,369,53,603,479,213.502
20cm,yolo12s,280,310,9.329,10.329,1,5,pet_normal,pet,normal,0.470703,33,5,212,457,213.502
20cm,yolo12s,280,310,9.329,10.329,2,6,pet_dirty,pet,dirty,0.448486,31,6,212,465,213.502
20cm,yolo12s,281,311,9.362,10.362,0,5,pet_normal,pet,normal,0.533203,33,9,211,462,211.554
20cm,yolo12s,281,311,9.362,10.362,1,9,plastic_normal,plastic,normal,0.250244,367,50,607,479,211.554
20cm,yolo12s,282,312,9.396,10.395,0,5,pet_normal,pet,normal,0.516602,34,21,216,479,210.754
20cm,yolo12s,283,313,9.429,10.429,0,7,pet_packaging,pet,packaging,0.294189,363,54,602,479,211.687
20cm,yolo12s,284,314,9.462,10.462,,,,,,,,,,,216.786
20cm,yolo12s,285,315,9.496,10.495,,,,,,,,,,,210.962
20cm,yolo12s,286,316,9.529,10.528,0,7,pet_packaging,pet,packaging,0.562012,368,61,601,479,210.287
20cm,yolo12s,287,317,9.562,10.562,0,7,pet_packaging,pet,packaging,0.432129,372,53,611,479,211.8
20cm,yolo12s,288,318,9.596,10.595,,,,,,,,,,,211.324
20cm,yolo12s,289,319,9.629,10.628,,,,,,,,,,,209.047
20cm,yolo12s,290,320,9.662,10.662,0,10,plastic_dirty,plastic,dirty,0.319092,592,122,639,333,210.492
20cm,yolo12s,291,321,9.696,10.695,,,,,,,,,,,210.147
20cm,yolo12s,292,322,9.729,10.728,,,,,,,,,,,210.261
20cm,yolo12s,293,323,9.762,10.762,,,,,,,,,,,209.322
20cm,yolo12s,294,324,9.795,10.795,,,,,,,,,,,210.188
20cm,yolo12s,295,325,9.829,10.828,0,7,pet_packaging,pet,packaging,0.277588,371,55,606,479,214.92
20cm,yolo12s,296,326,9.862,10.862,,,,,,,,,,,210.287
20cm,yolo12s,297,327,9.895,10.895,0,7,pet_packaging,pet,packaging,0.312256,369,59,597,479,210.466
20cm,yolo12s,298,328,9.929,10.928,0,7,pet_packaging,pet,packaging,0.277588,369,61,596,479,210.026
20cm,yolo12s,299,329,9.962,10.962,,,,,,,,,,,213.282
20cm,yolo12s,300,330,9.995,10.995,,,,,,,,,,,211.969
20cm,yolo12s,301,331,10.029,11.028,,,,,,,,,,,209.955
20cm,yolo12s,302,332,10.062,11.062,,,,,,,,,,,211.225
20cm,yolo12s,303,333,10.095,11.095,,,,,,,,,,,213.302
20cm,yolo12s,304,334,10.129,11.128,,,,,,,,,,,212.257
20cm,yolo12s,305,335,10.162,11.162,,,,,,,,,,,210.902
20cm,yolo12s,306,336,10.195,11.195,,,,,,,,,,,210.711
20cm,yolo12s,307,337,10.229,11.228,,,,,,,,,,,215.286
20cm,yolo12s,308,338,10.262,11.261,,,,,,,,,,,210.447
20cm,yolo12s,309,339,10.295,11.295,,,,,,,,,,,211.53
20cm,yolo12s,310,340,10.329,11.328,,,,,,,,,,,211.515
20cm,yolo12s,311,341,10.362,11.361,0,4,glass_packaging,glass,packaging,0.281494,593,171,639,328,214.951
20cm,yolo12s,312,342,10.395,11.395,0,4,glass_packaging,glass,packaging,0.332764,592,170,638,328,211.941
20cm,yolo12s,313,343,10.429,11.428,,,,,,,,,,,210.745
20cm,yolo12s,314,344,10.462,11.461,,,,,,,,,,,209.365
20cm,yolo12s,315,345,10.495,11.495,,,,,,,,,,,214.308
20cm,yolo12s,316,346,10.528,11.528,0,4,glass_packaging,glass,packaging,0.338135,593,102,639,329,211.585
20cm,yolo12s,317,347,10.562,11.561,,,,,,,,,,,211.443
20cm,yolo12s,318,348,10.595,11.595,,,,,,,,,,,210.595
20cm,yolo12s,319,349,10.628,11.628,,,,,,,,,,,214.376
20cm,yolo12s,320,350,10.662,11.661,,,,,,,,,,,211.233
20cm,yolo12s,321,351,10.695,11.695,,,,,,,,,,,210.611
20cm,yolo12s,322,352,10.728,11.728,,,,,,,,,,,211.032
20cm,yolo12s,323,353,10.762,11.761,,,,,,,,,,,213.797
20cm,yolo12s,324,354,10.795,11.795,0,7,pet_packaging,pet,packaging,0.455078,283,83,454,446,211.564
20cm,yolo12s,325,355,10.828,11.828,0,7,pet_packaging,pet,packaging,0.455078,281,82,452,441,210.926
20cm,yolo12s,326,356,10.862,11.861,0,7,pet_packaging,pet,packaging,0.396973,279,83,452,442,211.744
20cm,yolo12s,327,357,10.895,11.894,0,5,pet_normal,pet,normal,0.271973,280,84,454,442,216.226
20cm,yolo12s,328,358,10.928,11.928,0,5,pet_normal,pet,normal,0.273682,279,81,460,443,213.326
20cm,yolo12s,328,358,10.928,11.928,1,7,pet_packaging,pet,packaging,0.498047,279,78,460,444,213.326
20cm,yolo12s,329,359,10.962,11.961,0,7,pet_packaging,pet,packaging,0.577637,283,77,470,447,210.235
20cm,yolo12s,330,360,10.995,11.994,0,7,pet_packaging,pet,packaging,0.391357,290,80,483,448,209.965
20cm,yolo12s,331,361,11.028,12.028,0,7,pet_packaging,pet,packaging,0.422607,302,69,499,448,210.098
20cm,yolo12s,332,362,11.062,12.061,0,7,pet_packaging,pet,packaging,0.609375,312,83,508,446,211.399
20cm,yolo12s,333,363,11.095,12.094,0,7,pet_packaging,pet,packaging,0.519531,319,83,513,445,210.977
20cm,yolo12s,334,364,11.128,12.128,0,7,pet_packaging,pet,packaging,0.575684,320,83,514,446,211.32
20cm,yolo12s,335,365,11.162,12.161,0,7,pet_packaging,pet,packaging,0.65332,314,83,506,446,212.283
20cm,yolo12s,335,365,11.162,12.161,1,10,plastic_dirty,plastic,dirty,0.395996,332,9,614,165,212.283
20cm,yolo12s,336,366,11.195,12.194,0,7,pet_packaging,pet,packaging,0.672363,302,85,497,449,211.436
20cm,yolo12s,336,366,11.195,12.194,1,10,plastic_dirty,plastic,dirty,0.385742,326,0,612,165,211.436
20cm,yolo12s,337,367,11.228,12.228,0,7,pet_packaging,pet,packaging,0.359375,295,76,489,448,208.55
20cm,yolo12s,338,368,11.261,12.261,0,7,pet_packaging,pet,packaging,0.407227,290,77,479,447,213.214
20cm,yolo12s,339,369,11.295,12.294,0,5,pet_normal,pet,normal,0.258301,289,80,477,447,208.533
20cm,yolo12s,340,370,11.328,12.328,0,7,pet_packaging,pet,packaging,0.377441,289,72,480,448,210.505
20cm,yolo12s,341,371,11.361,12.361,0,7,pet_packaging,pet,packaging,0.436768,292,83,485,449,210.607
20cm,yolo12s,342,372,11.395,12.394,0,7,pet_packaging,pet,packaging,0.496094,299,85,492,449,212.757
20cm,yolo12s,342,372,11.395,12.394,1,10,plastic_dirty,plastic,dirty,0.33374,334,0,617,144,212.757
20cm,yolo12s,343,373,11.428,12.428,,,,,,,,,,,209.791
20cm,yolo12s,344,374,11.461,12.461,0,10,plastic_dirty,plastic,dirty,0.470703,340,0,608,138,210.148
20cm,yolo12s,345,375,11.495,12.494,0,5,pet_normal,pet,normal,0.5,302,86,489,448,209.59
20cm,yolo12s,346,376,11.528,12.528,0,5,pet_normal,pet,normal,0.445557,301,88,489,449,211.378
20cm,yolo12s,346,376,11.528,12.528,1,6,pet_dirty,pet,dirty,0.284668,301,89,491,448,211.378
20cm,yolo12s,347,377,11.561,12.561,0,5,pet_normal,pet,normal,0.297363,301,87,489,448,207.959
20cm,yolo12s,347,377,11.561,12.561,1,6,pet_dirty,pet,dirty,0.286865,302,88,491,448,207.959
20cm,yolo12s,347,377,11.561,12.561,2,10,plastic_dirty,plastic,dirty,0.252441,588,159,638,330,207.959
20cm,yolo12s,348,378,11.595,12.594,0,5,pet_normal,pet,normal,0.250977,302,87,490,448,208.315
20cm,yolo12s,349,379,11.628,12.627,0,5,pet_normal,pet,normal,0.269043,301,88,491,447,207.185
20cm,yolo12s,350,380,11.661,12.661,0,5,pet_normal,pet,normal,0.29248,302,88,492,447,209.985
20cm,yolo12s,351,381,11.695,12.694,0,5,pet_normal,pet,normal,0.355713,301,86,489,447,206.867
20cm,yolo12s,351,381,11.695,12.694,1,10,plastic_dirty,plastic,dirty,0.324219,536,0,639,278,206.867
20cm,yolo12s,352,382,11.728,12.727,0,5,pet_normal,pet,normal,0.368408,301,86,490,448,207.784
20cm,yolo12s,353,383,11.761,12.761,0,5,pet_normal,pet,normal,0.321777,301,86,489,447,207.671
20cm,yolo12s,353,383,11.761,12.761,1,6,pet_dirty,pet,dirty,0.290283,301,88,491,448,207.671
20cm,yolo12s,354,384,11.795,12.794,0,5,pet_normal,pet,normal,0.286133,301,86,489,447,210.699
20cm,yolo12s,354,384,11.795,12.794,1,6,pet_dirty,pet,dirty,0.284668,301,88,491,447,210.699
20cm,yolo12s,355,385,11.828,12.827,0,5,pet_normal,pet,normal,0.304932,302,86,490,448,206.508
20cm,yolo12s,355,385,11.828,12.827,1,6,pet_dirty,pet,dirty,0.303955,302,88,492,448,206.508
20cm,yolo12s,356,386,11.861,12.861,0,5,pet_normal,pet,normal,0.313965,301,87,489,448,207.816
20cm,yolo12s,356,386,11.861,12.861,1,6,pet_dirty,pet,dirty,0.303223,302,86,490,447,207.816
20cm,yolo12s,357,387,11.894,12.894,0,5,pet_normal,pet,normal,0.296631,302,86,490,448,206.382
20cm,yolo12s,358,388,11.928,12.927,0,5,pet_normal,pet,normal,0.314941,302,86,490,448,210.025
20cm,yolo12s,358,388,11.928,12.927,1,6,pet_dirty,pet,dirty,0.284668,302,86,490,448,210.025
20cm,yolo12s,359,389,11.961,12.961,0,5,pet_normal,pet,normal,0.295898,302,86,490,447,206.367
20cm,yolo12s,359,389,11.961,12.961,1,6,pet_dirty,pet,dirty,0.275879,302,86,490,448,206.367
20cm,yolo12s,360,390,11.994,12.994,0,5,pet_normal,pet,normal,0.259766,301,86,489,448,206.266
20cm,yolo12s,360,390,11.994,12.994,1,6,pet_dirty,pet,dirty,0.283691,302,88,492,448,206.266
20cm,yolo12s,361,391,12.028,13.027,0,5,pet_normal,pet,normal,0.309082,301,86,489,447,206.658
20cm,yolo12s,362,392,12.061,13.061,0,5,pet_normal,pet,normal,0.318359,302,86,490,447,209.969
20cm,yolo12s,363,393,12.094,13.094,0,5,pet_normal,pet,normal,0.325928,301,86,489,448,206.523
20cm,yolo12s,364,394,12.128,13.127,0,5,pet_normal,pet,normal,0.345215,301,86,489,447,206.324
20cm,yolo12s,364,394,12.128,13.127,1,6,pet_dirty,pet,dirty,0.309814,301,88,491,448,206.324
20cm,yolo12s,365,395,12.161,13.161,0,5,pet_normal,pet,normal,0.300781,302,86,490,447,207.084
20cm,yolo12s,365,395,12.161,13.161,1,6,pet_dirty,pet,dirty,0.300781,302,86,490,448,207.084
20cm,yolo12s,366,396,12.194,13.194,0,5,pet_normal,pet,normal,0.364746,302,86,490,447,208.848
20cm,yolo12s,367,397,12.228,13.227,0,5,pet_normal,pet,normal,0.407227,301,86,489,447,205.56
20cm,yolo12s,367,397,12.228,13.227,1,10,plastic_dirty,plastic,dirty,0.256836,532,0,638,268,205.56
20cm,yolo12s,368,398,12.261,13.261,0,5,pet_normal,pet,normal,0.38501,301,86,489,447,206.591
20cm,yolo12s,368,398,12.261,13.261,1,10,plastic_dirty,plastic,dirty,0.265869,536,0,639,285,206.591
20cm,yolo12s,369,399,12.294,13.294,0,5,pet_normal,pet,normal,0.464844,302,87,490,448,206.692
20cm,yolo12s,369,399,12.294,13.294,1,10,plastic_dirty,plastic,dirty,0.293457,536,0,639,286,206.692
20cm,yolo12s,370,400,12.328,13.327,0,5,pet_normal,pet,normal,0.401611,302,87,490,448,209.905
20cm,yolo12s,371,401,12.361,13.36,0,5,pet_normal,pet,normal,0.390381,301,87,490,447,204.802
20cm,yolo12s,372,402,12.394,13.394,0,5,pet_normal,pet,normal,0.383057,301,87,489,447,204.967
20cm,yolo12s,373,403,12.428,13.427,0,5,pet_normal,pet,normal,0.386719,301,87,490,448,206.463
20cm,yolo12s,374,404,12.461,13.46,0,5,pet_normal,pet,normal,0.413086,301,87,489,448,209.006
20cm,yolo12s,375,405,12.494,13.494,0,5,pet_normal,pet,normal,0.39502,301,86,489,447,205.891
20cm,yolo12s,376,406,12.528,13.527,0,5,pet_normal,pet,normal,0.303955,301,86,489,448,204.82
20cm,yolo12s,377,407,12.561,13.56,0,5,pet_normal,pet,normal,0.342529,302,88,492,447,205.583
20cm,yolo12s,378,408,12.594,13.594,0,5,pet_normal,pet,normal,0.358398,302,87,492,447,209.101
20cm,yolo12s,379,409,12.627,13.627,0,5,pet_normal,pet,normal,0.439697,302,86,490,448,204.769
20cm,yolo12s,380,410,12.661,13.66,0,5,pet_normal,pet,normal,0.455078,302,86,489,448,204.571
20cm,yolo12s,381,411,12.694,13.694,0,5,pet_normal,pet,normal,0.355713,302,87,489,449,204.723
20cm,yolo12s,382,412,12.727,13.727,0,5,pet_normal,pet,normal,0.413086,302,86,489,448,208.542
20cm,yolo12s,383,413,12.761,13.76,0,5,pet_normal,pet,normal,0.399902,303,87,490,448,206.478
20cm,yolo12s,384,414,12.794,13.794,0,5,pet_normal,pet,normal,0.419678,305,88,490,449,204.384
20cm,yolo12s,385,415,12.827,13.827,0,5,pet_normal,pet,normal,0.435059,305,88,490,448,203.37
20cm,yolo12s,386,416,12.861,13.86,0,5,pet_normal,pet,normal,0.535156,304,88,491,449,207.054
20cm,yolo12s,387,417,12.894,13.894,0,5,pet_normal,pet,normal,0.385742,302,87,490,449,203.045
20cm,yolo12s,387,417,12.894,13.894,1,6,pet_dirty,pet,dirty,0.296631,302,88,492,448,203.045
20cm,yolo12s,388,418,12.927,13.927,0,5,pet_normal,pet,normal,0.39502,302,81,491,449,203.569
20cm,yolo12s,389,419,12.961,13.96,0,5,pet_normal,pet,normal,0.377441,302,87,491,448,203.327
20cm,yolo12s,390,420,12.994,13.994,0,5,pet_normal,pet,normal,0.418701,302,86,490,448,206.218
20cm,yolo12s,391,421,13.027,14.027,0,5,pet_normal,pet,normal,0.350342,302,86,490,449,203.646
20cm,yolo12s,392,422,13.061,14.06,,,,,,,,,,,203.301
20cm,yolo12s,393,423,13.094,14.093,0,5,pet_normal,pet,normal,0.325195,301,84,488,448,202.938
20cm,yolo12s,393,423,13.094,14.093,1,7,pet_packaging,pet,packaging,0.258301,302,85,488,449,202.938
20cm,yolo12s,394,424,13.127,14.127,0,7,pet_packaging,pet,packaging,0.496094,303,84,492,449,208.358
20cm,yolo12s,395,425,13.161,14.16,0,7,pet_packaging,pet,packaging,0.560059,302,84,492,452,202.827
20cm,yolo12s,396,426,13.194,14.193,0,7,pet_packaging,pet,packaging,0.533203,302,83,486,452,204.627
20cm,yolo12s,397,427,13.227,14.227,0,7,pet_packaging,pet,packaging,0.645996,305,83,487,452,203.051
20cm,yolo12s,398,428,13.261,14.26,0,7,pet_packaging,pet,packaging,0.662109,309,83,490,453,207.16
20cm,yolo12s,399,429,13.294,14.293,,,,,,,,,,,203.578
20cm,yolo12s,400,430,13.327,14.327,,,,,,,,,,,204.252
20cm,yolo12s,401,431,13.36,14.36,,,,,,,,,,,203.789
20cm,yolo12s,402,432,13.394,14.393,,,,,,,,,,,206.803
20cm,yolo12s,403,433,13.427,14.427,,,,,,,,,,,203.991
20cm,yolo12s,404,434,13.46,14.46,,,,,,,,,,,204.481
20cm,yolo12s,405,435,13.494,14.493,,,,,,,,,,,203.882
20cm,yolo12s,406,436,13.527,14.527,,,,,,,,,,,207.802
20cm,yolo12s,407,437,13.56,14.56,,,,,,,,,,,203.107
20cm,yolo12s,408,438,13.594,14.593,,,,,,,,,,,203.879
20cm,yolo12s,409,439,13.627,14.627,,,,,,,,,,,203.042
20cm,yolo12s,410,440,13.66,14.66,,,,,,,,,,,207.185
20cm,yolo12s,411,441,13.694,14.693,,,,,,,,,,,203.657
20cm,yolo12s,412,442,13.727,14.727,,,,,,,,,,,203.424
20cm,yolo12s,413,443,13.76,14.76,,,,,,,,,,,203.548
20cm,yolo12s,414,444,13.794,14.793,,,,,,,,,,,206.948
20cm,yolo12s,415,445,13.827,14.826,,,,,,,,,,,203.271
20cm,yolo12s,416,446,13.86,14.86,,,,,,,,,,,203.33
20cm,yolo12s,417,447,13.894,14.893,0,10,plastic_dirty,plastic,dirty,0.256836,533,0,639,329,203.706
20cm,yolo12s,418,448,13.927,14.926,0,10,plastic_dirty,plastic,dirty,0.26123,534,0,639,330,206.465
20cm,yolo12s,419,449,13.96,14.96,0,10,plastic_dirty,plastic,dirty,0.268066,534,0,639,330,203.025
20cm,yolo12s,420,450,13.994,14.993,0,10,plastic_dirty,plastic,dirty,0.284668,534,0,639,330,203.313
20cm,yolo12s,421,451,14.027,15.026,0,10,plastic_dirty,plastic,dirty,0.286865,534,0,639,330,203.216
20cm,yolo12s,422,452,14.06,15.06,,,,,,,,,,,206.423
20cm,yolo12s,423,453,14.093,15.093,,,,,,,,,,,203.097
20cm,yolo12s,424,454,14.127,15.126,,,,,,,,,,,202.443
20cm,yolo12s,425,455,14.16,15.16,,,,,,,,,,,203.62
20cm,yolo12s,426,456,14.193,15.193,,,,,,,,,,,207.536
20cm,yolo12s,427,457,14.227,15.226,,,,,,,,,,,203.182
20cm,yolo12s,428,458,14.26,15.26,0,10,plastic_dirty,plastic,dirty,0.299072,534,0,638,329,203.222
20cm,yolo12s,429,459,14.293,15.293,,,,,,,,,,,203.281
20cm,yolo12s,430,460,14.327,15.326,,,,,,,,,,,203.463
20cm,yolo12s,431,461,14.36,15.36,,,,,,,,,,,202.888
20cm,yolo12s,432,462,14.393,15.393,,,,,,,,,,,203.901
20cm,yolo12s,433,463,14.427,15.426,,,,,,,,,,,202.522
20cm,yolo12s,434,464,14.46,15.46,,,,,,,,,,,203.444
20cm,yolo12s,435,465,14.493,15.493,,,,,,,,,,,203.42
20cm,yolo12s,436,466,14.527,15.526,,,,,,,,,,,203.212
20cm,yolo12s,437,467,14.56,15.559,,,,,,,,,,,204.565
20cm,yolo12s,438,468,14.593,15.593,0,7,pet_packaging,pet,packaging,0.304932,326,287,482,400,203.54
20cm,yolo12s,439,469,14.627,15.626,,,,,,,,,,,203.59
20cm,yolo12s,440,470,14.66,15.659,0,7,pet_packaging,pet,packaging,0.466797,159,235,639,369,203.771
20cm,yolo12s,441,471,14.693,15.693,0,7,pet_packaging,pet,packaging,0.379395,160,237,515,377,204.221
20cm,yolo12s,442,472,14.727,15.726,0,7,pet_packaging,pet,packaging,0.376709,161,245,548,384,207.193
20cm,yolo12s,443,473,14.76,15.759,0,4,glass_packaging,glass,packaging,0.281494,576,61,639,329,203.955
20cm,yolo12s,443,473,14.76,15.759,1,7,pet_packaging,pet,packaging,0.527344,163,240,591,377,203.955
20cm,yolo12s,444,474,14.793,15.793,0,7,pet_packaging,pet,packaging,0.613281,164,241,612,376,204.448
20cm,yolo12s,445,475,14.826,15.826,,,,,,,,,,,203.995
20cm,yolo12s,446,476,14.86,15.859,0,7,pet_packaging,pet,packaging,0.2854,167,279,621,389,206.625
20cm,yolo12s,447,477,14.893,15.893,0,7,pet_packaging,pet,packaging,0.542969,174,269,627,390,203.329
20cm,yolo12s,448,478,14.926,15.926,0,7,pet_packaging,pet,packaging,0.488281,180,269,637,377,203.735
20cm,yolo12s,449,479,14.96,15.959,0,7,pet_packaging,pet,packaging,0.303955,184,279,630,387,203.588
20cm,yolo12s,450,480,14.993,15.993,0,7,pet_packaging,pet,packaging,0.507812,186,284,632,377,207.32
20cm,yolo12s,451,481,15.026,16.026,0,7,pet_packaging,pet,packaging,0.482422,187,284,639,378,203.788
20cm,yolo12s,452,482,15.06,16.059,0,7,pet_packaging,pet,packaging,0.476562,188,290,639,376,204.159
20cm,yolo12s,453,483,15.093,16.093,0,7,pet_packaging,pet,packaging,0.336426,191,291,639,374,204.409
20cm,yolo12s,454,484,15.126,16.126,0,7,pet_packaging,pet,packaging,0.414795,195,293,637,373,204.918
20cm,yolo12s,455,485,15.16,16.159,0,7,pet_packaging,pet,packaging,0.332764,196,284,639,468,204.113
20cm,yolo12s,456,486,15.193,16.193,0,7,pet_packaging,pet,packaging,0.548828,196,275,638,376,203.906
20cm,yolo12s,457,487,15.226,16.226,0,7,pet_packaging,pet,packaging,0.498047,191,276,639,381,204.043
20cm,yolo12s,458,488,15.26,16.259,0,7,pet_packaging,pet,packaging,0.466797,187,278,628,406,203.972
20cm,yolo12s,459,489,15.293,16.292,0,7,pet_packaging,pet,packaging,0.264404,186,287,631,382,203.74
20cm,yolo12s,460,490,15.326,16.326,0,7,pet_packaging,pet,packaging,0.250244,185,295,638,378,203.509
20cm,yolo12s,461,491,15.36,16.359,0,7,pet_packaging,pet,packaging,0.32251,183,294,639,419,204.255
20cm,yolo12s,462,492,15.393,16.392,0,7,pet_packaging,pet,packaging,0.307373,181,294,639,434,203.581
20cm,yolo12s,463,493,15.426,16.426,0,7,pet_packaging,pet,packaging,0.26123,177,296,639,479,202.982
20cm,yolo12s,464,494,15.46,16.459,0,7,pet_packaging,pet,packaging,0.488281,177,298,638,455,204.017
20cm,yolo12s,465,495,15.493,16.492,0,7,pet_packaging,pet,packaging,0.458984,173,299,639,462,204.473
20cm,yolo12s,466,496,15.526,16.526,0,7,pet_packaging,pet,packaging,0.455078,168,299,638,452,203.344
20cm,yolo12s,467,497,15.559,16.559,0,7,pet_packaging,pet,packaging,0.341553,167,298,638,392,203.443
20cm,yolo12s,468,498,15.593,16.592,,,,,,,,,,,203.75
20cm,yolo12s,469,499,15.626,16.626,0,6,pet_dirty,pet,dirty,0.306641,164,302,639,466,203.612
20cm,yolo12s,470,500,15.659,16.659,0,6,pet_dirty,pet,dirty,0.38208,163,301,639,462,204.506
20cm,yolo12s,471,501,15.693,16.692,,,,,,,,,,,203.628
20cm,yolo12s,472,502,15.726,16.726,,,,,,,,,,,204.209
20cm,yolo12s,473,503,15.759,16.759,,,,,,,,,,,204.362
20cm,yolo12s,474,504,15.793,16.792,,,,,,,,,,,204.843
20cm,yolo12s,475,505,15.826,16.826,,,,,,,,,,,204.125
20cm,yolo12s,476,506,15.859,16.859,,,,,,,,,,,204.116
20cm,yolo12s,477,507,15.893,16.892,,,,,,,,,,,204.203
20cm,yolo12s,478,508,15.926,16.926,0,10,plastic_dirty,plastic,dirty,0.449463,534,0,633,203,203.992
20cm,yolo12s,479,509,15.959,16.959,,,,,,,,,,,203.756
20cm,yolo12s,480,510,15.993,16.992,0,10,plastic_dirty,plastic,dirty,0.295898,547,0,636,248,203.654
20cm,yolo12s,481,511,16.026,17.025,,,,,,,,,,,202.91
20cm,yolo12s,482,512,16.059,17.059,,,,,,,,,,,203.792
20cm,yolo12s,483,513,16.093,17.092,0,7,pet_packaging,pet,packaging,0.485352,200,264,452,339,204.223
20cm,yolo12s,484,514,16.126,17.125,0,7,pet_packaging,pet,packaging,0.63623,213,255,454,326,203.804
20cm,yolo12s,485,515,16.159,17.159,0,7,pet_packaging,pet,packaging,0.614258,213,251,464,320,203.765
20cm,yolo12s,486,516,16.193,17.192,0,7,pet_packaging,pet,packaging,0.430176,214,194,611,327,204.035
20cm,yolo12s,487,517,16.226,17.225,0,7,pet_packaging,pet,packaging,0.561035,222,233,477,324,207.439
20cm,yolo12s,488,518,16.259,17.259,0,7,pet_packaging,pet,packaging,0.445557,225,232,535,323,203.449
20cm,yolo12s,488,518,16.259,17.259,1,10,plastic_dirty,plastic,dirty,0.320068,161,325,436,479,203.449
20cm,yolo12s,489,519,16.292,17.292,0,7,pet_packaging,pet,packaging,0.476562,227,230,572,326,204.674
20cm,yolo12s,490,520,16.326,17.325,0,7,pet_packaging,pet,packaging,0.587891,227,234,500,333,203.67
20cm,yolo12s,491,521,16.359,17.359,0,7,pet_packaging,pet,packaging,0.466797,227,182,627,333,203.481
20cm,yolo12s,492,522,16.392,17.392,0,7,pet_packaging,pet,packaging,0.263672,223,191,616,335,204.004
20cm,yolo12s,493,523,16.426,17.425,0,7,pet_packaging,pet,packaging,0.475586,226,241,511,332,203.429
20cm,yolo12s,494,524,16.459,17.459,0,7,pet_packaging,pet,packaging,0.320068,229,242,518,330,204.051
20cm,yolo12s,495,525,16.492,17.492,0,7,pet_packaging,pet,packaging,0.667969,229,240,502,324,204.221
20cm,yolo12s,496,526,16.526,17.525,0,7,pet_packaging,pet,packaging,0.653809,225,239,500,324,204.559
20cm,yolo12s,497,527,16.559,17.559,0,7,pet_packaging,pet,packaging,0.708008,226,238,484,323,204.133
20cm,yolo12s,498,528,16.592,17.592,0,7,pet_packaging,pet,packaging,0.688477,226,238,484,324,203.895
20cm,yolo12s,499,529,16.626,17.625,0,7,pet_packaging,pet,packaging,0.714844,230,238,505,324,204.153
20cm,yolo12s,500,530,16.659,17.658,0,7,pet_packaging,pet,packaging,0.661133,230,239,509,325,204.744
20cm,yolo12s,501,531,16.692,17.692,0,7,pet_packaging,pet,packaging,0.671387,230,240,513,326,204.685
20cm,yolo12s,502,532,16.726,17.725,0,7,pet_packaging,pet,packaging,0.653809,229,241,511,329,203.826
20cm,yolo12s,503,533,16.759,17.758,0,7,pet_packaging,pet,packaging,0.639648,223,243,509,330,203.773
20cm,yolo12s,504,534,16.792,17.792,0,7,pet_packaging,pet,packaging,0.606934,220,245,508,333,203.947
20cm,yolo12s,505,535,16.826,17.825,0,7,pet_packaging,pet,packaging,0.63623,221,248,507,332,203.643
20cm,yolo12s,506,536,16.859,17.858,0,7,pet_packaging,pet,packaging,0.605957,214,250,510,333,203.995
20cm,yolo12s,506,536,16.859,17.858,1,9,plastic_normal,plastic,normal,0.332764,211,325,515,478,203.995
20cm,yolo12s,507,537,16.892,17.892,0,7,pet_packaging,pet,packaging,0.596191,214,253,514,334,203.438
20cm,yolo12s,508,538,16.926,17.925,0,7,pet_packaging,pet,packaging,0.633301,215,238,531,337,204.341
20cm,yolo12s,509,539,16.959,17.958,0,7,pet_packaging,pet,packaging,0.660156,217,253,527,335,204.258
20cm,yolo12s,510,540,16.992,17.992,0,7,pet_packaging,pet,packaging,0.554688,217,261,518,336,204.647
20cm,yolo12s,511,541,17.025,18.025,0,7,pet_packaging,pet,packaging,0.392334,220,217,601,335,203.642
20cm,yolo12s,512,542,17.059,18.058,0,7,pet_packaging,pet,packaging,0.519531,223,268,464,335,203.87
20cm,yolo12s,513,543,17.092,18.092,0,7,pet_packaging,pet,packaging,0.737793,242,288,440,334,204.544
20cm,yolo12s,514,544,17.125,18.125,0,7,pet_packaging,pet,packaging,0.643555,244,293,432,338,204.388
20cm,yolo12s,515,545,17.159,18.158,0,7,pet_packaging,pet,packaging,0.63623,244,293,431,337,203.543
20cm,yolo12s,516,546,17.192,18.192,0,7,pet_packaging,pet,packaging,0.662598,245,293,426,336,204.738
20cm,yolo12s,517,547,17.225,18.225,0,7,pet_packaging,pet,packaging,0.617676,248,292,430,336,203.689
20cm,yolo12s,518,548,17.259,18.258,0,7,pet_packaging,pet,packaging,0.503906,244,289,437,337,204.382
20cm,yolo12s,519,549,17.292,18.292,,,,,,,,,,,203.192
20cm,yolo12s,520,550,17.325,18.325,,,,,,,,,,,203.815
20cm,yolo12s,521,551,17.359,18.358,,,,,,,,,,,203.934
20cm,yolo12s,522,552,17.392,18.391,,,,,,,,,,,204.049
20cm,yolo12s,523,553,17.425,18.425,,,,,,,,,,,204.121
20cm,yolo12s,524,554,17.459,18.458,,,,,,,,,,,203.37
20cm,yolo12s,525,555,17.492,18.491,,,,,,,,,,,204.838
20cm,yolo12s,526,556,17.525,18.525,,,,,,,,,,,203.738
20cm,yolo12s,527,557,17.559,18.558,,,,,,,,,,,203.341
20cm,yolo12s,528,558,17.592,18.591,,,,,,,,,,,204.096
20cm,yolo12s,529,559,17.625,18.625,,,,,,,,,,,203.959
20cm,yolo12s,530,560,17.658,18.658,,,,,,,,,,,204.72
20cm,yolo12s,531,561,17.692,18.691,,,,,,,,,,,204.264
20cm,yolo12s,532,562,17.725,18.725,,,,,,,,,,,204.522
20cm,yolo12s,533,563,17.758,18.758,0,7,pet_packaging,pet,packaging,0.540039,362,18,489,184,203.954
20cm,yolo12s,534,564,17.792,18.791,,,,,,,,,,,204.177
20cm,yolo12s,535,565,17.825,18.825,,,,,,,,,,,204.013
20cm,yolo12s,536,566,17.858,18.858,,,,,,,,,,,204.083
20cm,yolo12s,537,567,17.892,18.891,0,7,pet_packaging,pet,packaging,0.408203,367,36,500,211,204.026
20cm,yolo12s,538,568,17.925,18.925,0,7,pet_packaging,pet,packaging,0.508789,369,33,505,216,204.656
20cm,yolo12s,539,569,17.958,18.958,,,,,,,,,,,203.872
20cm,yolo12s,540,570,17.992,18.991,0,10,plastic_dirty,plastic,dirty,0.31665,227,80,371,198,204.231
20cm,yolo12s,541,571,18.025,19.025,0,5,pet_normal,pet,normal,0.434082,390,15,533,212,203.551
20cm,yolo12s,542,572,18.058,19.058,0,7,pet_packaging,pet,packaging,0.373779,383,17,528,211,205.18
20cm,yolo12s,543,573,18.092,19.091,0,5,pet_normal,pet,normal,0.290283,374,17,521,215,204.51
20cm,yolo12s,544,574,18.125,19.124,0,9,plastic_normal,plastic,normal,0.481445,374,40,520,221,204.075
20cm,yolo12s,545,575,18.158,19.158,,,,,,,,,,,204.233
20cm,yolo12s,546,576,18.192,19.191,,,,,,,,,,,204.789
20cm,yolo12s,547,577,18.225,19.224,,,,,,,,,,,204.048
20cm,yolo12s,548,578,18.258,19.258,,,,,,,,,,,204.46
20cm,yolo12s,549,579,18.292,19.291,,,,,,,,,,,204.236
20cm,yolo12s,550,580,18.325,19.324,0,7,pet_packaging,pet,packaging,0.492188,315,14,562,393,204.886
20cm,yolo12s,551,581,18.358,19.358,0,7,pet_packaging,pet,packaging,0.584961,301,19,562,378,203.42
20cm,yolo12s,552,582,18.391,19.391,0,7,pet_packaging,pet,packaging,0.596191,294,25,556,371,203.337
20cm,yolo12s,553,583,18.425,19.424,0,7,pet_packaging,pet,packaging,0.517578,285,31,552,367,203.503
20cm,yolo12s,554,584,18.458,19.458,0,7,pet_packaging,pet,packaging,0.505859,277,42,546,370,203.561
20cm,yolo12s,555,585,18.491,19.491,0,7,pet_packaging,pet,packaging,0.359375,346,84,542,372,203.655
20cm,yolo12s,556,586,18.525,19.524,0,7,pet_packaging,pet,packaging,0.448486,349,103,540,371,203.912
20cm,yolo12s,557,587,18.558,19.558,0,7,pet_packaging,pet,packaging,0.523438,350,119,538,370,203.768
20cm,yolo12s,558,588,18.591,19.591,0,7,pet_packaging,pet,packaging,0.260498,348,131,540,371,203.995
20cm,yolo12s,559,589,18.625,19.624,0,7,pet_packaging,pet,packaging,0.40918,349,143,542,369,203.982
20cm,yolo12s,560,590,18.658,19.658,0,7,pet_packaging,pet,packaging,0.555664,349,162,542,368,203.982
20cm,yolo12s,561,591,18.691,19.691,0,7,pet_packaging,pet,packaging,0.482422,352,183,545,367,203.905
20cm,yolo12s,562,592,18.725,19.724,,,,,,,,,,,204.722
20cm,yolo12s,563,593,18.758,19.758,0,7,pet_packaging,pet,packaging,0.434082,349,207,549,353,205.631
20cm,yolo12s,564,594,18.791,19.791,0,7,pet_packaging,pet,packaging,0.452393,349,207,552,352,204.214
20cm,yolo12s,565,595,18.825,19.824,0,7,pet_packaging,pet,packaging,0.367432,349,208,548,353,203.624
20cm,yolo12s,566,596,18.858,19.857,0,7,pet_packaging,pet,packaging,0.272705,351,210,570,355,205.025
20cm,yolo12s,567,597,18.891,19.891,,,,,,,,,,,207.348
20cm,yolo12s,568,598,18.925,19.924,0,7,pet_packaging,pet,packaging,0.585938,351,215,557,358,203.667
20cm,yolo12s,569,599,18.958,19.957,0,7,pet_packaging,pet,packaging,0.493164,351,220,557,354,203.467
20cm,yolo12s,570,600,18.991,19.991,,,,,,,,,,,203.713
20cm,yolo12s,571,601,19.025,20.024,0,7,pet_packaging,pet,packaging,0.454346,352,242,520,363,208.388
20cm,yolo12s,572,602,19.058,20.057,,,,,,,,,,,203.562
20cm,yolo12s,573,603,19.091,20.091,,,,,,,,,,,204.088
20cm,yolo12s,574,604,19.124,20.124,,,,,,,,,,,204.219
20cm,yolo12s,575,605,19.158,20.157,,,,,,,,,,,207.771
20cm,yolo12s,576,606,19.191,20.191,,,,,,,,,,,203.938
20cm,yolo12s,577,607,19.224,20.224,0,7,pet_packaging,pet,packaging,0.412109,339,275,461,335,202.928
20cm,yolo12s,578,608,19.258,20.257,0,7,pet_packaging,pet,packaging,0.274414,331,283,461,346,203.504
20cm,yolo12s,579,609,19.291,20.291,,,,,,,,,,,207.749
20cm,yolo12s,580,610,19.324,20.324,,,,,,,,,,,203.564
20cm,yolo12s,581,611,19.358,20.357,,,,,,,,,,,204.316
20cm,yolo12s,582,612,19.391,20.391,,,,,,,,,,,204.115
20cm,yolo12s,583,613,19.424,20.424,,,,,,,,,,,208.234
20cm,yolo12s,584,614,19.458,20.457,,,,,,,,,,,203.852
20cm,yolo12s,585,615,19.491,20.491,,,,,,,,,,,203.736
20cm,yolo12s,586,616,19.524,20.524,,,,,,,,,,,203.284
20cm,yolo12s,587,617,19.558,20.557,0,7,pet_packaging,pet,packaging,0.435791,342,201,639,311,206.847
20cm,yolo12s,588,618,19.591,20.59,0,7,pet_packaging,pet,packaging,0.513672,343,236,639,318,204.399
20cm,yolo12s,589,619,19.624,20.624,,,,,,,,,,,203.73
20cm,yolo12s,590,620,19.658,20.657,0,7,pet_packaging,pet,packaging,0.37207,347,165,639,329,205.141
20cm,yolo12s,591,621,19.691,20.69,0,7,pet_packaging,pet,packaging,0.368408,357,154,639,333,206.405
20cm,yolo12s,592,622,19.724,20.724,,,,,,,,,,,203.464
20cm,yolo12s,593,623,19.758,20.757,,,,,,,,,,,204.03
20cm,yolo12s,594,624,19.791,20.79,,,,,,,,,,,203.842
20cm,yolo12s,595,625,19.824,20.824,0,7,pet_packaging,pet,packaging,0.338867,354,118,602,289,207.193
20cm,yolo12s,596,626,19.857,20.857,0,7,pet_packaging,pet,packaging,0.315674,345,118,605,288,204.029
20cm,yolo12s,597,627,19.891,20.89,,,,,,,,,,,203.268
20cm,yolo12s,598,628,19.924,20.924,,,,,,,,,,,204.148
20cm,yolo12s,599,629,19.957,20.957,,,,,,,,,,,207.595
20cm,yolo12s,600,630,19.991,20.99,0,7,pet_packaging,pet,packaging,0.269775,305,101,635,266,204.681
20cm,yolo12s,601,631,20.024,21.024,0,7,pet_packaging,pet,packaging,0.308105,304,95,635,273,203.335
20cm,yolo12s,602,632,20.057,21.057,0,7,pet_packaging,pet,packaging,0.279785,312,86,634,261,204.518
20cm,yolo12s,603,633,20.091,21.09,0,7,pet_packaging,pet,packaging,0.373047,362,78,631,237,207.593
20cm,yolo12s,604,634,20.124,21.124,0,7,pet_packaging,pet,packaging,0.544922,374,70,613,205,203.997
20cm,yolo12s,605,635,20.157,21.157,0,7,pet_packaging,pet,packaging,0.429199,386,60,613,159,203.8
20cm,yolo12s,606,636,20.191,21.19,0,7,pet_packaging,pet,packaging,0.273682,445,45,597,120,203.647
20cm,yolo12s,607,637,20.224,21.224,,,,,,,,,,,208.192
20cm,yolo12s,608,638,20.257,21.257,,,,,,,,,,,204.353
20cm,yolo12s,609,639,20.291,21.29,,,,,,,,,,,203.623
20cm,yolo12s,610,640,20.324,21.323,,,,,,,,,,,203.849
20cm,yolo12s,611,641,20.357,21.357,,,,,,,,,,,207.324
20cm,yolo12s,612,642,20.391,21.39,,,,,,,,,,,204.029
20cm,yolo12s,613,643,20.424,21.423,,,,,,,,,,,202.713
20cm,yolo12s,614,644,20.457,21.457,,,,,,,,,,,204.899
20cm,yolo12s,615,645,20.491,21.49,,,,,,,,,,,208.69
20cm,yolo12s,616,646,20.524,21.523,,,,,,,,,,,203.98
20cm,yolo12s,617,647,20.557,21.557,,,,,,,,,,,203.02
20cm,yolo12s,618,648,20.59,21.59,,,,,,,,,,,203.725
20cm,yolo12s,619,649,20.624,21.623,,,,,,,,,,,207.537
20cm,yolo12s,620,650,20.657,21.657,,,,,,,,,,,204.12
20cm,yolo12s,621,651,20.69,21.69,,,,,,,,,,,203.926
20cm,yolo12s,622,652,20.724,21.723,,,,,,,,,,,203.035
20cm,yolo12s,623,653,20.757,21.757,,,,,,,,,,,207.431
20cm,yolo12s,624,654,20.79,21.79,,,,,,,,,,,203.632
20cm,yolo12s,625,655,20.824,21.823,,,,,,,,,,,203.364
20cm,yolo12s,626,656,20.857,21.857,,,,,,,,,,,203.747
20cm,yolo12s,627,657,20.89,21.89,,,,,,,,,,,206.475
20cm,yolo12s,628,658,20.924,21.923,,,,,,,,,,,203.174
20cm,yolo12s,629,659,20.957,21.957,,,,,,,,,,,203.756
20cm,yolo12s,630,660,20.99,21.99,0,9,plastic_normal,plastic,normal,0.269775,508,0,638,129,203.975
20cm,yolo12s,631,661,21.024,22.023,,,,,,,,,,,207.181
20cm,yolo12s,632,662,21.057,22.056,,,,,,,,,,,203.406
20cm,yolo12s,633,663,21.09,22.09,,,,,,,,,,,203.518
20cm,yolo12s,634,664,21.124,22.123,,,,,,,,,,,204.405
20cm,yolo12s,635,665,21.157,22.156,,,,,,,,,,,206.885
20cm,yolo12s,636,666,21.19,22.19,,,,,,,,,,,203.96
20cm,yolo12s,637,667,21.224,22.223,,,,,,,,,,,202.857
20cm,yolo12s,638,668,21.257,22.256,,,,,,,,,,,203.139
20cm,yolo12s,639,669,21.29,22.29,,,,,,,,,,,207.71
20cm,yolo12s,640,670,21.323,22.323,,,,,,,,,,,204.265
20cm,yolo12s,641,671,21.357,22.356,,,,,,,,,,,203.304
20cm,yolo12s,642,672,21.39,22.39,,,,,,,,,,,204.798
20cm,yolo12s,643,673,21.423,22.423,,,,,,,,,,,207.659
20cm,yolo12s,644,674,21.457,22.456,,,,,,,,,,,203.536
20cm,yolo12s,645,675,21.49,22.49,,,,,,,,,,,204.188
20cm,yolo12s,646,676,21.523,22.523,,,,,,,,,,,204.275
20cm,yolo12s,647,677,21.557,22.556,,,,,,,,,,,207.374
20cm,yolo12s,648,678,21.59,22.59,,,,,,,,,,,204.124
20cm,yolo12s,649,679,21.623,22.623,,,,,,,,,,,203.6
20cm,yolo12s,650,680,21.657,22.656,,,,,,,,,,,203.333
20cm,yolo12s,651,681,21.69,22.69,,,,,,,,,,,207.182
20cm,yolo12s,652,682,21.723,22.723,,,,,,,,,,,203.301
20cm,yolo12s,653,683,21.757,22.756,,,,,,,,,,,204.058
20cm,yolo12s,654,684,21.79,22.789,,,,,,,,,,,204.346
20cm,yolo12s,655,685,21.823,22.823,,,,,,,,,,,206.068
20cm,yolo12s,656,686,21.857,22.856,,,,,,,,,,,203.214
20cm,yolo12s,657,687,21.89,22.889,,,,,,,,,,,203.853
20cm,yolo12s,658,688,21.923,22.923,,,,,,,,,,,203.665
20cm,yolo12s,659,689,21.957,22.956,,,,,,,,,,,206.61
20cm,yolo12s,660,690,21.99,22.989,0,7,pet_packaging,pet,packaging,0.451416,193,98,589,479,204.214
20cm,yolo12s,661,691,22.023,23.023,0,7,pet_packaging,pet,packaging,0.453369,166,129,593,479,203.46
20cm,yolo12s,662,692,22.056,23.056,,,,,,,,,,,204.672
20cm,yolo12s,663,693,22.09,23.089,,,,,,,,,,,213.127
20cm,yolo12s,664,694,22.123,23.123,,,,,,,,,,,203.418
20cm,yolo12s,665,695,22.156,23.156,,,,,,,,,,,204.274
20cm,yolo12s,666,696,22.19,23.189,,,,,,,,,,,204.341
20cm,yolo12s,667,697,22.223,23.223,,,,,,,,,,,207.24
20cm,yolo12s,668,698,22.256,23.256,,,,,,,,,,,204.579
20cm,yolo12s,669,699,22.29,23.289,,,,,,,,,,,204.094
20cm,yolo12s,670,700,22.323,23.323,,,,,,,,,,,203.61
20cm,yolo12s,671,701,22.356,23.356,,,,,,,,,,,207.757
20cm,yolo12s,672,702,22.39,23.389,,,,,,,,,,,204.394
20cm,yolo12s,673,703,22.423,23.422,,,,,,,,,,,203.162
20cm,yolo12s,674,704,22.456,23.456,,,,,,,,,,,203.937
20cm,yolo12s,675,705,22.49,23.489,,,,,,,,,,,206.577
20cm,yolo12s,676,706,22.523,23.522,0,5,pet_normal,pet,normal,0.361084,0,257,438,479,202.945
20cm,yolo12s,677,707,22.556,23.556,0,5,pet_normal,pet,normal,0.503906,2,282,431,479,203.247
20cm,yolo12s,678,708,22.59,23.589,0,5,pet_normal,pet,normal,0.515625,1,282,425,479,203.755
20cm,yolo12s,679,709,22.623,23.622,0,5,pet_normal,pet,normal,0.368408,2,280,429,479,207.329
20cm,yolo12s,679,709,22.623,23.622,1,7,pet_packaging,pet,packaging,0.380371,1,279,429,479,207.329
20cm,yolo12s,680,710,22.656,23.656,0,5,pet_normal,pet,normal,0.305664,0,278,435,479,204.485
20cm,yolo12s,680,710,22.656,23.656,1,7,pet_packaging,pet,packaging,0.394287,1,277,434,479,204.485
20cm,yolo12s,681,711,22.69,23.689,0,5,pet_normal,pet,normal,0.494141,2,286,439,479,203.934
20cm,yolo12s,682,712,22.723,23.722,0,5,pet_normal,pet,normal,0.592773,0,289,444,479,204.285
20cm,yolo12s,683,713,22.756,23.756,0,5,pet_normal,pet,normal,0.608398,0,285,450,479,207.37
20cm,yolo12s,684,714,22.789,23.789,0,5,pet_normal,pet,normal,0.554688,0,287,457,479,203.837
20cm,yolo12s,685,715,22.823,23.822,0,7,pet_packaging,pet,packaging,0.525391,2,289,467,479,203.441
20cm,yolo12s,686,716,22.856,23.856,0,5,pet_normal,pet,normal,0.624512,0,287,476,479,204.779
20cm,yolo12s,687,717,22.889,23.889,0,5,pet_normal,pet,normal,0.496094,0,287,485,479,211.515
20cm,yolo12s,688,718,22.923,23.922,0,5,pet_normal,pet,normal,0.571777,0,289,489,479,204.611
20cm,yolo12s,689,719,22.956,23.956,0,5,pet_normal,pet,normal,0.449463,1,290,485,479,204.224
20cm,yolo12s,690,720,22.989,23.989,0,5,pet_normal,pet,normal,0.510742,0,287,484,479,203.87
20cm,yolo12s,691,721,23.023,24.022,0,5,pet_normal,pet,normal,0.640625,0,288,479,479,206.95
20cm,yolo12s,692,722,23.056,24.056,0,7,pet_packaging,pet,packaging,0.457031,0,289,475,479,204.495
20cm,yolo12s,693,723,23.089,24.089,0,5,pet_normal,pet,normal,0.529297,0,290,471,479,204.152
20cm,yolo12s,694,724,23.123,24.122,0,5,pet_normal,pet,normal,0.397949,0,287,466,479,204.329
20cm,yolo12s,695,725,23.156,24.155,0,5,pet_normal,pet,normal,0.640625,0,286,462,479,206.96
20cm,yolo12s,696,726,23.189,24.189,0,5,pet_normal,pet,normal,0.596191,0,288,461,479,204.271
20cm,yolo12s,697,727,23.223,24.222,0,5,pet_normal,pet,normal,0.642578,0,291,460,479,204.16
20cm,yolo12s,698,728,23.256,24.255,0,5,pet_normal,pet,normal,0.611328,0,289,456,479,204.15
20cm,yolo12s,699,729,23.289,24.289,0,5,pet_normal,pet,normal,0.644043,0,290,456,479,208.628
20cm,yolo12s,700,730,23.323,24.322,0,5,pet_normal,pet,normal,0.6875,0,290,457,479,204.743
20cm,yolo12s,701,731,23.356,24.355,0,5,pet_normal,pet,normal,0.733887,2,290,461,479,204.108
20cm,yolo12s,702,732,23.389,24.389,0,5,pet_normal,pet,normal,0.571777,0,291,465,479,203.981
20cm,yolo12s,703,733,23.422,24.422,0,5,pet_normal,pet,normal,0.638672,0,290,470,479,207.924
20cm,yolo12s,704,734,23.456,24.455,0,5,pet_normal,pet,normal,0.484375,0,291,475,479,204.731
20cm,yolo12s,705,735,23.489,24.489,0,5,pet_normal,pet,normal,0.448486,0,291,482,479,204.664
20cm,yolo12s,706,736,23.522,24.522,0,5,pet_normal,pet,normal,0.508789,0,289,485,479,204.573
20cm,yolo12s,706,736,23.522,24.522,1,9,plastic_normal,plastic,normal,0.311523,529,0,639,156,204.573
20cm,yolo12s,707,737,23.556,24.555,0,5,pet_normal,pet,normal,0.428223,0,287,489,479,207.502
20cm,yolo12s,707,737,23.556,24.555,1,7,pet_packaging,pet,packaging,0.348633,1,287,493,479,207.502
20cm,yolo12s,708,738,23.589,24.589,0,5,pet_normal,pet,normal,0.484375,0,287,497,479,204.522
20cm,yolo12s,709,739,23.622,24.622,0,5,pet_normal,pet,normal,0.523438,0,292,506,479,203.691
20cm,yolo12s,710,740,23.656,24.655,0,5,pet_normal,pet,normal,0.580566,0,293,513,479,204.218
20cm,yolo12s,711,741,23.689,24.689,0,5,pet_normal,pet,normal,0.347656,3,291,502,479,206.938
20cm,yolo12s,712,742,23.722,24.722,0,5,pet_normal,pet,normal,0.410156,3,290,504,479,204.621
20cm,yolo12s,713,743,23.756,24.755,0,7,pet_packaging,pet,packaging,0.462891,2,288,438,479,204.305
20cm,yolo12s,714,744,23.789,24.789,0,5,pet_normal,pet,normal,0.501953,0,285,435,479,203.91
20cm,yolo12s,715,745,23.822,24.822,0,5,pet_normal,pet,normal,0.464844,0,278,421,479,207.683
20cm,yolo12s,716,746,23.856,24.855,0,5,pet_normal,pet,normal,0.29248,0,278,414,479,203.789
20cm,yolo12s,716,746,23.856,24.855,1,7,pet_packaging,pet,packaging,0.259766,0,278,416,479,203.789
20cm,yolo12s,717,747,23.889,24.888,,,,,,,,,,,206.152
20cm,yolo12s,718,748,23.922,24.922,,,,,,,,,,,203.985
20cm,yolo12s,719,749,23.956,24.955,,,,,,,,,,,207.322
20cm,yolo12s,720,750,23.989,24.988,,,,,,,,,,,204.228
20cm,yolo12s,721,751,24.022,25.022,,,,,,,,,,,203.671
20cm,yolo12s,722,752,24.056,25.055,,,,,,,,,,,204.759
20cm,yolo12s,723,753,24.089,25.088,0,9,plastic_normal,plastic,normal,0.269043,331,81,470,241,207.88
20cm,yolo12s,724,754,24.122,25.122,,,,,,,,,,,203.582
20cm,yolo12s,725,755,24.155,25.155,,,,,,,,,,,203.573
20cm,yolo12s,726,756,24.189,25.188,0,0,can_normal,can,normal,0.542969,328,85,461,282,203.534
20cm,yolo12s,727,757,24.222,25.222,0,0,can_normal,can,normal,0.354004,327,85,461,302,208.531
20cm,yolo12s,728,758,24.255,25.255,0,7,pet_packaging,pet,packaging,0.35498,325,84,463,479,203.718
20cm,yolo12s,728,758,24.255,25.255,1,7,pet_packaging,pet,packaging,0.310791,1,286,330,479,203.718
20cm,yolo12s,729,759,24.289,25.288,0,7,pet_packaging,pet,packaging,0.527344,1,286,333,479,205.224
20cm,yolo12s,730,760,24.322,25.322,0,7,pet_packaging,pet,packaging,0.462891,1,285,332,479,204.282
20cm,yolo12s,731,761,24.355,25.355,0,7,pet_packaging,pet,packaging,0.537109,1,285,334,479,207.391
20cm,yolo12s,732,762,24.389,25.388,0,7,pet_packaging,pet,packaging,0.542969,1,287,332,479,205.013
20cm,yolo12s,733,763,24.422,25.422,0,7,pet_packaging,pet,packaging,0.539062,1,286,331,479,203.595
20cm,yolo12s,734,764,24.455,25.455,0,7,pet_packaging,pet,packaging,0.537109,1,285,331,479,204.863
20cm,yolo12s,735,765,24.489,25.488,0,7,pet_packaging,pet,packaging,0.575684,1,286,331,479,207.819
20cm,yolo12s,736,766,24.522,25.522,0,7,pet_packaging,pet,packaging,0.620605,1,287,332,479,204.363
20cm,yolo12s,737,767,24.555,25.555,0,7,pet_packaging,pet,packaging,0.59082,1,285,334,479,203.761
20cm,yolo12s,738,768,24.589,25.588,0,7,pet_packaging,pet,packaging,0.529297,1,285,335,479,204.079
20cm,yolo12s,739,769,24.622,25.621,0,7,pet_packaging,pet,packaging,0.541016,1,286,332,479,207.46
20cm,yolo12s,740,770,24.655,25.655,0,7,pet_packaging,pet,packaging,0.474609,1,285,332,479,203.552
20cm,yolo12s,741,771,24.689,25.688,0,7,pet_packaging,pet,packaging,0.550781,1,286,332,479,204.153
20cm,yolo12s,742,772,24.722,25.721,0,7,pet_packaging,pet,packaging,0.515625,1,286,332,479,204.799
20cm,yolo12s,743,773,24.755,25.755,0,7,pet_packaging,pet,packaging,0.544922,1,285,333,479,208.304
20cm,yolo12s,744,774,24.789,25.788,0,7,pet_packaging,pet,packaging,0.560059,1,286,333,479,204.841
20cm,yolo12s,745,775,24.822,25.821,0,7,pet_packaging,pet,packaging,0.527344,1,286,332,479,203.659
20cm,yolo12s,746,776,24.855,25.855,0,7,pet_packaging,pet,packaging,0.537109,1,286,333,479,204.592
20cm,yolo12s,747,777,24.888,25.888,0,7,pet_packaging,pet,packaging,0.490234,1,286,332,479,207.722
20cm,yolo12s,748,778,24.922,25.921,0,7,pet_packaging,pet,packaging,0.494141,1,286,332,479,204.432
20cm,yolo12s,749,779,24.955,25.955,0,7,pet_packaging,pet,packaging,0.529297,1,286,332,479,204.496
20cm,yolo12s,750,780,24.988,25.988,0,7,pet_packaging,pet,packaging,0.498047,1,286,332,479,205.012
20cm,yolo12s,751,781,25.022,26.021,0,7,pet_packaging,pet,packaging,0.470703,1,286,331,479,207.705
20cm,yolo12s,752,782,25.055,26.055,0,7,pet_packaging,pet,packaging,0.401611,1,286,331,479,205.286
20cm,yolo12s,753,783,25.088,26.088,0,6,pet_dirty,pet,dirty,0.262939,0,286,331,479,204.904
20cm,yolo12s,753,783,25.088,26.088,1,7,pet_packaging,pet,packaging,0.359375,1,285,331,479,204.904
20cm,yolo12s,754,784,25.122,26.121,0,7,pet_packaging,pet,packaging,0.432129,1,286,331,479,205.218
20cm,yolo12s,755,785,25.155,26.155,0,7,pet_packaging,pet,packaging,0.397949,1,286,331,479,207.856
20cm,yolo12s,755,785,25.155,26.155,1,9,plastic_normal,plastic,normal,0.277588,507,88,639,251,207.856
20cm,yolo12s,756,786,25.188,26.188,0,7,pet_packaging,pet,packaging,0.370117,1,286,332,479,204.851
20cm,yolo12s,756,786,25.188,26.188,1,9,plastic_normal,plastic,normal,0.325195,482,88,639,257,204.851
20cm,yolo12s,757,787,25.222,26.221,0,7,pet_packaging,pet,packaging,0.386719,1,286,332,479,204.494
20cm,yolo12s,758,788,25.255,26.255,0,7,pet_packaging,pet,packaging,0.368408,1,285,331,479,204.924
20cm,yolo12s,759,789,25.288,26.288,0,7,pet_packaging,pet,packaging,0.345947,1,286,332,479,208.806
20cm,yolo12s,760,790,25.322,26.321,0,7,pet_packaging,pet,packaging,0.348633,1,286,331,479,205.265
20cm,yolo12s,761,791,25.355,26.354,0,7,pet_packaging,pet,packaging,0.360352,1,286,330,479,204.685
20cm,yolo12s,762,792,25.388,26.388,,,,,,,,,,,205.573
20cm,yolo12s,763,793,25.422,26.421,,,,,,,,,,,207.258
20cm,yolo12s,764,794,25.455,26.454,,,,,,,,,,,205.821
20cm,yolo12s,765,795,25.488,26.488,0,7,pet_packaging,pet,packaging,0.324219,411,101,570,348,204.638
20cm,yolo12s,766,796,25.522,26.521,0,7,pet_packaging,pet,packaging,0.264404,412,100,565,326,204.511
20cm,yolo12s,766,796,25.522,26.521,1,9,plastic_normal,plastic,normal,0.309814,412,100,564,325,204.511
20cm,yolo12s,767,797,25.555,26.554,0,7,pet_packaging,pet,packaging,0.310791,409,100,563,327,207.368
20cm,yolo12s,768,798,25.588,26.588,0,7,pet_packaging,pet,packaging,0.260498,408,100,560,324,204.808
20cm,yolo12s,768,798,25.588,26.588,1,9,plastic_normal,plastic,normal,0.402588,408,101,560,326,204.808
20cm,yolo12s,769,799,25.621,26.621,0,7,pet_packaging,pet,packaging,0.279785,400,101,558,460,204.253
20cm,yolo12s,770,800,25.655,26.654,0,9,plastic_normal,plastic,normal,0.400635,399,102,554,326,204.575
20cm,yolo12s,771,801,25.688,26.688,0,9,plastic_normal,plastic,normal,0.345947,397,98,551,459,207.359
20cm,yolo12s,772,802,25.721,26.721,0,9,plastic_normal,plastic,normal,0.415771,397,98,552,458,205.518
20cm,yolo12s,773,803,25.755,26.754,0,9,plastic_normal,plastic,normal,0.448486,398,100,553,326,205.09
20cm,yolo12s,774,804,25.788,26.788,0,9,plastic_normal,plastic,normal,0.509766,397,101,553,326,204.838
20cm,yolo12s,775,805,25.821,26.821,0,9,plastic_normal,plastic,normal,0.345947,395,101,553,447,207.404
20cm,yolo12s,776,806,25.855,26.854,0,9,plastic_normal,plastic,normal,0.286133,396,100,556,329,204.973
20cm,yolo12s,777,807,25.888,26.888,,,,,,,,,,,204.099
20cm,yolo12s,778,808,25.921,26.921,0,9,plastic_normal,plastic,normal,0.47168,396,100,563,320,203.634
20cm,yolo12s,779,809,25.955,26.954,0,9,plastic_normal,plastic,normal,0.551758,403,100,566,293,207.434
20cm,yolo12s,780,810,25.988,26.988,0,9,plastic_normal,plastic,normal,0.456055,403,100,569,296,205.76
20cm,yolo12s,781,811,26.021,27.021,0,9,plastic_normal,plastic,normal,0.532227,402,99,575,287,204.642
20cm,yolo12s,782,812,26.055,27.054,0,9,plastic_normal,plastic,normal,0.541992,405,97,581,282,204.234
20cm,yolo12s,783,813,26.088,27.087,0,9,plastic_normal,plastic,normal,0.719238,404,96,586,272,207.156
20cm,yolo12s,784,814,26.121,27.121,0,9,plastic_normal,plastic,normal,0.657715,401,95,589,272,205.846
20cm,yolo12s,785,815,26.155,27.154,0,9,plastic_normal,plastic,normal,0.669922,402,95,590,272,204.27
20cm,yolo12s,786,816,26.188,27.187,0,9,plastic_normal,plastic,normal,0.632324,397,97,587,272,205.026
20cm,yolo12s,787,817,26.221,27.221,0,9,plastic_normal,plastic,normal,0.589844,389,98,586,272,207.508
20cm,yolo12s,788,818,26.255,27.254,0,9,plastic_normal,plastic,normal,0.648926,387,98,584,269,204.78
20cm,yolo12s,789,819,26.288,27.287,0,9,plastic_normal,plastic,normal,0.633301,385,98,584,270,204.013
20cm,yolo12s,790,820,26.321,27.321,0,9,plastic_normal,plastic,normal,0.533203,386,97,589,270,204.341
20cm,yolo12s,791,821,26.354,27.354,0,9,plastic_normal,plastic,normal,0.508789,388,93,590,268,207.795
20cm,yolo12s,792,822,26.388,27.387,0,9,plastic_normal,plastic,normal,0.291748,387,92,639,276,204.614
20cm,yolo12s,793,823,26.421,27.421,0,9,plastic_normal,plastic,normal,0.440674,378,93,588,256,203.653
20cm,yolo12s,794,824,26.454,27.454,0,9,plastic_normal,plastic,normal,0.650391,376,93,582,252,205.236
20cm,yolo12s,795,825,26.488,27.487,0,9,plastic_normal,plastic,normal,0.570801,375,93,581,268,207.149
20cm,yolo12s,796,826,26.521,27.521,0,9,plastic_normal,plastic,normal,0.491211,373,93,578,305,204.94
20cm,yolo12s,797,827,26.554,27.554,0,9,plastic_normal,plastic,normal,0.463867,372,93,576,324,204.999
20cm,yolo12s,798,828,26.588,27.587,0,9,plastic_normal,plastic,normal,0.42334,374,91,579,326,204.76
20cm,yolo12s,799,829,26.621,27.621,0,9,plastic_normal,plastic,normal,0.458008,374,91,579,326,208.141
20cm,yolo12s,800,830,26.654,27.654,0,9,plastic_normal,plastic,normal,0.410156,373,92,575,344,205.422
20cm,yolo12s,801,831,26.688,27.687,0,9,plastic_normal,plastic,normal,0.456055,374,93,576,331,204.674
20cm,yolo12s,802,832,26.721,27.721,0,9,plastic_normal,plastic,normal,0.385742,373,93,575,327,205.147
20cm,yolo12s,803,833,26.754,27.754,0,9,plastic_normal,plastic,normal,0.300781,373,93,574,465,208.321
20cm,yolo12s,804,834,26.788,27.787,0,9,plastic_normal,plastic,normal,0.518555,374,93,576,327,205.094
20cm,yolo12s,805,835,26.821,27.82,0,9,plastic_normal,plastic,normal,0.342529,373,94,572,460,204.541
20cm,yolo12s,806,836,26.854,27.854,0,7,pet_packaging,pet,packaging,0.341553,370,92,570,455,204.367
20cm,yolo12s,806,836,26.854,27.854,1,9,plastic_normal,plastic,normal,0.50293,371,94,567,456,204.367
20cm,yolo12s,807,837,26.888,27.887,0,9,plastic_normal,plastic,normal,0.538086,370,94,569,456,207.711
20cm,yolo12s,808,838,26.921,27.92,0,9,plastic_normal,plastic,normal,0.377441,367,93,569,458,205.05
20cm,yolo12s,809,839,26.954,27.954,0,9,plastic_normal,plastic,normal,0.485352,366,90,572,245,205.473
20cm,yolo12s,810,840,26.988,27.987,0,7,pet_packaging,pet,packaging,0.260498,366,142,574,241,205.49
20cm,yolo12s,810,840,26.988,27.987,1,9,plastic_normal,plastic,normal,0.269043,366,140,573,242,205.49
20cm,yolo12s,811,841,27.021,28.02,0,7,pet_packaging,pet,packaging,0.264404,366,137,575,236,207.746
20cm,yolo12s,812,842,27.054,28.054,0,9,plastic_normal,plastic,normal,0.403564,364,130,574,234,204.208
20cm,yolo12s,813,843,27.087,28.087,0,9,plastic_normal,plastic,normal,0.301514,361,66,576,233,204.373
20cm,yolo12s,814,844,27.121,28.12,,,,,,,,,,,204.356
20cm,yolo12s,815,845,27.154,28.154,,,,,,,,,,,208.407
20cm,yolo12s,816,846,27.187,28.187,0,9,plastic_normal,plastic,normal,0.402588,359,65,575,325,204.437
20cm,yolo12s,817,847,27.221,28.22,0,9,plastic_normal,plastic,normal,0.359375,361,81,579,472,204.786
20cm,yolo12s,818,848,27.254,28.254,0,9,plastic_normal,plastic,normal,0.587891,364,71,584,330,204.282
20cm,yolo12s,819,849,27.287,28.287,0,9,plastic_normal,plastic,normal,0.543945,367,78,584,450,207.932
20cm,yolo12s,820,850,27.321,28.32,0,9,plastic_normal,plastic,normal,0.39502,374,83,587,328,205.635
20cm,yolo12s,821,851,27.354,28.354,0,7,pet_packaging,pet,packaging,0.393311,378,89,593,329,204.633
20cm,yolo12s,822,852,27.387,28.387,0,7,pet_packaging,pet,packaging,0.449463,387,89,598,328,205.019
20cm,yolo12s,823,853,27.421,28.42,0,7,pet_packaging,pet,packaging,0.348633,387,89,596,328,208.562
20cm,yolo12s,824,854,27.454,28.454,0,7,pet_packaging,pet,packaging,0.480469,376,89,594,330,205.455
20cm,yolo12s,825,855,27.487,28.487,,,,,,,,,,,205.407
20cm,yolo12s,826,856,27.521,28.52,0,7,pet_packaging,pet,packaging,0.273682,372,91,576,370,205.52
20cm,yolo12s,827,857,27.554,28.553,0,7,pet_packaging,pet,packaging,0.338867,372,93,571,329,208.334
20cm,yolo12s,828,858,27.587,28.587,0,7,pet_packaging,pet,packaging,0.250244,374,93,581,324,204.93
20cm,yolo12s,828,858,27.587,28.587,1,9,plastic_normal,plastic,normal,0.300781,373,93,580,319,204.93
20cm,yolo12s,829,859,27.621,28.62,0,7,pet_packaging,pet,packaging,0.327637,376,89,585,331,204.566
20cm,yolo12s,830,860,27.654,28.653,0,7,pet_packaging,pet,packaging,0.408203,376,87,586,327,205.302
20cm,yolo12s,830,860,27.654,28.653,1,9,plastic_normal,plastic,normal,0.376709,374,85,586,322,205.302
20cm,yolo12s,831,861,27.687,28.687,0,7,pet_packaging,pet,packaging,0.310791,377,87,587,325,207.876
20cm,yolo12s,832,862,27.721,28.72,0,7,pet_packaging,pet,packaging,0.282227,380,90,584,330,204.279
20cm,yolo12s,832,862,27.721,28.72,1,9,plastic_normal,plastic,normal,0.318359,378,90,583,334,204.279
20cm,yolo12s,833,863,27.754,28.753,0,7,pet_packaging,pet,packaging,0.386719,378,91,585,332,204.746
20cm,yolo12s,834,864,27.787,28.787,0,7,pet_packaging,pet,packaging,0.565918,376,91,584,395,204.611
20cm,yolo12s,835,865,27.82,28.82,0,7,pet_packaging,pet,packaging,0.384033,375,90,583,420,208.425
20cm,yolo12s,836,866,27.854,28.853,0,9,plastic_normal,plastic,normal,0.262939,374,91,578,366,204.947
20cm,yolo12s,837,867,27.887,28.887,0,7,pet_packaging,pet,packaging,0.405518,376,91,585,457,204.105
20cm,yolo12s,838,868,27.92,28.92,0,7,pet_packaging,pet,packaging,0.270508,379,89,586,459,204.264
20cm,yolo12s,839,869,27.954,28.953,0,7,pet_packaging,pet,packaging,0.466797,376,89,584,479,207.869
20cm,yolo12s,840,870,27.987,28.987,0,7,pet_packaging,pet,packaging,0.273682,377,84,630,479,205.417
20cm,yolo12s,840,870,27.987,28.987,1,7,pet_packaging,pet,packaging,0.256836,199,95,328,479,205.417
20cm,yolo12s,841,871,28.02,29.02,0,7,pet_packaging,pet,packaging,0.541016,379,78,638,479,203.696
20cm,yolo12s,841,871,28.02,29.02,1,7,pet_packaging,pet,packaging,0.265869,199,95,328,478,203.696
20cm,yolo12s,842,872,28.054,29.053,0,7,pet_packaging,pet,packaging,0.432129,386,75,633,475,203.99
20cm,yolo12s,842,872,28.054,29.053,1,7,pet_packaging,pet,packaging,0.257568,199,95,328,478,203.99
20cm,yolo12s,843,873,28.087,29.087,0,7,pet_packaging,pet,packaging,0.279053,380,73,625,479,207.899
20cm,yolo12s,844,874,28.12,29.12,,,,,,,,,,,205.55
20cm,yolo12s,845,875,28.154,29.153,,,,,,,,,,,204.94
20cm,yolo12s,846,876,28.187,29.186,,,,,,,,,,,205.325
20cm,yolo12s,847,877,28.22,29.22,0,7,pet_packaging,pet,packaging,0.251709,200,95,328,477,208.51
20cm,yolo12s,848,878,28.254,29.253,,,,,,,,,,,204.445
20cm,yolo12s,849,879,28.287,29.286,0,9,plastic_normal,plastic,normal,0.327637,398,23,635,202,204.451
20cm,yolo12s,850,880,28.32,29.32,0,9,plastic_normal,plastic,normal,0.330322,398,22,637,346,204.11
20cm,yolo12s,851,881,28.354,29.353,,,,,,,,,,,206.778
20cm,yolo12s,852,882,28.387,29.386,0,9,plastic_normal,plastic,normal,0.286865,396,25,638,219,204.04
20cm,yolo12s,853,883,28.42,29.42,0,9,plastic_normal,plastic,normal,0.283691,396,26,638,215,204.353
20cm,yolo12s,854,884,28.454,29.453,0,7,pet_packaging,pet,packaging,0.255371,396,27,638,216,204.682
20cm,yolo12s,855,885,28.487,29.486,,,,,,,,,,,208.891
20cm,yolo12s,856,886,28.52,29.52,,,,,,,,,,,205.242
20cm,yolo12s,857,887,28.553,29.553,0,7,pet_packaging,pet,packaging,0.27832,388,29,637,216,204.581
20cm,yolo12s,858,888,28.587,29.586,,,,,,,,,,,205.2
20cm,yolo12s,859,889,28.62,29.62,0,7,pet_packaging,pet,packaging,0.282959,384,29,633,217,208.33
20cm,yolo12s,860,890,28.653,29.653,,,,,,,,,,,207.794
20cm,yolo12s,861,891,28.687,29.686,,,,,,,,,,,205.403
20cm,yolo12s,862,892,28.72,29.72,0,9,plastic_normal,plastic,normal,0.304932,384,33,636,231,204.822
20cm,yolo12s,863,893,28.753,29.753,0,9,plastic_normal,plastic,normal,0.42334,383,36,636,244,207.91
20cm,yolo12s,864,894,28.787,29.786,0,9,plastic_normal,plastic,normal,0.44458,379,41,638,250,204.876
20cm,yolo12s,865,895,28.82,29.82,0,9,plastic_normal,plastic,normal,0.446533,382,43,639,246,204.068
20cm,yolo12s,866,896,28.853,29.853,0,9,plastic_normal,plastic,normal,0.417725,381,44,637,244,203.881
20cm,yolo12s,867,897,28.887,29.886,0,9,plastic_normal,plastic,normal,0.383057,383,47,636,244,207.334
20cm,yolo12s,868,898,28.92,29.919,0,9,plastic_normal,plastic,normal,0.391357,383,48,634,243,204.422
20cm,yolo12s,869,899,28.953,29.953,0,9,plastic_normal,plastic,normal,0.257568,386,19,633,244,204.093
20cm,yolo12s,870,900,28.987,29.986,0,9,plastic_normal,plastic,normal,0.332031,386,43,632,245,204.693
20cm,yolo12s,871,901,29.02,30.019,0,9,plastic_normal,plastic,normal,0.390381,386,57,632,246,207.585
20cm,yolo12s,872,902,29.053,30.053,0,9,plastic_normal,plastic,normal,0.291748,389,57,632,245,204.617
20cm,yolo12s,873,903,29.087,30.086,0,9,plastic_normal,plastic,normal,0.303223,390,62,633,244,204.092
20cm,yolo12s,874,904,29.12,30.119,0,7,pet_packaging,pet,packaging,0.313232,390,63,635,244,204.731
20cm,yolo12s,875,905,29.153,30.153,0,7,pet_packaging,pet,packaging,0.252441,391,64,636,244,208.675
20cm,yolo12s,875,905,29.153,30.153,1,9,plastic_normal,plastic,normal,0.265137,391,64,635,244,208.675
20cm,yolo12s,876,906,29.186,30.186,0,7,pet_packaging,pet,packaging,0.276611,391,66,638,244,204.92
20cm,yolo12s,876,906,29.186,30.186,1,9,plastic_normal,plastic,normal,0.272705,391,65,637,244,204.92
20cm,yolo12s,877,907,29.22,30.219,0,7,pet_packaging,pet,packaging,0.305664,391,65,638,244,204.812
20cm,yolo12s,878,908,29.253,30.253,,,,,,,,,,,204.848
20cm,yolo12s,879,909,29.286,30.286,0,9,plastic_normal,plastic,normal,0.272705,390,64,636,244,207.543
20cm,yolo12s,880,910,29.32,30.319,,,,,,,,,,,204.946
20cm,yolo12s,881,911,29.353,30.353,,,,,,,,,,,203.918
20cm,yolo12s,882,912,29.386,30.386,,,,,,,,,,,204.582
20cm,yolo12s,883,913,29.42,30.419,,,,,,,,,,,207.951
20cm,yolo12s,884,914,29.453,30.453,0,9,plastic_normal,plastic,normal,0.266602,386,65,633,250,205.292
20cm,yolo12s,885,915,29.486,30.486,,,,,,,,,,,205.069
20cm,yolo12s,886,916,29.52,30.519,,,,,,,,,,,204.55
20cm,yolo12s,887,917,29.553,30.553,0,9,plastic_normal,plastic,normal,0.262207,388,65,634,257,208.315
20cm,yolo12s,888,918,29.586,30.586,0,7,pet_packaging,pet,packaging,0.29834,388,65,635,260,203.649
20cm,yolo12s,888,918,29.586,30.586,1,9,plastic_normal,plastic,normal,0.349609,388,66,634,250,203.649
20cm,yolo12s,889,919,29.62,30.619,0,9,plastic_normal,plastic,normal,0.313232,387,67,632,244,204.474
20cm,yolo12s,890,920,29.653,30.652,0,9,plastic_normal,plastic,normal,0.311523,388,66,634,246,205.439
20cm,yolo12s,891,921,29.686,30.686,,,,,,,,,,,208.308
20cm,yolo12s,892,922,29.72,30.719,0,9,plastic_normal,plastic,normal,0.325928,386,65,630,243,204.648
20cm,yolo12s,893,923,29.753,30.752,0,9,plastic_normal,plastic,normal,0.2854,387,65,631,243,205.345
20cm,yolo12s,894,924,29.786,30.786,0,9,plastic_normal,plastic,normal,0.328613,386,65,629,243,205.283
20cm,yolo12s,895,925,29.82,30.819,0,9,plastic_normal,plastic,normal,0.385742,387,66,630,244,205.298
20cm,yolo12s,896,926,29.853,30.852,0,9,plastic_normal,plastic,normal,0.342529,386,66,631,243,205.049
20cm,yolo12s,897,927,29.886,30.886,0,9,plastic_normal,plastic,normal,0.36377,387,66,630,243,203.776
20cm,yolo12s,898,928,29.919,30.919,0,9,plastic_normal,plastic,normal,0.343262,386,65,630,243,204.234
20cm,yolo12s,899,929,29.953,30.952,0,9,plastic_normal,plastic,normal,0.293457,386,65,631,242,204.852
20cm,yolo26n,0,30,0.0,1.0,,,,,,,,,,,46.137
20cm,yolo26n,1,31,0.033,1.033,,,,,,,,,,,46.509
20cm,yolo26n,2,32,0.067,1.066,,,,,,,,,,,47.439
20cm,yolo26n,3,33,0.1,1.099,,,,,,,,,,,48.268
20cm,yolo26n,4,34,0.133,1.133,,,,,,,,,,,48.15
20cm,yolo26n,5,35,0.167,1.166,,,,,,,,,,,46.923
20cm,yolo26n,6,36,0.2,1.199,,,,,,,,,,,47.613
20cm,yolo26n,7,37,0.233,1.233,,,,,,,,,,,47.642
20cm,yolo26n,8,38,0.267,1.266,,,,,,,,,,,51.185
20cm,yolo26n,9,39,0.3,1.299,,,,,,,,,,,47.523
20cm,yolo26n,10,40,0.333,1.333,,,,,,,,,,,47.002
20cm,yolo26n,11,41,0.366,1.366,,,,,,,,,,,46.806
20cm,yolo26n,12,42,0.4,1.399,,,,,,,,,,,47.391
20cm,yolo26n,13,43,0.433,1.433,,,,,,,,,,,47.209
20cm,yolo26n,14,44,0.466,1.466,,,,,,,,,,,47.646
20cm,yolo26n,15,45,0.5,1.499,,,,,,,,,,,47.708
20cm,yolo26n,16,46,0.533,1.533,,,,,,,,,,,47.289
20cm,yolo26n,17,47,0.566,1.566,,,,,,,,,,,47.049
20cm,yolo26n,18,48,0.6,1.599,,,,,,,,,,,47.435
20cm,yolo26n,19,49,0.633,1.633,,,,,,,,,,,50.103
20cm,yolo26n,20,50,0.666,1.666,,,,,,,,,,,52.053
20cm,yolo26n,21,51,0.7,1.699,,,,,,,,,,,48.234
20cm,yolo26n,22,52,0.733,1.733,0,9,plastic_normal,plastic,normal,0.3396,196,283,255,356,46.947
20cm,yolo26n,23,53,0.766,1.766,,,,,,,,,,,47.764
20cm,yolo26n,24,54,0.8,1.799,,,,,,,,,,,47.502
20cm,yolo26n,25,55,0.833,1.832,,,,,,,,,,,47.122
20cm,yolo26n,26,56,0.866,1.866,,,,,,,,,,,47.658
20cm,yolo26n,27,57,0.9,1.899,,,,,,,,,,,47.64
20cm,yolo26n,28,58,0.933,1.932,,,,,,,,,,,47.38
20cm,yolo26n,29,59,0.966,1.966,,,,,,,,,,,51.888
20cm,yolo26n,30,60,1.0,1.999,,,,,,,,,,,47.39
20cm,yolo26n,31,61,1.033,2.032,,,,,,,,,,,47.756
20cm,yolo26n,32,62,1.066,2.066,,,,,,,,,,,46.966
20cm,yolo26n,33,63,1.099,2.099,,,,,,,,,,,46.863
20cm,yolo26n,34,64,1.133,2.132,,,,,,,,,,,47.046
20cm,yolo26n,35,65,1.166,2.166,,,,,,,,,,,46.778
20cm,yolo26n,36,66,1.199,2.199,,,,,,,,,,,47.354
20cm,yolo26n,37,67,1.233,2.232,,,,,,,,,,,46.482
20cm,yolo26n,38,68,1.266,2.266,,,,,,,,,,,46.851
20cm,yolo26n,39,69,1.299,2.299,,,,,,,,,,,47.285
20cm,yolo26n,40,70,1.333,2.332,0,9,plastic_normal,plastic,normal,0.297363,163,68,305,209,51.312
20cm,yolo26n,41,71,1.366,2.366,,,,,,,,,,,46.863
20cm,yolo26n,42,72,1.399,2.399,,,,,,,,,,,46.811
20cm,yolo26n,43,73,1.433,2.432,,,,,,,,,,,47.049
20cm,yolo26n,44,74,1.466,2.466,,,,,,,,,,,47.288
20cm,yolo26n,45,75,1.499,2.499,,,,,,,,,,,46.847
20cm,yolo26n,46,76,1.533,2.532,0,9,plastic_normal,plastic,normal,0.333252,174,81,304,172,46.372
20cm,yolo26n,47,77,1.566,2.565,,,,,,,,,,,46.906
20cm,yolo26n,48,78,1.599,2.599,,,,,,,,,,,47.127
20cm,yolo26n,49,79,1.633,2.632,,,,,,,,,,,46.641
20cm,yolo26n,50,80,1.666,2.665,,,,,,,,,,,46.964
20cm,yolo26n,51,81,1.699,2.699,,,,,,,,,,,47.477
20cm,yolo26n,52,82,1.733,2.732,,,,,,,,,,,47.822
20cm,yolo26n,53,83,1.766,2.765,,,,,,,,,,,47.299
20cm,yolo26n,54,84,1.799,2.799,,,,,,,,,,,47.143
20cm,yolo26n,55,85,1.832,2.832,,,,,,,,,,,46.91
20cm,yolo26n,56,86,1.866,2.865,,,,,,,,,,,47.317
20cm,yolo26n,57,87,1.899,2.899,,,,,,,,,,,47.147
20cm,yolo26n,58,88,1.932,2.932,,,,,,,,,,,46.939
20cm,yolo26n,59,89,1.966,2.965,,,,,,,,,,,47.675
20cm,yolo26n,60,90,1.999,2.999,0,10,plastic_dirty,plastic,dirty,0.430908,170,65,300,162,47.395
20cm,yolo26n,61,91,2.032,3.032,,,,,,,,,,,51.211
20cm,yolo26n,62,92,2.066,3.065,,,,,,,,,,,47.317
20cm,yolo26n,63,93,2.099,3.099,,,,,,,,,,,47.632
20cm,yolo26n,64,94,2.132,3.132,,,,,,,,,,,47.473
20cm,yolo26n,65,95,2.166,3.165,,,,,,,,,,,47.759
20cm,yolo26n,66,96,2.199,3.199,,,,,,,,,,,47.27
20cm,yolo26n,67,97,2.232,3.232,,,,,,,,,,,46.989
20cm,yolo26n,68,98,2.266,3.265,,,,,,,,,,,47.258
20cm,yolo26n,69,99,2.299,3.298,,,,,,,,,,,46.565
20cm,yolo26n,70,100,2.332,3.332,,,,,,,,,,,46.434
20cm,yolo26n,71,101,2.366,3.365,,,,,,,,,,,46.676
20cm,yolo26n,72,102,2.399,3.398,,,,,,,,,,,46.222
20cm,yolo26n,73,103,2.432,3.432,,,,,,,,,,,46.166
20cm,yolo26n,74,104,2.466,3.465,,,,,,,,,,,46.268
20cm,yolo26n,75,105,2.499,3.498,0,5,pet_normal,pet,normal,0.305908,0,5,139,298,46.507
20cm,yolo26n,76,106,2.532,3.532,,,,,,,,,,,46.537
20cm,yolo26n,77,107,2.565,3.565,,,,,,,,,,,46.894
20cm,yolo26n,78,108,2.599,3.598,,,,,,,,,,,47.022
20cm,yolo26n,79,109,2.632,3.632,,,,,,,,,,,47.175
20cm,yolo26n,80,110,2.665,3.665,,,,,,,,,,,46.653
20cm,yolo26n,81,111,2.699,3.698,,,,,,,,,,,47.174
20cm,yolo26n,82,112,2.732,3.732,,,,,,,,,,,47.214
20cm,yolo26n,83,113,2.765,3.765,,,,,,,,,,,46.786
20cm,yolo26n,84,114,2.799,3.798,,,,,,,,,,,46.866
20cm,yolo26n,85,115,2.832,3.832,,,,,,,,,,,47.254
20cm,yolo26n,86,116,2.865,3.865,,,,,,,,,,,47.497
20cm,yolo26n,87,117,2.899,3.898,,,,,,,,,,,46.963
20cm,yolo26n,88,118,2.932,3.932,,,,,,,,,,,47.139
20cm,yolo26n,89,119,2.965,3.965,,,,,,,,,,,46.919
20cm,yolo26n,90,120,2.999,3.998,,,,,,,,,,,47.43
20cm,yolo26n,91,121,3.032,4.031,,,,,,,,,,,47.173
20cm,yolo26n,92,122,3.065,4.065,,,,,,,,,,,47.514
20cm,yolo26n,93,123,3.099,4.098,,,,,,,,,,,47.241
20cm,yolo26n,94,124,3.132,4.131,,,,,,,,,,,46.908
20cm,yolo26n,95,125,3.165,4.165,,,,,,,,,,,47.18
20cm,yolo26n,96,126,3.199,4.198,,,,,,,,,,,46.983
20cm,yolo26n,97,127,3.232,4.231,,,,,,,,,,,46.758
20cm,yolo26n,98,128,3.265,4.265,,,,,,,,,,,46.915
20cm,yolo26n,99,129,3.298,4.298,,,,,,,,,,,46.834
20cm,yolo26n,100,130,3.332,4.331,,,,,,,,,,,47.033
20cm,yolo26n,101,131,3.365,4.365,,,,,,,,,,,47.17
20cm,yolo26n,102,132,3.398,4.398,,,,,,,,,,,46.771
20cm,yolo26n,103,133,3.432,4.431,,,,,,,,,,,47.078
20cm,yolo26n,104,134,3.465,4.465,0,5,pet_normal,pet,normal,0.251953,0,3,142,394,46.956
20cm,yolo26n,104,134,3.465,4.465,1,9,plastic_normal,plastic,normal,0.250244,488,53,639,162,46.956
20cm,yolo26n,105,135,3.498,4.498,0,5,pet_normal,pet,normal,0.300537,0,4,142,364,47.406
20cm,yolo26n,106,136,3.532,4.531,0,5,pet_normal,pet,normal,0.403564,0,3,142,333,47.234
20cm,yolo26n,107,137,3.565,4.565,0,5,pet_normal,pet,normal,0.455322,0,4,142,324,46.947
20cm,yolo26n,108,138,3.598,4.598,0,5,pet_normal,pet,normal,0.483398,0,4,143,311,46.855
20cm,yolo26n,109,139,3.632,4.631,0,5,pet_normal,pet,normal,0.474365,0,3,144,312,46.15
20cm,yolo26n,110,140,3.665,4.665,0,5,pet_normal,pet,normal,0.408447,0,2,144,319,55.484
20cm,yolo26n,111,141,3.698,4.698,0,5,pet_normal,pet,normal,0.457275,0,3,142,329,49.862
20cm,yolo26n,112,142,3.732,4.731,0,5,pet_normal,pet,normal,0.461426,0,4,142,339,46.423
20cm,yolo26n,113,143,3.765,4.764,0,5,pet_normal,pet,normal,0.507324,0,4,142,336,47.357
20cm,yolo26n,114,144,3.798,4.798,0,5,pet_normal,pet,normal,0.419922,0,3,143,337,47.373
20cm,yolo26n,115,145,3.832,4.831,0,5,pet_normal,pet,normal,0.402588,0,3,143,332,47.158
20cm,yolo26n,116,146,3.865,4.864,0,5,pet_normal,pet,normal,0.44751,0,2,144,326,46.329
20cm,yolo26n,117,147,3.898,4.898,0,5,pet_normal,pet,normal,0.459961,0,2,143,321,46.411
20cm,yolo26n,118,148,3.932,4.931,,,,,,,,,,,46.58
20cm,yolo26n,119,149,3.965,4.964,,,,,,,,,,,46.402
20cm,yolo26n,120,150,3.998,4.998,,,,,,,,,,,46.783
20cm,yolo26n,121,151,4.031,5.031,,,,,,,,,,,46.154
20cm,yolo26n,122,152,4.065,5.064,,,,,,,,,,,46.59
20cm,yolo26n,123,153,4.098,5.098,0,6,pet_dirty,pet,dirty,0.318359,35,6,201,301,46.93
20cm,yolo26n,124,154,4.131,5.131,0,6,pet_dirty,pet,dirty,0.30249,40,3,200,303,46.676
20cm,yolo26n,125,155,4.165,5.164,,,,,,,,,,,46.723
20cm,yolo26n,126,156,4.198,5.198,,,,,,,,,,,46.733
20cm,yolo26n,127,157,4.231,5.231,0,5,pet_normal,pet,normal,0.310547,68,12,221,306,46.581
20cm,yolo26n,127,157,4.231,5.231,1,6,pet_dirty,pet,dirty,0.276855,68,11,220,305,46.581
20cm,yolo26n,128,158,4.265,5.264,0,5,pet_normal,pet,normal,0.250977,71,10,222,308,46.92
20cm,yolo26n,129,159,4.298,5.298,0,6,pet_dirty,pet,dirty,0.345947,74,8,225,312,46.737
20cm,yolo26n,130,160,4.331,5.331,0,6,pet_dirty,pet,dirty,0.350342,74,9,225,313,46.632
20cm,yolo26n,131,161,4.365,5.364,0,6,pet_dirty,pet,dirty,0.342773,77,9,226,316,46.661
20cm,yolo26n,132,162,4.398,5.398,0,6,pet_dirty,pet,dirty,0.34668,77,9,226,319,46.7
20cm,yolo26n,133,163,4.431,5.431,0,5,pet_normal,pet,normal,0.291748,77,10,226,321,46.331
20cm,yolo26n,133,163,4.431,5.431,1,6,pet_dirty,pet,dirty,0.293701,77,12,225,322,46.331
20cm,yolo26n,134,164,4.465,5.464,0,5,pet_normal,pet,normal,0.263672,77,10,225,323,46.699
20cm,yolo26n,135,165,4.498,5.497,0,6,pet_dirty,pet,dirty,0.290283,77,11,226,327,46.771
20cm,yolo26n,136,166,4.531,5.531,0,5,pet_normal,pet,normal,0.277832,77,10,226,333,47.035
20cm,yolo26n,136,166,4.531,5.531,1,6,pet_dirty,pet,dirty,0.273438,77,11,226,333,47.035
20cm,yolo26n,137,167,4.565,5.564,0,5,pet_normal,pet,normal,0.280273,76,10,225,343,47.58
20cm,yolo26n,137,167,4.565,5.564,1,6,pet_dirty,pet,dirty,0.282227,77,11,226,344,47.58
20cm,yolo26n,138,168,4.598,5.597,,,,,,,,,,,46.878
20cm,yolo26n,139,169,4.631,5.631,0,0,can_normal,can,normal,0.426025,266,110,375,327,46.943
20cm,yolo26n,139,169,4.631,5.631,1,6,pet_dirty,pet,dirty,0.386963,75,16,226,383,46.943
20cm,yolo26n,140,170,4.665,5.664,0,0,can_normal,can,normal,0.2854,266,110,375,306,47.493
20cm,yolo26n,141,171,4.698,5.697,,,,,,,,,,,47.332
20cm,yolo26n,142,172,4.731,5.731,0,0,can_normal,can,normal,0.315186,263,110,376,438,46.86
20cm,yolo26n,142,172,4.731,5.731,1,4,glass_packaging,glass,packaging,0.433105,263,114,374,440,46.86
20cm,yolo26n,143,173,4.764,5.764,0,0,can_normal,can,normal,0.313721,263,110,376,439,47.201
20cm,yolo26n,143,173,4.764,5.764,1,4,glass_packaging,glass,packaging,0.286377,263,110,376,439,47.201
20cm,yolo26n,144,174,4.798,5.797,0,0,can_normal,can,normal,0.305908,263,110,374,439,46.783
20cm,yolo26n,144,174,4.798,5.797,1,4,glass_packaging,glass,packaging,0.416016,263,111,375,440,46.783
20cm,yolo26n,145,175,4.831,5.831,0,0,can_normal,can,normal,0.311279,263,111,374,440,47.253
20cm,yolo26n,145,175,4.831,5.831,1,4,glass_packaging,glass,packaging,0.374756,263,112,375,440,47.253
20cm,yolo26n,146,176,4.864,5.864,0,0,can_normal,can,normal,0.288086,263,110,375,439,47.212
20cm,yolo26n,146,176,4.864,5.864,1,4,glass_packaging,glass,packaging,0.439209,263,112,375,439,47.212
20cm,yolo26n,147,177,4.898,5.897,0,0,can_normal,can,normal,0.267334,263,110,375,439,47.053
20cm,yolo26n,147,177,4.898,5.897,1,4,glass_packaging,glass,packaging,0.381836,263,112,375,440,47.053
20cm,yolo26n,148,178,4.931,5.931,0,0,can_normal,can,normal,0.294678,263,110,374,439,51.676
20cm,yolo26n,148,178,4.931,5.931,1,4,glass_packaging,glass,packaging,0.452881,263,112,375,440,51.676
20cm,yolo26n,149,179,4.964,5.964,0,0,can_normal,can,normal,0.299072,263,110,374,439,47.032
20cm,yolo26n,149,179,4.964,5.964,1,4,glass_packaging,glass,packaging,0.418945,263,112,375,439,47.032
20cm,yolo26n,150,180,4.998,5.997,0,0,can_normal,can,normal,0.253662,263,110,374,439,47.001
20cm,yolo26n,150,180,4.998,5.997,1,4,glass_packaging,glass,packaging,0.421387,263,112,374,439,47.001
20cm,yolo26n,151,181,5.031,6.031,0,0,can_normal,can,normal,0.291992,263,110,374,439,47.046
20cm,yolo26n,151,181,5.031,6.031,1,4,glass_packaging,glass,packaging,0.489746,263,112,374,440,47.046
20cm,yolo26n,152,182,5.064,6.064,0,0,can_normal,can,normal,0.305664,263,110,374,439,46.831
20cm,yolo26n,152,182,5.064,6.064,1,4,glass_packaging,glass,packaging,0.541504,263,112,374,440,46.831
20cm,yolo26n,153,183,5.098,6.097,0,0,can_normal,can,normal,0.314697,263,110,374,439,47.009
20cm,yolo26n,153,183,5.098,6.097,1,4,glass_packaging,glass,packaging,0.552734,263,112,375,440,47.009
20cm,yolo26n,154,184,5.131,6.13,0,0,can_normal,can,normal,0.298584,263,110,374,439,47.201
20cm,yolo26n,154,184,5.131,6.13,1,4,glass_packaging,glass,packaging,0.519043,263,112,374,440,47.201
20cm,yolo26n,155,185,5.164,6.164,0,0,can_normal,can,normal,0.2854,263,110,375,439,47.195
20cm,yolo26n,155,185,5.164,6.164,1,4,glass_packaging,glass,packaging,0.536133,263,112,375,440,47.195
20cm,yolo26n,156,186,5.198,6.197,0,0,can_normal,can,normal,0.316162,263,110,375,439,47.021
20cm,yolo26n,156,186,5.198,6.197,1,4,glass_packaging,glass,packaging,0.559082,263,112,375,440,47.021
20cm,yolo26n,157,187,5.231,6.23,0,0,can_normal,can,normal,0.326904,263,110,375,439,46.77
20cm,yolo26n,157,187,5.231,6.23,1,4,glass_packaging,glass,packaging,0.5625,263,112,375,440,46.77
20cm,yolo26n,158,188,5.264,6.264,0,0,can_normal,can,normal,0.329834,263,110,375,438,47.209
20cm,yolo26n,158,188,5.264,6.264,1,4,glass_packaging,glass,packaging,0.57666,263,112,375,440,47.209
20cm,yolo26n,159,189,5.298,6.297,0,0,can_normal,can,normal,0.36377,263,110,375,439,51.049
20cm,yolo26n,159,189,5.298,6.297,1,4,glass_packaging,glass,packaging,0.541016,263,112,375,440,51.049
20cm,yolo26n,160,190,5.331,6.33,0,0,can_normal,can,normal,0.353516,263,110,375,438,47.055
20cm,yolo26n,160,190,5.331,6.33,1,4,glass_packaging,glass,packaging,0.577148,263,112,375,440,47.055
20cm,yolo26n,161,191,5.364,6.364,0,0,can_normal,can,normal,0.322266,263,110,375,439,47.585
20cm,yolo26n,161,191,5.364,6.364,1,4,glass_packaging,glass,packaging,0.541992,263,112,375,440,47.585
20cm,yolo26n,162,192,5.398,6.397,0,0,can_normal,can,normal,0.330811,263,110,374,439,47.379
20cm,yolo26n,162,192,5.398,6.397,1,4,glass_packaging,glass,packaging,0.614258,263,112,375,440,47.379
20cm,yolo26n,163,193,5.431,6.43,0,0,can_normal,can,normal,0.35083,263,110,374,438,47.3
20cm,yolo26n,163,193,5.431,6.43,1,1,can_dirty,can,dirty,0.255615,263,110,375,437,47.3
20cm,yolo26n,163,193,5.431,6.43,2,4,glass_packaging,glass,packaging,0.487793,263,111,375,440,47.3
20cm,yolo26n,164,194,5.464,6.464,0,0,can_normal,can,normal,0.272217,263,110,374,439,46.859
20cm,yolo26n,164,194,5.464,6.464,1,4,glass_packaging,glass,packaging,0.519043,263,111,375,439,46.859
20cm,yolo26n,165,195,5.497,6.497,0,0,can_normal,can,normal,0.311279,263,110,375,439,47.0
20cm,yolo26n,165,195,5.497,6.497,1,4,glass_packaging,glass,packaging,0.481201,263,111,375,439,47.0
20cm,yolo26n,166,196,5.531,6.53,0,0,can_normal,can,normal,0.302979,263,110,375,439,46.957
20cm,yolo26n,166,196,5.531,6.53,1,4,glass_packaging,glass,packaging,0.45166,262,111,374,440,46.957
20cm,yolo26n,167,197,5.564,6.564,0,4,glass_packaging,glass,packaging,0.46167,262,110,374,440,47.164
20cm,yolo26n,167,197,5.564,6.564,1,6,pet_dirty,pet,dirty,0.252441,69,22,225,460,47.164
20cm,yolo26n,168,198,5.597,6.597,0,0,can_normal,can,normal,0.294189,261,109,373,440,46.781
20cm,yolo26n,168,198,5.597,6.597,1,4,glass_packaging,glass,packaging,0.623047,260,110,373,439,46.781
20cm,yolo26n,168,198,5.597,6.597,2,5,pet_normal,pet,normal,0.305908,66,17,223,458,46.781
20cm,yolo26n,169,199,5.631,6.63,0,4,glass_packaging,glass,packaging,0.634277,260,110,373,439,47.023
20cm,yolo26n,169,199,5.631,6.63,1,5,pet_normal,pet,normal,0.364014,65,14,222,460,47.023
20cm,yolo26n,170,200,5.664,6.664,0,4,glass_packaging,glass,packaging,0.733398,258,109,371,439,51.113
20cm,yolo26n,170,200,5.664,6.664,1,5,pet_normal,pet,normal,0.303955,62,14,220,462,51.113
20cm,yolo26n,170,200,5.664,6.664,2,6,pet_dirty,pet,dirty,0.282959,63,22,220,460,51.113
20cm,yolo26n,171,201,5.697,6.697,0,4,glass_packaging,glass,packaging,0.772461,258,108,370,439,47.111
20cm,yolo26n,171,201,5.697,6.697,1,5,pet_normal,pet,normal,0.28418,62,12,220,462,47.111
20cm,yolo26n,172,202,5.731,6.73,0,4,glass_packaging,glass,packaging,0.735352,258,108,371,439,47.774
20cm,yolo26n,172,202,5.731,6.73,1,5,pet_normal,pet,normal,0.331055,58,12,219,464,47.774
20cm,yolo26n,173,203,5.764,6.764,0,4,glass_packaging,glass,packaging,0.705566,257,108,369,439,47.642
20cm,yolo26n,173,203,5.764,6.764,1,5,pet_normal,pet,normal,0.33252,58,10,218,460,47.642
20cm,yolo26n,174,204,5.797,6.797,0,4,glass_packaging,glass,packaging,0.723145,257,107,369,439,47.125
20cm,yolo26n,174,204,5.797,6.797,1,5,pet_normal,pet,normal,0.321289,58,10,218,461,47.125
20cm,yolo26n,175,205,5.831,6.83,0,4,glass_packaging,glass,packaging,0.717773,257,106,369,438,47.115
20cm,yolo26n,175,205,5.831,6.83,1,5,pet_normal,pet,normal,0.316895,58,9,218,464,47.115
20cm,yolo26n,176,206,5.864,6.863,0,4,glass_packaging,glass,packaging,0.690918,257,107,370,439,47.322
20cm,yolo26n,176,206,5.864,6.863,1,5,pet_normal,pet,normal,0.332031,58,10,219,464,47.322
20cm,yolo26n,177,207,5.897,6.897,0,4,glass_packaging,glass,packaging,0.742188,257,107,369,439,47.034
20cm,yolo26n,177,207,5.897,6.897,1,5,pet_normal,pet,normal,0.331787,57,11,218,464,47.034
20cm,yolo26n,178,208,5.931,6.93,0,4,glass_packaging,glass,packaging,0.711426,257,107,369,439,47.473
20cm,yolo26n,178,208,5.931,6.93,1,5,pet_normal,pet,normal,0.32666,58,10,218,463,47.473
20cm,yolo26n,179,209,5.964,6.963,0,4,glass_packaging,glass,packaging,0.686035,257,108,369,440,47.496
20cm,yolo26n,179,209,5.964,6.963,1,5,pet_normal,pet,normal,0.355713,58,10,218,463,47.496
20cm,yolo26n,180,210,5.997,6.997,0,4,glass_packaging,glass,packaging,0.753906,257,108,369,439,46.926
20cm,yolo26n,180,210,5.997,6.997,1,5,pet_normal,pet,normal,0.319336,59,9,218,460,46.926
20cm,yolo26n,181,211,6.031,7.03,0,4,glass_packaging,glass,packaging,0.791016,257,107,369,439,51.352
20cm,yolo26n,181,211,6.031,7.03,1,5,pet_normal,pet,normal,0.324463,58,10,218,461,51.352
20cm,yolo26n,182,212,6.064,7.063,0,4,glass_packaging,glass,packaging,0.728027,257,107,369,438,47.071
20cm,yolo26n,182,212,6.064,7.063,1,5,pet_normal,pet,normal,0.309326,58,9,218,463,47.071
20cm,yolo26n,182,212,6.064,7.063,2,6,pet_dirty,pet,dirty,0.250488,60,20,218,461,47.071
20cm,yolo26n,183,213,6.097,7.097,0,4,glass_packaging,glass,packaging,0.696289,257,108,369,439,47.885
20cm,yolo26n,183,213,6.097,7.097,1,5,pet_normal,pet,normal,0.307617,58,10,218,462,47.885
20cm,yolo26n,183,213,6.097,7.097,2,6,pet_dirty,pet,dirty,0.276367,60,20,218,460,47.885
20cm,yolo26n,184,214,6.13,7.13,0,4,glass_packaging,glass,packaging,0.67627,257,104,368,437,47.574
20cm,yolo26n,184,214,6.13,7.13,1,5,pet_normal,pet,normal,0.295898,59,10,218,464,47.574
20cm,yolo26n,184,214,6.13,7.13,2,6,pet_dirty,pet,dirty,0.270996,60,20,218,461,47.574
20cm,yolo26n,185,215,6.164,7.163,0,4,glass_packaging,glass,packaging,0.501465,257,106,368,438,47.318
20cm,yolo26n,185,215,6.164,7.163,1,5,pet_normal,pet,normal,0.299561,58,10,217,463,47.318
20cm,yolo26n,185,215,6.164,7.163,2,6,pet_dirty,pet,dirty,0.268311,60,20,218,461,47.318
20cm,yolo26n,186,216,6.197,7.197,0,4,glass_packaging,glass,packaging,0.459229,257,106,368,438,46.844
20cm,yolo26n,186,216,6.197,7.197,1,5,pet_normal,pet,normal,0.312744,58,11,218,463,46.844
20cm,yolo26n,186,216,6.197,7.197,2,6,pet_dirty,pet,dirty,0.288574,59,20,218,460,46.844
20cm,yolo26n,187,217,6.23,7.23,0,4,glass_packaging,glass,packaging,0.654785,257,106,368,438,46.872
20cm,yolo26n,187,217,6.23,7.23,1,5,pet_normal,pet,normal,0.293945,58,11,218,465,46.872
20cm,yolo26n,187,217,6.23,7.23,2,6,pet_dirty,pet,dirty,0.289551,59,20,218,461,46.872
20cm,yolo26n,188,218,6.264,7.263,0,4,glass_packaging,glass,packaging,0.51123,257,106,368,438,47.411
20cm,yolo26n,188,218,6.264,7.263,1,5,pet_normal,pet,normal,0.295166,56,10,218,462,47.411
20cm,yolo26n,188,218,6.264,7.263,2,6,pet_dirty,pet,dirty,0.277832,58,20,218,460,47.411
20cm,yolo26n,189,219,6.297,7.297,0,4,glass_packaging,glass,packaging,0.52002,257,107,369,438,48.364
20cm,yolo26n,189,219,6.297,7.297,1,5,pet_normal,pet,normal,0.326904,58,10,218,463,48.364
20cm,yolo26n,190,220,6.33,7.33,0,4,glass_packaging,glass,packaging,0.662598,257,107,369,439,47.089
20cm,yolo26n,190,220,6.33,7.33,1,5,pet_normal,pet,normal,0.31543,58,10,219,464,47.089
20cm,yolo26n,191,221,6.364,7.363,0,4,glass_packaging,glass,packaging,0.561035,257,108,369,439,47.627
20cm,yolo26n,191,221,6.364,7.363,1,5,pet_normal,pet,normal,0.286377,58,10,218,464,47.627
20cm,yolo26n,191,221,6.364,7.363,2,6,pet_dirty,pet,dirty,0.300781,60,20,218,462,47.627
20cm,yolo26n,192,222,6.397,7.397,0,4,glass_packaging,glass,packaging,0.54248,257,107,369,439,47.318
20cm,yolo26n,192,222,6.397,7.397,1,5,pet_normal,pet,normal,0.303711,58,10,218,462,47.318
20cm,yolo26n,192,222,6.397,7.397,2,6,pet_dirty,pet,dirty,0.302734,59,20,218,459,47.318
20cm,yolo26n,193,223,6.43,7.43,0,4,glass_packaging,glass,packaging,0.50293,257,108,369,439,47.294
20cm,yolo26n,193,223,6.43,7.43,1,5,pet_normal,pet,normal,0.320557,59,10,219,463,47.294
20cm,yolo26n,194,224,6.464,7.463,0,4,glass_packaging,glass,packaging,0.70459,257,106,368,438,46.978
20cm,yolo26n,194,224,6.464,7.463,1,5,pet_normal,pet,normal,0.301758,58,11,219,462,46.978
20cm,yolo26n,194,224,6.464,7.463,2,6,pet_dirty,pet,dirty,0.260498,59,20,218,459,46.978
20cm,yolo26n,195,225,6.497,7.497,0,4,glass_packaging,glass,packaging,0.739746,257,106,370,438,47.344
20cm,yolo26n,195,225,6.497,7.497,1,5,pet_normal,pet,normal,0.313965,57,9,218,468,47.344
20cm,yolo26n,196,226,6.53,7.53,0,4,glass_packaging,glass,packaging,0.657227,257,105,368,437,47.337
20cm,yolo26n,196,226,6.53,7.53,1,5,pet_normal,pet,normal,0.306641,57,10,218,466,47.337
20cm,yolo26n,197,227,6.564,7.563,0,4,glass_packaging,glass,packaging,0.540039,257,106,370,438,47.265
20cm,yolo26n,197,227,6.564,7.563,1,5,pet_normal,pet,normal,0.318604,58,10,218,465,47.265
20cm,yolo26n,198,228,6.597,7.596,0,4,glass_packaging,glass,packaging,0.677246,258,106,369,438,46.985
20cm,yolo26n,198,228,6.597,7.596,1,5,pet_normal,pet,normal,0.306641,58,10,218,462,46.985
20cm,yolo26n,198,228,6.597,7.596,2,6,pet_dirty,pet,dirty,0.281738,60,20,219,460,46.985
20cm,yolo26n,199,229,6.63,7.63,0,4,glass_packaging,glass,packaging,0.73584,258,106,369,438,46.663
20cm,yolo26n,199,229,6.63,7.63,1,5,pet_normal,pet,normal,0.314697,59,10,219,464,46.663
20cm,yolo26n,200,230,6.664,7.663,0,4,glass_packaging,glass,packaging,0.730469,257,106,368,438,47.16
20cm,yolo26n,200,230,6.664,7.663,1,5,pet_normal,pet,normal,0.303223,59,10,218,464,47.16
20cm,yolo26n,200,230,6.664,7.663,2,6,pet_dirty,pet,dirty,0.266113,61,20,219,461,47.16
20cm,yolo26n,201,231,6.697,7.696,0,4,glass_packaging,glass,packaging,0.755859,257,105,369,438,47.217
20cm,yolo26n,201,231,6.697,7.696,1,5,pet_normal,pet,normal,0.285156,59,10,218,463,47.217
20cm,yolo26n,201,231,6.697,7.696,2,6,pet_dirty,pet,dirty,0.288574,60,21,218,461,47.217
20cm,yolo26n,202,232,6.73,7.73,0,4,glass_packaging,glass,packaging,0.807617,257,104,369,438,47.235
20cm,yolo26n,202,232,6.73,7.73,1,5,pet_normal,pet,normal,0.283691,59,12,218,467,47.235
20cm,yolo26n,202,232,6.73,7.73,2,6,pet_dirty,pet,dirty,0.303223,60,22,218,464,47.235
20cm,yolo26n,203,233,6.764,7.763,0,4,glass_packaging,glass,packaging,0.834473,257,104,370,438,47.26
20cm,yolo26n,203,233,6.764,7.763,1,5,pet_normal,pet,normal,0.301514,58,12,218,465,47.26
20cm,yolo26n,204,234,6.797,7.796,0,4,glass_packaging,glass,packaging,0.851074,258,106,370,438,47.415
20cm,yolo26n,204,234,6.797,7.796,1,5,pet_normal,pet,normal,0.317139,58,12,218,465,47.415
20cm,yolo26n,205,235,6.83,7.83,0,4,glass_packaging,glass,packaging,0.849609,257,106,369,438,47.1
20cm,yolo26n,205,235,6.83,7.83,1,5,pet_normal,pet,normal,0.289307,58,12,218,464,47.1
20cm,yolo26n,205,235,6.83,7.83,2,6,pet_dirty,pet,dirty,0.26416,60,23,218,461,47.1
20cm,yolo26n,206,236,6.863,7.863,0,4,glass_packaging,glass,packaging,0.827148,258,105,370,437,47.129
20cm,yolo26n,206,236,6.863,7.863,1,5,pet_normal,pet,normal,0.307617,58,11,218,465,47.129
20cm,yolo26n,207,237,6.897,7.896,0,4,glass_packaging,glass,packaging,0.821777,258,106,370,438,47.345
20cm,yolo26n,207,237,6.897,7.896,1,5,pet_normal,pet,normal,0.275146,59,12,219,466,47.345
20cm,yolo26n,207,237,6.897,7.896,2,6,pet_dirty,pet,dirty,0.263916,60,23,218,463,47.345
20cm,yolo26n,208,238,6.93,7.93,0,4,glass_packaging,glass,packaging,0.813477,258,105,370,437,46.228
20cm,yolo26n,208,238,6.93,7.93,1,5,pet_normal,pet,normal,0.313721,58,12,218,463,46.228
20cm,yolo26n,209,239,6.963,7.963,0,4,glass_packaging,glass,packaging,0.825195,257,105,370,437,47.463
20cm,yolo26n,209,239,6.963,7.963,1,5,pet_normal,pet,normal,0.299316,56,11,219,462,47.463
20cm,yolo26n,210,240,6.997,7.996,0,4,glass_packaging,glass,packaging,0.85791,257,105,371,437,47.078
20cm,yolo26n,210,240,6.997,7.996,1,6,pet_dirty,pet,dirty,0.308105,58,21,218,463,47.078
20cm,yolo26n,211,241,7.03,8.03,0,4,glass_packaging,glass,packaging,0.848633,257,105,370,437,47.702
20cm,yolo26n,211,241,7.03,8.03,1,5,pet_normal,pet,normal,0.288574,57,12,218,463,47.702
20cm,yolo26n,211,241,7.03,8.03,2,6,pet_dirty,pet,dirty,0.293213,59,22,219,459,47.702
20cm,yolo26n,212,242,7.063,8.063,0,4,glass_packaging,glass,packaging,0.84668,257,106,369,438,46.94
20cm,yolo26n,212,242,7.063,8.063,1,5,pet_normal,pet,normal,0.302002,58,11,218,461,46.94
20cm,yolo26n,213,243,7.097,8.096,0,4,glass_packaging,glass,packaging,0.845215,257,104,369,438,51.21
20cm,yolo26n,213,243,7.097,8.096,1,5,pet_normal,pet,normal,0.293213,58,9,218,460,51.21
20cm,yolo26n,213,243,7.097,8.096,2,6,pet_dirty,pet,dirty,0.26123,60,20,218,458,51.21
20cm,yolo26n,214,244,7.13,8.13,0,4,glass_packaging,glass,packaging,0.827637,257,105,369,437,47.531
20cm,yolo26n,214,244,7.13,8.13,1,5,pet_normal,pet,normal,0.295166,58,10,218,461,47.531
20cm,yolo26n,214,244,7.13,8.13,2,6,pet_dirty,pet,dirty,0.30957,59,20,218,459,47.531
20cm,yolo26n,215,245,7.163,8.163,0,4,glass_packaging,glass,packaging,0.803711,257,105,369,438,47.43
20cm,yolo26n,215,245,7.163,8.163,1,5,pet_normal,pet,normal,0.289307,57,11,218,468,47.43
20cm,yolo26n,215,245,7.163,8.163,2,6,pet_dirty,pet,dirty,0.305176,59,21,218,465,47.43
20cm,yolo26n,216,246,7.197,8.196,0,4,glass_packaging,glass,packaging,0.851074,257,106,369,437,47.788
20cm,yolo26n,216,246,7.197,8.196,1,5,pet_normal,pet,normal,0.29126,57,12,218,462,47.788
20cm,yolo26n,216,246,7.197,8.196,2,6,pet_dirty,pet,dirty,0.274658,59,23,218,460,47.788
20cm,yolo26n,217,247,7.23,8.23,0,4,glass_packaging,glass,packaging,0.836914,257,107,368,438,47.292
20cm,yolo26n,217,247,7.23,8.23,1,5,pet_normal,pet,normal,0.312012,58,14,218,462,47.292
20cm,yolo26n,218,248,7.263,8.263,0,4,glass_packaging,glass,packaging,0.794922,257,106,368,437,48.004
20cm,yolo26n,218,248,7.263,8.263,1,5,pet_normal,pet,normal,0.308838,58,13,218,462,48.004
20cm,yolo26n,219,249,7.297,8.296,0,4,glass_packaging,glass,packaging,0.83252,257,106,368,437,47.082
20cm,yolo26n,219,249,7.297,8.296,1,5,pet_normal,pet,normal,0.279053,58,13,218,461,47.082
20cm,yolo26n,219,249,7.297,8.296,2,6,pet_dirty,pet,dirty,0.25415,60,22,218,458,47.082
20cm,yolo26n,220,250,7.33,8.329,0,4,glass_packaging,glass,packaging,0.812012,257,107,368,438,46.895
20cm,yolo26n,220,250,7.33,8.329,1,5,pet_normal,pet,normal,0.274414,58,13,218,462,46.895
20cm,yolo26n,220,250,7.33,8.329,2,6,pet_dirty,pet,dirty,0.26001,60,23,218,459,46.895
20cm,yolo26n,221,251,7.363,8.363,0,4,glass_packaging,glass,packaging,0.819336,258,107,370,438,47.242
20cm,yolo26n,221,251,7.363,8.363,1,5,pet_normal,pet,normal,0.304932,58,12,219,460,47.242
20cm,yolo26n,222,252,7.397,8.396,0,4,glass_packaging,glass,packaging,0.746094,257,107,368,438,47.54
20cm,yolo26n,222,252,7.397,8.396,1,5,pet_normal,pet,normal,0.286621,58,13,218,461,47.54
20cm,yolo26n,223,253,7.43,8.429,0,4,glass_packaging,glass,packaging,0.71875,258,107,369,438,46.937
20cm,yolo26n,223,253,7.43,8.429,1,5,pet_normal,pet,normal,0.316406,58,13,218,462,46.937
20cm,yolo26n,224,254,7.463,8.463,0,4,glass_packaging,glass,packaging,0.742188,257,109,369,438,46.542
20cm,yolo26n,224,254,7.463,8.463,1,5,pet_normal,pet,normal,0.311279,58,13,218,462,46.542
20cm,yolo26n,225,255,7.497,8.496,0,4,glass_packaging,glass,packaging,0.784668,257,109,368,438,46.743
20cm,yolo26n,225,255,7.497,8.496,1,5,pet_normal,pet,normal,0.29834,58,12,218,464,46.743
20cm,yolo26n,226,256,7.53,8.529,0,4,glass_packaging,glass,packaging,0.808594,257,106,368,438,46.955
20cm,yolo26n,226,256,7.53,8.529,1,6,pet_dirty,pet,dirty,0.299805,60,21,218,458,46.955
20cm,yolo26n,227,257,7.563,8.563,0,4,glass_packaging,glass,packaging,0.818359,257,106,368,438,47.444
20cm,yolo26n,227,257,7.563,8.563,1,6,pet_dirty,pet,dirty,0.298096,59,21,218,458,47.444
20cm,yolo26n,228,258,7.596,8.596,0,4,glass_packaging,glass,packaging,0.820312,257,106,368,438,47.166
20cm,yolo26n,228,258,7.596,8.596,1,6,pet_dirty,pet,dirty,0.312988,60,22,218,459,47.166
20cm,yolo26n,229,259,7.63,8.629,0,4,glass_packaging,glass,packaging,0.828613,257,106,368,437,47.596
20cm,yolo26n,229,259,7.63,8.629,1,5,pet_normal,pet,normal,0.289307,57,11,218,463,47.596
20cm,yolo26n,229,259,7.63,8.629,2,6,pet_dirty,pet,dirty,0.274902,59,22,218,460,47.596
20cm,yolo26n,230,260,7.663,8.663,0,2,glass_normal,glass,normal,0.336182,378,68,611,461,47.327
20cm,yolo26n,230,260,7.663,8.663,1,4,glass_packaging,glass,packaging,0.806641,257,107,368,438,47.327
20cm,yolo26n,230,260,7.663,8.663,2,5,pet_normal,pet,normal,0.285156,58,10,218,464,47.327
20cm,yolo26n,230,260,7.663,8.663,3,6,pet_dirty,pet,dirty,0.280518,60,21,219,460,47.327
20cm,yolo26n,231,261,7.696,8.696,0,4,glass_packaging,glass,packaging,0.82373,257,106,368,437,46.703
20cm,yolo26n,231,261,7.696,8.696,1,5,pet_normal,pet,normal,0.303467,57,11,218,463,46.703
20cm,yolo26n,231,261,7.696,8.696,2,6,pet_dirty,pet,dirty,0.272949,59,21,218,459,46.703
20cm,yolo26n,232,262,7.73,8.729,0,4,glass_packaging,glass,packaging,0.793457,257,106,368,437,47.234
20cm,yolo26n,232,262,7.73,8.729,1,6,pet_dirty,pet,dirty,0.289062,58,11,218,460,47.234
20cm,yolo26n,233,263,7.763,8.763,0,4,glass_packaging,glass,packaging,0.754395,257,106,368,437,47.755
20cm,yolo26n,233,263,7.763,8.763,1,6,pet_dirty,pet,dirty,0.277832,58,12,218,460,47.755
20cm,yolo26n,234,264,7.796,8.796,0,4,glass_packaging,glass,packaging,0.780762,258,107,369,438,47.41
20cm,yolo26n,234,264,7.796,8.796,1,6,pet_dirty,pet,dirty,0.273193,58,12,218,460,47.41
20cm,yolo26n,235,265,7.83,8.829,0,4,glass_packaging,glass,packaging,0.79248,258,109,369,437,46.475
20cm,yolo26n,236,266,7.863,8.863,0,4,glass_packaging,glass,packaging,0.761719,257,109,369,438,46.926
20cm,yolo26n,236,266,7.863,8.863,1,5,pet_normal,pet,normal,0.276367,58,14,218,463,46.926
20cm,yolo26n,237,267,7.896,8.896,0,4,glass_packaging,glass,packaging,0.671387,257,110,369,438,47.505
20cm,yolo26n,238,268,7.93,8.929,0,4,glass_packaging,glass,packaging,0.665039,257,110,369,438,47.091
20cm,yolo26n,239,269,7.963,8.963,,,,,,,,,,,47.018
20cm,yolo26n,240,270,7.996,8.996,0,4,glass_packaging,glass,packaging,0.447021,255,112,367,439,46.667
20cm,yolo26n,240,270,7.996,8.996,1,6,pet_dirty,pet,dirty,0.280518,59,12,219,462,46.667
20cm,yolo26n,241,271,8.03,9.029,0,4,glass_packaging,glass,packaging,0.663086,255,107,368,437,46.841
20cm,yolo26n,241,271,8.03,9.029,1,5,pet_normal,pet,normal,0.264648,57,12,219,464,46.841
20cm,yolo26n,242,272,8.063,9.062,0,4,glass_packaging,glass,packaging,0.430176,255,106,369,435,46.979
20cm,yolo26n,242,272,8.063,9.062,1,5,pet_normal,pet,normal,0.305176,58,13,219,465,46.979
20cm,yolo26n,243,273,8.096,9.096,0,5,pet_normal,pet,normal,0.27417,58,14,219,459,47.467
20cm,yolo26n,244,274,8.13,9.129,0,5,pet_normal,pet,normal,0.253662,59,14,219,459,47.528
20cm,yolo26n,245,275,8.163,9.162,,,,,,,,,,,50.963
20cm,yolo26n,246,276,8.196,9.196,,,,,,,,,,,46.466
20cm,yolo26n,247,277,8.23,9.229,,,,,,,,,,,46.841
20cm,yolo26n,248,278,8.263,9.262,,,,,,,,,,,47.204
20cm,yolo26n,249,279,8.296,9.296,,,,,,,,,,,47.144
20cm,yolo26n,250,280,8.329,9.329,,,,,,,,,,,46.901
20cm,yolo26n,251,281,8.363,9.362,,,,,,,,,,,47.429
20cm,yolo26n,252,282,8.396,9.396,,,,,,,,,,,47.31
20cm,yolo26n,253,283,8.429,9.429,,,,,,,,,,,46.684
20cm,yolo26n,254,284,8.463,9.462,,,,,,,,,,,47.363
20cm,yolo26n,255,285,8.496,9.496,,,,,,,,,,,47.153
20cm,yolo26n,256,286,8.529,9.529,0,5,pet_normal,pet,normal,0.264404,0,13,165,474,46.497
20cm,yolo26n,257,287,8.563,9.562,0,2,glass_normal,glass,normal,0.348633,369,65,590,477,46.308
20cm,yolo26n,257,287,8.563,9.562,1,5,pet_normal,pet,normal,0.296387,0,5,165,457,46.308
20cm,yolo26n,258,288,8.596,9.596,0,2,glass_normal,glass,normal,0.390625,368,67,584,473,47.163
20cm,yolo26n,258,288,8.596,9.596,1,5,pet_normal,pet,normal,0.250977,0,8,165,454,47.163
20cm,yolo26n,259,289,8.629,9.629,,,,,,,,,,,47.354
20cm,yolo26n,260,290,8.663,9.662,,,,,,,,,,,47.122
20cm,yolo26n,261,291,8.696,9.696,,,,,,,,,,,47.316
20cm,yolo26n,262,292,8.729,9.729,0,5,pet_normal,pet,normal,0.344727,4,17,183,462,47.248
20cm,yolo26n,263,293,8.763,9.762,0,2,glass_normal,glass,normal,0.275391,385,52,627,470,46.954
20cm,yolo26n,263,293,8.763,9.762,1,5,pet_normal,pet,normal,0.371826,9,15,191,460,46.954
20cm,yolo26n,264,294,8.796,9.795,0,2,glass_normal,glass,normal,0.35791,388,52,628,479,47.484
20cm,yolo26n,264,294,8.796,9.795,1,5,pet_normal,pet,normal,0.349609,12,11,196,459,47.484
20cm,yolo26n,265,295,8.829,9.829,0,5,pet_normal,pet,normal,0.262207,15,20,201,456,47.353
20cm,yolo26n,266,296,8.863,9.862,0,5,pet_normal,pet,normal,0.299805,16,18,204,460,47.669
20cm,yolo26n,267,297,8.896,9.895,0,2,glass_normal,glass,normal,0.319092,370,62,615,479,46.736
20cm,yolo26n,267,297,8.896,9.895,1,5,pet_normal,pet,normal,0.304688,17,17,206,458,46.736
20cm,yolo26n,268,298,8.929,9.929,0,2,glass_normal,glass,normal,0.303223,369,58,607,478,46.958
20cm,yolo26n,268,298,8.929,9.929,1,5,pet_normal,pet,normal,0.327148,17,8,208,460,46.958
20cm,yolo26n,269,299,8.963,9.962,0,5,pet_normal,pet,normal,0.337646,18,7,209,455,47.446
20cm,yolo26n,270,300,8.996,9.995,0,2,glass_normal,glass,normal,0.298828,375,110,609,479,47.162
20cm,yolo26n,270,300,8.996,9.995,1,5,pet_normal,pet,normal,0.321289,16,14,209,463,47.162
20cm,yolo26n,271,301,9.029,10.029,0,2,glass_normal,glass,normal,0.333496,375,60,607,473,47.589
20cm,yolo26n,271,301,9.029,10.029,1,5,pet_normal,pet,normal,0.327881,15,0,209,464,47.589
20cm,yolo26n,272,302,9.062,10.062,0,5,pet_normal,pet,normal,0.308838,18,0,210,462,47.09
20cm,yolo26n,273,303,9.096,10.095,0,5,pet_normal,pet,normal,0.328613,19,0,211,464,47.143
20cm,yolo26n,274,304,9.129,10.129,0,5,pet_normal,pet,normal,0.35083,21,0,212,461,47.479
20cm,yolo26n,275,305,9.162,10.162,0,2,glass_normal,glass,normal,0.444824,380,54,620,476,47.056
20cm,yolo26n,275,305,9.162,10.162,1,5,pet_normal,pet,normal,0.361816,22,1,213,459,47.056
20cm,yolo26n,276,306,9.196,10.195,0,2,glass_normal,glass,normal,0.496094,367,55,610,479,47.417
20cm,yolo26n,276,306,9.196,10.195,1,5,pet_normal,pet,normal,0.370605,24,2,213,455,47.417
20cm,yolo26n,277,307,9.229,10.229,0,2,glass_normal,glass,normal,0.541504,364,54,603,479,51.627
20cm,yolo26n,277,307,9.229,10.229,1,5,pet_normal,pet,normal,0.332275,25,5,213,459,51.627
20cm,yolo26n,278,308,9.262,10.262,0,2,glass_normal,glass,normal,0.629395,369,58,607,474,47.556
20cm,yolo26n,278,308,9.262,10.262,1,5,pet_normal,pet,normal,0.368896,26,13,213,458,47.556
20cm,yolo26n,279,309,9.296,10.295,0,2,glass_normal,glass,normal,0.547363,371,58,605,473,47.24
20cm,yolo26n,279,309,9.296,10.295,1,5,pet_normal,pet,normal,0.352783,28,11,213,454,47.24
20cm,yolo26n,280,310,9.329,10.329,0,2,glass_normal,glass,normal,0.628418,372,59,604,473,47.199
20cm,yolo26n,280,310,9.329,10.329,1,5,pet_normal,pet,normal,0.287354,29,6,212,457,47.199
20cm,yolo26n,281,311,9.362,10.362,0,2,glass_normal,glass,normal,0.389893,365,66,605,479,46.754
20cm,yolo26n,282,312,9.396,10.395,0,2,glass_normal,glass,normal,0.604004,366,61,605,472,47.466
20cm,yolo26n,283,313,9.429,10.429,0,2,glass_normal,glass,normal,0.340088,365,54,603,472,46.929
20cm,yolo26n,284,314,9.462,10.462,0,2,glass_normal,glass,normal,0.613281,360,59,595,474,46.81
20cm,yolo26n,285,315,9.496,10.495,0,2,glass_normal,glass,normal,0.594238,366,67,592,470,47.654
20cm,yolo26n,286,316,9.529,10.528,,,,,,,,,,,47.403
20cm,yolo26n,287,317,9.562,10.562,0,2,glass_normal,glass,normal,0.255371,375,65,609,478,47.608
20cm,yolo26n,288,318,9.596,10.595,0,2,glass_normal,glass,normal,0.393066,383,71,611,478,47.436
20cm,yolo26n,289,319,9.629,10.628,0,2,glass_normal,glass,normal,0.366211,378,56,611,478,47.109
20cm,yolo26n,290,320,9.662,10.662,,,,,,,,,,,47.05
20cm,yolo26n,291,321,9.696,10.695,0,2,glass_normal,glass,normal,0.461182,375,60,604,477,47.349
20cm,yolo26n,292,322,9.729,10.728,0,2,glass_normal,glass,normal,0.275391,375,62,610,477,48.025
20cm,yolo26n,293,323,9.762,10.762,0,2,glass_normal,glass,normal,0.498535,376,61,609,478,47.008
20cm,yolo26n,294,324,9.795,10.795,0,2,glass_normal,glass,normal,0.478516,376,85,610,478,46.847
20cm,yolo26n,295,325,9.829,10.828,0,2,glass_normal,glass,normal,0.274658,379,65,609,478,46.492
20cm,yolo26n,296,326,9.862,10.862,0,2,glass_normal,glass,normal,0.421631,374,113,608,479,47.159
20cm,yolo26n,297,327,9.895,10.895,0,2,glass_normal,glass,normal,0.471436,378,72,607,478,47.526
20cm,yolo26n,298,328,9.929,10.928,0,2,glass_normal,glass,normal,0.476807,374,64,607,478,52.574
20cm,yolo26n,299,329,9.962,10.962,0,2,glass_normal,glass,normal,0.398438,376,65,606,478,46.955
20cm,yolo26n,300,330,9.995,10.995,0,2,glass_normal,glass,normal,0.410156,373,65,604,479,47.43
20cm,yolo26n,301,331,10.029,11.028,0,2,glass_normal,glass,normal,0.474609,374,65,603,478,47.122
20cm,yolo26n,302,332,10.062,11.062,0,2,glass_normal,glass,normal,0.462646,372,62,603,478,47.542
20cm,yolo26n,303,333,10.095,11.095,0,2,glass_normal,glass,normal,0.537109,375,63,603,479,47.343
20cm,yolo26n,304,334,10.129,11.128,0,2,glass_normal,glass,normal,0.540039,375,65,603,478,47.202
20cm,yolo26n,305,335,10.162,11.162,0,2,glass_normal,glass,normal,0.467529,376,65,602,478,46.794
20cm,yolo26n,306,336,10.195,11.195,0,2,glass_normal,glass,normal,0.388428,375,65,604,479,46.861
20cm,yolo26n,307,337,10.229,11.228,0,2,glass_normal,glass,normal,0.458984,375,65,605,478,46.827
20cm,yolo26n,308,338,10.262,11.261,0,2,glass_normal,glass,normal,0.458496,375,67,605,479,46.765
20cm,yolo26n,309,339,10.295,11.295,0,2,glass_normal,glass,normal,0.541016,375,65,605,478,50.894
20cm,yolo26n,310,340,10.329,11.328,0,2,glass_normal,glass,normal,0.510254,377,65,606,478,48.819
20cm,yolo26n,311,341,10.362,11.361,0,2,glass_normal,glass,normal,0.52832,377,65,607,478,46.905
20cm,yolo26n,312,342,10.395,11.395,0,2,glass_normal,glass,normal,0.557129,376,64,608,478,46.619
20cm,yolo26n,313,343,10.429,11.428,0,2,glass_normal,glass,normal,0.48877,374,63,614,478,46.315
20cm,yolo26n,314,344,10.462,11.461,0,2,glass_normal,glass,normal,0.442139,372,66,609,477,46.523
20cm,yolo26n,315,345,10.495,11.495,0,2,glass_normal,glass,normal,0.426758,372,66,609,477,46.704
20cm,yolo26n,316,346,10.528,11.528,0,2,glass_normal,glass,normal,0.466797,373,64,609,475,46.836
20cm,yolo26n,317,347,10.562,11.561,0,2,glass_normal,glass,normal,0.387451,374,66,606,477,46.967
20cm,yolo26n,318,348,10.595,11.595,,,,,,,,,,,46.924
20cm,yolo26n,319,349,10.628,11.628,,,,,,,,,,,47.044
20cm,yolo26n,320,350,10.662,11.661,,,,,,,,,,,51.5
20cm,yolo26n,321,351,10.695,11.695,,,,,,,,,,,47.554
20cm,yolo26n,322,352,10.728,11.728,,,,,,,,,,,46.768
20cm,yolo26n,323,353,10.762,11.761,,,,,,,,,,,47.157
20cm,yolo26n,324,354,10.795,11.795,,,,,,,,,,,47.241
20cm,yolo26n,325,355,10.828,11.828,,,,,,,,,,,46.901
20cm,yolo26n,326,356,10.862,11.861,,,,,,,,,,,47.536
20cm,yolo26n,327,357,10.895,11.894,,,,,,,,,,,47.332
20cm,yolo26n,328,358,10.928,11.928,,,,,,,,,,,46.72
20cm,yolo26n,329,359,10.962,11.961,,,,,,,,,,,46.63
20cm,yolo26n,330,360,10.995,11.994,,,,,,,,,,,46.702
20cm,yolo26n,331,361,11.028,12.028,,,,,,,,,,,50.973
20cm,yolo26n,332,362,11.062,12.061,0,7,pet_packaging,pet,packaging,0.352295,312,81,507,445,46.353
20cm,yolo26n,333,363,11.095,12.094,,,,,,,,,,,46.388
20cm,yolo26n,334,364,11.128,12.128,,,,,,,,,,,47.152
20cm,yolo26n,335,365,11.162,12.161,0,5,pet_normal,pet,normal,0.283691,314,86,509,448,47.556
20cm,yolo26n,335,365,11.162,12.161,1,7,pet_packaging,pet,packaging,0.311035,314,84,508,446,47.556
20cm,yolo26n,336,366,11.195,12.194,0,7,pet_packaging,pet,packaging,0.337891,302,86,496,448,47.372
20cm,yolo26n,337,367,11.228,12.228,,,,,,,,,,,46.986
20cm,yolo26n,338,368,11.261,12.261,0,5,pet_normal,pet,normal,0.316406,289,83,479,447,47.31
20cm,yolo26n,339,369,11.295,12.294,0,5,pet_normal,pet,normal,0.265625,289,79,477,446,47.324
20cm,yolo26n,340,370,11.328,12.328,0,5,pet_normal,pet,normal,0.397705,288,73,479,447,47.461
20cm,yolo26n,341,371,11.361,12.361,0,5,pet_normal,pet,normal,0.325439,296,82,484,448,47.031
20cm,yolo26n,342,372,11.395,12.394,,,,,,,,,,,51.223
20cm,yolo26n,343,373,11.428,12.428,,,,,,,,,,,47.038
20cm,yolo26n,344,374,11.461,12.461,,,,,,,,,,,46.675
20cm,yolo26n,345,375,11.495,12.494,,,,,,,,,,,46.835
20cm,yolo26n,346,376,11.528,12.528,0,2,glass_normal,glass,normal,0.337646,301,87,489,449,46.712
20cm,yolo26n,347,377,11.561,12.561,,,,,,,,,,,46.673
20cm,yolo26n,348,378,11.595,12.594,,,,,,,,,,,46.834
20cm,yolo26n,349,379,11.628,12.627,,,,,,,,,,,46.468
20cm,yolo26n,350,380,11.661,12.661,,,,,,,,,,,46.709
20cm,yolo26n,351,381,11.695,12.694,,,,,,,,,,,46.823
20cm,yolo26n,352,382,11.728,12.727,,,,,,,,,,,46.887
20cm,yolo26n,353,383,11.761,12.761,,,,,,,,,,,51.109
20cm,yolo26n,354,384,11.795,12.794,,,,,,,,,,,46.742
20cm,yolo26n,355,385,11.828,12.827,,,,,,,,,,,47.077
20cm,yolo26n,356,386,11.861,12.861,,,,,,,,,,,47.295
20cm,yolo26n,357,387,11.894,12.894,,,,,,,,,,,47.35
20cm,yolo26n,358,388,11.928,12.927,,,,,,,,,,,46.628
20cm,yolo26n,359,389,11.961,12.961,,,,,,,,,,,46.761
20cm,yolo26n,360,390,11.994,12.994,,,,,,,,,,,46.929
20cm,yolo26n,361,391,12.028,13.027,,,,,,,,,,,46.353
20cm,yolo26n,362,392,12.061,13.061,,,,,,,,,,,47.688
20cm,yolo26n,363,393,12.094,13.094,,,,,,,,,,,47.316
20cm,yolo26n,364,394,12.128,13.127,,,,,,,,,,,52.449
20cm,yolo26n,365,395,12.161,13.161,,,,,,,,,,,46.707
20cm,yolo26n,366,396,12.194,13.194,,,,,,,,,,,47.091
20cm,yolo26n,367,397,12.228,13.227,,,,,,,,,,,46.723
20cm,yolo26n,368,398,12.261,13.261,0,5,pet_normal,pet,normal,0.284424,301,87,489,448,46.867
20cm,yolo26n,369,399,12.294,13.294,0,5,pet_normal,pet,normal,0.255127,301,87,489,448,47.357
20cm,yolo26n,370,400,12.328,13.327,0,5,pet_normal,pet,normal,0.307129,301,87,489,448,46.821
20cm,yolo26n,371,401,12.361,13.36,,,,,,,,,,,47.111
20cm,yolo26n,372,402,12.394,13.394,0,5,pet_normal,pet,normal,0.30835,300,87,489,448,47.068
20cm,yolo26n,373,403,12.428,13.427,,,,,,,,,,,46.258
20cm,yolo26n,374,404,12.461,13.46,0,5,pet_normal,pet,normal,0.312256,301,87,490,449,46.778
20cm,yolo26n,375,405,12.494,13.494,,,,,,,,,,,51.804
20cm,yolo26n,376,406,12.528,13.527,,,,,,,,,,,46.958
20cm,yolo26n,377,407,12.561,13.56,,,,,,,,,,,47.107
20cm,yolo26n,378,408,12.594,13.594,,,,,,,,,,,50.272
20cm,yolo26n,379,409,12.627,13.627,0,5,pet_normal,pet,normal,0.303223,300,86,488,448,49.004
20cm,yolo26n,380,410,12.661,13.66,,,,,,,,,,,47.067
20cm,yolo26n,381,411,12.694,13.694,,,,,,,,,,,46.509
20cm,yolo26n,382,412,12.727,13.727,0,5,pet_normal,pet,normal,0.256592,301,85,488,447,46.763
20cm,yolo26n,383,413,12.761,13.76,,,,,,,,,,,47.101
20cm,yolo26n,384,414,12.794,13.794,0,9,plastic_normal,plastic,normal,0.287354,304,87,490,455,46.534
20cm,yolo26n,385,415,12.827,13.827,0,9,plastic_normal,plastic,normal,0.270996,305,87,490,454,46.471
20cm,yolo26n,386,416,12.861,13.86,,,,,,,,,,,46.734
20cm,yolo26n,387,417,12.894,13.894,,,,,,,,,,,46.576
20cm,yolo26n,388,418,12.927,13.927,,,,,,,,,,,46.636
20cm,yolo26n,389,419,12.961,13.96,,,,,,,,,,,46.662
20cm,yolo26n,390,420,12.994,13.994,,,,,,,,,,,46.793
20cm,yolo26n,391,421,13.027,14.027,,,,,,,,,,,46.421
20cm,yolo26n,392,422,13.061,14.06,,,,,,,,,,,46.649
20cm,yolo26n,393,423,13.094,14.093,,,,,,,,,,,46.739
20cm,yolo26n,394,424,13.127,14.127,,,,,,,,,,,46.821
20cm,yolo26n,395,425,13.161,14.16,0,5,pet_normal,pet,normal,0.312256,304,86,491,452,46.876
20cm,yolo26n,396,426,13.194,14.193,0,5,pet_normal,pet,normal,0.294922,307,83,483,451,47.241
20cm,yolo26n,397,427,13.227,14.227,0,5,pet_normal,pet,normal,0.288574,306,82,484,450,47.214
20cm,yolo26n,398,428,13.261,14.26,,,,,,,,,,,46.368
20cm,yolo26n,399,429,13.294,14.293,,,,,,,,,,,46.56
20cm,yolo26n,400,430,13.327,14.327,,,,,,,,,,,46.179
20cm,yolo26n,401,431,13.36,14.36,,,,,,,,,,,46.627
20cm,yolo26n,402,432,13.394,14.393,,,,,,,,,,,47.026
20cm,yolo26n,403,433,13.427,14.427,,,,,,,,,,,47.21
20cm,yolo26n,404,434,13.46,14.46,,,,,,,,,,,46.944
20cm,yolo26n,405,435,13.494,14.493,,,,,,,,,,,47.224
20cm,yolo26n,406,436,13.527,14.527,,,,,,,,,,,47.366
20cm,yolo26n,407,437,13.56,14.56,,,,,,,,,,,47.138
20cm,yolo26n,408,438,13.594,14.593,,,,,,,,,,,50.964
20cm,yolo26n,409,439,13.627,14.627,,,,,,,,,,,46.199
20cm,yolo26n,410,440,13.66,14.66,,,,,,,,,,,47.216
20cm,yolo26n,411,441,13.694,14.693,,,,,,,,,,,47.88
20cm,yolo26n,412,442,13.727,14.727,,,,,,,,,,,47.227
20cm,yolo26n,413,443,13.76,14.76,,,,,,,,,,,47.104
20cm,yolo26n,414,444,13.794,14.793,,,,,,,,,,,46.67
20cm,yolo26n,415,445,13.827,14.826,,,,,,,,,,,46.372
20cm,yolo26n,416,446,13.86,14.86,,,,,,,,,,,46.762
20cm,yolo26n,417,447,13.894,14.893,,,,,,,,,,,46.602
20cm,yolo26n,418,448,13.927,14.926,,,,,,,,,,,46.711
20cm,yolo26n,419,449,13.96,14.96,,,,,,,,,,,46.632
20cm,yolo26n,420,450,13.994,14.993,,,,,,,,,,,46.84
20cm,yolo26n,421,451,14.027,15.026,,,,,,,,,,,46.175
20cm,yolo26n,422,452,14.06,15.06,,,,,,,,,,,46.797
20cm,yolo26n,423,453,14.093,15.093,,,,,,,,,,,46.404
20cm,yolo26n,424,454,14.127,15.126,,,,,,,,,,,46.822
20cm,yolo26n,425,455,14.16,15.16,,,,,,,,,,,46.991
20cm,yolo26n,426,456,14.193,15.193,,,,,,,,,,,46.632
20cm,yolo26n,427,457,14.227,15.226,,,,,,,,,,,46.897
20cm,yolo26n,428,458,14.26,15.26,,,,,,,,,,,46.617
20cm,yolo26n,429,459,14.293,15.293,,,,,,,,,,,46.978
20cm,yolo26n,430,460,14.327,15.326,,,,,,,,,,,47.166
20cm,yolo26n,431,461,14.36,15.36,,,,,,,,,,,47.298
20cm,yolo26n,432,462,14.393,15.393,,,,,,,,,,,47.564
20cm,yolo26n,433,463,14.427,15.426,,,,,,,,,,,47.123
20cm,yolo26n,434,464,14.46,15.46,,,,,,,,,,,47.185
20cm,yolo26n,435,465,14.493,15.493,,,,,,,,,,,46.914
20cm,yolo26n,436,466,14.527,15.526,,,,,,,,,,,47.362
20cm,yolo26n,437,467,14.56,15.559,,,,,,,,,,,47.211
20cm,yolo26n,438,468,14.593,15.593,,,,,,,,,,,47.268
20cm,yolo26n,439,469,14.627,15.626,,,,,,,,,,,47.124
20cm,yolo26n,440,470,14.66,15.659,,,,,,,,,,,46.687
20cm,yolo26n,441,471,14.693,15.693,,,,,,,,,,,47.388
20cm,yolo26n,442,472,14.727,15.726,,,,,,,,,,,46.918
20cm,yolo26n,443,473,14.76,15.759,,,,,,,,,,,47.125
20cm,yolo26n,444,474,14.793,15.793,,,,,,,,,,,47.353
20cm,yolo26n,445,475,14.826,15.826,0,10,plastic_dirty,plastic,dirty,0.274414,531,1,637,265,46.633
20cm,yolo26n,446,476,14.86,15.859,,,,,,,,,,,46.846
20cm,yolo26n,447,477,14.893,15.893,,,,,,,,,,,46.929
20cm,yolo26n,448,478,14.926,15.926,,,,,,,,,,,46.843
20cm,yolo26n,449,479,14.96,15.959,,,,,,,,,,,46.974
20cm,yolo26n,450,480,14.993,15.993,,,,,,,,,,,47.098
20cm,yolo26n,451,481,15.026,16.026,0,10,plastic_dirty,plastic,dirty,0.467041,532,2,638,289,46.901
20cm,yolo26n,452,482,15.06,16.059,,,,,,,,,,,47.132
20cm,yolo26n,453,483,15.093,16.093,,,,,,,,,,,47.333
20cm,yolo26n,454,484,15.126,16.126,,,,,,,,,,,47.044
20cm,yolo26n,455,485,15.16,16.159,0,10,plastic_dirty,plastic,dirty,0.295166,532,2,638,285,46.845
20cm,yolo26n,456,486,15.193,16.193,0,10,plastic_dirty,plastic,dirty,0.312012,532,2,639,294,46.394
20cm,yolo26n,457,487,15.226,16.226,0,10,plastic_dirty,plastic,dirty,0.31543,532,2,639,283,46.907
20cm,yolo26n,458,488,15.26,16.259,,,,,,,,,,,46.666
20cm,yolo26n,459,489,15.293,16.292,0,10,plastic_dirty,plastic,dirty,0.45874,532,2,639,222,46.359
20cm,yolo26n,460,490,15.326,16.326,,,,,,,,,,,46.753
20cm,yolo26n,461,491,15.36,16.359,,,,,,,,,,,46.577
20cm,yolo26n,462,492,15.393,16.392,0,10,plastic_dirty,plastic,dirty,0.413574,532,3,639,221,46.715
20cm,yolo26n,463,493,15.426,16.426,0,10,plastic_dirty,plastic,dirty,0.453857,532,3,639,213,46.724
20cm,yolo26n,464,494,15.46,16.459,,,,,,,,,,,46.205
20cm,yolo26n,465,495,15.493,16.492,,,,,,,,,,,46.642
20cm,yolo26n,466,496,15.526,16.526,,,,,,,,,,,46.875
20cm,yolo26n,467,497,15.559,16.559,,,,,,,,,,,47.018
20cm,yolo26n,468,498,15.593,16.592,,,,,,,,,,,46.817
20cm,yolo26n,469,499,15.626,16.626,,,,,,,,,,,46.677
20cm,yolo26n,470,500,15.659,16.659,,,,,,,,,,,46.933
20cm,yolo26n,471,501,15.693,16.692,,,,,,,,,,,47.049
20cm,yolo26n,472,502,15.726,16.726,,,,,,,,,,,47.449
20cm,yolo26n,473,503,15.759,16.759,,,,,,,,,,,47.307
20cm,yolo26n,474,504,15.793,16.792,0,10,plastic_dirty,plastic,dirty,0.469482,533,0,639,252,47.555
20cm,yolo26n,475,505,15.826,16.826,,,,,,,,,,,48.336
20cm,yolo26n,476,506,15.859,16.859,,,,,,,,,,,46.7
20cm,yolo26n,477,507,15.893,16.892,,,,,,,,,,,46.697
20cm,yolo26n,478,508,15.926,16.926,,,,,,,,,,,46.72
20cm,yolo26n,479,509,15.959,16.959,0,10,plastic_dirty,plastic,dirty,0.365967,538,1,638,246,47.045
20cm,yolo26n,480,510,15.993,16.992,,,,,,,,,,,47.051
20cm,yolo26n,481,511,16.026,17.025,,,,,,,,,,,46.588
20cm,yolo26n,482,512,16.059,17.059,,,,,,,,,,,46.521
20cm,yolo26n,483,513,16.093,17.092,,,,,,,,,,,46.422
20cm,yolo26n,484,514,16.126,17.125,,,,,,,,,,,46.72
20cm,yolo26n,485,515,16.159,17.159,,,,,,,,,,,47.171
20cm,yolo26n,486,516,16.193,17.192,,,,,,,,,,,46.819
20cm,yolo26n,487,517,16.226,17.225,0,7,pet_packaging,pet,packaging,0.290283,223,187,625,326,46.658
20cm,yolo26n,488,518,16.259,17.259,,,,,,,,,,,47.239
20cm,yolo26n,489,519,16.292,17.292,0,5,pet_normal,pet,normal,0.346924,225,181,631,327,47.418
20cm,yolo26n,490,520,16.326,17.325,0,5,pet_normal,pet,normal,0.408691,227,180,631,335,46.968
20cm,yolo26n,491,521,16.359,17.359,0,5,pet_normal,pet,normal,0.4021,221,180,631,335,47.128
20cm,yolo26n,492,522,16.392,17.392,0,7,pet_packaging,pet,packaging,0.30249,217,186,626,335,47.203
20cm,yolo26n,493,523,16.426,17.425,,,,,,,,,,,46.509
20cm,yolo26n,494,524,16.459,17.459,,,,,,,,,,,46.557
20cm,yolo26n,495,525,16.492,17.492,,,,,,,,,,,46.921
20cm,yolo26n,496,526,16.526,17.525,,,,,,,,,,,50.91
20cm,yolo26n,497,527,16.559,17.559,0,7,pet_packaging,pet,packaging,0.352783,226,238,492,324,47.36
20cm,yolo26n,498,528,16.592,17.592,0,7,pet_packaging,pet,packaging,0.278076,226,237,501,326,47.178
20cm,yolo26n,499,529,16.626,17.625,,,,,,,,,,,46.925
20cm,yolo26n,500,530,16.659,17.658,,,,,,,,,,,46.936
20cm,yolo26n,501,531,16.692,17.692,0,7,pet_packaging,pet,packaging,0.255615,222,238,498,329,46.823
20cm,yolo26n,502,532,16.726,17.725,0,7,pet_packaging,pet,packaging,0.317871,221,239,510,330,46.877
20cm,yolo26n,503,533,16.759,17.758,,,,,,,,,,,46.762
20cm,yolo26n,504,534,16.792,17.792,0,7,pet_packaging,pet,packaging,0.25293,213,319,497,473,46.904
20cm,yolo26n,504,534,16.792,17.792,1,8,pet_dirty_packaging,pet,dirty_packaging,0.256836,218,239,547,331,46.904
20cm,yolo26n,505,535,16.826,17.825,,,,,,,,,,,46.711
20cm,yolo26n,506,536,16.859,17.858,,,,,,,,,,,46.836
20cm,yolo26n,507,537,16.892,17.892,0,7,pet_packaging,pet,packaging,0.271729,215,252,519,335,50.723
20cm,yolo26n,508,538,16.926,17.925,,,,,,,,,,,47.216
20cm,yolo26n,509,539,16.959,17.958,,,,,,,,,,,46.897
20cm,yolo26n,510,540,16.992,17.992,,,,,,,,,,,46.714
20cm,yolo26n,511,541,17.025,18.025,,,,,,,,,,,46.741
20cm,yolo26n,512,542,17.059,18.058,,,,,,,,,,,46.697
20cm,yolo26n,513,543,17.092,18.092,0,7,pet_packaging,pet,packaging,0.337646,237,287,436,335,46.808
20cm,yolo26n,514,544,17.125,18.125,0,7,pet_packaging,pet,packaging,0.270752,244,292,429,337,46.878
20cm,yolo26n,515,545,17.159,18.158,,,,,,,,,,,46.775
20cm,yolo26n,516,546,17.192,18.192,,,,,,,,,,,46.97
20cm,yolo26n,517,547,17.225,18.225,0,7,pet_packaging,pet,packaging,0.339111,246,292,413,336,46.397
20cm,yolo26n,518,548,17.259,18.258,,,,,,,,,,,50.998
20cm,yolo26n,519,549,17.292,18.292,,,,,,,,,,,47.225
20cm,yolo26n,520,550,17.325,18.325,,,,,,,,,,,46.378
20cm,yolo26n,521,551,17.359,18.358,,,,,,,,,,,46.531
20cm,yolo26n,522,552,17.392,18.391,,,,,,,,,,,47.23
20cm,yolo26n,523,553,17.425,18.425,,,,,,,,,,,47.036
20cm,yolo26n,524,554,17.459,18.458,,,,,,,,,,,47.243
20cm,yolo26n,525,555,17.492,18.491,,,,,,,,,,,48.029
20cm,yolo26n,526,556,17.525,18.525,,,,,,,,,,,47.526
20cm,yolo26n,527,557,17.559,18.558,,,,,,,,,,,46.952
20cm,yolo26n,528,558,17.592,18.591,,,,,,,,,,,47.142
20cm,yolo26n,529,559,17.625,18.625,,,,,,,,,,,51.072
20cm,yolo26n,530,560,17.658,18.658,,,,,,,,,,,47.972
20cm,yolo26n,531,561,17.692,18.691,,,,,,,,,,,47.024
20cm,yolo26n,532,562,17.725,18.725,,,,,,,,,,,47.265
20cm,yolo26n,533,563,17.758,18.758,0,7,pet_packaging,pet,packaging,0.256836,359,17,490,187,47.092
20cm,yolo26n,534,564,17.792,18.791,,,,,,,,,,,47.518
20cm,yolo26n,535,565,17.825,18.825,,,,,,,,,,,47.516
20cm,yolo26n,536,566,17.858,18.858,,,,,,,,,,,47.082
20cm,yolo26n,537,567,17.892,18.891,,,,,,,,,,,47.025
20cm,yolo26n,538,568,17.925,18.925,,,,,,,,,,,47.112
20cm,yolo26n,539,569,17.958,18.958,,,,,,,,,,,47.143
20cm,yolo26n,540,570,17.992,18.991,,,,,,,,,,,50.812
20cm,yolo26n,541,571,18.025,19.025,,,,,,,,,,,47.34
20cm,yolo26n,542,572,18.058,19.058,,,,,,,,,,,47.121
20cm,yolo26n,543,573,18.092,19.091,,,,,,,,,,,47.223
20cm,yolo26n,544,574,18.125,19.124,,,,,,,,,,,46.591
20cm,yolo26n,545,575,18.158,19.158,,,,,,,,,,,46.951
20cm,yolo26n,546,576,18.192,19.191,,,,,,,,,,,47.322
20cm,yolo26n,547,577,18.225,19.224,,,,,,,,,,,46.863
20cm,yolo26n,548,578,18.258,19.258,,,,,,,,,,,46.707
20cm,yolo26n,549,579,18.292,19.291,,,,,,,,,,,47.562
20cm,yolo26n,550,580,18.325,19.324,,,,,,,,,,,46.942
20cm,yolo26n,551,581,18.358,19.358,,,,,,,,,,,46.784
20cm,yolo26n,552,582,18.391,19.391,0,8,pet_dirty_packaging,pet,dirty_packaging,0.287109,297,27,559,374,47.116
20cm,yolo26n,553,583,18.425,19.424,,,,,,,,,,,46.781
20cm,yolo26n,554,584,18.458,19.458,,,,,,,,,,,47.385
20cm,yolo26n,555,585,18.491,19.491,,,,,,,,,,,47.309
20cm,yolo26n,556,586,18.525,19.524,,,,,,,,,,,46.973
20cm,yolo26n,557,587,18.558,19.558,,,,,,,,,,,47.099
20cm,yolo26n,558,588,18.591,19.591,,,,,,,,,,,46.904
20cm,yolo26n,559,589,18.625,19.624,,,,,,,,,,,46.735
20cm,yolo26n,560,590,18.658,19.658,0,7,pet_packaging,pet,packaging,0.312012,353,169,538,367,46.882
20cm,yolo26n,561,591,18.691,19.691,0,7,pet_packaging,pet,packaging,0.485107,352,187,545,365,47.073
20cm,yolo26n,562,592,18.725,19.724,,,,,,,,,,,46.853
20cm,yolo26n,563,593,18.758,19.758,,,,,,,,,,,47.275
20cm,yolo26n,564,594,18.791,19.791,,,,,,,,,,,46.659
20cm,yolo26n,565,595,18.825,19.824,,,,,,,,,,,46.477
20cm,yolo26n,566,596,18.858,19.857,,,,,,,,,,,46.872
20cm,yolo26n,567,597,18.891,19.891,,,,,,,,,,,46.814
20cm,yolo26n,568,598,18.925,19.924,,,,,,,,,,,47.101
20cm,yolo26n,569,599,18.958,19.957,,,,,,,,,,,47.317
20cm,yolo26n,570,600,18.991,19.991,,,,,,,,,,,47.182
20cm,yolo26n,571,601,19.025,20.024,,,,,,,,,,,46.963
20cm,yolo26n,572,602,19.058,20.057,,,,,,,,,,,46.797
20cm,yolo26n,573,603,19.091,20.091,,,,,,,,,,,46.68
20cm,yolo26n,574,604,19.124,20.124,,,,,,,,,,,47.49
20cm,yolo26n,575,605,19.158,20.157,,,,,,,,,,,47.248
20cm,yolo26n,576,606,19.191,20.191,,,,,,,,,,,47.314
20cm,yolo26n,577,607,19.224,20.224,,,,,,,,,,,47.222
20cm,yolo26n,578,608,19.258,20.257,,,,,,,,,,,47.375
20cm,yolo26n,579,609,19.291,20.291,,,,,,,,,,,47.354
20cm,yolo26n,580,610,19.324,20.324,,,,,,,,,,,47.38
20cm,yolo26n,581,611,19.358,20.357,,,,,,,,,,,47.224
20cm,yolo26n,582,612,19.391,20.391,0,0,can_normal,can,normal,0.258057,224,77,372,316,46.675
20cm,yolo26n,583,613,19.424,20.424,,,,,,,,,,,46.809
20cm,yolo26n,584,614,19.458,20.457,0,0,can_normal,can,normal,0.316162,223,77,376,304,49.826
20cm,yolo26n,585,615,19.491,20.491,0,0,can_normal,can,normal,0.27417,223,77,375,307,47.279
20cm,yolo26n,586,616,19.524,20.524,,,,,,,,,,,47.033
20cm,yolo26n,587,617,19.558,20.557,0,7,pet_packaging,pet,packaging,0.285156,342,200,635,312,47.176
20cm,yolo26n,588,618,19.591,20.59,,,,,,,,,,,47.439
20cm,yolo26n,589,619,19.624,20.624,,,,,,,,,,,47.383
20cm,yolo26n,590,620,19.658,20.657,,,,,,,,,,,47.26
20cm,yolo26n,591,621,19.691,20.69,,,,,,,,,,,47.391
20cm,yolo26n,592,622,19.724,20.724,,,,,,,,,,,47.284
20cm,yolo26n,593,623,19.758,20.757,,,,,,,,,,,47.115
20cm,yolo26n,594,624,19.791,20.79,,,,,,,,,,,47.095
20cm,yolo26n,595,625,19.824,20.824,,,,,,,,,,,48.526
20cm,yolo26n,596,626,19.857,20.857,,,,,,,,,,,46.833
20cm,yolo26n,597,627,19.891,20.89,,,,,,,,,,,46.471
20cm,yolo26n,598,628,19.924,20.924,,,,,,,,,,,47.013
20cm,yolo26n,599,629,19.957,20.957,,,,,,,,,,,47.04
20cm,yolo26n,600,630,19.991,20.99,,,,,,,,,,,47.63
20cm,yolo26n,601,631,20.024,21.024,,,,,,,,,,,46.943
20cm,yolo26n,602,632,20.057,21.057,,,,,,,,,,,52.797
20cm,yolo26n,603,633,20.091,21.09,,,,,,,,,,,46.966
20cm,yolo26n,604,634,20.124,21.124,,,,,,,,,,,46.287
20cm,yolo26n,605,635,20.157,21.157,,,,,,,,,,,46.92
20cm,yolo26n,606,636,20.191,21.19,,,,,,,,,,,47.425
20cm,yolo26n,607,637,20.224,21.224,,,,,,,,,,,47.013
20cm,yolo26n,608,638,20.257,21.257,,,,,,,,,,,47.045
20cm,yolo26n,609,639,20.291,21.29,,,,,,,,,,,47.01
20cm,yolo26n,610,640,20.324,21.323,,,,,,,,,,,47.453
20cm,yolo26n,611,641,20.357,21.357,,,,,,,,,,,47.068
20cm,yolo26n,612,642,20.391,21.39,,,,,,,,,,,47.524
20cm,yolo26n,613,643,20.424,21.423,,,,,,,,,,,46.445
20cm,yolo26n,614,644,20.457,21.457,,,,,,,,,,,46.737
20cm,yolo26n,615,645,20.491,21.49,,,,,,,,,,,47.347
20cm,yolo26n,616,646,20.524,21.523,,,,,,,,,,,51.205
20cm,yolo26n,617,647,20.557,21.557,,,,,,,,,,,47.366
20cm,yolo26n,618,648,20.59,21.59,,,,,,,,,,,47.459
20cm,yolo26n,619,649,20.624,21.623,,,,,,,,,,,46.878
20cm,yolo26n,620,650,20.657,21.657,,,,,,,,,,,47.009
20cm,yolo26n,621,651,20.69,21.69,,,,,,,,,,,46.729
20cm,yolo26n,622,652,20.724,21.723,,,,,,,,,,,46.766
20cm,yolo26n,623,653,20.757,21.757,,,,,,,,,,,46.951
20cm,yolo26n,624,654,20.79,21.79,,,,,,,,,,,47.005
20cm,yolo26n,625,655,20.824,21.823,,,,,,,,,,,46.837
20cm,yolo26n,626,656,20.857,21.857,,,,,,,,,,,46.437
20cm,yolo26n,627,657,20.89,21.89,,,,,,,,,,,47.014
20cm,yolo26n,628,658,20.924,21.923,,,,,,,,,,,46.327
20cm,yolo26n,629,659,20.957,21.957,,,,,,,,,,,46.881
20cm,yolo26n,630,660,20.99,21.99,,,,,,,,,,,47.592
20cm,yolo26n,631,661,21.024,22.023,,,,,,,,,,,47.35
20cm,yolo26n,632,662,21.057,22.056,,,,,,,,,,,47.515
20cm,yolo26n,633,663,21.09,22.09,,,,,,,,,,,47.32
20cm,yolo26n,634,664,21.124,22.123,,,,,,,,,,,47.563
20cm,yolo26n,635,665,21.157,22.156,,,,,,,,,,,47.697
20cm,yolo26n,636,666,21.19,22.19,,,,,,,,,,,46.757
20cm,yolo26n,637,667,21.224,22.223,,,,,,,,,,,46.302
20cm,yolo26n,638,668,21.257,22.256,,,,,,,,,,,46.994
20cm,yolo26n,639,669,21.29,22.29,,,,,,,,,,,46.357
20cm,yolo26n,640,670,21.323,22.323,,,,,,,,,,,46.989
20cm,yolo26n,641,671,21.357,22.356,,,,,,,,,,,46.894
20cm,yolo26n,642,672,21.39,22.39,,,,,,,,,,,47.395
20cm,yolo26n,643,673,21.423,22.423,,,,,,,,,,,47.297
20cm,yolo26n,644,674,21.457,22.456,,,,,,,,,,,46.923
20cm,yolo26n,645,675,21.49,22.49,,,,,,,,,,,46.49
20cm,yolo26n,646,676,21.523,22.523,,,,,,,,,,,46.768
20cm,yolo26n,647,677,21.557,22.556,,,,,,,,,,,46.78
20cm,yolo26n,648,678,21.59,22.59,,,,,,,,,,,46.87
20cm,yolo26n,649,679,21.623,22.623,,,,,,,,,,,47.234
20cm,yolo26n,650,680,21.657,22.656,,,,,,,,,,,46.565
20cm,yolo26n,651,681,21.69,22.69,,,,,,,,,,,49.686
20cm,yolo26n,652,682,21.723,22.723,,,,,,,,,,,51.002
20cm,yolo26n,653,683,21.757,22.756,,,,,,,,,,,53.357
20cm,yolo26n,654,684,21.79,22.789,,,,,,,,,,,48.942
20cm,yolo26n,655,685,21.823,22.823,,,,,,,,,,,46.462
20cm,yolo26n,656,686,21.857,22.856,,,,,,,,,,,46.513
20cm,yolo26n,657,687,21.89,22.889,,,,,,,,,,,46.475
20cm,yolo26n,658,688,21.923,22.923,,,,,,,,,,,46.779
20cm,yolo26n,659,689,21.957,22.956,,,,,,,,,,,46.643
20cm,yolo26n,660,690,21.99,22.989,,,,,,,,,,,50.856
20cm,yolo26n,661,691,22.023,23.023,,,,,,,,,,,46.489
20cm,yolo26n,662,692,22.056,23.056,,,,,,,,,,,46.952
20cm,yolo26n,663,693,22.09,23.089,,,,,,,,,,,47.118
20cm,yolo26n,664,694,22.123,23.123,,,,,,,,,,,47.254
20cm,yolo26n,665,695,22.156,23.156,,,,,,,,,,,47.123
20cm,yolo26n,666,696,22.19,23.189,,,,,,,,,,,47.187
20cm,yolo26n,667,697,22.223,23.223,,,,,,,,,,,47.302
20cm,yolo26n,668,698,22.256,23.256,,,,,,,,,,,47.38
20cm,yolo26n,669,699,22.29,23.289,,,,,,,,,,,46.871
20cm,yolo26n,670,700,22.323,23.323,,,,,,,,,,,47.134
20cm,yolo26n,671,701,22.356,23.356,,,,,,,,,,,50.083
20cm,yolo26n,672,702,22.39,23.389,,,,,,,,,,,47.565
20cm,yolo26n,673,703,22.423,23.422,,,,,,,,,,,46.933
20cm,yolo26n,674,704,22.456,23.456,,,,,,,,,,,46.618
20cm,yolo26n,675,705,22.49,23.489,,,,,,,,,,,46.979
20cm,yolo26n,676,706,22.523,23.522,0,5,pet_normal,pet,normal,0.303955,14,257,463,479,46.668
20cm,yolo26n,677,707,22.556,23.556,0,5,pet_normal,pet,normal,0.300537,12,285,432,479,47.356
20cm,yolo26n,678,708,22.59,23.589,0,5,pet_normal,pet,normal,0.450195,0,281,428,479,47.479
20cm,yolo26n,679,709,22.623,23.622,0,5,pet_normal,pet,normal,0.449463,4,279,426,479,47.378
20cm,yolo26n,680,710,22.656,23.656,0,5,pet_normal,pet,normal,0.304199,1,278,432,479,47.652
20cm,yolo26n,681,711,22.69,23.689,0,5,pet_normal,pet,normal,0.450928,0,284,436,479,47.199
20cm,yolo26n,682,712,22.723,23.722,0,5,pet_normal,pet,normal,0.396973,10,287,441,479,47.434
20cm,yolo26n,683,713,22.756,23.756,0,5,pet_normal,pet,normal,0.398193,9,285,447,479,47.773
20cm,yolo26n,684,714,22.789,23.789,0,5,pet_normal,pet,normal,0.445068,12,286,455,479,47.077
20cm,yolo26n,685,715,22.823,23.822,0,5,pet_normal,pet,normal,0.297363,22,291,463,479,46.547
20cm,yolo26n,686,716,22.856,23.856,0,5,pet_normal,pet,normal,0.315186,38,287,475,479,46.287
20cm,yolo26n,687,717,22.889,23.889,0,5,pet_normal,pet,normal,0.273193,43,287,485,479,47.146
20cm,yolo26n,688,718,22.923,23.922,0,5,pet_normal,pet,normal,0.390625,41,289,487,479,47.239
20cm,yolo26n,689,719,22.956,23.956,0,5,pet_normal,pet,normal,0.423584,9,290,481,479,47.088
20cm,yolo26n,690,720,22.989,23.989,,,,,,,,,,,47.4
20cm,yolo26n,691,721,23.023,24.022,0,5,pet_normal,pet,normal,0.342285,36,287,477,479,46.905
20cm,yolo26n,692,722,23.056,24.056,0,5,pet_normal,pet,normal,0.381348,23,289,472,479,47.213
20cm,yolo26n,693,723,23.089,24.089,0,5,pet_normal,pet,normal,0.468262,16,291,469,479,46.198
20cm,yolo26n,694,724,23.123,24.122,0,5,pet_normal,pet,normal,0.495117,16,286,463,479,46.299
20cm,yolo26n,695,725,23.156,24.155,0,5,pet_normal,pet,normal,0.640625,8,285,459,479,47.074
20cm,yolo26n,696,726,23.189,24.189,0,5,pet_normal,pet,normal,0.67041,16,287,458,479,47.128
20cm,yolo26n,697,727,23.223,24.222,0,5,pet_normal,pet,normal,0.697266,4,291,457,479,47.122
20cm,yolo26n,698,728,23.256,24.255,0,5,pet_normal,pet,normal,0.665527,23,289,454,479,46.74
20cm,yolo26n,699,729,23.289,24.289,0,5,pet_normal,pet,normal,0.701172,14,291,455,479,46.686
20cm,yolo26n,700,730,23.323,24.322,0,5,pet_normal,pet,normal,0.672363,13,290,455,479,46.752
20cm,yolo26n,701,731,23.356,24.355,0,5,pet_normal,pet,normal,0.708008,10,290,458,479,46.779
20cm,yolo26n,702,732,23.389,24.389,0,5,pet_normal,pet,normal,0.674805,16,291,461,479,46.735
20cm,yolo26n,703,733,23.422,24.422,0,5,pet_normal,pet,normal,0.644531,31,292,469,479,46.698
20cm,yolo26n,704,734,23.456,24.455,0,5,pet_normal,pet,normal,0.549316,6,291,471,479,46.98
20cm,yolo26n,705,735,23.489,24.489,0,5,pet_normal,pet,normal,0.512695,8,292,475,479,46.632
20cm,yolo26n,706,736,23.522,24.522,0,5,pet_normal,pet,normal,0.507324,13,287,481,479,47.935
20cm,yolo26n,707,737,23.556,24.555,0,5,pet_normal,pet,normal,0.452393,33,287,487,479,46.898
20cm,yolo26n,708,738,23.589,24.589,0,5,pet_normal,pet,normal,0.499512,33,287,493,479,47.411
20cm,yolo26n,709,739,23.622,24.622,0,5,pet_normal,pet,normal,0.293213,41,293,506,479,46.945
20cm,yolo26n,710,740,23.656,24.655,,,,,,,,,,,47.032
20cm,yolo26n,711,741,23.689,24.689,,,,,,,,,,,46.737
20cm,yolo26n,712,742,23.722,24.722,,,,,,,,,,,46.487
20cm,yolo26n,713,743,23.756,24.755,0,5,pet_normal,pet,normal,0.332764,26,287,460,479,46.803
20cm,yolo26n,714,744,23.789,24.789,0,5,pet_normal,pet,normal,0.376221,7,283,429,479,46.433
20cm,yolo26n,715,745,23.822,24.822,0,5,pet_normal,pet,normal,0.494385,5,279,429,479,47.222
20cm,yolo26n,716,746,23.856,24.855,,,,,,,,,,,47.056
20cm,yolo26n,717,747,23.889,24.888,,,,,,,,,,,46.915
20cm,yolo26n,718,748,23.922,24.922,,,,,,,,,,,47.124
20cm,yolo26n,719,749,23.956,24.955,,,,,,,,,,,46.717
20cm,yolo26n,720,750,23.989,24.988,,,,,,,,,,,46.745
20cm,yolo26n,721,751,24.022,25.022,,,,,,,,,,,46.375
20cm,yolo26n,722,752,24.056,25.055,,,,,,,,,,,46.52
20cm,yolo26n,723,753,24.089,25.088,0,9,plastic_normal,plastic,normal,0.307129,332,81,471,238,47.044
20cm,yolo26n,724,754,24.122,25.122,,,,,,,,,,,47.077
20cm,yolo26n,725,755,24.155,25.155,0,0,can_normal,can,normal,0.393555,328,85,460,261,46.935
20cm,yolo26n,725,755,24.155,25.155,1,5,pet_normal,pet,normal,0.51416,0,286,358,479,46.935
20cm,yolo26n,726,756,24.189,25.188,0,0,can_normal,can,normal,0.266602,328,85,461,272,46.958
20cm,yolo26n,727,757,24.222,25.222,0,0,can_normal,can,normal,0.311523,328,85,461,295,46.858
20cm,yolo26n,727,757,24.222,25.222,1,5,pet_normal,pet,normal,0.706543,1,287,335,479,46.858
20cm,yolo26n,728,758,24.255,25.255,0,0,can_normal,can,normal,0.486328,328,86,461,315,47.147
20cm,yolo26n,728,758,24.255,25.255,1,5,pet_normal,pet,normal,0.696777,0,286,334,479,47.147
20cm,yolo26n,729,759,24.289,25.288,0,0,can_normal,can,normal,0.544922,328,86,461,322,47.548
20cm,yolo26n,729,759,24.289,25.288,1,5,pet_normal,pet,normal,0.706543,1,286,333,479,47.548
20cm,yolo26n,730,760,24.322,25.322,0,0,can_normal,can,normal,0.556641,328,86,462,356,47.208
20cm,yolo26n,730,760,24.322,25.322,1,5,pet_normal,pet,normal,0.722168,1,285,334,479,47.208
20cm,yolo26n,731,761,24.355,25.355,0,5,pet_normal,pet,normal,0.706543,0,285,332,479,46.979
20cm,yolo26n,732,762,24.389,25.388,0,5,pet_normal,pet,normal,0.701172,0,287,333,479,47.462
20cm,yolo26n,733,763,24.422,25.422,0,5,pet_normal,pet,normal,0.702637,0,286,332,479,47.308
20cm,yolo26n,734,764,24.455,25.455,0,5,pet_normal,pet,normal,0.732422,0,286,331,479,46.559
20cm,yolo26n,735,765,24.489,25.488,0,5,pet_normal,pet,normal,0.723633,0,287,331,479,46.281
20cm,yolo26n,736,766,24.522,25.522,0,5,pet_normal,pet,normal,0.727051,0,287,331,479,50.395
20cm,yolo26n,737,767,24.555,25.555,0,5,pet_normal,pet,normal,0.730469,0,285,331,479,46.738
20cm,yolo26n,738,768,24.589,25.588,0,5,pet_normal,pet,normal,0.699707,0,286,331,479,47.501
20cm,yolo26n,739,769,24.622,25.621,0,5,pet_normal,pet,normal,0.692383,0,286,331,479,47.821
20cm,yolo26n,740,770,24.655,25.655,0,5,pet_normal,pet,normal,0.643066,0,286,331,479,47.024
20cm,yolo26n,741,771,24.689,25.688,0,5,pet_normal,pet,normal,0.689941,0,286,331,479,46.927
20cm,yolo26n,742,772,24.722,25.721,0,5,pet_normal,pet,normal,0.682617,0,286,332,479,46.833
20cm,yolo26n,743,773,24.755,25.755,0,5,pet_normal,pet,normal,0.695312,0,285,331,479,47.187
20cm,yolo26n,744,774,24.789,25.788,0,5,pet_normal,pet,normal,0.721191,0,286,331,479,46.91
20cm,yolo26n,745,775,24.822,25.821,0,5,pet_normal,pet,normal,0.686035,0,286,331,479,46.764
20cm,yolo26n,746,776,24.855,25.855,0,5,pet_normal,pet,normal,0.687012,0,286,331,479,46.627
20cm,yolo26n,747,777,24.888,25.888,0,5,pet_normal,pet,normal,0.687988,0,287,331,479,47.615
20cm,yolo26n,748,778,24.922,25.921,0,5,pet_normal,pet,normal,0.704102,0,287,332,479,46.707
20cm,yolo26n,749,779,24.955,25.955,0,5,pet_normal,pet,normal,0.712891,0,286,331,479,47.066
20cm,yolo26n,750,780,24.988,25.988,0,5,pet_normal,pet,normal,0.714355,0,286,332,479,47.125
20cm,yolo26n,751,781,25.022,26.021,0,5,pet_normal,pet,normal,0.705566,0,287,331,479,46.438
20cm,yolo26n,752,782,25.055,26.055,0,5,pet_normal,pet,normal,0.708008,0,286,332,479,46.724
20cm,yolo26n,753,783,25.088,26.088,0,5,pet_normal,pet,normal,0.706543,0,286,332,479,46.659
20cm,yolo26n,754,784,25.122,26.121,0,5,pet_normal,pet,normal,0.719238,0,287,333,479,47.215
20cm,yolo26n,755,785,25.155,26.155,0,5,pet_normal,pet,normal,0.722168,0,287,332,479,47.687
20cm,yolo26n,756,786,25.188,26.188,0,5,pet_normal,pet,normal,0.699707,0,287,332,479,47.562
20cm,yolo26n,757,787,25.222,26.221,0,5,pet_normal,pet,normal,0.684082,0,286,332,479,47.38
20cm,yolo26n,758,788,25.255,26.255,0,5,pet_normal,pet,normal,0.694336,0,286,332,479,47.016
20cm,yolo26n,759,789,25.288,26.288,0,5,pet_normal,pet,normal,0.679199,0,287,333,479,46.674
20cm,yolo26n,760,790,25.322,26.321,0,5,pet_normal,pet,normal,0.682617,1,287,333,479,46.589
20cm,yolo26n,761,791,25.355,26.354,0,5,pet_normal,pet,normal,0.675293,1,287,331,479,47.639
20cm,yolo26n,762,792,25.388,26.388,0,5,pet_normal,pet,normal,0.495117,1,284,365,479,47.274
20cm,yolo26n,763,793,25.422,26.421,0,5,pet_normal,pet,normal,0.337402,1,284,351,479,47.327
20cm,yolo26n,764,794,25.455,26.454,0,5,pet_normal,pet,normal,0.477295,1,284,319,479,46.982
20cm,yolo26n,765,795,25.488,26.488,0,5,pet_normal,pet,normal,0.534668,1,283,305,479,47.14
20cm,yolo26n,765,795,25.488,26.488,1,7,pet_packaging,pet,packaging,0.333496,409,102,581,452,47.14
20cm,yolo26n,766,796,25.522,26.521,0,5,pet_normal,pet,normal,0.567383,0,283,302,479,47.32
20cm,yolo26n,766,796,25.522,26.521,1,7,pet_packaging,pet,packaging,0.270508,406,101,609,449,47.32
20cm,yolo26n,767,797,25.555,26.554,0,5,pet_normal,pet,normal,0.563965,0,283,298,479,47.071
20cm,yolo26n,768,798,25.588,26.588,0,5,pet_normal,pet,normal,0.481689,0,283,297,479,46.614
20cm,yolo26n,769,799,25.621,26.621,0,5,pet_normal,pet,normal,0.585449,0,283,290,479,50.673
20cm,yolo26n,769,799,25.621,26.621,1,9,plastic_normal,plastic,normal,0.287109,398,101,557,443,50.673
20cm,yolo26n,770,800,25.655,26.654,0,5,pet_normal,pet,normal,0.634277,0,283,287,479,46.604
20cm,yolo26n,771,801,25.688,26.688,0,5,pet_normal,pet,normal,0.59082,0,283,284,479,46.967
20cm,yolo26n,772,802,25.721,26.721,0,5,pet_normal,pet,normal,0.56543,0,283,283,479,47.276
20cm,yolo26n,773,803,25.755,26.754,0,5,pet_normal,pet,normal,0.591309,0,283,283,479,47.434
20cm,yolo26n,774,804,25.788,26.788,0,5,pet_normal,pet,normal,0.569824,0,283,283,479,47.649
20cm,yolo26n,775,805,25.821,26.821,0,5,pet_normal,pet,normal,0.573242,0,283,283,479,47.779
20cm,yolo26n,776,806,25.855,26.854,0,5,pet_normal,pet,normal,0.597656,0,283,283,479,47.549
20cm,yolo26n,777,807,25.888,26.888,0,5,pet_normal,pet,normal,0.558105,0,283,283,479,47.382
20cm,yolo26n,778,808,25.921,26.921,0,5,pet_normal,pet,normal,0.599121,0,283,283,479,47.188
20cm,yolo26n,779,809,25.955,26.954,0,5,pet_normal,pet,normal,0.61084,0,283,283,479,47.002
20cm,yolo26n,780,810,25.988,26.988,0,5,pet_normal,pet,normal,0.555664,0,283,283,479,51.009
20cm,yolo26n,781,811,26.021,27.021,0,5,pet_normal,pet,normal,0.564941,0,283,284,479,46.615
20cm,yolo26n,782,812,26.055,27.054,0,5,pet_normal,pet,normal,0.561523,0,283,285,479,46.368
20cm,yolo26n,782,812,26.055,27.054,1,9,plastic_normal,plastic,normal,0.396484,399,98,579,286,46.368
20cm,yolo26n,783,813,26.088,27.087,0,5,pet_normal,pet,normal,0.603027,0,283,286,479,47.019
20cm,yolo26n,783,813,26.088,27.087,1,9,plastic_normal,plastic,normal,0.423096,406,96,586,276,47.019
20cm,yolo26n,784,814,26.121,27.121,0,5,pet_normal,pet,normal,0.515137,0,283,283,479,47.139
20cm,yolo26n,785,815,26.155,27.154,0,5,pet_normal,pet,normal,0.326904,0,282,283,479,46.788
20cm,yolo26n,785,815,26.155,27.154,1,9,plastic_normal,plastic,normal,0.269043,402,96,589,274,46.788
20cm,yolo26n,786,816,26.188,27.187,0,5,pet_normal,pet,normal,0.306152,0,282,278,479,47.043
20cm,yolo26n,787,817,26.221,27.221,,,,,,,,,,,46.557
20cm,yolo26n,788,818,26.255,27.254,0,2,glass_normal,glass,normal,0.438721,393,100,638,291,46.646
20cm,yolo26n,789,819,26.288,27.287,,,,,,,,,,,46.628
20cm,yolo26n,790,820,26.321,27.321,,,,,,,,,,,46.628
20cm,yolo26n,791,821,26.354,27.354,,,,,,,,,,,51.086
20cm,yolo26n,792,822,26.388,27.387,,,,,,,,,,,47.103
20cm,yolo26n,793,823,26.421,27.421,0,5,pet_normal,pet,normal,0.256592,0,284,211,479,47.294
20cm,yolo26n,793,823,26.421,27.421,1,9,plastic_normal,plastic,normal,0.437256,384,92,637,275,47.294
20cm,yolo26n,794,824,26.454,27.454,,,,,,,,,,,47.265
20cm,yolo26n,795,825,26.488,27.487,0,5,pet_normal,pet,normal,0.309082,0,285,208,479,47.148
20cm,yolo26n,796,826,26.521,27.521,,,,,,,,,,,47.336
20cm,yolo26n,797,827,26.554,27.554,0,9,plastic_normal,plastic,normal,0.34375,372,93,575,322,47.061
20cm,yolo26n,798,828,26.588,27.587,0,9,plastic_normal,plastic,normal,0.261475,374,91,578,306,46.855
20cm,yolo26n,799,829,26.621,27.621,0,10,plastic_dirty,plastic,dirty,0.342285,374,91,579,326,47.077
20cm,yolo26n,800,830,26.654,27.654,,,,,,,,,,,47.231
20cm,yolo26n,801,831,26.688,27.687,0,7,pet_packaging,pet,packaging,0.264404,374,93,575,463,47.229
20cm,yolo26n,802,832,26.721,27.721,,,,,,,,,,,46.826
20cm,yolo26n,803,833,26.754,27.754,,,,,,,,,,,46.63
20cm,yolo26n,804,834,26.788,27.787,,,,,,,,,,,46.759
20cm,yolo26n,805,835,26.821,27.82,,,,,,,,,,,46.781
20cm,yolo26n,806,836,26.854,27.854,,,,,,,,,,,46.66
20cm,yolo26n,807,837,26.888,27.887,,,,,,,,,,,46.671
20cm,yolo26n,808,838,26.921,27.92,,,,,,,,,,,46.688
20cm,yolo26n,809,839,26.954,27.954,,,,,,,,,,,46.71
20cm,yolo26n,810,840,26.988,27.987,,,,,,,,,,,46.658
20cm,yolo26n,811,841,27.021,28.02,,,,,,,,,,,46.614
20cm,yolo26n,812,842,27.054,28.054,,,,,,,,,,,46.805
20cm,yolo26n,813,843,27.087,28.087,,,,,,,,,,,51.124
20cm,yolo26n,814,844,27.121,28.12,,,,,,,,,,,46.741
20cm,yolo26n,815,845,27.154,28.154,,,,,,,,,,,47.287
20cm,yolo26n,816,846,27.187,28.187,,,,,,,,,,,48.01
20cm,yolo26n,817,847,27.221,28.22,,,,,,,,,,,46.922
20cm,yolo26n,818,848,27.254,28.254,,,,,,,,,,,46.724
20cm,yolo26n,819,849,27.287,28.287,,,,,,,,,,,47.075
20cm,yolo26n,820,850,27.321,28.32,,,,,,,,,,,46.624
20cm,yolo26n,821,851,27.354,28.354,,,,,,,,,,,46.693
20cm,yolo26n,822,852,27.387,28.387,,,,,,,,,,,46.972
20cm,yolo26n,823,853,27.421,28.42,,,,,,,,,,,46.946
20cm,yolo26n,824,854,27.454,28.454,,,,,,,,,,,51.044
20cm,yolo26n,825,855,27.487,28.487,,,,,,,,,,,47.036
20cm,yolo26n,826,856,27.521,28.52,0,2,glass_normal,glass,normal,0.318604,372,92,633,472,46.918
20cm,yolo26n,827,857,27.554,28.553,0,2,glass_normal,glass,normal,0.421875,371,93,636,468,46.652
20cm,yolo26n,828,858,27.587,28.587,0,2,glass_normal,glass,normal,0.337646,373,93,638,468,46.716
20cm,yolo26n,829,859,27.621,28.62,,,,,,,,,,,46.157
20cm,yolo26n,830,860,27.654,28.653,,,,,,,,,,,47.032
20cm,yolo26n,831,861,27.687,28.687,,,,,,,,,,,48.677
20cm,yolo26n,832,862,27.721,28.72,,,,,,,,,,,46.712
20cm,yolo26n,833,863,27.754,28.753,,,,,,,,,,,47.024
20cm,yolo26n,834,864,27.787,28.787,0,2,glass_normal,glass,normal,0.332031,376,91,585,473,47.019
20cm,yolo26n,835,865,27.82,28.82,,,,,,,,,,,50.871
20cm,yolo26n,836,866,27.854,28.853,,,,,,,,,,,46.85
20cm,yolo26n,837,867,27.887,28.887,,,,,,,,,,,46.57
20cm,yolo26n,838,868,27.92,28.92,,,,,,,,,,,47.004
20cm,yolo26n,839,869,27.954,28.953,,,,,,,,,,,46.687
20cm,yolo26n,840,870,27.987,28.987,0,5,pet_normal,pet,normal,0.281494,0,286,208,479,47.161
20cm,yolo26n,841,871,28.02,29.02,,,,,,,,,,,47.069
20cm,yolo26n,842,872,28.054,29.053,,,,,,,,,,,46.798
20cm,yolo26n,843,873,28.087,29.087,,,,,,,,,,,46.838
20cm,yolo26n,844,874,28.12,29.12,,,,,,,,,,,46.821
20cm,yolo26n,845,875,28.154,29.153,,,,,,,,,,,47.24
20cm,yolo26n,846,876,28.187,29.186,,,,,,,,,,,51.377
20cm,yolo26n,847,877,28.22,29.22,,,,,,,,,,,46.767
20cm,yolo26n,848,878,28.254,29.253,,,,,,,,,,,46.558
20cm,yolo26n,849,879,28.287,29.286,,,,,,,,,,,46.814
20cm,yolo26n,850,880,28.32,29.32,0,9,plastic_normal,plastic,normal,0.294434,398,24,636,218,46.701
20cm,yolo26n,851,881,28.354,29.353,,,,,,,,,,,46.983
20cm,yolo26n,852,882,28.387,29.386,,,,,,,,,,,46.754
20cm,yolo26n,853,883,28.42,29.42,,,,,,,,,,,46.673
20cm,yolo26n,854,884,28.454,29.453,,,,,,,,,,,46.716
20cm,yolo26n,855,885,28.487,29.486,,,,,,,,,,,46.74
20cm,yolo26n,856,886,28.52,29.52,,,,,,,,,,,47.133
20cm,yolo26n,857,887,28.553,29.553,,,,,,,,,,,47.231
20cm,yolo26n,858,888,28.587,29.586,,,,,,,,,,,46.727
20cm,yolo26n,859,889,28.62,29.62,,,,,,,,,,,46.625
20cm,yolo26n,860,890,28.653,29.653,,,,,,,,,,,46.874
20cm,yolo26n,861,891,28.687,29.686,,,,,,,,,,,47.313
20cm,yolo26n,862,892,28.72,29.72,,,,,,,,,,,46.965
20cm,yolo26n,863,893,28.753,29.753,,,,,,,,,,,47.293
20cm,yolo26n,864,894,28.787,29.786,,,,,,,,,,,46.623
20cm,yolo26n,865,895,28.82,29.82,,,,,,,,,,,46.843
20cm,yolo26n,866,896,28.853,29.853,,,,,,,,,,,46.887
20cm,yolo26n,867,897,28.887,29.886,,,,,,,,,,,46.964
20cm,yolo26n,868,898,28.92,29.919,,,,,,,,,,,46.618
20cm,yolo26n,869,899,28.953,29.953,,,,,,,,,,,46.876
20cm,yolo26n,870,900,28.987,29.986,,,,,,,,,,,46.632
20cm,yolo26n,871,901,29.02,30.019,,,,,,,,,,,46.621
20cm,yolo26n,872,902,29.053,30.053,,,,,,,,,,,47.475
20cm,yolo26n,873,903,29.087,30.086,,,,,,,,,,,46.673
20cm,yolo26n,874,904,29.12,30.119,,,,,,,,,,,46.553
20cm,yolo26n,875,905,29.153,30.153,,,,,,,,,,,46.573
20cm,yolo26n,876,906,29.186,30.186,,,,,,,,,,,46.987
20cm,yolo26n,877,907,29.22,30.219,,,,,,,,,,,47.02
20cm,yolo26n,878,908,29.253,30.253,,,,,,,,,,,47.013
20cm,yolo26n,879,909,29.286,30.286,,,,,,,,,,,46.612
20cm,yolo26n,880,910,29.32,30.319,,,,,,,,,,,50.988
20cm,yolo26n,881,911,29.353,30.353,,,,,,,,,,,46.91
20cm,yolo26n,882,912,29.386,30.386,,,,,,,,,,,46.981
20cm,yolo26n,883,913,29.42,30.419,,,,,,,,,,,46.635
20cm,yolo26n,884,914,29.453,30.453,,,,,,,,,,,47.169
20cm,yolo26n,885,915,29.486,30.486,,,,,,,,,,,46.994
20cm,yolo26n,886,916,29.52,30.519,,,,,,,,,,,46.784
20cm,yolo26n,887,917,29.553,30.553,,,,,,,,,,,46.964
20cm,yolo26n,888,918,29.586,30.586,,,,,,,,,,,46.771
20cm,yolo26n,889,919,29.62,30.619,,,,,,,,,,,47.058
20cm,yolo26n,890,920,29.653,30.652,,,,,,,,,,,47.081
20cm,yolo26n,891,921,29.686,30.686,,,,,,,,,,,51.183
20cm,yolo26n,892,922,29.72,30.719,,,,,,,,,,,46.709
20cm,yolo26n,893,923,29.753,30.752,,,,,,,,,,,46.74
20cm,yolo26n,894,924,29.786,30.786,,,,,,,,,,,46.971
20cm,yolo26n,895,925,29.82,30.819,,,,,,,,,,,46.779
20cm,yolo26n,896,926,29.853,30.852,0,10,plastic_dirty,plastic,dirty,0.263184,392,60,630,419,46.872
20cm,yolo26n,897,927,29.886,30.886,,,,,,,,,,,47.273
20cm,yolo26n,898,928,29.919,30.919,,,,,,,,,,,47.116
20cm,yolo26n,899,929,29.953,30.952,,,,,,,,,,,47.341
20cm,yolo26s,0,30,0.0,1.0,,,,,,,,,,,111.112
20cm,yolo26s,1,31,0.033,1.033,,,,,,,,,,,111.861
20cm,yolo26s,2,32,0.067,1.066,0,2,glass_normal,glass,normal,0.250244,426,55,639,326,112.007
20cm,yolo26s,3,33,0.1,1.099,0,2,glass_normal,glass,normal,0.390381,426,55,639,309,112.306
20cm,yolo26s,4,34,0.133,1.133,,,,,,,,,,,112.817
20cm,yolo26s,5,35,0.167,1.166,,,,,,,,,,,111.218
20cm,yolo26s,6,36,0.2,1.199,,,,,,,,,,,111.634
20cm,yolo26s,7,37,0.233,1.233,,,,,,,,,,,111.334
20cm,yolo26s,8,38,0.267,1.266,,,,,,,,,,,115.539
20cm,yolo26s,9,39,0.3,1.299,,,,,,,,,,,109.841
20cm,yolo26s,10,40,0.333,1.333,,,,,,,,,,,110.148
20cm,yolo26s,11,41,0.366,1.366,,,,,,,,,,,110.819
20cm,yolo26s,12,42,0.4,1.399,,,,,,,,,,,111.113
20cm,yolo26s,13,43,0.433,1.433,,,,,,,,,,,109.285
20cm,yolo26s,14,44,0.466,1.466,,,,,,,,,,,113.34
20cm,yolo26s,15,45,0.5,1.499,,,,,,,,,,,109.612
20cm,yolo26s,16,46,0.533,1.533,,,,,,,,,,,109.623
20cm,yolo26s,17,47,0.566,1.566,,,,,,,,,,,110.34
20cm,yolo26s,18,48,0.6,1.599,,,,,,,,,,,110.369
20cm,yolo26s,19,49,0.633,1.633,,,,,,,,,,,111.081
20cm,yolo26s,20,50,0.666,1.666,0,9,plastic_normal,plastic,normal,0.618652,225,183,341,239,111.746
20cm,yolo26s,20,50,0.666,1.666,1,9,plastic_normal,plastic,normal,0.443604,0,208,112,273,111.746
20cm,yolo26s,21,51,0.7,1.699,,,,,,,,,,,110.581
20cm,yolo26s,22,52,0.733,1.733,,,,,,,,,,,110.794
20cm,yolo26s,23,53,0.766,1.766,,,,,,,,,,,111.741
20cm,yolo26s,24,54,0.8,1.799,,,,,,,,,,,111.553
20cm,yolo26s,25,55,0.833,1.832,0,9,plastic_normal,plastic,normal,0.349609,276,94,408,169,109.639
20cm,yolo26s,26,56,0.866,1.866,,,,,,,,,,,110.175
20cm,yolo26s,27,57,0.9,1.899,,,,,,,,,,,110.185
20cm,yolo26s,28,58,0.933,1.932,,,,,,,,,,,111.542
20cm,yolo26s,29,59,0.966,1.966,,,,,,,,,,,111.08
20cm,yolo26s,30,60,1.0,1.999,,,,,,,,,,,110.842
20cm,yolo26s,31,61,1.033,2.032,0,9,plastic_normal,plastic,normal,0.347656,269,94,447,219,111.023
20cm,yolo26s,32,62,1.066,2.066,0,9,plastic_normal,plastic,normal,0.38208,272,94,448,218,111.236
20cm,yolo26s,33,63,1.099,2.099,,,,,,,,,,,116.209
20cm,yolo26s,34,64,1.133,2.132,,,,,,,,,,,110.743
20cm,yolo26s,35,65,1.166,2.166,,,,,,,,,,,111.085
20cm,yolo26s,36,66,1.199,2.199,,,,,,,,,,,112.119
20cm,yolo26s,37,67,1.233,2.232,,,,,,,,,,,110.839
20cm,yolo26s,38,68,1.266,2.266,,,,,,,,,,,110.067
20cm,yolo26s,39,69,1.299,2.299,,,,,,,,,,,111.551
20cm,yolo26s,40,70,1.333,2.332,,,,,,,,,,,111.193
20cm,yolo26s,41,71,1.366,2.366,0,9,plastic_normal,plastic,normal,0.370117,166,74,304,210,111.084
20cm,yolo26s,42,72,1.399,2.399,,,,,,,,,,,110.55
20cm,yolo26s,43,73,1.433,2.432,,,,,,,,,,,111.057
20cm,yolo26s,44,74,1.466,2.466,,,,,,,,,,,112.176
20cm,yolo26s,45,75,1.499,2.499,,,,,,,,,,,111.938
20cm,yolo26s,46,76,1.533,2.532,,,,,,,,,,,115.896
20cm,yolo26s,47,77,1.566,2.565,,,,,,,,,,,110.742
20cm,yolo26s,48,78,1.599,2.599,,,,,,,,,,,111.389
20cm,yolo26s,49,79,1.633,2.632,,,,,,,,,,,108.959
20cm,yolo26s,50,80,1.666,2.665,0,9,plastic_normal,plastic,normal,0.304932,0,129,130,391,110.734
20cm,yolo26s,51,81,1.699,2.699,,,,,,,,,,,110.788
20cm,yolo26s,52,82,1.733,2.732,,,,,,,,,,,116.055
20cm,yolo26s,53,83,1.766,2.765,,,,,,,,,,,111.419
20cm,yolo26s,54,84,1.799,2.799,,,,,,,,,,,112.081
20cm,yolo26s,55,85,1.832,2.832,,,,,,,,,,,110.761
20cm,yolo26s,56,86,1.866,2.865,,,,,,,,,,,109.903
20cm,yolo26s,57,87,1.899,2.899,,,,,,,,,,,110.353
20cm,yolo26s,58,88,1.932,2.932,,,,,,,,,,,113.625
20cm,yolo26s,59,89,1.966,2.965,,,,,,,,,,,110.906
20cm,yolo26s,60,90,1.999,2.999,,,,,,,,,,,110.906
20cm,yolo26s,61,91,2.032,3.032,,,,,,,,,,,109.459
20cm,yolo26s,62,92,2.066,3.065,,,,,,,,,,,110.076
20cm,yolo26s,63,93,2.099,3.099,,,,,,,,,,,111.001
20cm,yolo26s,64,94,2.132,3.132,,,,,,,,,,,111.034
20cm,yolo26s,65,95,2.166,3.165,,,,,,,,,,,109.51
20cm,yolo26s,66,96,2.199,3.199,,,,,,,,,,,110.879
20cm,yolo26s,67,97,2.232,3.232,,,,,,,,,,,110.793
20cm,yolo26s,68,98,2.266,3.265,,,,,,,,,,,110.577
20cm,yolo26s,69,99,2.299,3.298,,,,,,,,,,,109.405
20cm,yolo26s,70,100,2.332,3.332,,,,,,,,,,,111.008
20cm,yolo26s,71,101,2.366,3.365,,,,,,,,,,,115.057
20cm,yolo26s,72,102,2.399,3.398,,,,,,,,,,,111.135
20cm,yolo26s,73,103,2.432,3.432,,,,,,,,,,,109.491
20cm,yolo26s,74,104,2.466,3.465,,,,,,,,,,,109.572
20cm,yolo26s,75,105,2.499,3.498,0,5,pet_normal,pet,normal,0.381104,0,3,139,300,111.079
20cm,yolo26s,75,105,2.499,3.498,1,9,plastic_normal,plastic,normal,0.320801,181,87,309,274,111.079
20cm,yolo26s,76,106,2.532,3.532,0,5,pet_normal,pet,normal,0.34082,0,3,139,301,110.97
20cm,yolo26s,77,107,2.565,3.565,0,5,pet_normal,pet,normal,0.357666,0,3,137,304,110.718
20cm,yolo26s,78,108,2.599,3.598,0,5,pet_normal,pet,normal,0.399902,0,3,140,301,109.494
20cm,yolo26s,79,109,2.632,3.632,0,5,pet_normal,pet,normal,0.391357,0,3,141,300,109.997
20cm,yolo26s,80,110,2.665,3.665,0,5,pet_normal,pet,normal,0.363037,0,2,142,302,109.836
20cm,yolo26s,80,110,2.665,3.665,1,6,pet_dirty,pet,dirty,0.296631,0,2,142,304,109.836
20cm,yolo26s,81,111,2.699,3.698,0,5,pet_normal,pet,normal,0.306641,0,1,141,319,111.631
20cm,yolo26s,81,111,2.699,3.698,1,6,pet_dirty,pet,dirty,0.276611,0,1,141,320,111.631
20cm,yolo26s,82,112,2.732,3.732,0,5,pet_normal,pet,normal,0.440674,0,3,141,328,110.599
20cm,yolo26s,83,113,2.765,3.765,0,5,pet_normal,pet,normal,0.369385,0,3,142,384,110.21
20cm,yolo26s,84,114,2.799,3.798,0,5,pet_normal,pet,normal,0.360352,0,3,142,393,115.479
20cm,yolo26s,84,114,2.799,3.798,1,6,pet_dirty,pet,dirty,0.371094,0,1,142,394,115.479
20cm,yolo26s,85,115,2.832,3.832,0,5,pet_normal,pet,normal,0.371094,0,2,142,403,109.074
20cm,yolo26s,85,115,2.832,3.832,1,6,pet_dirty,pet,dirty,0.345947,0,1,142,401,109.074
20cm,yolo26s,86,116,2.865,3.865,0,6,pet_dirty,pet,dirty,0.349609,0,2,141,401,110.37
20cm,yolo26s,87,117,2.899,3.898,0,5,pet_normal,pet,normal,0.314941,0,3,142,386,110.784
20cm,yolo26s,87,117,2.899,3.898,1,6,pet_dirty,pet,dirty,0.374756,0,1,142,392,110.784
20cm,yolo26s,88,118,2.932,3.932,0,5,pet_normal,pet,normal,0.280518,0,3,142,388,110.444
20cm,yolo26s,88,118,2.932,3.932,1,6,pet_dirty,pet,dirty,0.365723,0,1,142,398,110.444
20cm,yolo26s,89,119,2.965,3.965,0,5,pet_normal,pet,normal,0.279785,0,4,142,391,110.006
20cm,yolo26s,89,119,2.965,3.965,1,6,pet_dirty,pet,dirty,0.334473,0,1,142,402,110.006
20cm,yolo26s,90,120,2.999,3.998,0,5,pet_normal,pet,normal,0.320068,0,4,142,389,114.492
20cm,yolo26s,90,120,2.999,3.998,1,6,pet_dirty,pet,dirty,0.325195,0,1,142,398,114.492
20cm,yolo26s,91,121,3.032,4.031,0,5,pet_normal,pet,normal,0.288574,0,4,142,389,109.809
20cm,yolo26s,91,121,3.032,4.031,1,6,pet_dirty,pet,dirty,0.358398,0,2,142,396,109.809
20cm,yolo26s,92,122,3.065,4.065,0,6,pet_dirty,pet,dirty,0.293457,0,3,141,401,110.272
20cm,yolo26s,93,123,3.099,4.098,0,5,pet_normal,pet,normal,0.313965,0,3,142,394,109.917
20cm,yolo26s,93,123,3.099,4.098,1,6,pet_dirty,pet,dirty,0.344238,0,1,142,400,109.917
20cm,yolo26s,94,124,3.132,4.131,0,0,can_normal,can,normal,0.451416,183,96,320,318,110.819
20cm,yolo26s,94,124,3.132,4.131,1,6,pet_dirty,pet,dirty,0.269775,0,1,142,398,110.819
20cm,yolo26s,95,125,3.165,4.165,0,6,pet_dirty,pet,dirty,0.279053,0,2,142,393,110.045
20cm,yolo26s,96,126,3.199,4.198,0,0,can_normal,can,normal,0.491211,197,101,332,317,110.348
20cm,yolo26s,96,126,3.199,4.198,1,6,pet_dirty,pet,dirty,0.319092,0,1,141,398,110.348
20cm,yolo26s,97,127,3.232,4.231,0,0,can_normal,can,normal,0.440674,206,102,337,317,108.691
20cm,yolo26s,97,127,3.232,4.231,1,6,pet_dirty,pet,dirty,0.301514,0,2,143,405,108.691
20cm,yolo26s,98,128,3.265,4.265,0,0,can_normal,can,normal,0.525391,212,104,342,316,108.705
20cm,yolo26s,98,128,3.265,4.265,1,5,pet_normal,pet,normal,0.269775,0,3,143,415,108.705
20cm,yolo26s,98,128,3.265,4.265,2,6,pet_dirty,pet,dirty,0.291748,0,2,144,413,108.705
20cm,yolo26s,99,129,3.298,4.298,,,,,,,,,,,110.755
20cm,yolo26s,100,130,3.332,4.331,0,5,pet_normal,pet,normal,0.402588,0,1,143,431,112.153
20cm,yolo26s,100,130,3.332,4.331,1,6,pet_dirty,pet,dirty,0.314941,0,2,143,455,112.153
20cm,yolo26s,101,131,3.365,4.365,0,5,pet_normal,pet,normal,0.400635,0,2,143,428,111.301
20cm,yolo26s,101,131,3.365,4.365,1,6,pet_dirty,pet,dirty,0.335449,0,1,143,423,111.301
20cm,yolo26s,102,132,3.398,4.398,0,5,pet_normal,pet,normal,0.408203,0,1,142,417,111.451
20cm,yolo26s,103,133,3.432,4.431,0,5,pet_normal,pet,normal,0.398926,0,3,141,430,114.894
20cm,yolo26s,103,133,3.432,4.431,1,6,pet_dirty,pet,dirty,0.364746,0,1,142,407,114.894
20cm,yolo26s,104,134,3.465,4.465,0,5,pet_normal,pet,normal,0.431152,0,3,142,396,108.658
20cm,yolo26s,104,134,3.465,4.465,1,6,pet_dirty,pet,dirty,0.342529,0,2,142,434,108.658
20cm,yolo26s,105,135,3.498,4.498,0,5,pet_normal,pet,normal,0.410156,0,3,142,371,111.06
20cm,yolo26s,106,136,3.532,4.531,0,5,pet_normal,pet,normal,0.417725,0,2,142,334,109.695
20cm,yolo26s,106,136,3.532,4.531,1,6,pet_dirty,pet,dirty,0.34082,0,2,142,335,109.695
20cm,yolo26s,107,137,3.565,4.565,0,5,pet_normal,pet,normal,0.369385,0,3,142,325,110.835
20cm,yolo26s,107,137,3.565,4.565,1,6,pet_dirty,pet,dirty,0.314941,0,2,142,326,110.835
20cm,yolo26s,108,138,3.598,4.598,0,5,pet_normal,pet,normal,0.38208,0,3,142,317,110.865
20cm,yolo26s,109,139,3.632,4.631,0,5,pet_normal,pet,normal,0.380371,0,3,142,314,113.021
20cm,yolo26s,110,140,3.665,4.665,0,5,pet_normal,pet,normal,0.429199,0,2,144,323,109.58
20cm,yolo26s,111,141,3.698,4.698,0,5,pet_normal,pet,normal,0.44165,0,2,143,329,110.669
20cm,yolo26s,111,141,3.698,4.698,1,6,pet_dirty,pet,dirty,0.344238,0,3,142,331,110.669
20cm,yolo26s,112,142,3.732,4.731,0,5,pet_normal,pet,normal,0.438721,0,3,142,341,110.621
20cm,yolo26s,112,142,3.732,4.731,1,6,pet_dirty,pet,dirty,0.385742,0,1,141,342,110.621
20cm,yolo26s,113,143,3.765,4.764,0,5,pet_normal,pet,normal,0.461914,0,2,142,334,110.336
20cm,yolo26s,114,144,3.798,4.798,0,5,pet_normal,pet,normal,0.415771,0,3,142,331,110.526
20cm,yolo26s,114,144,3.798,4.798,1,6,pet_dirty,pet,dirty,0.39502,0,1,141,333,110.526
20cm,yolo26s,115,145,3.832,4.831,0,5,pet_normal,pet,normal,0.421631,0,2,143,330,111.028
20cm,yolo26s,115,145,3.832,4.831,1,6,pet_dirty,pet,dirty,0.393311,0,1,142,332,111.028
20cm,yolo26s,116,146,3.865,4.864,0,5,pet_normal,pet,normal,0.415771,0,2,142,324,113.527
20cm,yolo26s,116,146,3.865,4.864,1,6,pet_dirty,pet,dirty,0.381104,0,1,142,326,113.527
20cm,yolo26s,117,147,3.898,4.898,0,5,pet_normal,pet,normal,0.408203,0,3,142,321,110.322
20cm,yolo26s,117,147,3.898,4.898,1,6,pet_dirty,pet,dirty,0.380371,0,2,142,321,110.322
20cm,yolo26s,118,148,3.932,4.931,0,0,can_normal,can,normal,0.254639,243,110,361,324,111.15
20cm,yolo26s,118,148,3.932,4.931,1,5,pet_normal,pet,normal,0.288574,0,11,149,314,111.15
20cm,yolo26s,119,149,3.965,4.964,,,,,,,,,,,111.023
20cm,yolo26s,120,150,3.998,4.998,,,,,,,,,,,111.034
20cm,yolo26s,121,151,4.031,5.031,,,,,,,,,,,109.024
20cm,yolo26s,122,152,4.065,5.064,,,,,,,,,,,112.769
20cm,yolo26s,123,153,4.098,5.098,0,0,can_normal,can,normal,0.360352,256,109,367,309,109.04
20cm,yolo26s,123,153,4.098,5.098,1,5,pet_normal,pet,normal,0.331055,34,5,201,302,109.04
20cm,yolo26s,124,154,4.131,5.131,0,5,pet_normal,pet,normal,0.371094,40,2,199,303,111.21
20cm,yolo26s,125,155,4.165,5.164,,,,,,,,,,,110.571
20cm,yolo26s,126,156,4.198,5.198,0,5,pet_normal,pet,normal,0.311523,54,11,216,306,111.985
20cm,yolo26s,127,157,4.231,5.231,0,5,pet_normal,pet,normal,0.395996,66,12,220,307,111.316
20cm,yolo26s,128,158,4.265,5.264,0,5,pet_normal,pet,normal,0.39502,73,10,222,308,111.223
20cm,yolo26s,129,159,4.298,5.298,0,5,pet_normal,pet,normal,0.437744,73,8,224,313,109.361
20cm,yolo26s,130,160,4.331,5.331,0,5,pet_normal,pet,normal,0.467773,73,9,225,315,108.957
20cm,yolo26s,131,161,4.365,5.364,0,5,pet_normal,pet,normal,0.428223,76,9,226,317,110.798
20cm,yolo26s,132,162,4.398,5.398,0,5,pet_normal,pet,normal,0.503906,76,9,226,320,110.064
20cm,yolo26s,133,163,4.431,5.431,0,5,pet_normal,pet,normal,0.526367,76,10,226,322,109.454
20cm,yolo26s,134,164,4.465,5.464,0,5,pet_normal,pet,normal,0.526367,76,10,226,324,110.055
20cm,yolo26s,135,165,4.498,5.497,0,5,pet_normal,pet,normal,0.49707,77,10,227,327,115.504
20cm,yolo26s,136,166,4.531,5.531,0,5,pet_normal,pet,normal,0.574707,77,10,227,333,110.571
20cm,yolo26s,137,167,4.565,5.564,0,5,pet_normal,pet,normal,0.60498,76,10,227,345,110.035
20cm,yolo26s,138,168,4.598,5.597,0,5,pet_normal,pet,normal,0.555664,75,10,226,362,110.698
20cm,yolo26s,139,169,4.631,5.631,0,5,pet_normal,pet,normal,0.549805,74,10,226,379,111.997
20cm,yolo26s,140,170,4.665,5.664,0,5,pet_normal,pet,normal,0.551758,74,10,226,384,109.948
20cm,yolo26s,141,171,4.698,5.697,0,5,pet_normal,pet,normal,0.53125,74,11,227,453,113.497
20cm,yolo26s,142,172,4.731,5.731,0,1,can_dirty,can,dirty,0.480469,264,110,376,439,111.027
20cm,yolo26s,142,172,4.731,5.731,1,5,pet_normal,pet,normal,0.509766,74,13,227,454,111.027
20cm,yolo26s,143,173,4.764,5.764,0,0,can_normal,can,normal,0.347656,264,112,376,439,111.006
20cm,yolo26s,143,173,4.764,5.764,1,5,pet_normal,pet,normal,0.44751,73,14,226,456,111.006
20cm,yolo26s,144,174,4.798,5.797,0,1,can_dirty,can,dirty,0.324219,264,111,377,438,110.857
20cm,yolo26s,144,174,4.798,5.797,1,5,pet_normal,pet,normal,0.46582,74,12,227,456,110.857
20cm,yolo26s,145,175,4.831,5.831,0,1,can_dirty,can,dirty,0.326904,264,110,376,439,110.804
20cm,yolo26s,145,175,4.831,5.831,1,5,pet_normal,pet,normal,0.467773,74,13,227,453,110.804
20cm,yolo26s,146,176,4.864,5.864,0,1,can_dirty,can,dirty,0.363037,264,109,377,438,110.978
20cm,yolo26s,146,176,4.864,5.864,1,5,pet_normal,pet,normal,0.477539,74,13,227,451,110.978
20cm,yolo26s,147,177,4.898,5.897,0,1,can_dirty,can,dirty,0.367432,264,109,377,438,110.981
20cm,yolo26s,147,177,4.898,5.897,1,5,pet_normal,pet,normal,0.458984,74,13,227,452,110.981
20cm,yolo26s,148,178,4.931,5.931,0,1,can_dirty,can,dirty,0.353027,264,110,376,439,109.562
20cm,yolo26s,148,178,4.931,5.931,1,5,pet_normal,pet,normal,0.473633,73,13,226,453,109.562
20cm,yolo26s,149,179,4.964,5.964,0,1,can_dirty,can,dirty,0.350342,264,109,377,438,110.49
20cm,yolo26s,149,179,4.964,5.964,1,5,pet_normal,pet,normal,0.436768,73,13,226,452,110.49
20cm,yolo26s,150,180,4.998,5.997,0,1,can_dirty,can,dirty,0.282959,264,111,377,438,111.518
20cm,yolo26s,150,180,4.998,5.997,1,5,pet_normal,pet,normal,0.44165,75,10,227,434,111.518
20cm,yolo26s,150,180,4.998,5.997,2,6,pet_dirty,pet,dirty,0.31665,74,13,227,460,111.518
20cm,yolo26s,151,181,5.031,6.031,0,1,can_dirty,can,dirty,0.297363,264,111,377,438,111.356
20cm,yolo26s,151,181,5.031,6.031,1,5,pet_normal,pet,normal,0.42334,75,10,227,437,111.356
20cm,yolo26s,151,181,5.031,6.031,2,6,pet_dirty,pet,dirty,0.31665,74,13,226,459,111.356
20cm,yolo26s,152,182,5.064,6.064,0,0,can_normal,can,normal,0.254639,264,110,377,439,111.23
20cm,yolo26s,152,182,5.064,6.064,1,1,can_dirty,can,dirty,0.324219,264,110,377,439,111.23
20cm,yolo26s,152,182,5.064,6.064,2,5,pet_normal,pet,normal,0.429199,74,13,227,459,111.23
20cm,yolo26s,153,183,5.098,6.097,0,0,can_normal,can,normal,0.259766,264,110,377,439,109.722
20cm,yolo26s,153,183,5.098,6.097,1,1,can_dirty,can,dirty,0.321777,264,109,377,438,109.722
20cm,yolo26s,153,183,5.098,6.097,2,5,pet_normal,pet,normal,0.442627,75,12,227,463,109.722
20cm,yolo26s,154,184,5.131,6.13,0,0,can_normal,can,normal,0.252441,263,110,376,439,113.798
20cm,yolo26s,154,184,5.131,6.13,1,1,can_dirty,can,dirty,0.336426,264,111,376,439,113.798
20cm,yolo26s,154,184,5.131,6.13,2,5,pet_normal,pet,normal,0.450439,74,12,226,461,113.798
20cm,yolo26s,155,185,5.164,6.164,0,1,can_dirty,can,dirty,0.368408,264,111,377,439,109.301
20cm,yolo26s,155,185,5.164,6.164,1,5,pet_normal,pet,normal,0.475586,74,11,226,457,109.301
20cm,yolo26s,156,186,5.198,6.197,0,1,can_dirty,can,dirty,0.35498,264,111,377,438,111.324
20cm,yolo26s,156,186,5.198,6.197,1,5,pet_normal,pet,normal,0.440674,74,13,226,454,111.324
20cm,yolo26s,157,187,5.231,6.23,0,1,can_dirty,can,dirty,0.343262,264,111,377,439,110.191
20cm,yolo26s,157,187,5.231,6.23,1,5,pet_normal,pet,normal,0.50293,74,12,226,458,110.191
20cm,yolo26s,158,188,5.264,6.264,0,1,can_dirty,can,dirty,0.352295,264,109,377,438,111.049
20cm,yolo26s,158,188,5.264,6.264,1,5,pet_normal,pet,normal,0.518555,75,12,226,455,111.049
20cm,yolo26s,159,189,5.298,6.297,0,1,can_dirty,can,dirty,0.359375,264,109,377,438,109.825
20cm,yolo26s,159,189,5.298,6.297,1,5,pet_normal,pet,normal,0.49707,75,12,226,456,109.825
20cm,yolo26s,160,190,5.331,6.33,0,1,can_dirty,can,dirty,0.379395,264,110,376,439,110.151
20cm,yolo26s,160,190,5.331,6.33,1,5,pet_normal,pet,normal,0.482422,74,13,226,454,110.151
20cm,yolo26s,161,191,5.364,6.364,0,1,can_dirty,can,dirty,0.375732,264,109,376,438,108.551
20cm,yolo26s,161,191,5.364,6.364,1,5,pet_normal,pet,normal,0.510742,74,12,226,455,108.551
20cm,yolo26s,162,192,5.398,6.397,0,1,can_dirty,can,dirty,0.364746,264,109,376,438,110.294
20cm,yolo26s,162,192,5.398,6.397,1,5,pet_normal,pet,normal,0.491211,74,13,226,452,110.294
20cm,yolo26s,163,193,5.431,6.43,0,1,can_dirty,can,dirty,0.383057,264,109,376,438,109.706
20cm,yolo26s,163,193,5.431,6.43,1,5,pet_normal,pet,normal,0.496094,74,13,226,455,109.706
20cm,yolo26s,164,194,5.464,6.464,0,1,can_dirty,can,dirty,0.341553,264,109,376,438,110.18
20cm,yolo26s,164,194,5.464,6.464,1,5,pet_normal,pet,normal,0.537109,74,13,226,455,110.18
20cm,yolo26s,165,195,5.497,6.497,0,1,can_dirty,can,dirty,0.363037,264,111,376,438,109.938
20cm,yolo26s,165,195,5.497,6.497,1,5,pet_normal,pet,normal,0.530273,74,11,226,455,109.938
20cm,yolo26s,166,196,5.531,6.53,0,1,can_dirty,can,dirty,0.381104,264,110,376,439,110.392
20cm,yolo26s,166,196,5.531,6.53,1,5,pet_normal,pet,normal,0.520508,73,13,227,456,110.392
20cm,yolo26s,167,197,5.564,6.564,0,1,can_dirty,can,dirty,0.37207,263,112,377,439,114.119
20cm,yolo26s,167,197,5.564,6.564,1,5,pet_normal,pet,normal,0.491211,71,13,226,458,114.119
20cm,yolo26s,168,198,5.597,6.597,0,0,can_normal,can,normal,0.253174,261,107,375,439,110.694
20cm,yolo26s,168,198,5.597,6.597,1,1,can_dirty,can,dirty,0.350342,262,110,380,438,110.694
20cm,yolo26s,168,198,5.597,6.597,2,5,pet_normal,pet,normal,0.536133,69,9,223,460,110.694
20cm,yolo26s,169,199,5.631,6.63,0,1,can_dirty,can,dirty,0.350342,261,109,379,437,110.606
20cm,yolo26s,169,199,5.631,6.63,1,5,pet_normal,pet,normal,0.524414,68,5,222,440,110.606
20cm,yolo26s,170,200,5.664,6.664,0,1,can_dirty,can,dirty,0.344238,260,109,375,438,111.991
20cm,yolo26s,170,200,5.664,6.664,1,5,pet_normal,pet,normal,0.485352,67,3,221,436,111.991
20cm,yolo26s,170,200,5.664,6.664,2,6,pet_dirty,pet,dirty,0.305664,64,2,221,470,111.991
20cm,yolo26s,171,201,5.697,6.697,0,1,can_dirty,can,dirty,0.346924,259,108,374,437,111.103
20cm,yolo26s,171,201,5.697,6.697,1,5,pet_normal,pet,normal,0.44751,66,3,220,432,111.103
20cm,yolo26s,171,201,5.697,6.697,2,6,pet_dirty,pet,dirty,0.27832,63,4,220,465,111.103
20cm,yolo26s,172,202,5.731,6.73,0,1,can_dirty,can,dirty,0.364746,259,108,375,438,110.317
20cm,yolo26s,172,202,5.731,6.73,1,5,pet_normal,pet,normal,0.500977,63,3,219,437,110.317
20cm,yolo26s,172,202,5.731,6.73,2,9,plastic_normal,plastic,normal,0.279053,415,107,606,420,110.317
20cm,yolo26s,173,203,5.764,6.764,0,1,can_dirty,can,dirty,0.325195,258,107,374,437,111.038
20cm,yolo26s,173,203,5.764,6.764,1,5,pet_normal,pet,normal,0.458008,62,2,218,435,111.038
20cm,yolo26s,174,204,5.797,6.797,0,1,can_dirty,can,dirty,0.33374,258,108,374,437,109.943
20cm,yolo26s,174,204,5.797,6.797,1,5,pet_normal,pet,normal,0.499023,62,2,218,434,109.943
20cm,yolo26s,175,205,5.831,6.83,0,1,can_dirty,can,dirty,0.332764,258,108,374,437,108.949
20cm,yolo26s,175,205,5.831,6.83,1,5,pet_normal,pet,normal,0.49707,62,2,219,432,108.949
20cm,yolo26s,175,205,5.831,6.83,2,9,plastic_normal,plastic,normal,0.259033,414,107,604,422,108.949
20cm,yolo26s,176,206,5.864,6.863,0,1,can_dirty,can,dirty,0.344238,258,109,374,438,110.385
20cm,yolo26s,176,206,5.864,6.863,1,5,pet_normal,pet,normal,0.487305,62,2,218,435,110.385
20cm,yolo26s,177,207,5.897,6.897,0,1,can_dirty,can,dirty,0.330322,259,109,375,438,109.645
20cm,yolo26s,177,207,5.897,6.897,1,5,pet_normal,pet,normal,0.492188,63,2,218,433,109.645
20cm,yolo26s,178,208,5.931,6.93,0,1,can_dirty,can,dirty,0.366699,259,108,374,437,111.222
20cm,yolo26s,178,208,5.931,6.93,1,5,pet_normal,pet,normal,0.49707,62,2,218,433,111.222
20cm,yolo26s,178,208,5.931,6.93,2,9,plastic_normal,plastic,normal,0.263672,414,107,605,421,111.222
20cm,yolo26s,179,209,5.964,6.963,0,1,can_dirty,can,dirty,0.345215,258,108,373,437,111.029
20cm,yolo26s,179,209,5.964,6.963,1,5,pet_normal,pet,normal,0.495117,62,2,218,433,111.029
20cm,yolo26s,180,210,5.997,6.997,0,1,can_dirty,can,dirty,0.352295,259,108,373,437,113.716
20cm,yolo26s,180,210,5.997,6.997,1,5,pet_normal,pet,normal,0.452393,62,3,219,456,113.716
20cm,yolo26s,181,211,6.031,7.03,0,1,can_dirty,can,dirty,0.357666,259,108,373,437,109.713
20cm,yolo26s,181,211,6.031,7.03,1,5,pet_normal,pet,normal,0.470703,62,3,218,453,109.713
20cm,yolo26s,182,212,6.064,7.063,0,1,can_dirty,can,dirty,0.373047,259,108,373,437,110.327
20cm,yolo26s,182,212,6.064,7.063,1,5,pet_normal,pet,normal,0.489258,61,3,218,454,110.327
20cm,yolo26s,183,213,6.097,7.097,0,1,can_dirty,can,dirty,0.363037,258,108,372,437,109.847
20cm,yolo26s,183,213,6.097,7.097,1,5,pet_normal,pet,normal,0.491211,62,3,219,453,109.847
20cm,yolo26s,184,214,6.13,7.13,0,1,can_dirty,can,dirty,0.359375,258,108,371,437,111.097
20cm,yolo26s,184,214,6.13,7.13,1,5,pet_normal,pet,normal,0.501953,62,2,218,438,111.097
20cm,yolo26s,185,215,6.164,7.163,0,1,can_dirty,can,dirty,0.37207,258,109,370,438,111.334
20cm,yolo26s,185,215,6.164,7.163,1,5,pet_normal,pet,normal,0.498047,61,2,218,438,111.334
20cm,yolo26s,186,216,6.197,7.197,0,1,can_dirty,can,dirty,0.377441,259,108,372,437,115.347
20cm,yolo26s,186,216,6.197,7.197,1,5,pet_normal,pet,normal,0.498047,62,2,218,435,115.347
20cm,yolo26s,187,217,6.23,7.23,0,1,can_dirty,can,dirty,0.388672,259,108,371,437,110.688
20cm,yolo26s,187,217,6.23,7.23,1,5,pet_normal,pet,normal,0.458984,62,3,218,457,110.688
20cm,yolo26s,188,218,6.264,7.263,0,1,can_dirty,can,dirty,0.363037,259,108,372,438,110.656
20cm,yolo26s,188,218,6.264,7.263,1,5,pet_normal,pet,normal,0.431152,62,4,218,455,110.656
20cm,yolo26s,188,218,6.264,7.263,2,6,pet_dirty,pet,dirty,0.282227,60,5,218,462,110.656
20cm,yolo26s,189,219,6.297,7.297,0,1,can_dirty,can,dirty,0.350342,259,108,372,437,110.592
20cm,yolo26s,189,219,6.297,7.297,1,5,pet_normal,pet,normal,0.461914,62,3,218,459,110.592
20cm,yolo26s,190,220,6.33,7.33,0,1,can_dirty,can,dirty,0.349609,259,108,372,437,110.016
20cm,yolo26s,190,220,6.33,7.33,1,5,pet_normal,pet,normal,0.461914,62,3,218,456,110.016
20cm,yolo26s,191,221,6.364,7.363,0,1,can_dirty,can,dirty,0.348633,258,108,373,438,110.422
20cm,yolo26s,191,221,6.364,7.363,1,5,pet_normal,pet,normal,0.453369,62,2,218,436,110.422
20cm,yolo26s,191,221,6.364,7.363,2,6,pet_dirty,pet,dirty,0.271973,60,6,218,464,110.422
20cm,yolo26s,192,222,6.397,7.397,0,1,can_dirty,can,dirty,0.353027,259,108,374,437,111.565
20cm,yolo26s,192,222,6.397,7.397,1,5,pet_normal,pet,normal,0.404541,62,3,218,455,111.565
20cm,yolo26s,192,222,6.397,7.397,2,6,pet_dirty,pet,dirty,0.367432,61,1,218,457,111.565
20cm,yolo26s,192,222,6.397,7.397,3,9,plastic_normal,plastic,normal,0.265137,401,107,584,281,111.565
20cm,yolo26s,193,223,6.43,7.43,0,1,can_dirty,can,dirty,0.360352,259,108,374,437,110.258
20cm,yolo26s,193,223,6.43,7.43,1,5,pet_normal,pet,normal,0.464844,62,2,218,438,110.258
20cm,yolo26s,193,223,6.43,7.43,2,6,pet_dirty,pet,dirty,0.288574,60,4,218,465,110.258
20cm,yolo26s,193,223,6.43,7.43,3,9,plastic_normal,plastic,normal,0.358398,399,106,581,280,110.258
20cm,yolo26s,194,224,6.464,7.463,0,1,can_dirty,can,dirty,0.422607,258,108,373,438,111.806
20cm,yolo26s,194,224,6.464,7.463,1,5,pet_normal,pet,normal,0.454346,62,2,218,437,111.806
20cm,yolo26s,194,224,6.464,7.463,2,6,pet_dirty,pet,dirty,0.272705,60,4,218,462,111.806
20cm,yolo26s,195,225,6.497,7.497,0,1,can_dirty,can,dirty,0.437744,259,108,371,437,112.104
20cm,yolo26s,195,225,6.497,7.497,1,5,pet_normal,pet,normal,0.450439,62,2,218,439,112.104
20cm,yolo26s,195,225,6.497,7.497,2,6,pet_dirty,pet,dirty,0.290283,60,5,218,470,112.104
20cm,yolo26s,196,226,6.53,7.53,0,1,can_dirty,can,dirty,0.464844,259,108,373,437,110.454
20cm,yolo26s,196,226,6.53,7.53,1,5,pet_normal,pet,normal,0.452393,63,2,219,439,110.454
20cm,yolo26s,197,227,6.564,7.563,0,1,can_dirty,can,dirty,0.457031,259,108,378,438,110.817
20cm,yolo26s,197,227,6.564,7.563,1,5,pet_normal,pet,normal,0.44458,62,2,218,439,110.817
20cm,yolo26s,197,227,6.564,7.563,2,6,pet_dirty,pet,dirty,0.295898,60,6,218,468,110.817
20cm,yolo26s,198,228,6.597,7.596,0,1,can_dirty,can,dirty,0.435791,259,109,373,438,110.098
20cm,yolo26s,198,228,6.597,7.596,1,5,pet_normal,pet,normal,0.461914,62,2,218,438,110.098
20cm,yolo26s,199,229,6.63,7.63,0,1,can_dirty,can,dirty,0.422607,259,108,374,437,114.663
20cm,yolo26s,199,229,6.63,7.63,1,5,pet_normal,pet,normal,0.458008,62,2,218,439,114.663
20cm,yolo26s,199,229,6.63,7.63,2,6,pet_dirty,pet,dirty,0.283691,60,7,219,471,114.663
20cm,yolo26s,200,230,6.664,7.663,0,1,can_dirty,can,dirty,0.432129,259,108,374,437,111.581
20cm,yolo26s,200,230,6.664,7.663,1,5,pet_normal,pet,normal,0.472656,63,2,219,439,111.581
20cm,yolo26s,201,231,6.697,7.696,0,1,can_dirty,can,dirty,0.413086,258,108,376,437,111.734
20cm,yolo26s,201,231,6.697,7.696,1,5,pet_normal,pet,normal,0.482422,63,2,219,437,111.734
20cm,yolo26s,202,232,6.73,7.73,0,1,can_dirty,can,dirty,0.381104,258,108,377,437,111.154
20cm,yolo26s,202,232,6.73,7.73,1,5,pet_normal,pet,normal,0.467773,62,2,218,439,111.154
20cm,yolo26s,203,233,6.764,7.763,0,1,can_dirty,can,dirty,0.37207,259,108,378,437,111.814
20cm,yolo26s,203,233,6.764,7.763,1,5,pet_normal,pet,normal,0.476562,62,2,218,438,111.814
20cm,yolo26s,204,234,6.797,7.796,0,0,can_normal,can,normal,0.306641,258,107,370,433,110.842
20cm,yolo26s,204,234,6.797,7.796,1,1,can_dirty,can,dirty,0.37207,259,107,372,437,110.842
20cm,yolo26s,204,234,6.797,7.796,2,5,pet_normal,pet,normal,0.480469,62,2,218,437,110.842
20cm,yolo26s,205,235,6.83,7.83,0,0,can_normal,can,normal,0.295898,258,107,370,433,114.034
20cm,yolo26s,205,235,6.83,7.83,1,1,can_dirty,can,dirty,0.406494,259,107,372,437,114.034
20cm,yolo26s,205,235,6.83,7.83,2,5,pet_normal,pet,normal,0.489258,62,3,218,436,114.034
20cm,yolo26s,206,236,6.863,7.863,0,0,can_normal,can,normal,0.284668,258,107,370,433,110.522
20cm,yolo26s,206,236,6.863,7.863,1,1,can_dirty,can,dirty,0.401611,259,105,372,437,110.522
20cm,yolo26s,206,236,6.863,7.863,2,5,pet_normal,pet,normal,0.492188,62,2,218,435,110.522
20cm,yolo26s,207,237,6.897,7.896,0,0,can_normal,can,normal,0.286133,258,107,369,433,110.854
20cm,yolo26s,207,237,6.897,7.896,1,1,can_dirty,can,dirty,0.386719,259,107,371,436,110.854
20cm,yolo26s,207,237,6.897,7.896,2,5,pet_normal,pet,normal,0.487305,62,2,218,435,110.854
20cm,yolo26s,208,238,6.93,7.93,0,0,can_normal,can,normal,0.313232,258,108,371,434,111.467
20cm,yolo26s,208,238,6.93,7.93,1,1,can_dirty,can,dirty,0.363037,258,105,372,437,111.467
20cm,yolo26s,208,238,6.93,7.93,2,5,pet_normal,pet,normal,0.518555,63,2,218,436,111.467
20cm,yolo26s,209,239,6.963,7.963,0,0,can_normal,can,normal,0.324219,258,108,371,434,111.887
20cm,yolo26s,209,239,6.963,7.963,1,1,can_dirty,can,dirty,0.351318,259,106,373,436,111.887
20cm,yolo26s,209,239,6.963,7.963,2,5,pet_normal,pet,normal,0.506836,62,2,218,440,111.887
20cm,yolo26s,210,240,6.997,7.996,0,0,can_normal,can,normal,0.277588,258,107,369,434,113.233
20cm,yolo26s,210,240,6.997,7.996,1,1,can_dirty,can,dirty,0.373047,259,106,371,436,113.233
20cm,yolo26s,210,240,6.997,7.996,2,5,pet_normal,pet,normal,0.46582,63,4,219,464,113.233
20cm,yolo26s,211,241,7.03,8.03,0,0,can_normal,can,normal,0.288574,258,106,370,437,112.036
20cm,yolo26s,211,241,7.03,8.03,1,1,can_dirty,can,dirty,0.37207,259,106,371,436,112.036
20cm,yolo26s,211,241,7.03,8.03,2,5,pet_normal,pet,normal,0.477539,63,4,219,464,112.036
20cm,yolo26s,212,242,7.063,8.063,0,0,can_normal,can,normal,0.301514,258,107,370,438,110.584
20cm,yolo26s,212,242,7.063,8.063,1,1,can_dirty,can,dirty,0.366699,258,107,371,437,110.584
20cm,yolo26s,212,242,7.063,8.063,2,5,pet_normal,pet,normal,0.506836,62,5,218,463,110.584
20cm,yolo26s,213,243,7.097,8.096,0,1,can_dirty,can,dirty,0.363037,259,106,372,436,111.123
20cm,yolo26s,213,243,7.097,8.096,1,5,pet_normal,pet,normal,0.481445,62,5,218,461,111.123
20cm,yolo26s,214,244,7.13,8.13,0,1,can_dirty,can,dirty,0.364746,259,106,374,436,112.018
20cm,yolo26s,214,244,7.13,8.13,1,5,pet_normal,pet,normal,0.491211,62,5,218,459,112.018
20cm,yolo26s,215,245,7.163,8.163,0,1,can_dirty,can,dirty,0.343262,258,104,374,437,112.849
20cm,yolo26s,215,245,7.163,8.163,1,5,pet_normal,pet,normal,0.470703,63,4,219,458,112.849
20cm,yolo26s,216,246,7.197,8.196,0,1,can_dirty,can,dirty,0.363037,259,106,374,436,114.261
20cm,yolo26s,216,246,7.197,8.196,1,5,pet_normal,pet,normal,0.489258,62,2,218,436,114.261
20cm,yolo26s,217,247,7.23,8.23,0,0,can_normal,can,normal,0.291748,258,106,371,437,110.575
20cm,yolo26s,217,247,7.23,8.23,1,1,can_dirty,can,dirty,0.325928,259,106,373,436,110.575
20cm,yolo26s,217,247,7.23,8.23,2,5,pet_normal,pet,normal,0.513672,63,4,218,457,110.575
20cm,yolo26s,218,248,7.263,8.263,0,1,can_dirty,can,dirty,0.370117,259,106,371,436,115.977
20cm,yolo26s,218,248,7.263,8.263,1,5,pet_normal,pet,normal,0.492188,62,4,218,451,115.977
20cm,yolo26s,219,249,7.297,8.296,0,0,can_normal,can,normal,0.329346,258,106,371,437,111.579
20cm,yolo26s,219,249,7.297,8.296,1,1,can_dirty,can,dirty,0.331055,258,106,371,436,111.579
20cm,yolo26s,219,249,7.297,8.296,2,5,pet_normal,pet,normal,0.492188,61,2,218,436,111.579
20cm,yolo26s,220,250,7.33,8.329,0,0,can_normal,can,normal,0.31665,258,105,370,437,117.683
20cm,yolo26s,220,250,7.33,8.329,1,1,can_dirty,can,dirty,0.363037,258,106,370,437,117.683
20cm,yolo26s,220,250,7.33,8.329,2,5,pet_normal,pet,normal,0.484375,61,2,218,436,117.683
20cm,yolo26s,221,251,7.363,8.363,0,1,can_dirty,can,dirty,0.357666,258,106,370,436,111.164
20cm,yolo26s,221,251,7.363,8.363,1,5,pet_normal,pet,normal,0.464844,61,2,218,435,111.164
20cm,yolo26s,222,252,7.397,8.396,0,1,can_dirty,can,dirty,0.369385,258,106,369,437,111.998
20cm,yolo26s,222,252,7.397,8.396,1,5,pet_normal,pet,normal,0.475586,62,2,218,437,111.998
20cm,yolo26s,223,253,7.43,8.429,0,0,can_normal,can,normal,0.360352,258,106,369,437,111.738
20cm,yolo26s,223,253,7.43,8.429,1,1,can_dirty,can,dirty,0.339844,258,106,370,437,111.738
20cm,yolo26s,223,253,7.43,8.429,2,5,pet_normal,pet,normal,0.494141,63,2,219,436,111.738
20cm,yolo26s,224,254,7.463,8.463,0,1,can_dirty,can,dirty,0.411133,259,106,370,436,116.037
20cm,yolo26s,224,254,7.463,8.463,1,5,pet_normal,pet,normal,0.46582,61,2,218,432,116.037
20cm,yolo26s,224,254,7.463,8.463,2,9,plastic_normal,plastic,normal,0.288574,381,72,610,427,116.037
20cm,yolo26s,225,255,7.497,8.496,0,0,can_normal,can,normal,0.287842,257,106,368,437,112.281
20cm,yolo26s,225,255,7.497,8.496,1,1,can_dirty,can,dirty,0.420654,258,106,369,437,112.281
20cm,yolo26s,225,255,7.497,8.496,2,2,glass_normal,glass,normal,0.480469,382,65,620,462,112.281
20cm,yolo26s,225,255,7.497,8.496,3,5,pet_normal,pet,normal,0.434082,61,3,218,431,112.281
20cm,yolo26s,225,255,7.497,8.496,4,6,pet_dirty,pet,dirty,0.347656,61,3,218,450,112.281
20cm,yolo26s,226,256,7.53,8.529,0,0,can_normal,can,normal,0.253906,257,105,369,436,112.07
20cm,yolo26s,226,256,7.53,8.529,1,1,can_dirty,can,dirty,0.362061,258,105,370,436,112.07
20cm,yolo26s,226,256,7.53,8.529,2,5,pet_normal,pet,normal,0.480469,60,5,218,460,112.07
20cm,yolo26s,227,257,7.563,8.563,0,0,can_normal,can,normal,0.269775,258,106,369,436,111.341
20cm,yolo26s,227,257,7.563,8.563,1,1,can_dirty,can,dirty,0.378418,258,106,370,437,111.341
20cm,yolo26s,227,257,7.563,8.563,2,5,pet_normal,pet,normal,0.493164,61,5,219,458,111.341
20cm,yolo26s,227,257,7.563,8.563,3,9,plastic_normal,plastic,normal,0.256104,388,70,618,462,111.341
20cm,yolo26s,228,258,7.596,8.596,0,0,can_normal,can,normal,0.289307,257,106,369,437,111.905
20cm,yolo26s,228,258,7.596,8.596,1,1,can_dirty,can,dirty,0.379395,258,106,370,437,111.905
20cm,yolo26s,228,258,7.596,8.596,2,5,pet_normal,pet,normal,0.467773,61,3,219,436,111.905
20cm,yolo26s,229,259,7.63,8.629,0,0,can_normal,can,normal,0.338867,258,105,369,437,111.422
20cm,yolo26s,229,259,7.63,8.629,1,1,can_dirty,can,dirty,0.377441,258,106,369,436,111.422
20cm,yolo26s,229,259,7.63,8.629,2,5,pet_normal,pet,normal,0.473633,61,3,218,434,111.422
20cm,yolo26s,229,259,7.63,8.629,3,9,plastic_normal,plastic,normal,0.373047,384,70,613,457,111.422
20cm,yolo26s,230,260,7.663,8.663,0,0,can_normal,can,normal,0.330322,258,105,369,437,115.436
20cm,yolo26s,230,260,7.663,8.663,1,1,can_dirty,can,dirty,0.37207,258,106,369,436,115.436
20cm,yolo26s,230,260,7.663,8.663,2,5,pet_normal,pet,normal,0.486328,61,6,219,454,115.436
20cm,yolo26s,230,260,7.663,8.663,3,9,plastic_normal,plastic,normal,0.33374,384,69,613,457,115.436
20cm,yolo26s,231,261,7.696,8.696,0,0,can_normal,can,normal,0.31665,258,105,369,437,110.966
20cm,yolo26s,231,261,7.696,8.696,1,1,can_dirty,can,dirty,0.386719,258,105,369,436,110.966
20cm,yolo26s,231,261,7.696,8.696,2,2,glass_normal,glass,normal,0.279053,386,67,616,465,110.966
20cm,yolo26s,231,261,7.696,8.696,3,5,pet_normal,pet,normal,0.50293,61,6,218,452,110.966
20cm,yolo26s,232,262,7.73,8.729,0,0,can_normal,can,normal,0.254639,257,105,369,436,111.188
20cm,yolo26s,232,262,7.73,8.729,1,1,can_dirty,can,dirty,0.353027,258,106,370,437,111.188
20cm,yolo26s,232,262,7.73,8.729,2,2,glass_normal,glass,normal,0.253174,385,67,617,465,111.188
20cm,yolo26s,232,262,7.73,8.729,3,5,pet_normal,pet,normal,0.469727,61,5,218,449,111.188
20cm,yolo26s,232,262,7.73,8.729,4,9,plastic_normal,plastic,normal,0.27124,385,71,613,457,111.188
20cm,yolo26s,233,263,7.763,8.763,0,0,can_normal,can,normal,0.309814,258,106,370,437,111.577
20cm,yolo26s,233,263,7.763,8.763,1,1,can_dirty,can,dirty,0.310791,258,106,370,436,111.577
20cm,yolo26s,233,263,7.763,8.763,2,5,pet_normal,pet,normal,0.46582,61,2,218,434,111.577
20cm,yolo26s,234,264,7.796,8.796,0,0,can_normal,can,normal,0.266602,257,107,369,437,111.516
20cm,yolo26s,234,264,7.796,8.796,1,1,can_dirty,can,dirty,0.368408,258,106,370,436,111.516
20cm,yolo26s,234,264,7.796,8.796,2,5,pet_normal,pet,normal,0.458008,61,3,218,428,111.516
20cm,yolo26s,235,265,7.83,8.829,0,0,can_normal,can,normal,0.300781,258,106,370,437,111.451
20cm,yolo26s,235,265,7.83,8.829,1,1,can_dirty,can,dirty,0.381104,258,106,370,436,111.451
20cm,yolo26s,235,265,7.83,8.829,2,5,pet_normal,pet,normal,0.458008,60,6,218,447,111.451
20cm,yolo26s,236,266,7.863,8.863,0,0,can_normal,can,normal,0.356689,258,106,369,437,111.401
20cm,yolo26s,236,266,7.863,8.863,1,1,can_dirty,can,dirty,0.332764,258,106,370,436,111.401
20cm,yolo26s,236,266,7.863,8.863,2,5,pet_normal,pet,normal,0.442627,60,7,217,446,111.401
20cm,yolo26s,237,267,7.896,8.896,0,0,can_normal,can,normal,0.361084,257,106,369,437,112.054
20cm,yolo26s,237,267,7.896,8.896,1,1,can_dirty,can,dirty,0.355713,257,106,369,436,112.054
20cm,yolo26s,237,267,7.896,8.896,2,5,pet_normal,pet,normal,0.452393,61,5,218,444,112.054
20cm,yolo26s,238,268,7.93,8.929,0,0,can_normal,can,normal,0.374756,257,106,369,437,111.905
20cm,yolo26s,238,268,7.93,8.929,1,1,can_dirty,can,dirty,0.315674,257,105,369,436,111.905
20cm,yolo26s,238,268,7.93,8.929,2,5,pet_normal,pet,normal,0.414795,61,3,218,446,111.905
20cm,yolo26s,238,268,7.93,8.929,3,9,plastic_normal,plastic,normal,0.32251,392,33,639,386,111.905
20cm,yolo26s,239,269,7.963,8.963,0,0,can_normal,can,normal,0.494141,257,107,368,437,112.152
20cm,yolo26s,239,269,7.963,8.963,1,5,pet_normal,pet,normal,0.459961,61,5,217,441,112.152
20cm,yolo26s,240,270,7.996,8.996,0,0,can_normal,can,normal,0.379395,254,104,367,437,112.376
20cm,yolo26s,240,270,7.996,8.996,1,5,pet_normal,pet,normal,0.436768,61,4,218,437,112.376
20cm,yolo26s,241,271,8.03,9.029,0,0,can_normal,can,normal,0.317383,255,106,366,438,112.857
20cm,yolo26s,241,271,8.03,9.029,1,1,can_dirty,can,dirty,0.343262,255,104,366,437,112.857
20cm,yolo26s,241,271,8.03,9.029,2,5,pet_normal,pet,normal,0.459961,62,2,218,431,112.857
20cm,yolo26s,242,272,8.063,9.062,0,0,can_normal,can,normal,0.354004,255,97,369,435,112.037
20cm,yolo26s,242,272,8.063,9.062,1,5,pet_normal,pet,normal,0.475586,61,2,218,430,112.037
20cm,yolo26s,243,273,8.096,9.096,0,5,pet_normal,pet,normal,0.496094,60,2,219,427,113.977
20cm,yolo26s,244,274,8.13,9.129,0,5,pet_normal,pet,normal,0.495117,61,3,219,421,112.269
20cm,yolo26s,245,275,8.163,9.162,0,5,pet_normal,pet,normal,0.504883,58,3,219,407,111.165
20cm,yolo26s,246,276,8.196,9.196,,,,,,,,,,,112.46
20cm,yolo26s,247,277,8.23,9.229,0,5,pet_normal,pet,normal,0.345947,1,2,203,394,112.165
20cm,yolo26s,248,278,8.263,9.262,0,2,glass_normal,glass,normal,0.309082,362,105,576,479,112.61
20cm,yolo26s,248,278,8.263,9.262,1,5,pet_normal,pet,normal,0.553711,4,3,192,428,112.61
20cm,yolo26s,249,279,8.296,9.296,0,5,pet_normal,pet,normal,0.538086,4,3,182,428,116.806
20cm,yolo26s,250,280,8.329,9.329,0,5,pet_normal,pet,normal,0.475586,1,5,171,417,112.082
20cm,yolo26s,251,281,8.363,9.362,0,2,glass_normal,glass,normal,0.255371,355,82,575,474,111.856
20cm,yolo26s,251,281,8.363,9.362,1,5,pet_normal,pet,normal,0.408203,0,4,167,412,111.856
20cm,yolo26s,252,282,8.396,9.396,0,5,pet_normal,pet,normal,0.469727,0,3,165,412,112.292
20cm,yolo26s,252,282,8.396,9.396,1,9,plastic_normal,plastic,normal,0.251709,358,72,578,451,112.292
20cm,yolo26s,253,283,8.429,9.429,0,5,pet_normal,pet,normal,0.427246,0,3,165,415,112.657
20cm,yolo26s,254,284,8.463,9.462,0,5,pet_normal,pet,normal,0.476562,0,3,165,412,113.963
20cm,yolo26s,255,285,8.496,9.496,0,2,glass_normal,glass,normal,0.29248,372,94,597,479,117.354
20cm,yolo26s,255,285,8.496,9.496,1,5,pet_normal,pet,normal,0.530273,0,2,165,421,117.354
20cm,yolo26s,256,286,8.529,9.529,0,5,pet_normal,pet,normal,0.498047,0,2,165,426,112.771
20cm,yolo26s,257,287,8.563,9.562,0,2,glass_normal,glass,normal,0.270508,367,43,590,473,112.499
20cm,yolo26s,257,287,8.563,9.562,1,5,pet_normal,pet,normal,0.50293,0,3,165,424,112.499
20cm,yolo26s,258,288,8.596,9.596,0,2,glass_normal,glass,normal,0.37207,366,68,588,470,112.336
20cm,yolo26s,258,288,8.596,9.596,1,5,pet_normal,pet,normal,0.532227,0,3,166,429,112.336
20cm,yolo26s,258,288,8.596,9.596,2,9,plastic_normal,plastic,normal,0.309814,366,69,585,463,112.336
20cm,yolo26s,259,289,8.629,9.629,0,2,glass_normal,glass,normal,0.364746,364,66,589,472,112.285
20cm,yolo26s,259,289,8.629,9.629,1,5,pet_normal,pet,normal,0.489258,0,3,166,426,112.285
20cm,yolo26s,259,289,8.629,9.629,2,9,plastic_normal,plastic,normal,0.344238,364,68,589,434,112.285
20cm,yolo26s,260,290,8.663,9.662,0,5,pet_normal,pet,normal,0.540039,3,4,168,432,113.071
20cm,yolo26s,261,291,8.696,9.696,0,5,pet_normal,pet,normal,0.606934,7,4,174,427,116.919
20cm,yolo26s,262,292,8.729,9.729,0,5,pet_normal,pet,normal,0.625,10,2,183,443,113.039
20cm,yolo26s,263,293,8.763,9.762,0,5,pet_normal,pet,normal,0.614258,14,13,191,458,113.227
20cm,yolo26s,264,294,8.796,9.795,0,5,pet_normal,pet,normal,0.553711,14,8,197,455,113.158
20cm,yolo26s,265,295,8.829,9.829,0,5,pet_normal,pet,normal,0.492188,14,11,201,446,112.164
20cm,yolo26s,266,296,8.863,9.862,0,5,pet_normal,pet,normal,0.467773,16,5,204,433,113.178
20cm,yolo26s,267,297,8.896,9.895,0,5,pet_normal,pet,normal,0.524414,16,6,206,437,113.496
20cm,yolo26s,268,298,8.929,9.929,0,5,pet_normal,pet,normal,0.537109,17,5,208,432,112.569
20cm,yolo26s,268,298,8.929,9.929,1,9,plastic_normal,plastic,normal,0.272705,362,52,607,469,112.569
20cm,yolo26s,269,299,8.963,9.962,0,5,pet_normal,pet,normal,0.512695,17,3,209,452,112.632
20cm,yolo26s,269,299,8.963,9.962,1,9,plastic_normal,plastic,normal,0.269775,364,57,606,474,112.632
20cm,yolo26s,270,300,8.996,9.995,0,5,pet_normal,pet,normal,0.459961,16,4,209,453,113.18
20cm,yolo26s,271,301,9.029,10.029,0,5,pet_normal,pet,normal,0.535156,16,2,210,455,113.435
20cm,yolo26s,272,302,9.062,10.062,0,5,pet_normal,pet,normal,0.53418,17,4,210,454,113.474
20cm,yolo26s,273,303,9.096,10.095,0,5,pet_normal,pet,normal,0.509766,18,5,211,459,112.801
20cm,yolo26s,274,304,9.129,10.129,0,5,pet_normal,pet,normal,0.545898,20,5,212,458,112.084
20cm,yolo26s,275,305,9.162,10.162,0,5,pet_normal,pet,normal,0.562988,22,5,213,461,113.754
20cm,yolo26s,276,306,9.196,10.195,0,5,pet_normal,pet,normal,0.538086,24,5,213,457,111.933
20cm,yolo26s,277,307,9.229,10.229,0,5,pet_normal,pet,normal,0.454346,26,5,213,454,111.35
20cm,yolo26s,278,308,9.262,10.262,0,5,pet_normal,pet,normal,0.508789,28,6,214,455,112.63
20cm,yolo26s,279,309,9.296,10.295,0,2,glass_normal,glass,normal,0.306641,370,52,604,471,113.431
20cm,yolo26s,279,309,9.296,10.295,1,5,pet_normal,pet,normal,0.544922,29,5,213,434,113.431
20cm,yolo26s,280,310,9.329,10.329,0,5,pet_normal,pet,normal,0.512695,30,4,210,439,116.942
20cm,yolo26s,280,310,9.329,10.329,1,9,plastic_normal,plastic,normal,0.265137,367,59,601,471,116.942
20cm,yolo26s,281,311,9.362,10.362,0,5,pet_normal,pet,normal,0.530273,31,17,210,449,111.334
20cm,yolo26s,282,312,9.396,10.395,0,5,pet_normal,pet,normal,0.52832,31,18,214,448,112.591
20cm,yolo26s,283,313,9.429,10.429,0,2,glass_normal,glass,normal,0.318359,364,54,602,473,112.723
20cm,yolo26s,284,314,9.462,10.462,0,2,glass_normal,glass,normal,0.390381,361,55,591,473,113.279
20cm,yolo26s,285,315,9.496,10.495,0,2,glass_normal,glass,normal,0.432129,363,58,590,473,113.228
20cm,yolo26s,286,316,9.529,10.528,,,,,,,,,,,116.807
20cm,yolo26s,287,317,9.562,10.562,0,2,glass_normal,glass,normal,0.331055,372,48,609,475,113.585
20cm,yolo26s,288,318,9.596,10.595,0,2,glass_normal,glass,normal,0.27832,382,48,613,477,113.139
20cm,yolo26s,289,319,9.629,10.628,0,2,glass_normal,glass,normal,0.386719,373,51,612,476,112.283
20cm,yolo26s,290,320,9.662,10.662,,,,,,,,,,,112.982
20cm,yolo26s,291,321,9.696,10.695,,,,,,,,,,,112.954
20cm,yolo26s,292,322,9.729,10.728,,,,,,,,,,,114.06
20cm,yolo26s,293,323,9.762,10.762,0,9,plastic_normal,plastic,normal,0.325195,368,58,607,462,110.745
20cm,yolo26s,294,324,9.795,10.795,,,,,,,,,,,112.64
20cm,yolo26s,295,325,9.829,10.828,0,2,glass_normal,glass,normal,0.325928,372,56,605,476,112.215
20cm,yolo26s,296,326,9.862,10.862,,,,,,,,,,,113.374
20cm,yolo26s,297,327,9.895,10.895,,,,,,,,,,,112.267
20cm,yolo26s,298,328,9.929,10.928,,,,,,,,,,,111.525
20cm,yolo26s,299,329,9.962,10.962,,,,,,,,,,,115.662
20cm,yolo26s,300,330,9.995,10.995,0,9,plastic_normal,plastic,normal,0.271973,368,65,603,462,113.615
20cm,yolo26s,301,331,10.029,11.028,0,9,plastic_normal,plastic,normal,0.458984,369,65,603,434,113.349
20cm,yolo26s,302,332,10.062,11.062,0,9,plastic_normal,plastic,normal,0.279785,370,67,603,473,114.152
20cm,yolo26s,303,333,10.095,11.095,,,,,,,,,,,113.349
20cm,yolo26s,304,334,10.129,11.128,,,,,,,,,,,112.376
20cm,yolo26s,305,335,10.162,11.162,,,,,,,,,,,116.002
20cm,yolo26s,306,336,10.195,11.195,,,,,,,,,,,112.256
20cm,yolo26s,307,337,10.229,11.228,,,,,,,,,,,111.177
20cm,yolo26s,308,338,10.262,11.261,,,,,,,,,,,110.994
20cm,yolo26s,309,339,10.295,11.295,,,,,,,,,,,110.661
20cm,yolo26s,310,340,10.329,11.328,,,,,,,,,,,111.244
20cm,yolo26s,311,341,10.362,11.361,,,,,,,,,,,112.436
20cm,yolo26s,312,342,10.395,11.395,,,,,,,,,,,111.21
20cm,yolo26s,313,343,10.429,11.428,,,,,,,,,,,109.537
20cm,yolo26s,314,344,10.462,11.461,,,,,,,,,,,111.622
20cm,yolo26s,315,345,10.495,11.495,,,,,,,,,,,111.178
20cm,yolo26s,316,346,10.528,11.528,0,9,plastic_normal,plastic,normal,0.415771,369,64,604,465,111.492
20cm,yolo26s,317,347,10.562,11.561,0,9,plastic_normal,plastic,normal,0.251709,369,66,603,463,110.903
20cm,yolo26s,318,348,10.595,11.595,,,,,,,,,,,114.824
20cm,yolo26s,319,349,10.628,11.628,,,,,,,,,,,111.098
20cm,yolo26s,320,350,10.662,11.661,,,,,,,,,,,111.653
20cm,yolo26s,321,351,10.695,11.695,,,,,,,,,,,111.902
20cm,yolo26s,322,352,10.728,11.728,,,,,,,,,,,111.934
20cm,yolo26s,323,353,10.762,11.761,,,,,,,,,,,111.813
20cm,yolo26s,324,354,10.795,11.795,,,,,,,,,,,113.443
20cm,yolo26s,325,355,10.828,11.828,,,,,,,,,,,111.262
20cm,yolo26s,326,356,10.862,11.861,,,,,,,,,,,110.987
20cm,yolo26s,327,357,10.895,11.894,,,,,,,,,,,110.941
20cm,yolo26s,328,358,10.928,11.928,,,,,,,,,,,111.609
20cm,yolo26s,329,359,10.962,11.961,,,,,,,,,,,111.582
20cm,yolo26s,330,360,10.995,11.994,,,,,,,,,,,111.292
20cm,yolo26s,331,361,11.028,12.028,,,,,,,,,,,116.518
20cm,yolo26s,332,362,11.062,12.061,,,,,,,,,,,111.089
20cm,yolo26s,333,363,11.095,12.094,0,9,plastic_normal,plastic,normal,0.483398,318,83,511,443,111.655
20cm,yolo26s,334,364,11.128,12.128,0,9,plastic_normal,plastic,normal,0.314941,319,84,511,442,112.696
20cm,yolo26s,335,365,11.162,12.161,,,,,,,,,,,111.749
20cm,yolo26s,336,366,11.195,12.194,,,,,,,,,,,111.387
20cm,yolo26s,337,367,11.228,12.228,,,,,,,,,,,114.282
20cm,yolo26s,338,368,11.261,12.261,0,5,pet_normal,pet,normal,0.290283,290,79,479,446,111.315
20cm,yolo26s,339,369,11.295,12.294,,,,,,,,,,,111.496
20cm,yolo26s,340,370,11.328,12.328,0,5,pet_normal,pet,normal,0.325928,290,79,480,446,111.779
20cm,yolo26s,341,371,11.361,12.361,0,5,pet_normal,pet,normal,0.251709,295,85,485,447,112.793
20cm,yolo26s,342,372,11.395,12.394,0,9,plastic_normal,plastic,normal,0.345947,300,86,492,445,112.217
20cm,yolo26s,343,373,11.428,12.428,0,5,pet_normal,pet,normal,0.259033,302,87,492,448,111.932
20cm,yolo26s,343,373,11.428,12.428,1,9,plastic_normal,plastic,normal,0.530273,302,84,493,445,111.932
20cm,yolo26s,344,374,11.461,12.461,0,5,pet_normal,pet,normal,0.332031,302,88,491,448,110.942
20cm,yolo26s,345,375,11.495,12.494,0,5,pet_normal,pet,normal,0.353027,303,88,489,446,111.382
20cm,yolo26s,346,376,11.528,12.528,0,5,pet_normal,pet,normal,0.442627,301,89,489,447,111.846
20cm,yolo26s,347,377,11.561,12.561,0,5,pet_normal,pet,normal,0.313965,302,88,490,447,112.32
20cm,yolo26s,348,378,11.595,12.594,0,5,pet_normal,pet,normal,0.290283,303,89,490,447,112.013
20cm,yolo26s,348,378,11.595,12.594,1,9,plastic_normal,plastic,normal,0.31665,302,87,490,447,112.013
20cm,yolo26s,349,379,11.628,12.627,0,5,pet_normal,pet,normal,0.255371,302,88,489,447,110.882
20cm,yolo26s,349,379,11.628,12.627,1,9,plastic_normal,plastic,normal,0.50293,302,87,490,447,110.882
20cm,yolo26s,350,380,11.661,12.661,0,9,plastic_normal,plastic,normal,0.530273,302,87,490,446,115.725
20cm,yolo26s,351,381,11.695,12.694,0,9,plastic_normal,plastic,normal,0.553711,302,87,490,447,112.624
20cm,yolo26s,352,382,11.728,12.727,0,9,plastic_normal,plastic,normal,0.541992,302,87,490,446,113.229
20cm,yolo26s,353,383,11.761,12.761,0,9,plastic_normal,plastic,normal,0.560059,301,87,489,444,112.35
20cm,yolo26s,354,384,11.795,12.794,0,9,plastic_normal,plastic,normal,0.568848,301,87,489,443,111.254
20cm,yolo26s,355,385,11.828,12.827,0,9,plastic_normal,plastic,normal,0.511719,302,87,490,443,110.825
20cm,yolo26s,356,386,11.861,12.861,0,9,plastic_normal,plastic,normal,0.524414,302,87,490,446,113.767
20cm,yolo26s,357,387,11.894,12.894,0,9,plastic_normal,plastic,normal,0.509766,302,87,490,446,111.05
20cm,yolo26s,358,388,11.928,12.927,0,9,plastic_normal,plastic,normal,0.473633,302,87,490,446,111.702
20cm,yolo26s,359,389,11.961,12.961,0,9,plastic_normal,plastic,normal,0.506836,302,87,490,447,112.881
20cm,yolo26s,360,390,11.994,12.994,0,9,plastic_normal,plastic,normal,0.539062,302,88,490,445,111.818
20cm,yolo26s,361,391,12.028,13.027,0,9,plastic_normal,plastic,normal,0.530273,302,87,490,447,110.71
20cm,yolo26s,362,392,12.061,13.061,0,9,plastic_normal,plastic,normal,0.524414,302,87,490,447,111.476
20cm,yolo26s,363,393,12.094,13.094,0,9,plastic_normal,plastic,normal,0.551758,302,87,490,445,116.182
20cm,yolo26s,364,394,12.128,13.127,0,9,plastic_normal,plastic,normal,0.526367,302,87,490,446,111.263
20cm,yolo26s,365,395,12.161,13.161,0,9,plastic_normal,plastic,normal,0.562988,301,87,489,444,111.304
20cm,yolo26s,366,396,12.194,13.194,0,5,pet_normal,pet,normal,0.296631,302,88,489,446,111.549
20cm,yolo26s,366,396,12.194,13.194,1,9,plastic_normal,plastic,normal,0.461914,302,87,490,446,111.549
20cm,yolo26s,367,397,12.228,13.227,0,9,plastic_normal,plastic,normal,0.557129,302,87,490,447,112.484
20cm,yolo26s,368,398,12.261,13.261,0,5,pet_normal,pet,normal,0.251709,301,88,489,447,112.418
20cm,yolo26s,368,398,12.261,13.261,1,9,plastic_normal,plastic,normal,0.523438,301,87,489,447,112.418
20cm,yolo26s,369,399,12.294,13.294,0,5,pet_normal,pet,normal,0.307373,302,89,489,447,115.423
20cm,yolo26s,369,399,12.294,13.294,1,9,plastic_normal,plastic,normal,0.529297,302,87,490,446,115.423
20cm,yolo26s,370,400,12.328,13.327,0,9,plastic_normal,plastic,normal,0.490234,302,87,490,447,112.329
20cm,yolo26s,371,401,12.361,13.36,0,9,plastic_normal,plastic,normal,0.491211,301,87,489,447,111.142
20cm,yolo26s,372,402,12.394,13.394,0,5,pet_normal,pet,normal,0.265137,301,89,489,447,111.532
20cm,yolo26s,372,402,12.394,13.394,1,9,plastic_normal,plastic,normal,0.482422,301,87,489,446,111.532
20cm,yolo26s,373,403,12.428,13.427,0,5,pet_normal,pet,normal,0.255371,302,89,491,447,112.418
20cm,yolo26s,373,403,12.428,13.427,1,9,plastic_normal,plastic,normal,0.517578,301,87,490,446,112.418
20cm,yolo26s,374,404,12.461,13.46,0,9,plastic_normal,plastic,normal,0.483398,301,87,489,446,112.282
20cm,yolo26s,375,405,12.494,13.494,0,5,pet_normal,pet,normal,0.31665,303,89,490,447,112.149
20cm,yolo26s,375,405,12.494,13.494,1,9,plastic_normal,plastic,normal,0.42334,302,87,490,447,112.149
20cm,yolo26s,376,406,12.528,13.527,0,9,plastic_normal,plastic,normal,0.541992,302,87,490,443,113.81
20cm,yolo26s,377,407,12.561,13.56,0,5,pet_normal,pet,normal,0.27124,303,88,489,447,111.048
20cm,yolo26s,377,407,12.561,13.56,1,9,plastic_normal,plastic,normal,0.416748,302,87,489,447,111.048
20cm,yolo26s,378,408,12.594,13.594,0,5,pet_normal,pet,normal,0.350342,303,87,489,446,111.495
20cm,yolo26s,378,408,12.594,13.594,1,9,plastic_normal,plastic,normal,0.37207,302,86,490,446,111.495
20cm,yolo26s,379,409,12.627,13.627,0,5,pet_normal,pet,normal,0.469727,303,87,489,446,112.835
20cm,yolo26s,379,409,12.627,13.627,1,9,plastic_normal,plastic,normal,0.268066,302,86,490,446,112.835
20cm,yolo26s,380,410,12.661,13.66,0,5,pet_normal,pet,normal,0.456055,304,88,489,447,111.422
20cm,yolo26s,381,411,12.694,13.694,0,5,pet_normal,pet,normal,0.402588,303,88,490,446,112.059
20cm,yolo26s,381,411,12.694,13.694,1,9,plastic_normal,plastic,normal,0.326904,302,87,490,447,112.059
20cm,yolo26s,382,412,12.727,13.727,0,5,pet_normal,pet,normal,0.44165,303,88,489,446,115.951
20cm,yolo26s,383,413,12.761,13.76,0,5,pet_normal,pet,normal,0.326904,304,89,490,447,112.076
20cm,yolo26s,384,414,12.794,13.794,0,5,pet_normal,pet,normal,0.301514,306,89,490,446,112.277
20cm,yolo26s,385,415,12.827,13.827,0,5,pet_normal,pet,normal,0.325928,306,90,490,446,112.336
20cm,yolo26s,386,416,12.861,13.86,0,5,pet_normal,pet,normal,0.458008,303,89,490,447,112.274
20cm,yolo26s,387,417,12.894,13.894,0,5,pet_normal,pet,normal,0.482422,302,89,491,447,111.064
20cm,yolo26s,388,418,12.927,13.927,0,5,pet_normal,pet,normal,0.415771,302,83,491,446,111.521
20cm,yolo26s,389,419,12.961,13.96,0,5,pet_normal,pet,normal,0.36377,302,89,490,447,111.711
20cm,yolo26s,389,419,12.961,13.96,1,9,plastic_normal,plastic,normal,0.262207,302,89,490,447,111.711
20cm,yolo26s,390,420,12.994,13.994,0,5,pet_normal,pet,normal,0.386719,303,88,490,447,113.246
20cm,yolo26s,391,421,13.027,14.027,0,9,plastic_normal,plastic,normal,0.259766,302,86,490,447,113.58
20cm,yolo26s,392,422,13.061,14.06,0,9,plastic_normal,plastic,normal,0.362061,303,88,491,449,112.714
20cm,yolo26s,393,423,13.094,14.093,,,,,,,,,,,111.653
20cm,yolo26s,394,424,13.127,14.127,,,,,,,,,,,111.822
20cm,yolo26s,395,425,13.161,14.16,,,,,,,,,,,116.005
20cm,yolo26s,396,426,13.194,14.193,,,,,,,,,,,112.941
20cm,yolo26s,397,427,13.227,14.227,,,,,,,,,,,111.389
20cm,yolo26s,398,428,13.261,14.26,,,,,,,,,,,113.324
20cm,yolo26s,399,429,13.294,14.293,,,,,,,,,,,113.016
20cm,yolo26s,400,430,13.327,14.327,,,,,,,,,,,113.309
20cm,yolo26s,401,431,13.36,14.36,,,,,,,,,,,116.046
20cm,yolo26s,402,432,13.394,14.393,,,,,,,,,,,112.835
20cm,yolo26s,403,433,13.427,14.427,,,,,,,,,,,112.181
20cm,yolo26s,404,434,13.46,14.46,,,,,,,,,,,112.539
20cm,yolo26s,405,435,13.494,14.493,,,,,,,,,,,112.565
20cm,yolo26s,406,436,13.527,14.527,,,,,,,,,,,113.433
20cm,yolo26s,407,437,13.56,14.56,,,,,,,,,,,112.45
20cm,yolo26s,408,438,13.594,14.593,,,,,,,,,,,111.625
20cm,yolo26s,409,439,13.627,14.627,,,,,,,,,,,117.399
20cm,yolo26s,410,440,13.66,14.66,,,,,,,,,,,111.66
20cm,yolo26s,411,441,13.694,14.693,,,,,,,,,,,111.983
20cm,yolo26s,412,442,13.727,14.727,,,,,,,,,,,112.623
20cm,yolo26s,413,443,13.76,14.76,,,,,,,,,,,111.656
20cm,yolo26s,414,444,13.794,14.793,,,,,,,,,,,116.887
20cm,yolo26s,415,445,13.827,14.826,,,,,,,,,,,112.327
20cm,yolo26s,416,446,13.86,14.86,,,,,,,,,,,111.549
20cm,yolo26s,417,447,13.894,14.893,,,,,,,,,,,112.646
20cm,yolo26s,418,448,13.927,14.926,,,,,,,,,,,112.015
20cm,yolo26s,419,449,13.96,14.96,,,,,,,,,,,112.369
20cm,yolo26s,420,450,13.994,14.993,,,,,,,,,,,112.751
20cm,yolo26s,421,451,14.027,15.026,,,,,,,,,,,111.501
20cm,yolo26s,422,452,14.06,15.06,,,,,,,,,,,111.942
20cm,yolo26s,423,453,14.093,15.093,,,,,,,,,,,112.08
20cm,yolo26s,424,454,14.127,15.126,,,,,,,,,,,112.769
20cm,yolo26s,425,455,14.16,15.16,,,,,,,,,,,113.284
20cm,yolo26s,426,456,14.193,15.193,,,,,,,,,,,111.702
20cm,yolo26s,427,457,14.227,15.226,,,,,,,,,,,115.966
20cm,yolo26s,428,458,14.26,15.26,,,,,,,,,,,111.46
20cm,yolo26s,429,459,14.293,15.293,,,,,,,,,,,112.579
20cm,yolo26s,430,460,14.327,15.326,,,,,,,,,,,112.783
20cm,yolo26s,431,461,14.36,15.36,,,,,,,,,,,113.104
20cm,yolo26s,432,462,14.393,15.393,,,,,,,,,,,113.032
20cm,yolo26s,433,463,14.427,15.426,,,,,,,,,,,115.097
20cm,yolo26s,434,464,14.46,15.46,,,,,,,,,,,113.369
20cm,yolo26s,435,465,14.493,15.493,,,,,,,,,,,112.137
20cm,yolo26s,436,466,14.527,15.526,,,,,,,,,,,112.672
20cm,yolo26s,437,467,14.56,15.559,,,,,,,,,,,112.621
20cm,yolo26s,438,468,14.593,15.593,,,,,,,,,,,112.078
20cm,yolo26s,439,469,14.627,15.626,0,5,pet_normal,pet,normal,0.294922,158,244,469,376,112.309
20cm,yolo26s,440,470,14.66,15.659,,,,,,,,,,,112.175
20cm,yolo26s,441,471,14.693,15.693,0,7,pet_packaging,pet,packaging,0.313232,162,238,547,378,111.202
20cm,yolo26s,442,472,14.727,15.726,,,,,,,,,,,112.28
20cm,yolo26s,443,473,14.76,15.759,,,,,,,,,,,112.945
20cm,yolo26s,444,474,14.793,15.793,,,,,,,,,,,111.232
20cm,yolo26s,445,475,14.826,15.826,,,,,,,,,,,110.256
20cm,yolo26s,446,476,14.86,15.859,,,,,,,,,,,116.842
20cm,yolo26s,447,477,14.893,15.893,,,,,,,,,,,111.109
20cm,yolo26s,448,478,14.926,15.926,,,,,,,,,,,111.364
20cm,yolo26s,449,479,14.96,15.959,,,,,,,,,,,111.734
20cm,yolo26s,450,480,14.993,15.993,,,,,,,,,,,111.025
20cm,yolo26s,451,481,15.026,16.026,,,,,,,,,,,110.954
20cm,yolo26s,452,482,15.06,16.059,,,,,,,,,,,115.989
20cm,yolo26s,453,483,15.093,16.093,,,,,,,,,,,111.529
20cm,yolo26s,454,484,15.126,16.126,,,,,,,,,,,111.975
20cm,yolo26s,455,485,15.16,16.159,,,,,,,,,,,111.167
20cm,yolo26s,456,486,15.193,16.193,,,,,,,,,,,111.669
20cm,yolo26s,457,487,15.226,16.226,,,,,,,,,,,111.67
20cm,yolo26s,458,488,15.26,16.259,,,,,,,,,,,111.073
20cm,yolo26s,459,489,15.293,16.292,,,,,,,,,,,115.155
20cm,yolo26s,460,490,15.326,16.326,,,,,,,,,,,110.623
20cm,yolo26s,461,491,15.36,16.359,,,,,,,,,,,110.739
20cm,yolo26s,462,492,15.393,16.392,,,,,,,,,,,112.302
20cm,yolo26s,463,493,15.426,16.426,,,,,,,,,,,111.808
20cm,yolo26s,464,494,15.46,16.459,,,,,,,,,,,110.97
20cm,yolo26s,465,495,15.493,16.492,,,,,,,,,,,115.966
20cm,yolo26s,466,496,15.526,16.526,0,5,pet_normal,pet,normal,0.277588,167,299,635,452,112.0
20cm,yolo26s,467,497,15.559,16.559,,,,,,,,,,,112.962
20cm,yolo26s,468,498,15.593,16.592,,,,,,,,,,,112.392
20cm,yolo26s,469,499,15.626,16.626,,,,,,,,,,,112.112
20cm,yolo26s,470,500,15.659,16.659,,,,,,,,,,,112.478
20cm,yolo26s,471,501,15.693,16.692,,,,,,,,,,,111.304
20cm,yolo26s,472,502,15.726,16.726,,,,,,,,,,,111.934
20cm,yolo26s,473,503,15.759,16.759,,,,,,,,,,,111.129
20cm,yolo26s,474,504,15.793,16.792,,,,,,,,,,,112.893
20cm,yolo26s,475,505,15.826,16.826,,,,,,,,,,,112.292
20cm,yolo26s,476,506,15.859,16.859,,,,,,,,,,,112.213
20cm,yolo26s,477,507,15.893,16.892,,,,,,,,,,,112.723
20cm,yolo26s,478,508,15.926,16.926,,,,,,,,,,,116.62
20cm,yolo26s,479,509,15.959,16.959,,,,,,,,,,,113.608
20cm,yolo26s,480,510,15.993,16.992,,,,,,,,,,,113.304
20cm,yolo26s,481,511,16.026,17.025,,,,,,,,,,,111.151
20cm,yolo26s,482,512,16.059,17.059,,,,,,,,,,,112.019
20cm,yolo26s,483,513,16.093,17.092,,,,,,,,,,,112.228
20cm,yolo26s,484,514,16.126,17.125,0,7,pet_packaging,pet,packaging,0.267334,216,255,484,322,115.319
20cm,yolo26s,485,515,16.159,17.159,0,7,pet_packaging,pet,packaging,0.345947,213,252,465,320,112.893
20cm,yolo26s,486,516,16.193,17.192,,,,,,,,,,,112.6
20cm,yolo26s,487,517,16.226,17.225,,,,,,,,,,,112.52
20cm,yolo26s,488,518,16.259,17.259,0,7,pet_packaging,pet,packaging,0.404541,224,232,516,324,112.572
20cm,yolo26s,489,519,16.292,17.292,0,7,pet_packaging,pet,packaging,0.408203,228,232,538,328,112.319
20cm,yolo26s,490,520,16.326,17.325,0,7,pet_packaging,pet,packaging,0.463867,229,232,533,333,112.485
20cm,yolo26s,491,521,16.359,17.359,,,,,,,,,,,110.717
20cm,yolo26s,492,522,16.392,17.392,0,7,pet_packaging,pet,packaging,0.509766,222,236,524,334,111.487
20cm,yolo26s,493,523,16.426,17.425,0,5,pet_normal,pet,normal,0.268066,225,241,524,333,110.59
20cm,yolo26s,493,523,16.426,17.425,1,7,pet_packaging,pet,packaging,0.303223,222,242,522,333,110.59
20cm,yolo26s,494,524,16.459,17.459,0,7,pet_packaging,pet,packaging,0.392334,224,240,504,331,111.242
20cm,yolo26s,495,525,16.492,17.492,0,7,pet_packaging,pet,packaging,0.509766,225,240,502,326,111.58
20cm,yolo26s,496,526,16.526,17.525,0,7,pet_packaging,pet,packaging,0.574707,226,238,500,324,112.627
20cm,yolo26s,497,527,16.559,17.559,0,7,pet_packaging,pet,packaging,0.585938,227,238,480,323,117.288
20cm,yolo26s,498,528,16.592,17.592,0,7,pet_packaging,pet,packaging,0.523438,226,238,500,324,112.567
20cm,yolo26s,499,529,16.626,17.625,0,7,pet_packaging,pet,packaging,0.551758,227,237,502,324,112.586
20cm,yolo26s,500,530,16.659,17.658,0,7,pet_packaging,pet,packaging,0.427246,225,238,498,325,112.524
20cm,yolo26s,501,531,16.692,17.692,0,7,pet_packaging,pet,packaging,0.559082,222,239,487,326,113.169
20cm,yolo26s,502,532,16.726,17.725,0,7,pet_packaging,pet,packaging,0.47168,222,240,503,327,112.203
20cm,yolo26s,503,533,16.759,17.758,0,7,pet_packaging,pet,packaging,0.42627,220,243,503,331,116.07
20cm,yolo26s,504,534,16.792,17.792,0,7,pet_packaging,pet,packaging,0.512695,219,245,508,333,111.335
20cm,yolo26s,505,535,16.826,17.825,0,7,pet_packaging,pet,packaging,0.53418,218,248,505,332,110.448
20cm,yolo26s,506,536,16.859,17.858,0,7,pet_packaging,pet,packaging,0.419678,214,251,506,334,111.502
20cm,yolo26s,507,537,16.892,17.892,0,7,pet_packaging,pet,packaging,0.479492,214,254,509,336,111.646
20cm,yolo26s,508,538,16.926,17.925,0,7,pet_packaging,pet,packaging,0.440674,215,257,508,339,111.55
20cm,yolo26s,509,539,16.959,17.958,0,7,pet_packaging,pet,packaging,0.475586,216,258,515,339,112.635
20cm,yolo26s,510,540,16.992,17.992,0,7,pet_packaging,pet,packaging,0.532227,217,263,507,339,112.071
20cm,yolo26s,511,541,17.025,18.025,,,,,,,,,,,112.922
20cm,yolo26s,512,542,17.059,18.058,,,,,,,,,,,112.395
20cm,yolo26s,513,543,17.092,18.092,0,7,pet_packaging,pet,packaging,0.571777,242,289,441,335,113.36
20cm,yolo26s,514,544,17.125,18.125,0,7,pet_packaging,pet,packaging,0.383057,245,292,432,337,112.591
20cm,yolo26s,515,545,17.159,18.158,0,7,pet_packaging,pet,packaging,0.38501,246,292,430,337,112.062
20cm,yolo26s,516,546,17.192,18.192,0,7,pet_packaging,pet,packaging,0.354004,246,293,429,337,117.076
20cm,yolo26s,517,547,17.225,18.225,0,7,pet_packaging,pet,packaging,0.457031,245,293,425,337,110.391
20cm,yolo26s,518,548,17.259,18.258,0,7,pet_packaging,pet,packaging,0.386719,243,292,429,336,111.535
20cm,yolo26s,519,549,17.292,18.292,,,,,,,,,,,112.533
20cm,yolo26s,520,550,17.325,18.325,,,,,,,,,,,113.154
20cm,yolo26s,521,551,17.359,18.358,,,,,,,,,,,112.965
20cm,yolo26s,522,552,17.392,18.391,,,,,,,,,,,116.819
20cm,yolo26s,523,553,17.425,18.425,,,,,,,,,,,112.727
20cm,yolo26s,524,554,17.459,18.458,,,,,,,,,,,113.289
20cm,yolo26s,525,555,17.492,18.491,,,,,,,,,,,112.786
20cm,yolo26s,526,556,17.525,18.525,,,,,,,,,,,112.018
20cm,yolo26s,527,557,17.559,18.558,,,,,,,,,,,112.493
20cm,yolo26s,528,558,17.592,18.591,,,,,,,,,,,112.242
20cm,yolo26s,529,559,17.625,18.625,,,,,,,,,,,110.051
20cm,yolo26s,530,560,17.658,18.658,,,,,,,,,,,111.547
20cm,yolo26s,531,561,17.692,18.691,,,,,,,,,,,111.461
20cm,yolo26s,532,562,17.725,18.725,,,,,,,,,,,110.423
20cm,yolo26s,533,563,17.758,18.758,,,,,,,,,,,111.325
20cm,yolo26s,534,564,17.792,18.791,,,,,,,,,,,112.077
20cm,yolo26s,535,565,17.825,18.825,,,,,,,,,,,116.402
20cm,yolo26s,536,566,17.858,18.858,,,,,,,,,,,111.241
20cm,yolo26s,537,567,17.892,18.891,0,7,pet_packaging,pet,packaging,0.40918,371,38,499,209,112.407
20cm,yolo26s,537,567,17.892,18.891,1,9,plastic_normal,plastic,normal,0.401611,241,76,379,186,112.407
20cm,yolo26s,538,568,17.925,18.925,0,7,pet_packaging,pet,packaging,0.353027,370,34,504,216,112.595
20cm,yolo26s,538,568,17.925,18.925,1,9,plastic_normal,plastic,normal,0.377441,237,78,372,184,112.595
20cm,yolo26s,539,569,17.958,18.958,0,9,plastic_normal,plastic,normal,0.250977,230,80,371,191,111.928
20cm,yolo26s,540,570,17.992,18.991,,,,,,,,,,,111.463
20cm,yolo26s,541,571,18.025,19.025,,,,,,,,,,,111.471
20cm,yolo26s,542,572,18.058,19.058,0,7,pet_packaging,pet,packaging,0.286865,387,18,528,211,111.654
20cm,yolo26s,543,573,18.092,19.091,,,,,,,,,,,112.507
20cm,yolo26s,544,574,18.125,19.124,,,,,,,,,,,111.833
20cm,yolo26s,545,575,18.158,19.158,,,,,,,,,,,111.759
20cm,yolo26s,546,576,18.192,19.191,,,,,,,,,,,111.883
20cm,yolo26s,547,577,18.225,19.224,,,,,,,,,,,112.019
20cm,yolo26s,548,578,18.258,19.258,,,,,,,,,,,111.766
20cm,yolo26s,549,579,18.292,19.291,,,,,,,,,,,113.458
20cm,yolo26s,550,580,18.325,19.324,,,,,,,,,,,111.636
20cm,yolo26s,551,581,18.358,19.358,0,7,pet_packaging,pet,packaging,0.281494,301,20,562,381,110.979
20cm,yolo26s,552,582,18.391,19.391,0,5,pet_normal,pet,normal,0.288574,295,30,556,375,110.936
20cm,yolo26s,552,582,18.391,19.391,1,7,pet_packaging,pet,packaging,0.391357,293,26,555,375,110.936
20cm,yolo26s,553,583,18.425,19.424,0,7,pet_packaging,pet,packaging,0.309814,285,31,549,368,110.699
20cm,yolo26s,554,584,18.458,19.458,,,,,,,,,,,114.606
20cm,yolo26s,555,585,18.491,19.491,0,5,pet_normal,pet,normal,0.335449,352,106,541,374,111.151
20cm,yolo26s,556,586,18.525,19.524,0,5,pet_normal,pet,normal,0.435059,352,109,540,375,111.746
20cm,yolo26s,557,587,18.558,19.558,0,5,pet_normal,pet,normal,0.545898,352,118,539,373,112.54
20cm,yolo26s,558,588,18.591,19.591,0,5,pet_normal,pet,normal,0.448486,352,135,540,374,111.614
20cm,yolo26s,559,589,18.625,19.624,0,5,pet_normal,pet,normal,0.451416,353,151,542,369,111.111
20cm,yolo26s,560,590,18.658,19.658,0,7,pet_packaging,pet,packaging,0.29834,353,168,543,368,111.804
20cm,yolo26s,561,591,18.691,19.691,0,7,pet_packaging,pet,packaging,0.499023,353,184,544,366,111.862
20cm,yolo26s,562,592,18.725,19.724,,,,,,,,,,,111.457
20cm,yolo26s,563,593,18.758,19.758,,,,,,,,,,,111.221
20cm,yolo26s,564,594,18.791,19.791,,,,,,,,,,,110.942
20cm,yolo26s,565,595,18.825,19.824,,,,,,,,,,,111.409
20cm,yolo26s,566,596,18.858,19.857,,,,,,,,,,,112.317
20cm,yolo26s,567,597,18.891,19.891,,,,,,,,,,,115.4
20cm,yolo26s,568,598,18.925,19.924,,,,,,,,,,,111.252
20cm,yolo26s,569,599,18.958,19.957,0,5,pet_normal,pet,normal,0.358398,353,218,556,354,110.797
20cm,yolo26s,569,599,18.958,19.957,1,7,pet_packaging,pet,packaging,0.308105,352,219,556,356,110.797
20cm,yolo26s,570,600,18.991,19.991,,,,,,,,,,,111.466
20cm,yolo26s,571,601,19.025,20.024,,,,,,,,,,,111.379
20cm,yolo26s,572,602,19.058,20.057,,,,,,,,,,,111.799
20cm,yolo26s,573,603,19.091,20.091,,,,,,,,,,,116.182
20cm,yolo26s,574,604,19.124,20.124,,,,,,,,,,,110.855
20cm,yolo26s,575,605,19.158,20.157,,,,,,,,,,,112.046
20cm,yolo26s,576,606,19.191,20.191,,,,,,,,,,,111.214
20cm,yolo26s,577,607,19.224,20.224,,,,,,,,,,,110.098
20cm,yolo26s,578,608,19.258,20.257,,,,,,,,,,,111.809
20cm,yolo26s,579,609,19.291,20.291,,,,,,,,,,,111.092
20cm,yolo26s,580,610,19.324,20.324,,,,,,,,,,,114.962
20cm,yolo26s,581,611,19.358,20.357,,,,,,,,,,,110.07
20cm,yolo26s,582,612,19.391,20.391,,,,,,,,,,,111.188
20cm,yolo26s,583,613,19.424,20.424,,,,,,,,,,,110.67
20cm,yolo26s,584,614,19.458,20.457,,,,,,,,,,,110.624
20cm,yolo26s,585,615,19.491,20.491,,,,,,,,,,,110.428
20cm,yolo26s,586,616,19.524,20.524,,,,,,,,,,,115.576
20cm,yolo26s,587,617,19.558,20.557,,,,,,,,,,,111.511
20cm,yolo26s,588,618,19.591,20.59,0,7,pet_packaging,pet,packaging,0.264404,341,206,639,321,112.68
20cm,yolo26s,588,618,19.591,20.59,1,9,plastic_normal,plastic,normal,0.2854,342,188,639,322,112.68
20cm,yolo26s,589,619,19.624,20.624,,,,,,,,,,,110.806
20cm,yolo26s,590,620,19.658,20.657,0,2,glass_normal,glass,normal,0.255371,350,166,639,368,111.696
20cm,yolo26s,591,621,19.691,20.69,0,2,glass_normal,glass,normal,0.256104,351,154,639,356,111.931
20cm,yolo26s,591,621,19.691,20.69,1,5,pet_normal,pet,normal,0.412109,349,154,638,357,111.931
20cm,yolo26s,592,622,19.724,20.724,0,2,glass_normal,glass,normal,0.269043,356,144,639,347,112.407
20cm,yolo26s,593,623,19.758,20.757,0,5,pet_normal,pet,normal,0.282227,358,134,638,327,111.366
20cm,yolo26s,594,624,19.791,20.79,,,,,,,,,,,110.882
20cm,yolo26s,595,625,19.824,20.824,,,,,,,,,,,111.875
20cm,yolo26s,596,626,19.857,20.857,,,,,,,,,,,111.923
20cm,yolo26s,597,627,19.891,20.89,,,,,,,,,,,112.05
20cm,yolo26s,598,628,19.924,20.924,,,,,,,,,,,112.377
20cm,yolo26s,599,629,19.957,20.957,,,,,,,,,,,115.926
20cm,yolo26s,600,630,19.991,20.99,,,,,,,,,,,110.516
20cm,yolo26s,601,631,20.024,21.024,,,,,,,,,,,109.5
20cm,yolo26s,602,632,20.057,21.057,,,,,,,,,,,112.029
20cm,yolo26s,603,633,20.091,21.09,,,,,,,,,,,111.551
20cm,yolo26s,604,634,20.124,21.124,,,,,,,,,,,112.644
20cm,yolo26s,605,635,20.157,21.157,,,,,,,,,,,115.68
20cm,yolo26s,606,636,20.191,21.19,,,,,,,,,,,110.513
20cm,yolo26s,607,637,20.224,21.224,,,,,,,,,,,110.516
20cm,yolo26s,608,638,20.257,21.257,,,,,,,,,,,111.243
20cm,yolo26s,609,639,20.291,21.29,,,,,,,,,,,111.444
20cm,yolo26s,610,640,20.324,21.323,,,,,,,,,,,111.931
20cm,yolo26s,611,641,20.357,21.357,,,,,,,,,,,110.997
20cm,yolo26s,612,642,20.391,21.39,,,,,,,,,,,110.889
20cm,yolo26s,613,643,20.424,21.423,,,,,,,,,,,110.064
20cm,yolo26s,614,644,20.457,21.457,,,,,,,,,,,112.841
20cm,yolo26s,615,645,20.491,21.49,,,,,,,,,,,111.878
20cm,yolo26s,616,646,20.524,21.523,,,,,,,,,,,112.295
20cm,yolo26s,617,647,20.557,21.557,,,,,,,,,,,110.646
20cm,yolo26s,618,648,20.59,21.59,,,,,,,,,,,114.399
20cm,yolo26s,619,649,20.624,21.623,,,,,,,,,,,111.428
20cm,yolo26s,620,650,20.657,21.657,,,,,,,,,,,111.07
20cm,yolo26s,621,651,20.69,21.69,,,,,,,,,,,111.581
20cm,yolo26s,622,652,20.724,21.723,,,,,,,,,,,111.818
20cm,yolo26s,623,653,20.757,21.757,,,,,,,,,,,110.947
20cm,yolo26s,624,654,20.79,21.79,,,,,,,,,,,110.806
20cm,yolo26s,625,655,20.824,21.823,,,,,,,,,,,109.776
20cm,yolo26s,626,656,20.857,21.857,,,,,,,,,,,110.872
20cm,yolo26s,627,657,20.89,21.89,,,,,,,,,,,111.154
20cm,yolo26s,628,658,20.924,21.923,,,,,,,,,,,110.908
20cm,yolo26s,629,659,20.957,21.957,,,,,,,,,,,110.826
20cm,yolo26s,630,660,20.99,21.99,,,,,,,,,,,110.984
20cm,yolo26s,631,661,21.024,22.023,,,,,,,,,,,115.866
20cm,yolo26s,632,662,21.057,22.056,,,,,,,,,,,111.062
20cm,yolo26s,633,663,21.09,22.09,,,,,,,,,,,111.583
20cm,yolo26s,634,664,21.124,22.123,,,,,,,,,,,112.761
20cm,yolo26s,635,665,21.157,22.156,,,,,,,,,,,113.274
20cm,yolo26s,636,666,21.19,22.19,,,,,,,,,,,112.747
20cm,yolo26s,637,667,21.224,22.223,,,,,,,,,,,115.344
20cm,yolo26s,638,668,21.257,22.256,,,,,,,,,,,111.825
20cm,yolo26s,639,669,21.29,22.29,,,,,,,,,,,112.742
20cm,yolo26s,640,670,21.323,22.323,,,,,,,,,,,113.469
20cm,yolo26s,641,671,21.357,22.356,,,,,,,,,,,110.756
20cm,yolo26s,642,672,21.39,22.39,,,,,,,,,,,124.456
20cm,yolo26s,643,673,21.423,22.423,,,,,,,,,,,110.883
20cm,yolo26s,644,674,21.457,22.456,,,,,,,,,,,111.083
20cm,yolo26s,645,675,21.49,22.49,,,,,,,,,,,111.692
20cm,yolo26s,646,676,21.523,22.523,,,,,,,,,,,112.973
20cm,yolo26s,647,677,21.557,22.556,,,,,,,,,,,111.703
20cm,yolo26s,648,678,21.59,22.59,,,,,,,,,,,111.497
20cm,yolo26s,649,679,21.623,22.623,,,,,,,,,,,110.741
20cm,yolo26s,650,680,21.657,22.656,,,,,,,,,,,114.806
20cm,yolo26s,651,681,21.69,22.69,,,,,,,,,,,110.744
20cm,yolo26s,652,682,21.723,22.723,,,,,,,,,,,110.706
20cm,yolo26s,653,683,21.757,22.756,,,,,,,,,,,111.816
20cm,yolo26s,654,684,21.79,22.789,,,,,,,,,,,111.532
20cm,yolo26s,655,685,21.823,22.823,,,,,,,,,,,112.286
20cm,yolo26s,656,686,21.857,22.856,,,,,,,,,,,111.489
20cm,yolo26s,657,687,21.89,22.889,,,,,,,,,,,111.518
20cm,yolo26s,658,688,21.923,22.923,,,,,,,,,,,112.058
20cm,yolo26s,659,689,21.957,22.956,,,,,,,,,,,112.189
20cm,yolo26s,660,690,21.99,22.989,,,,,,,,,,,111.238
20cm,yolo26s,661,691,22.023,23.023,,,,,,,,,,,110.44
20cm,yolo26s,662,692,22.056,23.056,0,5,pet_normal,pet,normal,0.371094,68,128,547,381,112.143
20cm,yolo26s,663,693,22.09,23.089,,,,,,,,,,,116.706
20cm,yolo26s,664,694,22.123,23.123,,,,,,,,,,,111.751
20cm,yolo26s,665,695,22.156,23.156,,,,,,,,,,,112.723
20cm,yolo26s,666,696,22.19,23.189,,,,,,,,,,,112.347
20cm,yolo26s,667,697,22.223,23.223,,,,,,,,,,,112.095
20cm,yolo26s,668,698,22.256,23.256,,,,,,,,,,,112.218
20cm,yolo26s,669,699,22.29,23.289,,,,,,,,,,,117.006
20cm,yolo26s,670,700,22.323,23.323,,,,,,,,,,,112.654
20cm,yolo26s,671,701,22.356,23.356,,,,,,,,,,,111.507
20cm,yolo26s,672,702,22.39,23.389,,,,,,,,,,,111.656
20cm,yolo26s,673,703,22.423,23.422,,,,,,,,,,,109.812
20cm,yolo26s,674,704,22.456,23.456,,,,,,,,,,,111.344
20cm,yolo26s,675,705,22.49,23.489,,,,,,,,,,,111.138
20cm,yolo26s,676,706,22.523,23.522,0,5,pet_normal,pet,normal,0.294922,3,255,435,479,110.129
20cm,yolo26s,677,707,22.556,23.556,0,5,pet_normal,pet,normal,0.277588,7,282,429,479,112.287
20cm,yolo26s,678,708,22.59,23.589,0,5,pet_normal,pet,normal,0.562988,2,281,424,479,112.334
20cm,yolo26s,679,709,22.623,23.622,0,5,pet_normal,pet,normal,0.27124,5,279,426,479,111.861
20cm,yolo26s,680,710,22.656,23.656,0,5,pet_normal,pet,normal,0.301514,3,278,432,479,112.549
20cm,yolo26s,681,711,22.69,23.689,0,5,pet_normal,pet,normal,0.437744,1,284,435,479,112.572
20cm,yolo26s,682,712,22.723,23.722,0,5,pet_normal,pet,normal,0.457031,3,288,440,479,115.437
20cm,yolo26s,683,713,22.756,23.756,0,5,pet_normal,pet,normal,0.412109,0,285,445,479,111.761
20cm,yolo26s,684,714,22.789,23.789,0,5,pet_normal,pet,normal,0.33374,3,286,452,479,112.579
20cm,yolo26s,685,715,22.823,23.822,,,,,,,,,,,111.896
20cm,yolo26s,686,716,22.856,23.856,0,5,pet_normal,pet,normal,0.476562,14,287,471,479,112.401
20cm,yolo26s,687,717,22.889,23.889,0,5,pet_normal,pet,normal,0.269775,12,287,479,479,112.407
20cm,yolo26s,688,718,22.923,23.922,0,5,pet_normal,pet,normal,0.387695,2,288,488,479,115.344
20cm,yolo26s,689,719,22.956,23.956,0,5,pet_normal,pet,normal,0.343262,0,289,485,479,111.437
20cm,yolo26s,690,720,22.989,23.989,0,5,pet_normal,pet,normal,0.373047,0,286,480,479,110.463
20cm,yolo26s,691,721,23.023,24.022,0,5,pet_normal,pet,normal,0.405518,5,286,482,479,112.138
20cm,yolo26s,692,722,23.056,24.056,0,5,pet_normal,pet,normal,0.526367,19,290,470,479,111.617
20cm,yolo26s,693,723,23.089,24.089,0,5,pet_normal,pet,normal,0.572754,4,289,474,479,111.699
20cm,yolo26s,694,724,23.123,24.122,0,5,pet_normal,pet,normal,0.53125,1,286,460,479,111.234
20cm,yolo26s,695,725,23.156,24.155,0,5,pet_normal,pet,normal,0.628906,1,285,454,479,110.674
20cm,yolo26s,696,726,23.189,24.189,0,5,pet_normal,pet,normal,0.60498,9,287,458,479,111.058
20cm,yolo26s,697,727,23.223,24.222,0,5,pet_normal,pet,normal,0.666504,1,291,454,479,109.813
20cm,yolo26s,698,728,23.256,24.255,0,5,pet_normal,pet,normal,0.621582,0,289,453,479,111.911
20cm,yolo26s,699,729,23.289,24.289,0,5,pet_normal,pet,normal,0.617676,0,291,453,479,112.128
20cm,yolo26s,700,730,23.323,24.322,0,5,pet_normal,pet,normal,0.64502,0,290,453,479,112.069
20cm,yolo26s,701,731,23.356,24.355,0,5,pet_normal,pet,normal,0.705078,0,290,456,479,114.14
20cm,yolo26s,702,732,23.389,24.389,0,5,pet_normal,pet,normal,0.625,7,291,460,479,111.1
20cm,yolo26s,703,733,23.422,24.422,0,5,pet_normal,pet,normal,0.691895,0,291,464,479,110.911
20cm,yolo26s,704,734,23.456,24.455,0,5,pet_normal,pet,normal,0.572754,1,292,474,479,111.418
20cm,yolo26s,705,735,23.489,24.489,0,5,pet_normal,pet,normal,0.538086,14,292,474,479,112.438
20cm,yolo26s,706,736,23.522,24.522,0,5,pet_normal,pet,normal,0.526367,7,289,479,479,112.027
20cm,yolo26s,707,737,23.556,24.555,0,5,pet_normal,pet,normal,0.562988,14,287,483,479,129.14
20cm,yolo26s,708,738,23.589,24.589,0,5,pet_normal,pet,normal,0.516602,16,286,490,479,111.579
20cm,yolo26s,709,739,23.622,24.622,0,5,pet_normal,pet,normal,0.473633,32,293,495,479,111.363
20cm,yolo26s,710,740,23.656,24.655,0,5,pet_normal,pet,normal,0.526367,34,294,497,479,111.501
20cm,yolo26s,711,741,23.689,24.689,0,5,pet_normal,pet,normal,0.431152,8,291,487,479,112.785
20cm,yolo26s,712,742,23.722,24.722,0,5,pet_normal,pet,normal,0.583984,4,289,473,479,111.919
20cm,yolo26s,713,743,23.756,24.755,0,5,pet_normal,pet,normal,0.433105,9,287,438,479,111.532
20cm,yolo26s,714,744,23.789,24.789,0,5,pet_normal,pet,normal,0.47168,12,283,419,479,115.309
20cm,yolo26s,715,745,23.822,24.822,0,5,pet_normal,pet,normal,0.53418,21,279,416,479,110.128
20cm,yolo26s,716,746,23.856,24.855,0,5,pet_normal,pet,normal,0.418701,20,278,409,479,110.519
20cm,yolo26s,717,747,23.889,24.888,,,,,,,,,,,110.778
20cm,yolo26s,718,748,23.922,24.922,,,,,,,,,,,110.672
20cm,yolo26s,719,749,23.956,24.955,,,,,,,,,,,110.952
20cm,yolo26s,720,750,23.989,24.988,0,9,plastic_normal,plastic,normal,0.524414,355,74,507,229,113.761
20cm,yolo26s,721,751,24.022,25.022,0,9,plastic_normal,plastic,normal,0.434082,343,76,490,229,109.88
20cm,yolo26s,722,752,24.056,25.055,,,,,,,,,,,110.089
20cm,yolo26s,723,753,24.089,25.088,0,9,plastic_normal,plastic,normal,0.307373,333,82,469,231,110.541
20cm,yolo26s,723,753,24.089,25.088,1,10,plastic_dirty,plastic,dirty,0.283691,334,82,470,231,110.541
20cm,yolo26s,724,754,24.122,25.122,,,,,,,,,,,112.004
20cm,yolo26s,725,755,24.155,25.155,0,5,pet_normal,pet,normal,0.311523,1,286,328,479,111.818
20cm,yolo26s,726,756,24.189,25.188,0,0,can_normal,can,normal,0.331055,328,86,460,268,112.408
20cm,yolo26s,727,757,24.222,25.222,0,0,can_normal,can,normal,0.429199,328,86,460,291,110.643
20cm,yolo26s,727,757,24.222,25.222,1,5,pet_normal,pet,normal,0.500977,2,287,332,479,110.643
20cm,yolo26s,728,758,24.255,25.255,0,0,can_normal,can,normal,0.279053,327,86,461,329,111.429
20cm,yolo26s,728,758,24.255,25.255,1,5,pet_normal,pet,normal,0.353027,2,286,331,479,111.429
20cm,yolo26s,729,759,24.289,25.288,0,0,can_normal,can,normal,0.582031,328,86,461,321,111.818
20cm,yolo26s,729,759,24.289,25.288,1,5,pet_normal,pet,normal,0.44165,0,286,329,479,111.818
20cm,yolo26s,730,760,24.322,25.322,0,0,can_normal,can,normal,0.35498,327,86,460,348,112.102
20cm,yolo26s,730,760,24.322,25.322,1,5,pet_normal,pet,normal,0.606934,0,285,329,479,112.102
20cm,yolo26s,731,761,24.355,25.355,0,1,can_dirty,can,dirty,0.270508,326,85,461,477,112.279
20cm,yolo26s,731,761,24.355,25.355,1,5,pet_normal,pet,normal,0.547852,1,285,330,479,112.279
20cm,yolo26s,732,762,24.389,25.388,0,0,can_normal,can,normal,0.255371,326,86,461,469,111.129
20cm,yolo26s,732,762,24.389,25.388,1,1,can_dirty,can,dirty,0.250977,326,85,462,478,111.129
20cm,yolo26s,732,762,24.389,25.388,2,5,pet_normal,pet,normal,0.499023,0,287,329,479,111.129
20cm,yolo26s,733,763,24.422,25.422,0,5,pet_normal,pet,normal,0.512695,0,286,329,479,115.872
20cm,yolo26s,734,764,24.455,25.455,0,0,can_normal,can,normal,0.290283,326,86,461,469,111.151
20cm,yolo26s,734,764,24.455,25.455,1,5,pet_normal,pet,normal,0.63623,0,286,329,479,111.151
20cm,yolo26s,735,765,24.489,25.488,0,0,can_normal,can,normal,0.301514,326,86,461,470,110.64
20cm,yolo26s,735,765,24.489,25.488,1,1,can_dirty,can,dirty,0.275879,326,85,462,478,110.64
20cm,yolo26s,735,765,24.489,25.488,2,5,pet_normal,pet,normal,0.518555,0,286,329,479,110.64
20cm,yolo26s,736,766,24.522,25.522,0,0,can_normal,can,normal,0.256836,326,86,461,469,110.993
20cm,yolo26s,736,766,24.522,25.522,1,1,can_dirty,can,dirty,0.255371,326,84,462,478,110.993
20cm,yolo26s,736,766,24.522,25.522,2,5,pet_normal,pet,normal,0.572754,0,286,330,479,110.993
20cm,yolo26s,737,767,24.555,25.555,0,0,can_normal,can,normal,0.293457,326,86,461,470,110.53
20cm,yolo26s,737,767,24.555,25.555,1,5,pet_normal,pet,normal,0.63623,0,285,330,479,110.53
20cm,yolo26s,738,768,24.589,25.588,0,0,can_normal,can,normal,0.320068,326,86,461,468,111.491
20cm,yolo26s,738,768,24.589,25.588,1,1,can_dirty,can,dirty,0.250977,325,84,461,477,111.491
20cm,yolo26s,738,768,24.589,25.588,2,5,pet_normal,pet,normal,0.652344,0,286,331,479,111.491
20cm,yolo26s,739,769,24.622,25.621,0,0,can_normal,can,normal,0.299805,326,86,461,472,115.683
20cm,yolo26s,739,769,24.622,25.621,1,1,can_dirty,can,dirty,0.315674,325,84,461,478,115.683
20cm,yolo26s,739,769,24.622,25.621,2,5,pet_normal,pet,normal,0.499023,0,286,330,479,115.683
20cm,yolo26s,740,770,24.655,25.655,0,0,can_normal,can,normal,0.303223,326,86,461,469,110.105
20cm,yolo26s,740,770,24.655,25.655,1,1,can_dirty,can,dirty,0.275146,325,84,461,477,110.105
20cm,yolo26s,740,770,24.655,25.655,2,5,pet_normal,pet,normal,0.440674,2,286,332,479,110.105
20cm,yolo26s,741,771,24.689,25.688,0,0,can_normal,can,normal,0.287842,326,86,461,469,112.63
20cm,yolo26s,741,771,24.689,25.688,1,1,can_dirty,can,dirty,0.312256,326,84,462,478,112.63
20cm,yolo26s,741,771,24.689,25.688,2,5,pet_normal,pet,normal,0.486328,0,286,330,479,112.63
20cm,yolo26s,742,772,24.722,25.721,0,0,can_normal,can,normal,0.312256,326,86,461,469,112.389
20cm,yolo26s,742,772,24.722,25.721,1,1,can_dirty,can,dirty,0.289307,326,84,462,477,112.389
20cm,yolo26s,742,772,24.722,25.721,2,5,pet_normal,pet,normal,0.52832,0,286,330,479,112.389
20cm,yolo26s,743,773,24.755,25.755,0,0,can_normal,can,normal,0.318359,326,86,461,469,112.228
20cm,yolo26s,743,773,24.755,25.755,1,1,can_dirty,can,dirty,0.287842,326,84,462,477,112.228
20cm,yolo26s,743,773,24.755,25.755,2,5,pet_normal,pet,normal,0.557129,0,285,330,479,112.228
20cm,yolo26s,744,774,24.789,25.788,0,0,can_normal,can,normal,0.312256,326,86,461,467,111.071
20cm,yolo26s,744,774,24.789,25.788,1,5,pet_normal,pet,normal,0.524414,0,285,330,479,111.071
20cm,yolo26s,745,775,24.822,25.821,0,0,can_normal,can,normal,0.318359,326,86,461,468,111.039
20cm,yolo26s,745,775,24.822,25.821,1,1,can_dirty,can,dirty,0.250244,325,85,461,478,111.039
20cm,yolo26s,745,775,24.822,25.821,2,5,pet_normal,pet,normal,0.524414,0,286,330,479,111.039
20cm,yolo26s,746,776,24.855,25.855,0,0,can_normal,can,normal,0.31665,326,86,461,469,110.594
20cm,yolo26s,746,776,24.855,25.855,1,1,can_dirty,can,dirty,0.260498,326,84,462,477,110.594
20cm,yolo26s,746,776,24.855,25.855,2,5,pet_normal,pet,normal,0.518555,0,286,330,479,110.594
20cm,yolo26s,747,777,24.888,25.888,0,0,can_normal,can,normal,0.312256,326,86,461,470,110.303
20cm,yolo26s,747,777,24.888,25.888,1,1,can_dirty,can,dirty,0.254639,325,84,461,477,110.303
20cm,yolo26s,747,777,24.888,25.888,2,5,pet_normal,pet,normal,0.477539,0,286,329,479,110.303
20cm,yolo26s,748,778,24.922,25.921,0,0,can_normal,can,normal,0.297363,326,86,461,467,112.021
20cm,yolo26s,748,778,24.922,25.921,1,5,pet_normal,pet,normal,0.506836,0,286,329,479,112.021
20cm,yolo26s,749,779,24.955,25.955,0,0,can_normal,can,normal,0.309082,326,86,461,471,111.256
20cm,yolo26s,749,779,24.955,25.955,1,5,pet_normal,pet,normal,0.503906,0,286,329,479,111.256
20cm,yolo26s,750,780,24.988,25.988,0,0,can_normal,can,normal,0.327637,326,86,461,469,110.488
20cm,yolo26s,750,780,24.988,25.988,1,5,pet_normal,pet,normal,0.5,0,286,329,479,110.488
20cm,yolo26s,751,781,25.022,26.021,0,0,can_normal,can,normal,0.32251,326,86,461,468,111.685
20cm,yolo26s,751,781,25.022,26.021,1,5,pet_normal,pet,normal,0.533203,0,286,329,479,111.685
20cm,yolo26s,752,782,25.055,26.055,0,0,can_normal,can,normal,0.2854,326,86,461,464,114.085
20cm,yolo26s,752,782,25.055,26.055,1,5,pet_normal,pet,normal,0.450439,0,286,329,479,114.085
20cm,yolo26s,753,783,25.088,26.088,0,0,can_normal,can,normal,0.300781,326,86,461,469,110.757
20cm,yolo26s,753,783,25.088,26.088,1,5,pet_normal,pet,normal,0.469727,0,286,330,479,110.757
20cm,yolo26s,754,784,25.122,26.121,0,5,pet_normal,pet,normal,0.415771,0,286,330,479,111.131
20cm,yolo26s,755,785,25.155,26.155,0,0,can_normal,can,normal,0.255371,326,86,462,460,111.87
20cm,yolo26s,755,785,25.155,26.155,1,5,pet_normal,pet,normal,0.461914,0,286,329,479,111.87
20cm,yolo26s,756,786,25.188,26.188,0,5,pet_normal,pet,normal,0.524414,0,286,330,479,112.348
20cm,yolo26s,756,786,25.188,26.188,1,9,plastic_normal,plastic,normal,0.263672,484,87,639,262,112.348
20cm,yolo26s,757,787,25.222,26.221,0,5,pet_normal,pet,normal,0.496094,0,286,329,479,111.48
20cm,yolo26s,757,787,25.222,26.221,1,9,plastic_normal,plastic,normal,0.27124,452,88,639,270,111.48
20cm,yolo26s,758,788,25.255,26.255,0,5,pet_normal,pet,normal,0.549805,0,286,329,479,112.29
20cm,yolo26s,759,789,25.288,26.288,0,5,pet_normal,pet,normal,0.572754,1,286,330,479,111.383
20cm,yolo26s,760,790,25.322,26.321,0,5,pet_normal,pet,normal,0.513672,1,286,329,479,112.496
20cm,yolo26s,761,791,25.355,26.354,0,5,pet_normal,pet,normal,0.410156,1,286,329,479,111.912
20cm,yolo26s,762,792,25.388,26.388,,,,,,,,,,,112.372
20cm,yolo26s,763,793,25.422,26.421,,,,,,,,,,,112.268
20cm,yolo26s,764,794,25.455,26.454,,,,,,,,,,,112.501
20cm,yolo26s,765,795,25.488,26.488,0,9,plastic_normal,plastic,normal,0.448486,415,101,571,316,117.177
20cm,yolo26s,766,796,25.522,26.521,0,5,pet_normal,pet,normal,0.408203,0,282,297,479,110.327
20cm,yolo26s,766,796,25.522,26.521,1,9,plastic_normal,plastic,normal,0.303223,411,102,565,314,110.327
20cm,yolo26s,767,797,25.555,26.554,0,5,pet_normal,pet,normal,0.384033,0,282,295,479,110.996
20cm,yolo26s,768,798,25.588,26.588,0,9,plastic_normal,plastic,normal,0.323486,405,101,560,323,110.878
20cm,yolo26s,769,799,25.621,26.621,0,5,pet_normal,pet,normal,0.269775,0,282,290,479,111.36
20cm,yolo26s,769,799,25.621,26.621,1,9,plastic_normal,plastic,normal,0.407227,402,101,558,326,111.36
20cm,yolo26s,770,800,25.655,26.654,0,5,pet_normal,pet,normal,0.327637,0,282,287,479,111.745
20cm,yolo26s,771,801,25.688,26.688,0,5,pet_normal,pet,normal,0.377441,0,283,285,479,115.568
20cm,yolo26s,772,802,25.721,26.721,0,5,pet_normal,pet,normal,0.5,0,282,283,479,117.403
20cm,yolo26s,772,802,25.721,26.721,1,9,plastic_normal,plastic,normal,0.282959,400,100,552,323,117.403
20cm,yolo26s,773,803,25.755,26.754,0,5,pet_normal,pet,normal,0.508789,0,283,282,479,110.976
20cm,yolo26s,774,804,25.788,26.788,0,5,pet_normal,pet,normal,0.478516,0,282,282,479,111.548
20cm,yolo26s,775,805,25.821,26.821,0,5,pet_normal,pet,normal,0.440674,0,282,282,479,113.281
20cm,yolo26s,776,806,25.855,26.854,0,5,pet_normal,pet,normal,0.456055,0,282,282,479,112.602
20cm,yolo26s,777,807,25.888,26.888,0,5,pet_normal,pet,normal,0.459961,0,282,282,479,112.186
20cm,yolo26s,778,808,25.921,26.921,0,5,pet_normal,pet,normal,0.470703,0,283,282,479,110.769
20cm,yolo26s,779,809,25.955,26.954,0,5,pet_normal,pet,normal,0.459961,0,282,283,479,110.687
20cm,yolo26s,779,809,25.955,26.954,1,9,plastic_normal,plastic,normal,0.296631,401,99,565,290,110.687
20cm,yolo26s,780,810,25.988,26.988,0,5,pet_normal,pet,normal,0.421631,0,282,282,479,111.889
20cm,yolo26s,781,811,26.021,27.021,0,5,pet_normal,pet,normal,0.338867,0,282,282,479,110.967
20cm,yolo26s,781,811,26.021,27.021,1,9,plastic_normal,plastic,normal,0.512695,400,99,573,286,110.967
20cm,yolo26s,782,812,26.055,27.054,0,5,pet_normal,pet,normal,0.336426,0,282,282,479,110.995
20cm,yolo26s,782,812,26.055,27.054,1,9,plastic_normal,plastic,normal,0.493164,401,96,579,283,110.995
20cm,yolo26s,783,813,26.088,27.087,0,5,pet_normal,pet,normal,0.304932,0,283,281,479,112.32
20cm,yolo26s,783,813,26.088,27.087,1,9,plastic_normal,plastic,normal,0.646973,405,96,586,274,112.32
20cm,yolo26s,784,814,26.121,27.121,0,9,plastic_normal,plastic,normal,0.608398,401,95,586,272,114.552
20cm,yolo26s,785,815,26.155,27.154,0,9,plastic_normal,plastic,normal,0.60498,402,95,585,274,111.394
20cm,yolo26s,786,816,26.188,27.187,0,9,plastic_normal,plastic,normal,0.481445,398,98,580,276,111.378
20cm,yolo26s,787,817,26.221,27.221,0,9,plastic_normal,plastic,normal,0.256104,390,98,616,287,110.575
20cm,yolo26s,788,818,26.255,27.254,0,2,glass_normal,glass,normal,0.53125,390,97,639,291,110.303
20cm,yolo26s,789,819,26.288,27.287,0,2,glass_normal,glass,normal,0.594727,387,98,639,285,111.399
20cm,yolo26s,790,820,26.321,27.321,0,2,glass_normal,glass,normal,0.287842,390,96,636,277,115.891
20cm,yolo26s,790,820,26.321,27.321,1,9,plastic_normal,plastic,normal,0.384033,390,96,594,272,115.891
20cm,yolo26s,791,821,26.354,27.354,0,2,glass_normal,glass,normal,0.73877,391,95,639,278,110.388
20cm,yolo26s,792,822,26.388,27.387,0,2,glass_normal,glass,normal,0.663574,389,93,639,276,110.447
20cm,yolo26s,792,822,26.388,27.387,1,9,plastic_normal,plastic,normal,0.357666,388,94,638,276,110.447
20cm,yolo26s,793,823,26.421,27.421,0,9,plastic_normal,plastic,normal,0.326904,382,93,607,266,110.172
20cm,yolo26s,794,824,26.454,27.454,0,2,glass_normal,glass,normal,0.293457,379,93,639,269,111.402
20cm,yolo26s,795,825,26.488,27.487,0,9,plastic_normal,plastic,normal,0.304932,376,93,576,260,111.858
20cm,yolo26s,796,826,26.521,27.521,,,,,,,,,,,112.241
20cm,yolo26s,797,827,26.554,27.554,0,9,plastic_normal,plastic,normal,0.501953,372,93,573,322,114.288
20cm,yolo26s,798,828,26.588,27.587,0,9,plastic_normal,plastic,normal,0.538086,373,92,579,322,111.337
20cm,yolo26s,799,829,26.621,27.621,0,9,plastic_normal,plastic,normal,0.655762,373,91,579,326,112.028
20cm,yolo26s,800,830,26.654,27.654,0,9,plastic_normal,plastic,normal,0.392334,372,94,574,460,112.112
20cm,yolo26s,801,831,26.688,27.687,0,9,plastic_normal,plastic,normal,0.430176,372,94,574,460,112.663
20cm,yolo26s,802,832,26.721,27.721,0,9,plastic_normal,plastic,normal,0.265869,372,94,573,438,112.037
20cm,yolo26s,803,833,26.754,27.754,0,9,plastic_normal,plastic,normal,0.325195,372,94,573,461,116.312
20cm,yolo26s,804,834,26.788,27.787,0,9,plastic_normal,plastic,normal,0.389648,373,94,574,462,111.04
20cm,yolo26s,805,835,26.821,27.82,0,9,plastic_normal,plastic,normal,0.443604,372,94,573,456,110.061
20cm,yolo26s,806,836,26.854,27.854,0,2,glass_normal,glass,normal,0.282959,370,95,571,454,110.257
20cm,yolo26s,806,836,26.854,27.854,1,9,plastic_normal,plastic,normal,0.391357,370,94,571,455,110.257
20cm,yolo26s,807,837,26.888,27.887,0,2,glass_normal,glass,normal,0.275879,369,94,568,454,111.75
20cm,yolo26s,808,838,26.921,27.92,,,,,,,,,,,111.404
20cm,yolo26s,809,839,26.954,27.954,,,,,,,,,,,111.001
20cm,yolo26s,810,840,26.988,27.987,,,,,,,,,,,110.717
20cm,yolo26s,811,841,27.021,28.02,,,,,,,,,,,110.506
20cm,yolo26s,812,842,27.054,28.054,,,,,,,,,,,111.149
20cm,yolo26s,813,843,27.087,28.087,,,,,,,,,,,110.557
20cm,yolo26s,814,844,27.121,28.12,,,,,,,,,,,111.555
20cm,yolo26s,815,845,27.154,28.154,,,,,,,,,,,110.596
20cm,yolo26s,816,846,27.187,28.187,,,,,,,,,,,114.826
20cm,yolo26s,817,847,27.221,28.22,,,,,,,,,,,109.79
20cm,yolo26s,818,848,27.254,28.254,,,,,,,,,,,110.975
20cm,yolo26s,819,849,27.287,28.287,,,,,,,,,,,111.038
20cm,yolo26s,820,850,27.321,28.32,,,,,,,,,,,110.528
20cm,yolo26s,821,851,27.354,28.354,,,,,,,,,,,111.349
20cm,yolo26s,822,852,27.387,28.387,0,2,glass_normal,glass,normal,0.27124,386,91,594,419,111.068
20cm,yolo26s,823,853,27.421,28.42,0,2,glass_normal,glass,normal,0.308105,386,91,591,443,110.503
20cm,yolo26s,824,854,27.454,28.454,0,2,glass_normal,glass,normal,0.354004,374,90,605,468,112.076
20cm,yolo26s,825,855,27.487,28.487,0,2,glass_normal,glass,normal,0.310791,373,93,613,468,111.198
20cm,yolo26s,826,856,27.521,28.52,0,2,glass_normal,glass,normal,0.325928,371,93,578,464,110.395
20cm,yolo26s,827,857,27.554,28.553,0,2,glass_normal,glass,normal,0.432129,371,94,572,471,111.803
20cm,yolo26s,828,858,27.587,28.587,,,,,,,,,,,112.275
20cm,yolo26s,829,859,27.621,28.62,,,,,,,,,,,115.92
20cm,yolo26s,830,860,27.654,28.653,0,2,glass_normal,glass,normal,0.339844,374,88,586,469,111.119
20cm,yolo26s,831,861,27.687,28.687,,,,,,,,,,,111.99
20cm,yolo26s,832,862,27.721,28.72,,,,,,,,,,,112.852
20cm,yolo26s,833,863,27.754,28.753,,,,,,,,,,,111.225
20cm,yolo26s,834,864,27.787,28.787,0,9,plastic_normal,plastic,normal,0.332031,375,91,586,334,111.349
20cm,yolo26s,835,865,27.82,28.82,0,9,plastic_normal,plastic,normal,0.476562,374,91,583,332,116.128
20cm,yolo26s,836,866,27.854,28.853,0,2,glass_normal,glass,normal,0.262939,373,93,598,467,111.506
20cm,yolo26s,837,867,27.887,28.887,0,2,glass_normal,glass,normal,0.270508,374,92,585,471,112.266
20cm,yolo26s,838,868,27.92,28.92,,,,,,,,,,,112.173
20cm,yolo26s,839,869,27.954,28.953,,,,,,,,,,,110.767
20cm,yolo26s,840,870,27.987,28.987,,,,,,,,,,,111.776
20cm,yolo26s,841,871,28.02,29.02,,,,,,,,,,,110.768
20cm,yolo26s,842,872,28.054,29.053,0,2,glass_normal,glass,normal,0.277588,383,79,634,474,115.955
20cm,yolo26s,843,873,28.087,29.087,,,,,,,,,,,111.117
20cm,yolo26s,844,874,28.12,29.12,,,,,,,,,,,110.856
20cm,yolo26s,845,875,28.154,29.153,,,,,,,,,,,112.224
20cm,yolo26s,846,876,28.187,29.186,,,,,,,,,,,112.429
20cm,yolo26s,847,877,28.22,29.22,,,,,,,,,,,111.408
20cm,yolo26s,848,878,28.254,29.253,,,,,,,,,,,114.085
20cm,yolo26s,849,879,28.287,29.286,,,,,,,,,,,110.589
20cm,yolo26s,850,880,28.32,29.32,0,9,plastic_normal,plastic,normal,0.250244,394,23,636,361,111.136
20cm,yolo26s,850,880,28.32,29.32,1,10,plastic_dirty,plastic,dirty,0.286133,392,27,637,370,111.136
20cm,yolo26s,851,881,28.354,29.353,0,9,plastic_normal,plastic,normal,0.250244,391,71,638,374,111.349
20cm,yolo26s,852,882,28.387,29.386,,,,,,,,,,,111.158
20cm,yolo26s,853,883,28.42,29.42,,,,,,,,,,,110.594
20cm,yolo26s,854,884,28.454,29.453,,,,,,,,,,,111.544
20cm,yolo26s,855,885,28.487,29.486,,,,,,,,,,,110.665
20cm,yolo26s,856,886,28.52,29.52,,,,,,,,,,,110.714
20cm,yolo26s,857,887,28.553,29.553,,,,,,,,,,,111.088
20cm,yolo26s,858,888,28.587,29.586,,,,,,,,,,,110.732
20cm,yolo26s,859,889,28.62,29.62,,,,,,,,,,,111.103
20cm,yolo26s,860,890,28.653,29.653,,,,,,,,,,,110.302
20cm,yolo26s,861,891,28.687,29.686,,,,,,,,,,,114.228
20cm,yolo26s,862,892,28.72,29.72,,,,,,,,,,,110.605
20cm,yolo26s,863,893,28.753,29.753,,,,,,,,,,,111.367
20cm,yolo26s,864,894,28.787,29.786,,,,,,,,,,,111.111
20cm,yolo26s,865,895,28.82,29.82,,,,,,,,,,,113.738
20cm,yolo26s,866,896,28.853,29.853,,,,,,,,,,,109.683
20cm,yolo26s,867,897,28.887,29.886,,,,,,,,,,,110.64
20cm,yolo26s,868,898,28.92,29.919,,,,,,,,,,,112.631
20cm,yolo26s,869,899,28.953,29.953,,,,,,,,,,,111.338
20cm,yolo26s,870,900,28.987,29.986,,,,,,,,,,,110.704
20cm,yolo26s,871,901,29.02,30.019,,,,,,,,,,,112.255
20cm,yolo26s,872,902,29.053,30.053,,,,,,,,,,,112.105
20cm,yolo26s,873,903,29.087,30.086,,,,,,,,,,,111.35
20cm,yolo26s,874,904,29.12,30.119,,,,,,,,,,,114.718
20cm,yolo26s,875,905,29.153,30.153,,,,,,,,,,,110.904
20cm,yolo26s,876,906,29.186,30.186,,,,,,,,,,,111.242
20cm,yolo26s,877,907,29.22,30.219,,,,,,,,,,,110.383
20cm,yolo26s,878,908,29.253,30.253,,,,,,,,,,,110.752
20cm,yolo26s,879,909,29.286,30.286,,,,,,,,,,,111.069
20cm,yolo26s,880,910,29.32,30.319,,,,,,,,,,,110.104
20cm,yolo26s,881,911,29.353,30.353,,,,,,,,,,,114.535
20cm,yolo26s,882,912,29.386,30.386,,,,,,,,,,,111.034
20cm,yolo26s,883,913,29.42,30.419,,,,,,,,,,,110.928
20cm,yolo26s,884,914,29.453,30.453,0,0,can_normal,can,normal,0.256104,201,96,329,469,110.939
20cm,yolo26s,885,915,29.486,30.486,0,0,can_normal,can,normal,0.310791,200,96,328,471,111.214
20cm,yolo26s,886,916,29.52,30.519,0,0,can_normal,can,normal,0.273682,200,96,328,469,110.852
20cm,yolo26s,887,917,29.553,30.553,0,0,can_normal,can,normal,0.262207,201,96,329,469,114.668
20cm,yolo26s,888,918,29.586,30.586,,,,,,,,,,,111.268
20cm,yolo26s,889,919,29.62,30.619,,,,,,,,,,,110.272
20cm,yolo26s,890,920,29.653,30.652,,,,,,,,,,,111.338
20cm,yolo26s,891,921,29.686,30.686,0,2,glass_normal,glass,normal,0.341553,392,67,630,414,110.921
20cm,yolo26s,892,922,29.72,30.719,,,,,,,,,,,111.594
20cm,yolo26s,893,923,29.753,30.752,,,,,,,,,,,111.567
20cm,yolo26s,894,924,29.786,30.786,0,9,plastic_normal,plastic,normal,0.380371,391,65,629,242,115.136
20cm,yolo26s,895,925,29.82,30.819,0,9,plastic_normal,plastic,normal,0.419678,391,65,630,243,111.18
20cm,yolo26s,896,926,29.853,30.852,0,9,plastic_normal,plastic,normal,0.425293,389,66,630,244,112.555
20cm,yolo26s,897,927,29.886,30.886,0,9,plastic_normal,plastic,normal,0.401611,390,65,631,243,111.863
20cm,yolo26s,898,928,29.919,30.919,0,9,plastic_normal,plastic,normal,0.362061,387,65,631,243,111.953
20cm,yolo26s,899,929,29.953,30.952,0,9,plastic_normal,plastic,normal,0.407227,386,66,630,244,111.595
