distance,model,frame,source_frame,analysis_time_sec,source_time_sec,detection_index,class_id,class_name,material,state,confidence,x1,y1,x2,y2,inference_ms
30cm,yolo11n,0,30,0.0,1.0,0,0,can_normal,can,normal,0.53418,311,146,389,361,51.272
30cm,yolo11n,0,30,0.0,1.0,1,7,pet_packaging,pet,packaging,0.415283,403,92,489,359,51.272
30cm,yolo11n,0,30,0.0,1.0,2,8,pet_dirty_packaging,pet,dirty_packaging,0.455566,403,92,488,359,51.272
30cm,yolo11n,0,30,0.0,1.0,3,9,plastic_normal,plastic,normal,0.439941,137,132,258,266,51.272
30cm,yolo11n,1,31,0.033,1.033,0,0,can_normal,can,normal,0.536133,311,146,388,361,52.292
30cm,yolo11n,1,31,0.033,1.033,1,7,pet_packaging,pet,packaging,0.414307,402,92,489,359,52.292
30cm,yolo11n,1,31,0.033,1.033,2,8,pet_dirty_packaging,pet,dirty_packaging,0.458496,402,91,488,358,52.292
30cm,yolo11n,1,31,0.033,1.033,3,9,plastic_normal,plastic,normal,0.477295,137,132,258,267,52.292
30cm,yolo11n,2,32,0.067,1.066,0,0,can_normal,can,normal,0.525879,311,146,388,361,53.253
30cm,yolo11n,2,32,0.067,1.066,1,7,pet_packaging,pet,packaging,0.441162,402,92,488,360,53.253
30cm,yolo11n,2,32,0.067,1.066,2,8,pet_dirty_packaging,pet,dirty_packaging,0.441895,403,91,489,359,53.253
30cm,yolo11n,2,32,0.067,1.066,3,9,plastic_normal,plastic,normal,0.417969,138,132,259,267,53.253
30cm,yolo11n,3,33,0.1,1.099,0,0,can_normal,can,normal,0.530762,310,146,388,361,53.404
30cm,yolo11n,3,33,0.1,1.099,1,7,pet_packaging,pet,packaging,0.449219,402,92,488,359,53.404
30cm,yolo11n,3,33,0.1,1.099,2,8,pet_dirty_packaging,pet,dirty_packaging,0.446777,402,91,488,359,53.404
30cm,yolo11n,3,33,0.1,1.099,3,9,plastic_normal,plastic,normal,0.305176,137,133,258,269,53.404
30cm,yolo11n,3,33,0.1,1.099,4,10,plastic_dirty,plastic,dirty,0.415527,138,132,259,266,53.404
30cm,yolo11n,4,34,0.133,1.133,0,0,can_normal,can,normal,0.527832,310,146,387,361,53.74
30cm,yolo11n,4,34,0.133,1.133,1,7,pet_packaging,pet,packaging,0.447998,402,92,488,359,53.74
30cm,yolo11n,4,34,0.133,1.133,2,8,pet_dirty_packaging,pet,dirty_packaging,0.45874,402,91,488,359,53.74
30cm,yolo11n,4,34,0.133,1.133,3,9,plastic_normal,plastic,normal,0.276855,137,132,259,268,53.74
30cm,yolo11n,4,34,0.133,1.133,4,10,plastic_dirty,plastic,dirty,0.386719,138,132,259,267,53.74
30cm,yolo11n,5,35,0.167,1.166,0,0,can_normal,can,normal,0.549316,311,146,389,361,53.432
30cm,yolo11n,5,35,0.167,1.166,1,7,pet_packaging,pet,packaging,0.469971,402,92,489,360,53.432
30cm,yolo11n,5,35,0.167,1.166,2,8,pet_dirty_packaging,pet,dirty_packaging,0.450439,402,91,488,359,53.432
30cm,yolo11n,5,35,0.167,1.166,3,9,plastic_normal,plastic,normal,0.282227,138,132,259,269,53.432
30cm,yolo11n,6,36,0.2,1.199,0,0,can_normal,can,normal,0.538086,310,146,387,361,54.363
30cm,yolo11n,6,36,0.2,1.199,1,7,pet_packaging,pet,packaging,0.429199,402,91,489,360,54.363
30cm,yolo11n,6,36,0.2,1.199,2,8,pet_dirty_packaging,pet,dirty_packaging,0.417969,402,92,488,358,54.363
30cm,yolo11n,6,36,0.2,1.199,3,9,plastic_normal,plastic,normal,0.34082,138,132,259,268,54.363
30cm,yolo11n,7,37,0.233,1.233,0,0,can_normal,can,normal,0.517578,311,146,389,361,53.2
30cm,yolo11n,7,37,0.233,1.233,1,1,can_dirty,can,dirty,0.350342,311,146,388,362,53.2
30cm,yolo11n,7,37,0.233,1.233,2,7,pet_packaging,pet,packaging,0.44043,402,92,489,359,53.2
30cm,yolo11n,7,37,0.233,1.233,3,8,pet_dirty_packaging,pet,dirty_packaging,0.438965,402,91,488,359,53.2
30cm,yolo11n,7,37,0.233,1.233,4,9,plastic_normal,plastic,normal,0.39209,137,133,259,268,53.2
30cm,yolo11n,8,38,0.267,1.266,0,0,can_normal,can,normal,0.514648,311,146,388,362,53.852
30cm,yolo11n,8,38,0.267,1.266,1,7,pet_packaging,pet,packaging,0.328369,403,91,490,333,53.852
30cm,yolo11n,8,38,0.267,1.266,2,8,pet_dirty_packaging,pet,dirty_packaging,0.426758,403,91,489,328,53.852
30cm,yolo11n,8,38,0.267,1.266,3,10,plastic_dirty,plastic,dirty,0.331543,138,132,259,270,53.852
30cm,yolo11n,9,39,0.3,1.299,0,0,can_normal,can,normal,0.53125,310,146,388,362,53.124
30cm,yolo11n,9,39,0.3,1.299,1,7,pet_packaging,pet,packaging,0.425537,402,91,489,360,53.124
30cm,yolo11n,9,39,0.3,1.299,2,8,pet_dirty_packaging,pet,dirty_packaging,0.383789,402,91,488,358,53.124
30cm,yolo11n,9,39,0.3,1.299,3,9,plastic_normal,plastic,normal,0.323242,138,132,259,269,53.124
30cm,yolo11n,10,40,0.333,1.333,0,0,can_normal,can,normal,0.499023,310,146,387,362,53.729
30cm,yolo11n,10,40,0.333,1.333,1,7,pet_packaging,pet,packaging,0.43335,402,90,489,360,53.729
30cm,yolo11n,10,40,0.333,1.333,2,8,pet_dirty_packaging,pet,dirty_packaging,0.380615,403,91,489,353,53.729
30cm,yolo11n,10,40,0.333,1.333,3,9,plastic_normal,plastic,normal,0.406738,138,133,259,270,53.729
30cm,yolo11n,11,41,0.366,1.366,0,0,can_normal,can,normal,0.499023,310,146,388,362,52.943
30cm,yolo11n,11,41,0.366,1.366,1,1,can_dirty,can,dirty,0.370117,310,146,388,362,52.943
30cm,yolo11n,11,41,0.366,1.366,2,7,pet_packaging,pet,packaging,0.424561,402,91,489,360,52.943
30cm,yolo11n,11,41,0.366,1.366,3,8,pet_dirty_packaging,pet,dirty_packaging,0.375244,402,91,488,359,52.943
30cm,yolo11n,11,41,0.366,1.366,4,9,plastic_normal,plastic,normal,0.440674,138,133,259,269,52.943
30cm,yolo11n,12,42,0.4,1.399,0,0,can_normal,can,normal,0.513184,311,145,389,361,53.348
30cm,yolo11n,12,42,0.4,1.399,1,7,pet_packaging,pet,packaging,0.450684,403,91,490,359,53.348
30cm,yolo11n,12,42,0.4,1.399,2,8,pet_dirty_packaging,pet,dirty_packaging,0.401611,402,91,488,359,53.348
30cm,yolo11n,12,42,0.4,1.399,3,9,plastic_normal,plastic,normal,0.439453,138,133,259,269,53.348
30cm,yolo11n,13,43,0.433,1.433,0,0,can_normal,can,normal,0.480225,310,145,388,361,53.15
30cm,yolo11n,13,43,0.433,1.433,1,1,can_dirty,can,dirty,0.350098,310,146,387,362,53.15
30cm,yolo11n,13,43,0.433,1.433,2,7,pet_packaging,pet,packaging,0.420898,403,91,489,360,53.15
30cm,yolo11n,13,43,0.433,1.433,3,8,pet_dirty_packaging,pet,dirty_packaging,0.394287,402,91,488,359,53.15
30cm,yolo11n,13,43,0.433,1.433,4,9,plastic_normal,plastic,normal,0.390381,138,133,259,269,53.15
30cm,yolo11n,14,44,0.466,1.466,0,0,can_normal,can,normal,0.516602,310,146,388,362,53.239
30cm,yolo11n,14,44,0.466,1.466,1,1,can_dirty,can,dirty,0.416748,310,146,388,362,53.239
30cm,yolo11n,14,44,0.466,1.466,2,7,pet_packaging,pet,packaging,0.442139,402,92,489,360,53.239
30cm,yolo11n,14,44,0.466,1.466,3,8,pet_dirty_packaging,pet,dirty_packaging,0.412109,402,92,488,360,53.239
30cm,yolo11n,14,44,0.466,1.466,4,9,plastic_normal,plastic,normal,0.476807,137,133,258,268,53.239
30cm,yolo11n,15,45,0.5,1.499,0,0,can_normal,can,normal,0.509766,311,145,389,361,53.854
30cm,yolo11n,15,45,0.5,1.499,1,1,can_dirty,can,dirty,0.420166,310,146,388,362,53.854
30cm,yolo11n,15,45,0.5,1.499,2,7,pet_packaging,pet,packaging,0.418945,402,92,489,360,53.854
30cm,yolo11n,15,45,0.5,1.499,3,8,pet_dirty_packaging,pet,dirty_packaging,0.439209,402,91,488,360,53.854
30cm,yolo11n,15,45,0.5,1.499,4,9,plastic_normal,plastic,normal,0.438232,137,132,258,267,53.854
30cm,yolo11n,16,46,0.533,1.533,0,0,can_normal,can,normal,0.512695,311,146,389,362,53.273
30cm,yolo11n,16,46,0.533,1.533,1,1,can_dirty,can,dirty,0.373535,310,146,388,362,53.273
30cm,yolo11n,16,46,0.533,1.533,2,7,pet_packaging,pet,packaging,0.418213,402,92,489,360,53.273
30cm,yolo11n,16,46,0.533,1.533,3,8,pet_dirty_packaging,pet,dirty_packaging,0.43457,402,91,488,359,53.273
30cm,yolo11n,16,46,0.533,1.533,4,9,plastic_normal,plastic,normal,0.449219,137,132,259,269,53.273
30cm,yolo11n,16,46,0.533,1.533,5,10,plastic_dirty,plastic,dirty,0.327637,527,1,623,203,53.273
30cm,yolo11n,17,47,0.566,1.566,0,0,can_normal,can,normal,0.518555,310,146,388,361,52.912
30cm,yolo11n,17,47,0.566,1.566,1,1,can_dirty,can,dirty,0.377197,310,146,388,362,52.912
30cm,yolo11n,17,47,0.566,1.566,2,7,pet_packaging,pet,packaging,0.415527,402,92,489,360,52.912
30cm,yolo11n,17,47,0.566,1.566,3,8,pet_dirty_packaging,pet,dirty_packaging,0.449219,402,92,488,361,52.912
30cm,yolo11n,17,47,0.566,1.566,4,9,plastic_normal,plastic,normal,0.47876,137,133,258,270,52.912
30cm,yolo11n,17,47,0.566,1.566,5,10,plastic_dirty,plastic,dirty,0.281006,528,2,624,201,52.912
30cm,yolo11n,18,48,0.6,1.599,0,0,can_normal,can,normal,0.480957,310,145,388,361,53.398
30cm,yolo11n,18,48,0.6,1.599,1,7,pet_packaging,pet,packaging,0.439453,402,92,488,359,53.398
30cm,yolo11n,18,48,0.6,1.599,2,8,pet_dirty_packaging,pet,dirty_packaging,0.44458,402,92,488,360,53.398
30cm,yolo11n,18,48,0.6,1.599,3,9,plastic_normal,plastic,normal,0.412842,138,132,259,267,53.398
30cm,yolo11n,19,49,0.633,1.633,0,0,can_normal,can,normal,0.537109,310,146,388,362,53.206
30cm,yolo11n,19,49,0.633,1.633,1,7,pet_packaging,pet,packaging,0.412842,402,91,489,359,53.206
30cm,yolo11n,19,49,0.633,1.633,2,8,pet_dirty_packaging,pet,dirty_packaging,0.459229,402,91,488,359,53.206
30cm,yolo11n,19,49,0.633,1.633,3,10,plastic_dirty,plastic,dirty,0.333008,139,132,258,268,53.206
30cm,yolo11n,20,50,0.666,1.666,0,0,can_normal,can,normal,0.525879,310,145,388,361,53.765
30cm,yolo11n,20,50,0.666,1.666,1,7,pet_packaging,pet,packaging,0.342529,401,91,489,360,53.765
30cm,yolo11n,20,50,0.666,1.666,2,8,pet_dirty_packaging,pet,dirty_packaging,0.404053,402,91,488,353,53.765
30cm,yolo11n,20,50,0.666,1.666,3,10,plastic_dirty,plastic,dirty,0.31543,138,132,258,271,53.765
30cm,yolo11n,21,51,0.7,1.699,0,0,can_normal,can,normal,0.563477,310,146,388,362,53.008
30cm,yolo11n,21,51,0.7,1.699,1,7,pet_packaging,pet,packaging,0.364014,400,92,489,360,53.008
30cm,yolo11n,21,51,0.7,1.699,2,8,pet_dirty_packaging,pet,dirty_packaging,0.412354,402,91,489,360,53.008
30cm,yolo11n,21,51,0.7,1.699,3,9,plastic_normal,plastic,normal,0.396973,138,132,259,268,53.008
30cm,yolo11n,22,52,0.733,1.732,0,0,can_normal,can,normal,0.517578,311,146,388,362,53.295
30cm,yolo11n,22,52,0.733,1.732,1,1,can_dirty,can,dirty,0.369141,310,147,387,362,53.295
30cm,yolo11n,22,52,0.733,1.732,2,7,pet_packaging,pet,packaging,0.35791,402,91,490,354,53.295
30cm,yolo11n,22,52,0.733,1.732,3,8,pet_dirty_packaging,pet,dirty_packaging,0.433838,402,92,488,333,53.295
30cm,yolo11n,22,52,0.733,1.732,4,9,plastic_normal,plastic,normal,0.41333,138,132,259,269,53.295
30cm,yolo11n,23,53,0.766,1.766,0,0,can_normal,can,normal,0.503418,310,145,388,361,52.871
30cm,yolo11n,23,53,0.766,1.766,1,1,can_dirty,can,dirty,0.359131,310,146,388,362,52.871
30cm,yolo11n,23,53,0.766,1.766,2,7,pet_packaging,pet,packaging,0.398682,402,91,489,360,52.871
30cm,yolo11n,23,53,0.766,1.766,3,8,pet_dirty_packaging,pet,dirty_packaging,0.409912,402,91,488,349,52.871
30cm,yolo11n,23,53,0.766,1.766,4,9,plastic_normal,plastic,normal,0.382324,137,132,258,268,52.871
30cm,yolo11n,24,54,0.8,1.799,0,0,can_normal,can,normal,0.510742,310,146,388,362,52.999
30cm,yolo11n,24,54,0.8,1.799,1,1,can_dirty,can,dirty,0.367432,310,147,388,362,52.999
30cm,yolo11n,24,54,0.8,1.799,2,7,pet_packaging,pet,packaging,0.394043,403,92,490,324,52.999
30cm,yolo11n,24,54,0.8,1.799,3,8,pet_dirty_packaging,pet,dirty_packaging,0.432373,402,92,489,323,52.999
30cm,yolo11n,24,54,0.8,1.799,4,9,plastic_normal,plastic,normal,0.408447,137,132,258,268,52.999
30cm,yolo11n,25,55,0.833,1.832,0,0,can_normal,can,normal,0.525391,311,146,388,362,52.907
30cm,yolo11n,25,55,0.833,1.832,1,7,pet_packaging,pet,packaging,0.464844,402,92,489,324,52.907
30cm,yolo11n,25,55,0.833,1.832,2,8,pet_dirty_packaging,pet,dirty_packaging,0.370117,402,92,489,324,52.907
30cm,yolo11n,25,55,0.833,1.832,3,9,plastic_normal,plastic,normal,0.268555,137,132,259,270,52.907
30cm,yolo11n,25,55,0.833,1.832,4,10,plastic_dirty,plastic,dirty,0.397217,137,132,259,268,52.907
30cm,yolo11n,26,56,0.866,1.866,0,0,can_normal,can,normal,0.562988,311,146,388,362,53.316
30cm,yolo11n,26,56,0.866,1.866,1,7,pet_packaging,pet,packaging,0.373291,401,91,489,333,53.316
30cm,yolo11n,26,56,0.866,1.866,2,8,pet_dirty_packaging,pet,dirty_packaging,0.379639,402,92,489,339,53.316
30cm,yolo11n,26,56,0.866,1.866,3,10,plastic_dirty,plastic,dirty,0.341797,138,132,259,269,53.316
30cm,yolo11n,27,57,0.9,1.899,0,0,can_normal,can,normal,0.515625,310,145,388,361,52.903
30cm,yolo11n,27,57,0.9,1.899,1,9,plastic_normal,plastic,normal,0.37915,138,133,259,270,52.903
30cm,yolo11n,28,58,0.933,1.932,0,0,can_normal,can,normal,0.439697,310,146,386,362,53.147
30cm,yolo11n,28,58,0.933,1.932,1,1,can_dirty,can,dirty,0.300537,310,145,386,362,53.147
30cm,yolo11n,28,58,0.933,1.932,2,9,plastic_normal,plastic,normal,0.359131,138,132,258,269,53.147
30cm,yolo11n,29,59,0.966,1.966,0,0,can_normal,can,normal,0.342529,310,146,385,361,53.471
30cm,yolo11n,29,59,0.966,1.966,1,1,can_dirty,can,dirty,0.329834,310,146,385,362,53.471
30cm,yolo11n,29,59,0.966,1.966,2,10,plastic_dirty,plastic,dirty,0.347168,138,132,259,268,53.471
30cm,yolo11n,30,60,1.0,1.999,0,0,can_normal,can,normal,0.440674,311,147,386,362,53.721
30cm,yolo11n,30,60,1.0,1.999,1,9,plastic_normal,plastic,normal,0.363525,137,133,259,272,53.721
30cm,yolo11n,31,61,1.033,2.032,0,0,can_normal,can,normal,0.513184,311,146,387,361,53.234
30cm,yolo11n,31,61,1.033,2.032,1,7,pet_packaging,pet,packaging,0.624023,402,93,487,219,53.234
30cm,yolo11n,31,61,1.033,2.032,2,9,plastic_normal,plastic,normal,0.389893,137,132,258,271,53.234
30cm,yolo11n,32,62,1.066,2.066,0,0,can_normal,can,normal,0.493408,307,273,383,361,53.679
30cm,yolo11n,32,62,1.066,2.066,1,7,pet_packaging,pet,packaging,0.535645,400,96,484,227,53.679
30cm,yolo11n,32,62,1.066,2.066,2,10,plastic_dirty,plastic,dirty,0.356689,138,132,259,271,53.679
30cm,yolo11n,33,63,1.099,2.099,0,0,can_normal,can,normal,0.337646,308,305,381,361,53.653
30cm,yolo11n,33,63,1.099,2.099,1,7,pet_packaging,pet,packaging,0.391846,389,100,477,228,53.653
30cm,yolo11n,33,63,1.099,2.099,2,8,pet_dirty_packaging,pet,dirty_packaging,0.393066,391,100,478,228,53.653
30cm,yolo11n,33,63,1.099,2.099,3,10,plastic_dirty,plastic,dirty,0.334229,139,133,258,271,53.653
30cm,yolo11n,34,64,1.133,2.132,0,4,glass_packaging,glass,packaging,0.365234,526,1,639,244,53.572
30cm,yolo11n,34,64,1.133,2.132,1,8,pet_dirty_packaging,pet,dirty_packaging,0.482422,387,102,474,236,53.572
30cm,yolo11n,34,64,1.133,2.132,2,10,plastic_dirty,plastic,dirty,0.338867,526,0,638,243,53.572
30cm,yolo11n,34,64,1.133,2.132,3,10,plastic_dirty,plastic,dirty,0.320312,140,133,258,269,53.572
30cm,yolo11n,35,65,1.166,2.166,0,4,glass_packaging,glass,packaging,0.250732,527,1,639,247,53.635
30cm,yolo11n,35,65,1.166,2.166,1,7,pet_packaging,pet,packaging,0.46875,385,102,468,237,53.635
30cm,yolo11n,35,65,1.166,2.166,2,8,pet_dirty_packaging,pet,dirty_packaging,0.374268,386,102,468,237,53.635
30cm,yolo11n,35,65,1.166,2.166,3,10,plastic_dirty,plastic,dirty,0.385986,139,133,258,269,53.635
30cm,yolo11n,35,65,1.166,2.166,4,10,plastic_dirty,plastic,dirty,0.357178,527,0,638,247,53.635
30cm,yolo11n,36,66,1.199,2.199,0,7,pet_packaging,pet,packaging,0.415039,383,102,462,242,53.581
30cm,yolo11n,36,66,1.199,2.199,1,8,pet_dirty_packaging,pet,dirty_packaging,0.453857,383,102,462,243,53.581
30cm,yolo11n,36,66,1.199,2.199,2,10,plastic_dirty,plastic,dirty,0.371582,138,133,258,269,53.581
30cm,yolo11n,36,66,1.199,2.199,3,10,plastic_dirty,plastic,dirty,0.268066,526,0,637,248,53.581
30cm,yolo11n,37,67,1.233,2.232,0,7,pet_packaging,pet,packaging,0.414062,382,103,459,243,52.736
30cm,yolo11n,37,67,1.233,2.232,1,8,pet_dirty_packaging,pet,dirty_packaging,0.454834,383,103,460,243,52.736
30cm,yolo11n,37,67,1.233,2.232,2,9,plastic_normal,plastic,normal,0.426758,138,132,259,269,52.736
30cm,yolo11n,38,68,1.266,2.266,0,7,pet_packaging,pet,packaging,0.391846,381,104,458,247,52.799
30cm,yolo11n,38,68,1.266,2.266,1,8,pet_dirty_packaging,pet,dirty_packaging,0.44165,381,104,457,248,52.799
30cm,yolo11n,38,68,1.266,2.266,2,9,plastic_normal,plastic,normal,0.366699,138,132,259,268,52.799
30cm,yolo11n,39,69,1.299,2.299,0,8,pet_dirty_packaging,pet,dirty_packaging,0.496826,382,105,455,249,53.329
30cm,yolo11n,39,69,1.299,2.299,1,10,plastic_dirty,plastic,dirty,0.361084,137,133,259,269,53.329
30cm,yolo11n,40,70,1.333,2.332,0,8,pet_dirty_packaging,pet,dirty_packaging,0.568848,382,106,457,250,53.74
30cm,yolo11n,40,70,1.333,2.332,1,10,plastic_dirty,plastic,dirty,0.396484,138,132,259,267,53.74
30cm,yolo11n,41,71,1.366,2.365,0,8,pet_dirty_packaging,pet,dirty_packaging,0.518555,384,105,460,254,52.948
30cm,yolo11n,41,71,1.366,2.365,1,10,plastic_dirty,plastic,dirty,0.397949,137,133,258,268,52.948
30cm,yolo11n,42,72,1.399,2.399,0,7,pet_packaging,pet,packaging,0.365479,382,102,459,256,52.927
30cm,yolo11n,42,72,1.399,2.399,1,8,pet_dirty_packaging,pet,dirty_packaging,0.409424,383,102,460,257,52.927
30cm,yolo11n,42,72,1.399,2.399,2,10,plastic_dirty,plastic,dirty,0.329102,138,132,259,269,52.927
30cm,yolo11n,43,73,1.433,2.432,0,7,pet_packaging,pet,packaging,0.442139,384,99,461,263,53.0
30cm,yolo11n,43,73,1.433,2.432,1,10,plastic_dirty,plastic,dirty,0.368164,138,132,259,268,53.0
30cm,yolo11n,44,74,1.466,2.465,0,7,pet_packaging,pet,packaging,0.321045,386,96,459,261,52.765
30cm,yolo11n,44,74,1.466,2.465,1,10,plastic_dirty,plastic,dirty,0.36377,138,132,258,268,52.765
30cm,yolo11n,45,75,1.499,2.499,0,10,plastic_dirty,plastic,dirty,0.347656,138,133,259,269,52.998
30cm,yolo11n,46,76,1.533,2.532,0,10,plastic_dirty,plastic,dirty,0.337402,138,132,259,268,53.118
30cm,yolo11n,47,77,1.566,2.565,0,10,plastic_dirty,plastic,dirty,0.402344,137,133,258,268,55.701
30cm,yolo11n,48,78,1.599,2.599,0,10,plastic_dirty,plastic,dirty,0.412109,138,133,259,268,52.883
30cm,yolo11n,49,79,1.633,2.632,0,4,glass_packaging,glass,packaging,0.453369,526,0,639,256,52.758
30cm,yolo11n,49,79,1.633,2.632,1,9,plastic_normal,plastic,normal,0.281982,137,133,259,269,52.758
30cm,yolo11n,49,79,1.633,2.632,2,10,plastic_dirty,plastic,dirty,0.417969,137,133,258,267,52.758
30cm,yolo11n,50,80,1.666,2.665,0,9,plastic_normal,plastic,normal,0.461182,138,132,258,269,53.373
30cm,yolo11n,51,81,1.699,2.699,0,9,plastic_normal,plastic,normal,0.36377,139,132,258,267,53.165
30cm,yolo11n,52,82,1.732,2.732,0,7,pet_packaging,pet,packaging,0.410645,355,78,472,297,52.717
30cm,yolo11n,52,82,1.732,2.732,1,9,plastic_normal,plastic,normal,0.37915,138,133,259,268,52.717
30cm,yolo11n,53,83,1.766,2.765,0,7,pet_packaging,pet,packaging,0.298828,337,84,637,348,54.468
30cm,yolo11n,53,83,1.766,2.765,1,10,plastic_dirty,plastic,dirty,0.379395,138,132,259,267,54.468
30cm,yolo11n,54,84,1.799,2.799,0,7,pet_packaging,pet,packaging,0.408691,317,93,639,351,53.294
30cm,yolo11n,54,84,1.799,2.799,1,10,plastic_dirty,plastic,dirty,0.369629,138,132,259,267,53.294
30cm,yolo11n,55,85,1.832,2.832,0,7,pet_packaging,pet,packaging,0.547363,297,107,639,353,53.186
30cm,yolo11n,55,85,1.832,2.832,1,9,plastic_normal,plastic,normal,0.393555,138,132,259,269,53.186
30cm,yolo11n,56,86,1.866,2.865,0,7,pet_packaging,pet,packaging,0.466309,285,114,639,349,53.644
30cm,yolo11n,56,86,1.866,2.865,1,10,plastic_dirty,plastic,dirty,0.351562,138,132,258,269,53.644
30cm,yolo11n,57,87,1.899,2.899,0,7,pet_packaging,pet,packaging,0.415771,271,128,639,347,53.168
30cm,yolo11n,57,87,1.899,2.899,1,9,plastic_normal,plastic,normal,0.380615,137,133,258,269,53.168
30cm,yolo11n,58,88,1.932,2.932,0,7,pet_packaging,pet,packaging,0.431885,255,148,639,349,52.603
30cm,yolo11n,58,88,1.932,2.932,1,9,plastic_normal,plastic,normal,0.427979,137,132,258,267,52.603
30cm,yolo11n,59,89,1.966,2.965,0,5,pet_normal,pet,normal,0.345215,240,182,639,343,52.48
30cm,yolo11n,59,89,1.966,2.965,1,9,plastic_normal,plastic,normal,0.377441,137,132,259,268,52.48
30cm,yolo11n,60,90,1.999,2.999,0,9,plastic_normal,plastic,normal,0.258301,137,133,258,274,52.711
30cm,yolo11n,61,91,2.032,3.032,0,2,glass_normal,glass,normal,0.4375,238,218,639,339,52.288
30cm,yolo11n,61,91,2.032,3.032,1,9,plastic_normal,plastic,normal,0.481934,137,132,258,267,52.288
30cm,yolo11n,62,92,2.066,3.065,0,2,glass_normal,glass,normal,0.45874,228,215,639,359,53.176
30cm,yolo11n,62,92,2.066,3.065,1,9,plastic_normal,plastic,normal,0.321777,137,132,258,272,53.176
30cm,yolo11n,63,93,2.099,3.098,0,2,glass_normal,glass,normal,0.429688,228,212,639,362,53.85
30cm,yolo11n,63,93,2.099,3.098,1,10,plastic_dirty,plastic,dirty,0.333252,138,132,259,268,53.85
30cm,yolo11n,64,94,2.132,3.132,0,10,plastic_dirty,plastic,dirty,0.32373,137,133,258,269,53.952
30cm,yolo11n,65,95,2.166,3.165,0,9,plastic_normal,plastic,normal,0.290039,137,132,259,267,53.428
30cm,yolo11n,66,96,2.199,3.198,0,9,plastic_normal,plastic,normal,0.319336,137,133,259,268,52.556
30cm,yolo11n,67,97,2.232,3.232,,,,,,,,,,,57.165
30cm,yolo11n,68,98,2.266,3.265,0,2,glass_normal,glass,normal,0.515137,197,199,639,361,52.984
30cm,yolo11n,68,98,2.266,3.265,1,9,plastic_normal,plastic,normal,0.260498,139,133,259,269,52.984
30cm,yolo11n,69,99,2.299,3.298,0,2,glass_normal,glass,normal,0.307617,186,200,639,364,53.319
30cm,yolo11n,70,100,2.332,3.332,,,,,,,,,,,52.786
30cm,yolo11n,71,101,2.365,3.365,0,2,glass_normal,glass,normal,0.270264,317,194,639,326,52.956
30cm,yolo11n,72,102,2.399,3.398,0,8,pet_dirty_packaging,pet,dirty_packaging,0.264404,191,273,471,367,52.862
30cm,yolo11n,73,103,2.432,3.432,0,8,pet_dirty_packaging,pet,dirty_packaging,0.315918,167,273,469,368,52.145
30cm,yolo11n,73,103,2.432,3.432,1,9,plastic_normal,plastic,normal,0.312012,139,134,258,271,52.145
30cm,yolo11n,74,104,2.465,3.465,0,8,pet_dirty_packaging,pet,dirty_packaging,0.397217,161,271,469,366,52.738
30cm,yolo11n,74,104,2.465,3.465,1,10,plastic_dirty,plastic,dirty,0.376221,139,134,258,269,52.738
30cm,yolo11n,74,104,2.465,3.465,2,10,plastic_dirty,plastic,dirty,0.366699,331,195,601,273,52.738
30cm,yolo11n,75,105,2.499,3.498,0,8,pet_dirty_packaging,pet,dirty_packaging,0.391602,183,271,470,367,53.151
30cm,yolo11n,75,105,2.499,3.498,1,9,plastic_normal,plastic,normal,0.308105,138,133,257,267,53.151
30cm,yolo11n,75,105,2.499,3.498,2,10,plastic_dirty,plastic,dirty,0.36499,333,184,575,272,53.151
30cm,yolo11n,76,106,2.532,3.532,0,7,pet_packaging,pet,packaging,0.312256,181,271,469,368,52.98
30cm,yolo11n,76,106,2.532,3.532,1,8,pet_dirty_packaging,pet,dirty_packaging,0.341553,173,271,468,368,52.98
30cm,yolo11n,76,106,2.532,3.532,2,9,plastic_normal,plastic,normal,0.331543,138,133,257,267,52.98
30cm,yolo11n,76,106,2.532,3.532,3,10,plastic_dirty,plastic,dirty,0.392578,337,175,572,268,52.98
30cm,yolo11n,77,107,2.565,3.565,0,8,pet_dirty_packaging,pet,dirty_packaging,0.438232,194,271,469,366,57.627
30cm,yolo11n,77,107,2.565,3.565,1,10,plastic_dirty,plastic,dirty,0.524902,337,166,565,257,57.627
30cm,yolo11n,77,107,2.565,3.565,2,10,plastic_dirty,plastic,dirty,0.298584,139,134,258,271,57.627
30cm,yolo11n,78,108,2.599,3.598,0,7,pet_packaging,pet,packaging,0.297607,161,271,468,366,52.964
30cm,yolo11n,78,108,2.599,3.598,1,8,pet_dirty_packaging,pet,dirty_packaging,0.328613,154,271,467,366,52.964
30cm,yolo11n,78,108,2.599,3.598,2,10,plastic_dirty,plastic,dirty,0.48877,338,157,554,251,52.964
30cm,yolo11n,78,108,2.599,3.598,3,10,plastic_dirty,plastic,dirty,0.292969,139,134,258,269,52.964
30cm,yolo11n,79,109,2.632,3.632,0,10,plastic_dirty,plastic,dirty,0.473633,341,149,545,243,52.709
30cm,yolo11n,80,110,2.665,3.665,0,7,pet_packaging,pet,packaging,0.259277,183,271,467,366,52.491
30cm,yolo11n,80,110,2.665,3.665,1,10,plastic_dirty,plastic,dirty,0.367676,343,141,537,237,52.491
30cm,yolo11n,81,111,2.699,3.698,0,9,plastic_normal,plastic,normal,0.328857,139,134,258,271,53.149
30cm,yolo11n,81,111,2.699,3.698,1,9,plastic_normal,plastic,normal,0.294189,341,134,529,227,53.149
30cm,yolo11n,81,111,2.699,3.698,2,10,plastic_dirty,plastic,dirty,0.296143,341,134,529,227,53.149
30cm,yolo11n,82,112,2.732,3.731,0,9,plastic_normal,plastic,normal,0.276611,335,128,518,221,53.384
30cm,yolo11n,82,112,2.732,3.731,1,9,plastic_normal,plastic,normal,0.251221,139,134,258,271,53.384
30cm,yolo11n,82,112,2.732,3.731,2,10,plastic_dirty,plastic,dirty,0.342773,335,128,518,220,53.384
30cm,yolo11n,83,113,2.765,3.765,0,10,plastic_dirty,plastic,dirty,0.371338,329,120,508,209,53.061
30cm,yolo11n,84,114,2.799,3.798,0,10,plastic_dirty,plastic,dirty,0.361328,321,114,498,204,52.874
30cm,yolo11n,85,115,2.832,3.831,0,9,plastic_normal,plastic,normal,0.288818,138,133,257,270,53.352
30cm,yolo11n,86,116,2.865,3.865,0,9,plastic_normal,plastic,normal,0.295654,138,134,257,271,53.56
30cm,yolo11n,87,117,2.899,3.898,0,9,plastic_normal,plastic,normal,0.323486,139,134,258,272,52.561
30cm,yolo11n,88,118,2.932,3.931,0,9,plastic_normal,plastic,normal,0.283203,138,134,257,271,52.598
30cm,yolo11n,89,119,2.965,3.965,0,9,plastic_normal,plastic,normal,0.309082,139,134,258,272,52.787
30cm,yolo11n,90,120,2.999,3.998,0,9,plastic_normal,plastic,normal,0.313232,139,134,258,272,52.611
30cm,yolo11n,91,121,3.032,4.031,0,9,plastic_normal,plastic,normal,0.377197,139,134,258,272,52.7
30cm,yolo11n,92,122,3.065,4.065,0,9,plastic_normal,plastic,normal,0.39502,139,134,257,273,52.95
30cm,yolo11n,92,122,3.065,4.065,1,9,plastic_normal,plastic,normal,0.256348,152,270,466,367,52.95
30cm,yolo11n,93,123,3.098,4.098,0,9,plastic_normal,plastic,normal,0.455078,139,134,251,271,52.611
30cm,yolo11n,94,124,3.132,4.131,0,9,plastic_normal,plastic,normal,0.356201,139,135,249,271,52.849
30cm,yolo11n,94,124,3.132,4.131,1,9,plastic_normal,plastic,normal,0.309814,189,271,467,367,52.849
30cm,yolo11n,95,125,3.165,4.165,0,9,plastic_normal,plastic,normal,0.358887,139,135,248,272,53.791
30cm,yolo11n,96,126,3.198,4.198,0,9,plastic_normal,plastic,normal,0.379395,194,270,468,368,53.64
30cm,yolo11n,97,127,3.232,4.231,0,9,plastic_normal,plastic,normal,0.321777,130,136,245,273,52.929
30cm,yolo11n,98,128,3.265,4.265,0,9,plastic_normal,plastic,normal,0.370605,132,136,245,273,56.663
30cm,yolo11n,98,128,3.265,4.265,1,9,plastic_normal,plastic,normal,0.333252,160,270,451,366,56.663
30cm,yolo11n,99,129,3.298,4.298,,,,,,,,,,,53.656
30cm,yolo11n,100,130,3.332,4.331,0,9,plastic_normal,plastic,normal,0.455078,136,134,246,273,53.559
30cm,yolo11n,101,131,3.365,4.365,,,,,,,,,,,53.457
30cm,yolo11n,102,132,3.398,4.398,,,,,,,,,,,53.228
30cm,yolo11n,103,133,3.432,4.431,,,,,,,,,,,53.167
30cm,yolo11n,104,134,3.465,4.464,,,,,,,,,,,53.541
30cm,yolo11n,105,135,3.498,4.498,,,,,,,,,,,52.967
30cm,yolo11n,106,136,3.532,4.531,0,2,glass_normal,glass,normal,0.266846,292,53,639,298,54.503
30cm,yolo11n,107,137,3.565,4.564,,,,,,,,,,,53.134
30cm,yolo11n,108,138,3.598,4.598,0,9,plastic_normal,plastic,normal,0.283447,293,76,423,225,52.766
30cm,yolo11n,109,139,3.632,4.631,,,,,,,,,,,52.779
30cm,yolo11n,110,140,3.665,4.664,,,,,,,,,,,53.535
30cm,yolo11n,111,141,3.698,4.698,,,,,,,,,,,53.753
30cm,yolo11n,112,142,3.731,4.731,,,,,,,,,,,53.77
30cm,yolo11n,113,143,3.765,4.764,0,7,pet_packaging,pet,packaging,0.271973,161,280,344,373,52.995
30cm,yolo11n,114,144,3.798,4.798,,,,,,,,,,,52.516
30cm,yolo11n,115,145,3.831,4.831,,,,,,,,,,,53.147
30cm,yolo11n,116,146,3.865,4.864,,,,,,,,,,,52.741
30cm,yolo11n,117,147,3.898,4.898,,,,,,,,,,,52.896
30cm,yolo11n,118,148,3.931,4.931,0,7,pet_packaging,pet,packaging,0.350342,161,254,282,368,56.907
30cm,yolo11n,119,149,3.965,4.964,0,7,pet_packaging,pet,packaging,0.376465,164,254,281,369,53.421
30cm,yolo11n,120,150,3.998,4.998,0,7,pet_packaging,pet,packaging,0.337646,169,251,282,367,53.235
30cm,yolo11n,121,151,4.031,5.031,,,,,,,,,,,52.93
30cm,yolo11n,122,152,4.065,5.064,,,,,,,,,,,53.486
30cm,yolo11n,123,153,4.098,5.097,,,,,,,,,,,53.715
30cm,yolo11n,124,154,4.131,5.131,,,,,,,,,,,53.271
30cm,yolo11n,125,155,4.165,5.164,,,,,,,,,,,53.679
30cm,yolo11n,126,156,4.198,5.197,,,,,,,,,,,53.354
30cm,yolo11n,127,157,4.231,5.231,,,,,,,,,,,53.074
30cm,yolo11n,128,158,4.265,5.264,,,,,,,,,,,57.905
30cm,yolo11n,129,159,4.298,5.297,,,,,,,,,,,53.228
30cm,yolo11n,130,160,4.331,5.331,,,,,,,,,,,53.24
30cm,yolo11n,131,161,4.365,5.364,0,10,plastic_dirty,plastic,dirty,0.250244,504,199,639,287,53.806
30cm,yolo11n,132,162,4.398,5.397,,,,,,,,,,,53.414
30cm,yolo11n,133,163,4.431,5.431,0,10,plastic_dirty,plastic,dirty,0.2854,507,189,639,257,52.683
30cm,yolo11n,134,164,4.464,5.464,,,,,,,,,,,53.098
30cm,yolo11n,135,165,4.498,5.497,0,9,plastic_normal,plastic,normal,0.338623,381,276,560,435,53.021
30cm,yolo11n,136,166,4.531,5.531,0,9,plastic_normal,plastic,normal,0.288086,377,278,561,421,53.448
30cm,yolo11n,137,167,4.564,5.564,,,,,,,,,,,53.962
30cm,yolo11n,138,168,4.598,5.597,,,,,,,,,,,57.43
30cm,yolo11n,139,169,4.631,5.631,,,,,,,,,,,54.826
30cm,yolo11n,140,170,4.664,5.664,,,,,,,,,,,52.622
30cm,yolo11n,141,171,4.698,5.697,,,,,,,,,,,52.99
30cm,yolo11n,142,172,4.731,5.73,,,,,,,,,,,52.703
30cm,yolo11n,143,173,4.764,5.764,,,,,,,,,,,52.73
30cm,yolo11n,144,174,4.798,5.797,,,,,,,,,,,53.088
30cm,yolo11n,145,175,4.831,5.83,,,,,,,,,,,53.105
30cm,yolo11n,146,176,4.864,5.864,0,7,pet_packaging,pet,packaging,0.321045,559,115,639,275,53.136
30cm,yolo11n,147,177,4.898,5.897,0,7,pet_packaging,pet,packaging,0.432861,574,114,639,278,53.133
30cm,yolo11n,148,178,4.931,5.93,0,7,pet_packaging,pet,packaging,0.358398,576,113,639,355,53.415
30cm,yolo11n,149,179,4.964,5.964,0,7,pet_packaging,pet,packaging,0.255859,579,113,639,377,52.858
30cm,yolo11n,150,180,4.998,5.997,,,,,,,,,,,52.704
30cm,yolo11n,151,181,5.031,6.03,,,,,,,,,,,52.642
30cm,yolo11n,152,182,5.064,6.064,,,,,,,,,,,52.983
30cm,yolo11n,153,183,5.097,6.097,,,,,,,,,,,52.971
30cm,yolo11n,154,184,5.131,6.13,,,,,,,,,,,53.1
30cm,yolo11n,155,185,5.164,6.164,,,,,,,,,,,53.086
30cm,yolo11n,156,186,5.197,6.197,,,,,,,,,,,53.515
30cm,yolo11n,157,187,5.231,6.23,,,,,,,,,,,53.303
30cm,yolo11n,158,188,5.264,6.264,,,,,,,,,,,53.139
30cm,yolo11n,159,189,5.297,6.297,,,,,,,,,,,58.466
30cm,yolo11n,160,190,5.331,6.33,0,4,glass_packaging,glass,packaging,0.262207,530,0,639,313,52.897
30cm,yolo11n,161,191,5.364,6.364,,,,,,,,,,,52.82
30cm,yolo11n,162,192,5.397,6.397,,,,,,,,,,,52.842
30cm,yolo11n,163,193,5.431,6.43,,,,,,,,,,,52.999
30cm,yolo11n,164,194,5.464,6.463,,,,,,,,,,,52.749
30cm,yolo11n,165,195,5.497,6.497,,,,,,,,,,,53.216
30cm,yolo11n,166,196,5.531,6.53,,,,,,,,,,,52.541
30cm,yolo11n,167,197,5.564,6.563,,,,,,,,,,,53.41
30cm,yolo11n,168,198,5.597,6.597,,,,,,,,,,,53.027
30cm,yolo11n,169,199,5.631,6.63,,,,,,,,,,,53.27
30cm,yolo11n,170,200,5.664,6.663,,,,,,,,,,,56.705
30cm,yolo11n,171,201,5.697,6.697,,,,,,,,,,,52.477
30cm,yolo11n,172,202,5.73,6.73,,,,,,,,,,,52.765
30cm,yolo11n,173,203,5.764,6.763,,,,,,,,,,,52.58
30cm,yolo11n,174,204,5.797,6.797,,,,,,,,,,,53.108
30cm,yolo11n,175,205,5.83,6.83,0,9,plastic_normal,plastic,normal,0.322754,365,278,559,412,53.014
30cm,yolo11n,176,206,5.864,6.863,,,,,,,,,,,53.164
30cm,yolo11n,177,207,5.897,6.897,,,,,,,,,,,53.779
30cm,yolo11n,178,208,5.93,6.93,,,,,,,,,,,52.834
30cm,yolo11n,179,209,5.964,6.963,,,,,,,,,,,53.442
30cm,yolo11n,180,210,5.997,6.997,,,,,,,,,,,57.674
30cm,yolo11n,181,211,6.03,7.03,0,7,pet_packaging,pet,packaging,0.310059,276,93,397,441,53.114
30cm,yolo11n,182,212,6.064,7.063,,,,,,,,,,,53.179
30cm,yolo11n,183,213,6.097,7.096,,,,,,,,,,,54.022
30cm,yolo11n,184,214,6.13,7.13,0,10,plastic_dirty,plastic,dirty,0.276855,526,0,638,225,53.119
30cm,yolo11n,185,215,6.164,7.163,,,,,,,,,,,53.259
30cm,yolo11n,186,216,6.197,7.196,,,,,,,,,,,52.693
30cm,yolo11n,187,217,6.23,7.23,,,,,,,,,,,53.29
30cm,yolo11n,188,218,6.264,7.263,,,,,,,,,,,53.633
30cm,yolo11n,189,219,6.297,7.296,0,10,plastic_dirty,plastic,dirty,0.364746,527,0,621,186,53.206
30cm,yolo11n,190,220,6.33,7.33,0,10,plastic_dirty,plastic,dirty,0.515625,527,0,622,198,52.991
30cm,yolo11n,191,221,6.364,7.363,0,10,plastic_dirty,plastic,dirty,0.501465,528,1,624,220,52.829
30cm,yolo11n,192,222,6.397,7.396,,,,,,,,,,,52.575
30cm,yolo11n,193,223,6.43,7.43,,,,,,,,,,,53.567
30cm,yolo11n,194,224,6.463,7.463,,,,,,,,,,,52.411
30cm,yolo11n,195,225,6.497,7.496,,,,,,,,,,,53.145
30cm,yolo11n,196,226,6.53,7.53,,,,,,,,,,,53.263
30cm,yolo11n,197,227,6.563,7.563,,,,,,,,,,,52.889
30cm,yolo11n,198,228,6.597,7.596,,,,,,,,,,,52.583
30cm,yolo11n,199,229,6.63,7.63,,,,,,,,,,,53.049
30cm,yolo11n,200,230,6.663,7.663,,,,,,,,,,,53.275
30cm,yolo11n,201,231,6.697,7.696,,,,,,,,,,,57.259
30cm,yolo11n,202,232,6.73,7.73,,,,,,,,,,,52.276
30cm,yolo11n,203,233,6.763,7.763,,,,,,,,,,,52.298
30cm,yolo11n,204,234,6.797,7.796,,,,,,,,,,,52.861
30cm,yolo11n,205,235,6.83,7.829,,,,,,,,,,,52.262
30cm,yolo11n,206,236,6.863,7.863,,,,,,,,,,,52.6
30cm,yolo11n,207,237,6.897,7.896,,,,,,,,,,,53.197
30cm,yolo11n,208,238,6.93,7.929,,,,,,,,,,,52.945
30cm,yolo11n,209,239,6.963,7.963,,,,,,,,,,,52.757
30cm,yolo11n,210,240,6.997,7.996,,,,,,,,,,,52.772
30cm,yolo11n,211,241,7.03,8.029,,,,,,,,,,,51.681
30cm,yolo11n,212,242,7.063,8.063,,,,,,,,,,,56.001
30cm,yolo11n,213,243,7.096,8.096,,,,,,,,,,,52.324
30cm,yolo11n,214,244,7.13,8.129,,,,,,,,,,,52.709
30cm,yolo11n,215,245,7.163,8.163,,,,,,,,,,,52.898
30cm,yolo11n,216,246,7.196,8.196,,,,,,,,,,,52.982
30cm,yolo11n,217,247,7.23,8.229,,,,,,,,,,,53.653
30cm,yolo11n,218,248,7.263,8.263,,,,,,,,,,,53.042
30cm,yolo11n,219,249,7.296,8.296,0,0,can_normal,can,normal,0.287109,276,91,396,442,53.225
30cm,yolo11n,220,250,7.33,8.329,,,,,,,,,,,52.845
30cm,yolo11n,221,251,7.363,8.363,,,,,,,,,,,53.267
30cm,yolo11n,222,252,7.396,8.396,,,,,,,,,,,58.003
30cm,yolo11n,223,253,7.43,8.429,0,0,can_normal,can,normal,0.336426,276,91,402,442,52.752
30cm,yolo11n,224,254,7.463,8.462,0,0,can_normal,can,normal,0.300293,276,90,396,442,52.919
30cm,yolo11n,225,255,7.496,8.496,,,,,,,,,,,52.739
30cm,yolo11n,226,256,7.53,8.529,,,,,,,,,,,52.571
30cm,yolo11n,227,257,7.563,8.562,,,,,,,,,,,52.91
30cm,yolo11n,228,258,7.596,8.596,,,,,,,,,,,52.964
30cm,yolo11n,229,259,7.63,8.629,,,,,,,,,,,52.529
30cm,yolo11n,230,260,7.663,8.662,,,,,,,,,,,53.294
30cm,yolo11n,231,261,7.696,8.696,,,,,,,,,,,53.378
30cm,yolo11n,232,262,7.73,8.729,,,,,,,,,,,53.884
30cm,yolo11n,233,263,7.763,8.762,,,,,,,,,,,52.993
30cm,yolo11n,234,264,7.796,8.796,,,,,,,,,,,53.364
30cm,yolo11n,235,265,7.829,8.829,,,,,,,,,,,53.021
30cm,yolo11n,236,266,7.863,8.862,,,,,,,,,,,52.864
30cm,yolo11n,237,267,7.896,8.896,,,,,,,,,,,53.418
30cm,yolo11n,238,268,7.929,8.929,,,,,,,,,,,54.114
30cm,yolo11n,239,269,7.963,8.962,,,,,,,,,,,52.983
30cm,yolo11n,240,270,7.996,8.996,,,,,,,,,,,53.178
30cm,yolo11n,241,271,8.029,9.029,,,,,,,,,,,53.241
30cm,yolo11n,242,272,8.063,9.062,,,,,,,,,,,53.832
30cm,yolo11n,243,273,8.096,9.095,,,,,,,,,,,57.214
30cm,yolo11n,244,274,8.129,9.129,,,,,,,,,,,52.829
30cm,yolo11n,245,275,8.163,9.162,,,,,,,,,,,53.316
30cm,yolo11n,246,276,8.196,9.195,,,,,,,,,,,53.129
30cm,yolo11n,247,277,8.229,9.229,,,,,,,,,,,53.377
30cm,yolo11n,248,278,8.263,9.262,0,10,plastic_dirty,plastic,dirty,0.544434,245,76,542,185,57.541
30cm,yolo11n,249,279,8.296,9.295,0,10,plastic_dirty,plastic,dirty,0.618164,250,79,531,188,60.544
30cm,yolo11n,250,280,8.329,9.329,0,10,plastic_dirty,plastic,dirty,0.600586,263,80,529,191,59.099
30cm,yolo11n,251,281,8.363,9.362,0,10,plastic_dirty,plastic,dirty,0.456543,271,73,533,195,63.281
30cm,yolo11n,252,282,8.396,9.395,,,,,,,,,,,56.338
30cm,yolo11n,253,283,8.429,9.429,,,,,,,,,,,55.374
30cm,yolo11n,254,284,8.462,9.462,0,7,pet_packaging,pet,packaging,0.33374,266,131,362,336,56.391
30cm,yolo11n,254,284,8.462,9.462,1,8,pet_dirty_packaging,pet,dirty_packaging,0.566895,266,130,362,334,56.391
30cm,yolo11n,255,285,8.496,9.495,0,8,pet_dirty_packaging,pet,dirty_packaging,0.550293,264,132,365,333,57.357
30cm,yolo11n,256,286,8.529,9.529,0,7,pet_packaging,pet,packaging,0.387207,258,134,368,336,57.728
30cm,yolo11n,256,286,8.529,9.529,1,8,pet_dirty_packaging,pet,dirty_packaging,0.483887,259,135,368,336,57.728
30cm,yolo11n,257,287,8.562,9.562,0,7,pet_packaging,pet,packaging,0.374023,251,138,374,338,57.652
30cm,yolo11n,257,287,8.562,9.562,1,8,pet_dirty_packaging,pet,dirty_packaging,0.49292,251,138,373,338,57.652
30cm,yolo11n,258,288,8.596,9.595,0,8,pet_dirty_packaging,pet,dirty_packaging,0.529785,244,143,380,341,58.646
30cm,yolo11n,259,289,8.629,9.629,,,,,,,,,,,75.413
30cm,yolo11n,260,290,8.662,9.662,,,,,,,,,,,57.791
30cm,yolo11n,261,291,8.696,9.695,,,,,,,,,,,55.038
30cm,yolo11n,262,292,8.729,9.729,,,,,,,,,,,69.29
30cm,yolo11n,263,293,8.762,9.762,0,5,pet_normal,pet,normal,0.373047,164,257,409,374,56.145
30cm,yolo11n,264,294,8.796,9.795,0,7,pet_packaging,pet,packaging,0.446045,168,215,414,323,57.327
30cm,yolo11n,265,295,8.829,9.828,0,7,pet_packaging,pet,packaging,0.361084,169,179,419,322,57.891
30cm,yolo11n,265,295,8.829,9.828,1,8,pet_dirty_packaging,pet,dirty_packaging,0.367432,168,178,419,321,57.891
30cm,yolo11n,266,296,8.862,9.862,0,5,pet_normal,pet,normal,0.340332,171,138,424,322,57.981
30cm,yolo11n,267,297,8.896,9.895,,,,,,,,,,,63.206
30cm,yolo11n,268,298,8.929,9.928,0,7,pet_packaging,pet,packaging,0.37915,176,139,436,337,57.368
30cm,yolo11n,268,298,8.929,9.928,1,8,pet_dirty_packaging,pet,dirty_packaging,0.351318,176,139,436,336,57.368
30cm,yolo11n,269,299,8.962,9.962,0,5,pet_normal,pet,normal,0.432861,166,160,443,348,56.762
30cm,yolo11n,270,300,8.996,9.995,,,,,,,,,,,58.592
30cm,yolo11n,271,301,9.029,10.028,0,5,pet_normal,pet,normal,0.259033,230,264,455,326,56.589
30cm,yolo11n,272,302,9.062,10.062,0,5,pet_normal,pet,normal,0.388428,153,255,459,390,71.78
30cm,yolo11n,273,303,9.095,10.095,0,5,pet_normal,pet,normal,0.458984,147,240,463,333,57.729
30cm,yolo11n,273,303,9.095,10.095,1,5,pet_normal,pet,normal,0.341064,148,319,457,387,57.729
30cm,yolo11n,273,303,9.095,10.095,2,7,pet_packaging,pet,packaging,0.263184,145,240,462,336,57.729
30cm,yolo11n,274,304,9.129,10.128,0,5,pet_normal,pet,normal,0.451172,141,240,471,385,55.191
30cm,yolo11n,274,304,9.129,10.128,1,7,pet_packaging,pet,packaging,0.31958,142,239,470,388,55.191
30cm,yolo11n,275,305,9.162,10.162,0,5,pet_normal,pet,normal,0.47998,134,214,479,377,52.779
30cm,yolo11n,276,306,9.195,10.195,0,5,pet_normal,pet,normal,0.666504,133,213,488,389,52.967
30cm,yolo11n,277,307,9.229,10.228,0,5,pet_normal,pet,normal,0.519043,125,228,502,408,52.901
30cm,yolo11n,278,308,9.262,10.262,0,5,pet_normal,pet,normal,0.453857,118,229,514,413,56.13
30cm,yolo11n,279,309,9.295,10.295,0,5,pet_normal,pet,normal,0.55127,68,269,531,479,53.663
30cm,yolo11n,280,310,9.329,10.328,,,,,,,,,,,53.342
30cm,yolo11n,281,311,9.362,10.362,0,5,pet_normal,pet,normal,0.614746,48,292,563,479,54.352
30cm,yolo11n,282,312,9.395,10.395,0,5,pet_normal,pet,normal,0.291992,91,277,587,479,55.346
30cm,yolo11n,283,313,9.429,10.428,0,5,pet_normal,pet,normal,0.323486,76,221,604,479,53.064
30cm,yolo11n,284,314,9.462,10.461,0,5,pet_normal,pet,normal,0.456055,52,219,594,479,53.525
30cm,yolo11n,285,315,9.495,10.495,,,,,,,,,,,53.038
30cm,yolo11n,286,316,9.529,10.528,,,,,,,,,,,52.081
30cm,yolo11n,287,317,9.562,10.561,0,5,pet_normal,pet,normal,0.325684,107,252,639,479,53.096
30cm,yolo11n,288,318,9.595,10.595,0,5,pet_normal,pet,normal,0.472168,107,218,639,479,53.686
30cm,yolo11n,289,319,9.629,10.628,0,5,pet_normal,pet,normal,0.297119,137,244,639,479,53.078
30cm,yolo11n,290,320,9.662,10.661,0,5,pet_normal,pet,normal,0.569824,110,245,639,479,53.434
30cm,yolo11n,291,321,9.695,10.695,0,5,pet_normal,pet,normal,0.660156,119,248,638,479,53.907
30cm,yolo11n,292,322,9.729,10.728,0,5,pet_normal,pet,normal,0.666992,131,252,639,479,53.572
30cm,yolo11n,293,323,9.762,10.761,0,5,pet_normal,pet,normal,0.647461,130,257,639,479,53.765
30cm,yolo11n,294,324,9.795,10.795,,,,,,,,,,,53.652
30cm,yolo11n,295,325,9.828,10.828,,,,,,,,,,,54.396
30cm,yolo11n,296,326,9.862,10.861,,,,,,,,,,,53.276
30cm,yolo11n,297,327,9.895,10.895,0,5,pet_normal,pet,normal,0.28418,166,289,639,479,53.361
30cm,yolo11n,298,328,9.928,10.928,,,,,,,,,,,53.029
30cm,yolo11n,299,329,9.962,10.961,,,,,,,,,,,53.19
30cm,yolo11n,300,330,9.995,10.995,,,,,,,,,,,53.499
30cm,yolo11n,301,331,10.028,11.028,,,,,,,,,,,54.673
30cm,yolo11n,302,332,10.062,11.061,,,,,,,,,,,55.599
30cm,yolo11n,303,333,10.095,11.095,,,,,,,,,,,53.253
30cm,yolo11n,304,334,10.128,11.128,,,,,,,,,,,53.866
30cm,yolo11n,305,335,10.162,11.161,,,,,,,,,,,53.564
30cm,yolo11n,306,336,10.195,11.194,,,,,,,,,,,54.175
30cm,yolo11n,307,337,10.228,11.228,,,,,,,,,,,53.384
30cm,yolo11n,308,338,10.262,11.261,,,,,,,,,,,53.788
30cm,yolo11n,309,339,10.295,11.294,,,,,,,,,,,53.358
30cm,yolo11n,310,340,10.328,11.328,,,,,,,,,,,53.841
30cm,yolo11n,311,341,10.362,11.361,,,,,,,,,,,55.02
30cm,yolo11n,312,342,10.395,11.394,0,7,pet_packaging,pet,packaging,0.293213,238,163,347,358,53.765
30cm,yolo11n,313,343,10.428,11.428,0,7,pet_packaging,pet,packaging,0.27124,239,161,350,358,52.527
30cm,yolo11n,313,343,10.428,11.428,1,8,pet_dirty_packaging,pet,dirty_packaging,0.303955,239,163,350,358,52.527
30cm,yolo11n,314,344,10.461,11.461,0,7,pet_packaging,pet,packaging,0.307129,241,156,348,358,55.723
30cm,yolo11n,315,345,10.495,11.494,0,7,pet_packaging,pet,packaging,0.265625,243,125,345,357,52.876
30cm,yolo11n,315,345,10.495,11.494,1,8,pet_dirty_packaging,pet,dirty_packaging,0.282471,244,115,346,358,52.876
30cm,yolo11n,316,346,10.528,11.528,0,8,pet_dirty_packaging,pet,dirty_packaging,0.489502,245,48,342,357,53.625
30cm,yolo11n,317,347,10.561,11.561,0,8,pet_dirty_packaging,pet,dirty_packaging,0.419678,246,49,340,357,53.539
30cm,yolo11n,318,348,10.595,11.594,0,8,pet_dirty_packaging,pet,dirty_packaging,0.428223,240,45,337,357,53.96
30cm,yolo11n,319,349,10.628,11.628,0,8,pet_dirty_packaging,pet,dirty_packaging,0.366211,230,41,335,358,53.637
30cm,yolo11n,320,350,10.661,11.661,0,8,pet_dirty_packaging,pet,dirty_packaging,0.408447,218,36,334,357,53.428
30cm,yolo11n,321,351,10.695,11.694,0,7,pet_packaging,pet,packaging,0.313965,213,29,335,358,54.664
30cm,yolo11n,321,351,10.695,11.694,1,8,pet_dirty_packaging,pet,dirty_packaging,0.377441,213,30,335,359,54.664
30cm,yolo11n,322,352,10.728,11.728,,,,,,,,,,,56.642
30cm,yolo11n,323,353,10.761,11.761,,,,,,,,,,,53.534
30cm,yolo11n,324,354,10.795,11.794,,,,,,,,,,,53.044
30cm,yolo11n,325,355,10.828,11.827,,,,,,,,,,,52.692
30cm,yolo11n,326,356,10.861,11.861,,,,,,,,,,,56.159
30cm,yolo11n,327,357,10.895,11.894,,,,,,,,,,,52.414
30cm,yolo11n,328,358,10.928,11.927,0,7,pet_packaging,pet,packaging,0.368164,2,188,425,332,52.952
30cm,yolo11n,329,359,10.961,11.961,0,5,pet_normal,pet,normal,0.350586,0,209,428,332,53.098
30cm,yolo11n,330,360,10.995,11.994,0,5,pet_normal,pet,normal,0.320801,102,228,429,328,53.376
30cm,yolo11n,331,361,11.028,12.027,,,,,,,,,,,54.934
30cm,yolo11n,332,362,11.061,12.061,,,,,,,,,,,53.992
30cm,yolo11n,333,363,11.095,12.094,,,,,,,,,,,53.161
30cm,yolo11n,334,364,11.128,12.127,,,,,,,,,,,56.757
30cm,yolo11n,335,365,11.161,12.161,,,,,,,,,,,53.161
30cm,yolo11n,336,366,11.194,12.194,,,,,,,,,,,53.095
30cm,yolo11n,337,367,11.228,12.227,,,,,,,,,,,52.521
30cm,yolo11n,338,368,11.261,12.261,,,,,,,,,,,56.306
30cm,yolo11n,339,369,11.294,12.294,,,,,,,,,,,53.509
30cm,yolo11n,340,370,11.328,12.327,,,,,,,,,,,52.614
30cm,yolo11n,341,371,11.361,12.361,,,,,,,,,,,53.157
30cm,yolo11n,342,372,11.394,12.394,,,,,,,,,,,53.017
30cm,yolo11n,343,373,11.428,12.427,,,,,,,,,,,52.868
30cm,yolo11n,344,374,11.461,12.461,,,,,,,,,,,52.833
30cm,yolo11n,345,375,11.494,12.494,,,,,,,,,,,53.162
30cm,yolo11n,346,376,11.528,12.527,,,,,,,,,,,56.0
30cm,yolo11n,347,377,11.561,12.56,,,,,,,,,,,53.039
30cm,yolo11n,348,378,11.594,12.594,,,,,,,,,,,53.595
30cm,yolo11n,349,379,11.628,12.627,,,,,,,,,,,52.379
30cm,yolo11n,350,380,11.661,12.66,,,,,,,,,,,56.656
30cm,yolo11n,351,381,11.694,12.694,,,,,,,,,,,52.922
30cm,yolo11n,352,382,11.728,12.727,,,,,,,,,,,53.538
30cm,yolo11n,353,383,11.761,12.76,,,,,,,,,,,53.773
30cm,yolo11n,354,384,11.794,12.794,,,,,,,,,,,53.868
30cm,yolo11n,355,385,11.827,12.827,,,,,,,,,,,53.532
30cm,yolo11n,356,386,11.861,12.86,,,,,,,,,,,56.579
30cm,yolo11n,357,387,11.894,12.894,,,,,,,,,,,52.408
30cm,yolo11n,358,388,11.927,12.927,,,,,,,,,,,56.135
30cm,yolo11n,359,389,11.961,12.96,,,,,,,,,,,53.447
30cm,yolo11n,360,390,11.994,12.994,,,,,,,,,,,53.537
30cm,yolo11n,361,391,12.027,13.027,0,10,plastic_dirty,plastic,dirty,0.279541,232,103,380,224,53.017
30cm,yolo11n,362,392,12.061,13.06,0,9,plastic_normal,plastic,normal,0.302979,233,104,382,225,53.916
30cm,yolo11n,362,392,12.061,13.06,1,10,plastic_dirty,plastic,dirty,0.366455,232,103,378,225,53.916
30cm,yolo11n,363,393,12.094,13.094,,,,,,,,,,,53.611
30cm,yolo11n,364,394,12.127,13.127,,,,,,,,,,,53.839
30cm,yolo11n,365,395,12.161,13.16,,,,,,,,,,,53.714
30cm,yolo11n,366,396,12.194,13.193,,,,,,,,,,,53.6
30cm,yolo11n,367,397,12.227,13.227,,,,,,,,,,,53.053
30cm,yolo11n,368,398,12.261,13.26,,,,,,,,,,,53.521
30cm,yolo11n,369,399,12.294,13.293,,,,,,,,,,,53.548
30cm,yolo11n,370,400,12.327,13.327,,,,,,,,,,,56.135
30cm,yolo11n,371,401,12.361,13.36,,,,,,,,,,,53.531
30cm,yolo11n,372,402,12.394,13.393,,,,,,,,,,,52.96
30cm,yolo11n,373,403,12.427,13.427,,,,,,,,,,,53.09
30cm,yolo11n,374,404,12.461,13.46,,,,,,,,,,,52.916
30cm,yolo11n,375,405,12.494,13.493,,,,,,,,,,,52.841
30cm,yolo11n,376,406,12.527,13.527,,,,,,,,,,,53.047
30cm,yolo11n,377,407,12.56,13.56,,,,,,,,,,,53.057
30cm,yolo11n,378,408,12.594,13.593,,,,,,,,,,,53.252
30cm,yolo11n,379,409,12.627,13.627,,,,,,,,,,,53.033
30cm,yolo11n,380,410,12.66,13.66,,,,,,,,,,,53.452
30cm,yolo11n,381,411,12.694,13.693,,,,,,,,,,,53.605
30cm,yolo11n,382,412,12.727,13.727,,,,,,,,,,,54.931
30cm,yolo11n,383,413,12.76,13.76,,,,,,,,,,,56.498
30cm,yolo11n,384,414,12.794,13.793,,,,,,,,,,,53.939
30cm,yolo11n,385,415,12.827,13.826,,,,,,,,,,,52.64
30cm,yolo11n,386,416,12.86,13.86,,,,,,,,,,,52.826
30cm,yolo11n,387,417,12.894,13.893,,,,,,,,,,,56.276
30cm,yolo11n,388,418,12.927,13.926,0,10,plastic_dirty,plastic,dirty,0.27417,316,92,520,196,52.586
30cm,yolo11n,389,419,12.96,13.96,0,10,plastic_dirty,plastic,dirty,0.278564,316,93,509,197,52.567
30cm,yolo11n,390,420,12.994,13.993,0,10,plastic_dirty,plastic,dirty,0.360596,312,89,504,198,52.927
30cm,yolo11n,391,421,13.027,14.026,,,,,,,,,,,53.231
30cm,yolo11n,392,422,13.06,14.06,0,10,plastic_dirty,plastic,dirty,0.272705,317,75,492,195,53.124
30cm,yolo11n,393,423,13.094,14.093,0,10,plastic_dirty,plastic,dirty,0.306885,308,65,490,192,53.001
30cm,yolo11n,394,424,13.127,14.126,0,10,plastic_dirty,plastic,dirty,0.441162,296,57,482,186,52.979
30cm,yolo11n,395,425,13.16,14.16,0,9,plastic_normal,plastic,normal,0.392822,286,48,476,182,56.54
30cm,yolo11n,395,425,13.16,14.16,1,10,plastic_dirty,plastic,dirty,0.389404,286,48,476,182,56.54
30cm,yolo11n,396,426,13.193,14.193,0,10,plastic_dirty,plastic,dirty,0.434082,278,45,469,179,52.993
30cm,yolo11n,397,427,13.227,14.226,0,4,glass_packaging,glass,packaging,0.281738,215,97,366,390,52.891
30cm,yolo11n,398,428,13.26,14.26,,,,,,,,,,,53.335
30cm,yolo11n,399,429,13.293,14.293,,,,,,,,,,,52.992
30cm,yolo11n,400,430,13.327,14.326,,,,,,,,,,,52.793
30cm,yolo11n,401,431,13.36,14.36,,,,,,,,,,,53.42
30cm,yolo11n,402,432,13.393,14.393,,,,,,,,,,,53.216
30cm,yolo11n,403,433,13.427,14.426,,,,,,,,,,,54.869
30cm,yolo11n,404,434,13.46,14.46,,,,,,,,,,,53.077
30cm,yolo11n,405,435,13.493,14.493,,,,,,,,,,,53.235
30cm,yolo11n,406,436,13.527,14.526,,,,,,,,,,,59.226
30cm,yolo11n,407,437,13.56,14.559,,,,,,,,,,,52.393
30cm,yolo11n,408,438,13.593,14.593,,,,,,,,,,,52.538
30cm,yolo11n,409,439,13.627,14.626,,,,,,,,,,,52.946
30cm,yolo11n,410,440,13.66,14.659,,,,,,,,,,,53.025
30cm,yolo11n,411,441,13.693,14.693,,,,,,,,,,,53.682
30cm,yolo11n,412,442,13.727,14.726,,,,,,,,,,,55.963
30cm,yolo11n,413,443,13.76,14.759,,,,,,,,,,,52.935
30cm,yolo11n,414,444,13.793,14.793,,,,,,,,,,,53.363
30cm,yolo11n,415,445,13.826,14.826,,,,,,,,,,,53.537
30cm,yolo11n,416,446,13.86,14.859,,,,,,,,,,,53.333
30cm,yolo11n,417,447,13.893,14.893,,,,,,,,,,,53.422
30cm,yolo11n,418,448,13.926,14.926,,,,,,,,,,,53.098
30cm,yolo11n,419,449,13.96,14.959,,,,,,,,,,,52.992
30cm,yolo11n,420,450,13.993,14.993,,,,,,,,,,,56.675
30cm,yolo11n,421,451,14.026,15.026,,,,,,,,,,,52.978
30cm,yolo11n,422,452,14.06,15.059,,,,,,,,,,,53.061
30cm,yolo11n,423,453,14.093,15.093,,,,,,,,,,,53.562
30cm,yolo11n,424,454,14.126,15.126,,,,,,,,,,,55.702
30cm,yolo11n,425,455,14.16,15.159,,,,,,,,,,,52.31
30cm,yolo11n,426,456,14.193,15.192,,,,,,,,,,,53.353
30cm,yolo11n,427,457,14.226,15.226,,,,,,,,,,,53.829
30cm,yolo11n,428,458,14.26,15.259,,,,,,,,,,,53.274
30cm,yolo11n,429,459,14.293,15.292,,,,,,,,,,,53.331
30cm,yolo11n,430,460,14.326,15.326,,,,,,,,,,,53.411
30cm,yolo11n,431,461,14.36,15.359,,,,,,,,,,,53.46
30cm,yolo11n,432,462,14.393,15.392,,,,,,,,,,,56.497
30cm,yolo11n,433,463,14.426,15.426,,,,,,,,,,,52.848
30cm,yolo11n,434,464,14.46,15.459,,,,,,,,,,,54.265
30cm,yolo11n,435,465,14.493,15.492,0,7,pet_packaging,pet,packaging,0.338623,368,0,584,105,53.701
30cm,yolo11n,436,466,14.526,15.526,,,,,,,,,,,53.491
30cm,yolo11n,437,467,14.559,15.559,,,,,,,,,,,53.102
30cm,yolo11n,438,468,14.593,15.592,,,,,,,,,,,53.132
30cm,yolo11n,439,469,14.626,15.626,,,,,,,,,,,53.509
30cm,yolo11n,440,470,14.659,15.659,,,,,,,,,,,53.766
30cm,yolo11n,441,471,14.693,15.692,,,,,,,,,,,53.395
30cm,yolo11n,442,472,14.726,15.726,,,,,,,,,,,53.888
30cm,yolo11n,443,473,14.759,15.759,,,,,,,,,,,53.957
30cm,yolo11n,444,474,14.793,15.792,,,,,,,,,,,56.169
30cm,yolo11n,445,475,14.826,15.826,,,,,,,,,,,52.626
30cm,yolo11n,446,476,14.859,15.859,,,,,,,,,,,53.65
30cm,yolo11n,447,477,14.893,15.892,,,,,,,,,,,52.497
30cm,yolo11n,448,478,14.926,15.925,,,,,,,,,,,56.242
30cm,yolo11n,449,479,14.959,15.959,,,,,,,,,,,53.096
30cm,yolo11n,450,480,14.993,15.992,,,,,,,,,,,53.391
30cm,yolo11n,451,481,15.026,16.025,,,,,,,,,,,53.316
30cm,yolo11n,452,482,15.059,16.059,,,,,,,,,,,53.018
30cm,yolo11n,453,483,15.093,16.092,0,7,pet_packaging,pet,packaging,0.275879,259,99,401,388,52.798
30cm,yolo11n,453,483,15.093,16.092,1,8,pet_dirty_packaging,pet,dirty_packaging,0.297852,258,101,401,388,52.798
30cm,yolo11n,454,484,15.126,16.125,,,,,,,,,,,54.5
30cm,yolo11n,455,485,15.159,16.159,,,,,,,,,,,52.966
30cm,yolo11n,456,486,15.192,16.192,,,,,,,,,,,54.736
30cm,yolo11n,457,487,15.226,16.225,,,,,,,,,,,53.045
30cm,yolo11n,458,488,15.259,16.259,,,,,,,,,,,52.688
30cm,yolo11n,459,489,15.292,16.292,,,,,,,,,,,53.155
30cm,yolo11n,460,490,15.326,16.325,,,,,,,,,,,53.531
30cm,yolo11n,461,491,15.359,16.359,,,,,,,,,,,52.68
30cm,yolo11n,462,492,15.392,16.392,,,,,,,,,,,52.758
30cm,yolo11n,463,493,15.426,16.425,,,,,,,,,,,53.008
30cm,yolo11n,464,494,15.459,16.459,,,,,,,,,,,54.02
30cm,yolo11n,465,495,15.492,16.492,,,,,,,,,,,52.921
30cm,yolo11n,466,496,15.526,16.525,,,,,,,,,,,52.893
30cm,yolo11n,467,497,15.559,16.558,,,,,,,,,,,53.418
30cm,yolo11n,468,498,15.592,16.592,,,,,,,,,,,53.217
30cm,yolo11n,469,499,15.626,16.625,,,,,,,,,,,55.911
30cm,yolo11n,470,500,15.659,16.658,,,,,,,,,,,52.714
30cm,yolo11n,471,501,15.692,16.692,,,,,,,,,,,53.048
30cm,yolo11n,472,502,15.726,16.725,,,,,,,,,,,52.97
30cm,yolo11n,473,503,15.759,16.758,0,10,plastic_dirty,plastic,dirty,0.250977,286,58,517,174,56.603
30cm,yolo11n,474,504,15.792,16.792,0,8,pet_dirty_packaging,pet,dirty_packaging,0.338867,244,81,397,391,53.262
30cm,yolo11n,474,504,15.792,16.792,1,10,plastic_dirty,plastic,dirty,0.26123,289,65,507,179,53.262
30cm,yolo11n,475,505,15.826,16.825,0,8,pet_dirty_packaging,pet,dirty_packaging,0.395508,243,85,395,391,53.282
30cm,yolo11n,475,505,15.826,16.825,1,10,plastic_dirty,plastic,dirty,0.293945,312,76,499,183,53.282
30cm,yolo11n,476,506,15.859,16.858,,,,,,,,,,,53.527
30cm,yolo11n,477,507,15.892,16.892,0,10,plastic_dirty,plastic,dirty,0.286133,310,83,490,190,53.676
30cm,yolo11n,478,508,15.925,16.925,,,,,,,,,,,52.922
30cm,yolo11n,479,509,15.959,16.958,0,8,pet_dirty_packaging,pet,dirty_packaging,0.280518,235,95,371,385,52.718
30cm,yolo11n,480,510,15.992,16.992,0,8,pet_dirty_packaging,pet,dirty_packaging,0.332275,235,97,367,383,52.961
30cm,yolo11n,481,511,16.025,17.025,0,8,pet_dirty_packaging,pet,dirty_packaging,0.351318,235,90,371,381,53.523
30cm,yolo11n,482,512,16.059,17.058,0,7,pet_packaging,pet,packaging,0.315674,236,108,372,381,52.977
30cm,yolo11n,482,512,16.059,17.058,1,8,pet_dirty_packaging,pet,dirty_packaging,0.306396,236,108,372,380,52.977
30cm,yolo11n,483,513,16.092,17.092,0,8,pet_dirty_packaging,pet,dirty_packaging,0.325195,238,113,375,381,53.13
30cm,yolo11n,484,514,16.125,17.125,0,8,pet_dirty_packaging,pet,dirty_packaging,0.250244,242,113,377,384,52.862
30cm,yolo11n,485,515,16.159,17.158,0,10,plastic_dirty,plastic,dirty,0.296875,281,57,484,177,54.436
30cm,yolo11n,486,516,16.192,17.191,0,10,plastic_dirty,plastic,dirty,0.29248,281,48,483,170,52.353
30cm,yolo11n,487,517,16.225,17.225,,,,,,,,,,,52.851
30cm,yolo11n,488,518,16.259,17.258,,,,,,,,,,,53.535
30cm,yolo11n,489,519,16.292,17.291,,,,,,,,,,,53.283
30cm,yolo11n,490,520,16.325,17.325,,,,,,,,,,,53.602
30cm,yolo11n,491,521,16.359,17.358,,,,,,,,,,,52.944
30cm,yolo11n,492,522,16.392,17.391,,,,,,,,,,,52.829
30cm,yolo11n,493,523,16.425,17.425,,,,,,,,,,,53.147
30cm,yolo11n,494,524,16.459,17.458,,,,,,,,,,,56.109
30cm,yolo11n,495,525,16.492,17.491,,,,,,,,,,,52.844
30cm,yolo11n,496,526,16.525,17.525,0,6,pet_dirty,pet,dirty,0.304443,238,108,377,388,52.907
30cm,yolo11n,497,527,16.558,17.558,,,,,,,,,,,53.6
30cm,yolo11n,498,528,16.592,17.591,,,,,,,,,,,57.229
30cm,yolo11n,499,529,16.625,17.625,,,,,,,,,,,53.613
30cm,yolo11n,500,530,16.658,17.658,,,,,,,,,,,52.69
30cm,yolo11n,501,531,16.692,17.691,0,6,pet_dirty,pet,dirty,0.275879,237,109,377,389,53.155
30cm,yolo11n,502,532,16.725,17.725,,,,,,,,,,,53.446
30cm,yolo11n,503,533,16.758,17.758,,,,,,,,,,,53.656
30cm,yolo11n,504,534,16.792,17.791,,,,,,,,,,,53.382
30cm,yolo11n,505,535,16.825,17.825,,,,,,,,,,,52.028
30cm,yolo11n,506,536,16.858,17.858,,,,,,,,,,,57.057
30cm,yolo11n,507,537,16.892,17.891,,,,,,,,,,,52.996
30cm,yolo11n,508,538,16.925,17.924,,,,,,,,,,,52.741
30cm,yolo11n,509,539,16.958,17.958,,,,,,,,,,,53.317
30cm,yolo11n,510,540,16.992,17.991,,,,,,,,,,,53.262
30cm,yolo11n,511,541,17.025,18.024,,,,,,,,,,,61.904
30cm,yolo11n,512,542,17.058,18.058,,,,,,,,,,,52.669
30cm,yolo11n,513,543,17.092,18.091,,,,,,,,,,,53.391
30cm,yolo11n,514,544,17.125,18.124,,,,,,,,,,,53.261
30cm,yolo11n,515,545,17.158,18.158,,,,,,,,,,,53.152
30cm,yolo11n,516,546,17.191,18.191,,,,,,,,,,,54.364
30cm,yolo11n,517,547,17.225,18.224,,,,,,,,,,,52.283
30cm,yolo11n,518,548,17.258,18.258,,,,,,,,,,,53.198
30cm,yolo11n,519,549,17.291,18.291,,,,,,,,,,,54.013
30cm,yolo11n,520,550,17.325,18.324,,,,,,,,,,,52.792
30cm,yolo11n,521,551,17.358,18.358,,,,,,,,,,,53.068
30cm,yolo11n,522,552,17.391,18.391,,,,,,,,,,,53.083
30cm,yolo11n,523,553,17.425,18.424,,,,,,,,,,,53.029
30cm,yolo11n,524,554,17.458,18.458,,,,,,,,,,,53.126
30cm,yolo11n,525,555,17.491,18.491,,,,,,,,,,,52.593
30cm,yolo11n,526,556,17.525,18.524,,,,,,,,,,,53.034
30cm,yolo11n,527,557,17.558,18.557,,,,,,,,,,,53.742
30cm,yolo11n,528,558,17.591,18.591,,,,,,,,,,,53.066
30cm,yolo11n,529,559,17.625,18.624,,,,,,,,,,,52.677
30cm,yolo11n,530,560,17.658,18.657,,,,,,,,,,,52.612
30cm,yolo11n,531,561,17.691,18.691,,,,,,,,,,,55.537
30cm,yolo11n,532,562,17.725,18.724,,,,,,,,,,,53.161
30cm,yolo11n,533,563,17.758,18.757,,,,,,,,,,,52.595
30cm,yolo11n,534,564,17.791,18.791,,,,,,,,,,,53.173
30cm,yolo11n,535,565,17.825,18.824,0,6,pet_dirty,pet,dirty,0.267334,237,109,377,391,52.582
30cm,yolo11n,536,566,17.858,18.857,0,6,pet_dirty,pet,dirty,0.311279,238,108,382,390,52.984
30cm,yolo11n,537,567,17.891,18.891,0,6,pet_dirty,pet,dirty,0.267334,238,109,387,391,54.202
30cm,yolo11n,538,568,17.924,18.924,0,6,pet_dirty,pet,dirty,0.266113,239,108,385,391,53.135
30cm,yolo11n,539,569,17.958,18.957,0,10,plastic_dirty,plastic,dirty,0.332031,298,25,470,163,53.055
30cm,yolo11n,540,570,17.991,18.991,,,,,,,,,,,53.716
30cm,yolo11n,541,571,18.024,19.024,0,10,plastic_dirty,plastic,dirty,0.326904,252,62,466,178,53.193
30cm,yolo11n,542,572,18.058,19.057,0,8,pet_dirty_packaging,pet,dirty_packaging,0.280273,238,98,379,390,53.099
30cm,yolo11n,543,573,18.091,19.091,0,8,pet_dirty_packaging,pet,dirty_packaging,0.264404,236,103,379,394,53.092
30cm,yolo11n,543,573,18.091,19.091,1,10,plastic_dirty,plastic,dirty,0.312012,315,89,468,189,53.092
30cm,yolo11n,544,574,18.124,19.124,0,10,plastic_dirty,plastic,dirty,0.274658,322,85,469,192,53.107
30cm,yolo11n,545,575,18.158,19.157,,,,,,,,,,,52.935
30cm,yolo11n,546,576,18.191,19.191,0,8,pet_dirty_packaging,pet,dirty_packaging,0.260254,234,98,373,396,53.048
30cm,yolo11n,547,577,18.224,19.224,,,,,,,,,,,52.598
30cm,yolo11n,548,578,18.258,19.257,0,8,pet_dirty_packaging,pet,dirty_packaging,0.270264,238,98,375,394,56.834
30cm,yolo11n,549,579,18.291,19.29,,,,,,,,,,,52.804
30cm,yolo11n,550,580,18.324,19.324,,,,,,,,,,,53.036
30cm,yolo11n,551,581,18.358,19.357,,,,,,,,,,,53.403
30cm,yolo11n,552,582,18.391,19.39,,,,,,,,,,,53.838
30cm,yolo11n,553,583,18.424,19.424,,,,,,,,,,,52.592
30cm,yolo11n,554,584,18.458,19.457,,,,,,,,,,,53.174
30cm,yolo11n,555,585,18.491,19.49,,,,,,,,,,,53.253
30cm,yolo11n,556,586,18.524,19.524,,,,,,,,,,,57.028
30cm,yolo11n,557,587,18.557,19.557,,,,,,,,,,,53.366
30cm,yolo11n,558,588,18.591,19.59,,,,,,,,,,,54.908
30cm,yolo11n,559,589,18.624,19.624,,,,,,,,,,,53.194
30cm,yolo11n,560,590,18.657,19.657,,,,,,,,,,,56.168
30cm,yolo11n,561,591,18.691,19.69,,,,,,,,,,,52.916
30cm,yolo11n,562,592,18.724,19.724,,,,,,,,,,,53.32
30cm,yolo11n,563,593,18.757,19.757,,,,,,,,,,,53.634
30cm,yolo11n,564,594,18.791,19.79,,,,,,,,,,,54.074
30cm,yolo11n,565,595,18.824,19.824,,,,,,,,,,,52.499
30cm,yolo11n,566,596,18.857,19.857,,,,,,,,,,,53.211
30cm,yolo11n,567,597,18.891,19.89,,,,,,,,,,,53.239
30cm,yolo11n,568,598,18.924,19.923,,,,,,,,,,,54.626
30cm,yolo11n,569,599,18.957,19.957,,,,,,,,,,,52.283
30cm,yolo11n,570,600,18.991,19.99,,,,,,,,,,,52.729
30cm,yolo11n,571,601,19.024,20.023,,,,,,,,,,,52.283
30cm,yolo11n,572,602,19.057,20.057,,,,,,,,,,,54.382
30cm,yolo11n,573,603,19.091,20.09,,,,,,,,,,,52.695
30cm,yolo11n,574,604,19.124,20.123,,,,,,,,,,,53.037
30cm,yolo11n,575,605,19.157,20.157,,,,,,,,,,,52.804
30cm,yolo11n,576,606,19.191,20.19,,,,,,,,,,,53.343
30cm,yolo11n,577,607,19.224,20.223,,,,,,,,,,,52.864
30cm,yolo11n,578,608,19.257,20.257,,,,,,,,,,,53.674
30cm,yolo11n,579,609,19.29,20.29,,,,,,,,,,,53.583
30cm,yolo11n,580,610,19.324,20.323,,,,,,,,,,,53.715
30cm,yolo11n,581,611,19.357,20.357,,,,,,,,,,,56.587
30cm,yolo11n,582,612,19.39,20.39,,,,,,,,,,,53.33
30cm,yolo11n,583,613,19.424,20.423,,,,,,,,,,,52.391
30cm,yolo11n,584,614,19.457,20.457,0,10,plastic_dirty,plastic,dirty,0.289062,293,95,526,216,52.836
30cm,yolo11n,585,615,19.49,20.49,0,8,pet_dirty_packaging,pet,dirty_packaging,0.252686,279,96,409,393,56.849
30cm,yolo11n,586,616,19.524,20.523,0,8,pet_dirty_packaging,pet,dirty_packaging,0.29248,277,96,409,291,53.245
30cm,yolo11n,587,617,19.557,20.556,0,8,pet_dirty_packaging,pet,dirty_packaging,0.253418,276,103,411,290,52.977
30cm,yolo11n,587,617,19.557,20.556,1,10,plastic_dirty,plastic,dirty,0.276123,330,89,525,213,52.977
30cm,yolo11n,588,618,19.59,20.59,0,10,plastic_dirty,plastic,dirty,0.481201,292,89,526,212,53.089
30cm,yolo11n,589,619,19.624,20.623,0,10,plastic_dirty,plastic,dirty,0.471924,357,86,529,208,52.658
30cm,yolo11n,590,620,19.657,20.656,0,10,plastic_dirty,plastic,dirty,0.472656,298,76,531,205,52.742
30cm,yolo11n,591,621,19.69,20.69,0,10,plastic_dirty,plastic,dirty,0.518066,308,70,534,200,52.791
30cm,yolo11n,592,622,19.724,20.723,0,10,plastic_dirty,plastic,dirty,0.65625,316,63,539,195,53.874
30cm,yolo11n,593,623,19.757,20.756,0,8,pet_dirty_packaging,pet,dirty_packaging,0.312744,277,99,424,286,56.099
30cm,yolo11n,593,623,19.757,20.756,1,10,plastic_dirty,plastic,dirty,0.606934,322,59,542,192,56.099
30cm,yolo11n,594,624,19.79,20.79,0,8,pet_dirty_packaging,pet,dirty_packaging,0.343994,277,93,424,287,53.419
30cm,yolo11n,594,624,19.79,20.79,1,10,plastic_dirty,plastic,dirty,0.477051,330,51,547,185,53.419
30cm,yolo11n,595,625,19.824,20.823,0,8,pet_dirty_packaging,pet,dirty_packaging,0.403809,276,84,420,292,54.031
30cm,yolo11n,596,626,19.857,20.856,0,7,pet_packaging,pet,packaging,0.252686,276,105,424,287,53.665
30cm,yolo11n,597,627,19.89,20.89,0,9,plastic_normal,plastic,normal,0.276611,276,107,425,291,56.13
30cm,yolo11n,598,628,19.923,20.923,0,9,plastic_normal,plastic,normal,0.403076,276,106,425,290,52.913
30cm,yolo11n,599,629,19.957,20.956,0,9,plastic_normal,plastic,normal,0.273926,276,105,425,290,54.562
30cm,yolo11n,600,630,19.99,20.99,,,,,,,,,,,53.576
30cm,yolo11n,601,631,20.023,21.023,0,9,plastic_normal,plastic,normal,0.358643,276,105,424,290,52.938
30cm,yolo11n,602,632,20.057,21.056,0,9,plastic_normal,plastic,normal,0.428711,276,105,425,289,52.771
30cm,yolo11n,603,633,20.09,21.09,0,9,plastic_normal,plastic,normal,0.427246,276,106,425,290,53.811
30cm,yolo11n,604,634,20.123,21.123,0,9,plastic_normal,plastic,normal,0.390625,276,106,425,289,52.944
30cm,yolo11n,605,635,20.157,21.156,0,9,plastic_normal,plastic,normal,0.415527,276,106,425,289,53.417
30cm,yolo11n,606,636,20.19,21.19,0,9,plastic_normal,plastic,normal,0.390869,276,106,424,288,53.18
30cm,yolo11n,607,637,20.223,21.223,0,9,plastic_normal,plastic,normal,0.347656,276,106,425,290,52.99
30cm,yolo11n,608,638,20.257,21.256,0,9,plastic_normal,plastic,normal,0.371338,276,105,424,289,53.467
30cm,yolo11n,609,639,20.29,21.289,0,9,plastic_normal,plastic,normal,0.373535,276,106,423,286,53.103
30cm,yolo11n,610,640,20.323,21.323,0,9,plastic_normal,plastic,normal,0.397461,276,105,425,287,52.429
30cm,yolo11n,611,641,20.357,21.356,0,9,plastic_normal,plastic,normal,0.516602,276,105,425,289,52.88
30cm,yolo11n,612,642,20.39,21.389,0,9,plastic_normal,plastic,normal,0.313721,276,106,427,292,53.485
30cm,yolo11n,613,643,20.423,21.423,,,,,,,,,,,53.266
30cm,yolo11n,614,644,20.457,21.456,,,,,,,,,,,53.02
30cm,yolo11n,615,645,20.49,21.489,,,,,,,,,,,53.117
30cm,yolo11n,616,646,20.523,21.523,,,,,,,,,,,53.022
30cm,yolo11n,617,647,20.556,21.556,0,7,pet_packaging,pet,packaging,0.266113,274,105,422,292,52.936
30cm,yolo11n,617,647,20.556,21.556,1,8,pet_dirty_packaging,pet,dirty_packaging,0.275635,274,105,422,291,52.936
30cm,yolo11n,618,648,20.59,21.589,0,7,pet_packaging,pet,packaging,0.292969,273,106,421,292,52.839
30cm,yolo11n,618,648,20.59,21.589,1,8,pet_dirty_packaging,pet,dirty_packaging,0.272217,273,106,421,291,52.839
30cm,yolo11n,619,649,20.623,21.623,0,7,pet_packaging,pet,packaging,0.266113,275,106,422,292,53.137
30cm,yolo11n,620,650,20.656,21.656,0,7,pet_packaging,pet,packaging,0.270752,274,107,421,280,53.055
30cm,yolo11n,621,651,20.69,21.689,,,,,,,,,,,52.597
30cm,yolo11n,622,652,20.723,21.723,,,,,,,,,,,56.503
30cm,yolo11n,623,653,20.756,21.756,0,7,pet_packaging,pet,packaging,0.282471,273,108,418,274,53.087
30cm,yolo11n,624,654,20.79,21.789,,,,,,,,,,,54.522
30cm,yolo11n,625,655,20.823,21.823,,,,,,,,,,,52.635
30cm,yolo11n,626,656,20.856,21.856,0,7,pet_packaging,pet,packaging,0.298584,275,104,425,396,53.005
30cm,yolo11n,627,657,20.89,21.889,,,,,,,,,,,53.093
30cm,yolo11n,628,658,20.923,21.922,,,,,,,,,,,53.327
30cm,yolo11n,629,659,20.956,21.956,,,,,,,,,,,53.059
30cm,yolo11n,630,660,20.99,21.989,,,,,,,,,,,57.877
30cm,yolo11n,631,661,21.023,22.022,0,9,plastic_normal,plastic,normal,0.289062,321,111,473,240,52.957
30cm,yolo11n,631,661,21.023,22.022,1,10,plastic_dirty,plastic,dirty,0.314941,527,0,638,243,52.957
30cm,yolo11n,632,662,21.056,22.056,0,10,plastic_dirty,plastic,dirty,0.266357,528,0,638,247,53.139
30cm,yolo11n,633,663,21.09,22.089,,,,,,,,,,,53.023
30cm,yolo11n,634,664,21.123,22.122,,,,,,,,,,,53.522
30cm,yolo11n,635,665,21.156,22.156,,,,,,,,,,,53.092
30cm,yolo11n,636,666,21.19,22.189,,,,,,,,,,,53.149
30cm,yolo11n,637,667,21.223,22.222,,,,,,,,,,,52.873
30cm,yolo11n,638,668,21.256,22.256,0,7,pet_packaging,pet,packaging,0.288574,368,122,509,288,52.738
30cm,yolo11n,639,669,21.289,22.289,0,7,pet_packaging,pet,packaging,0.474121,368,122,506,289,52.932
30cm,yolo11n,640,670,21.323,22.322,,,,,,,,,,,53.04
30cm,yolo11n,641,671,21.356,22.356,,,,,,,,,,,53.013
30cm,yolo11n,642,672,21.389,22.389,,,,,,,,,,,53.133
30cm,yolo11n,643,673,21.423,22.422,,,,,,,,,,,52.693
30cm,yolo11n,644,674,21.456,22.456,,,,,,,,,,,52.44
30cm,yolo11n,645,675,21.489,22.489,,,,,,,,,,,53.997
30cm,yolo11n,646,676,21.523,22.522,,,,,,,,,,,53.319
30cm,yolo11n,647,677,21.556,22.556,,,,,,,,,,,52.94
30cm,yolo11n,648,678,21.589,22.589,,,,,,,,,,,53.59
30cm,yolo11n,649,679,21.623,22.622,,,,,,,,,,,52.987
30cm,yolo11n,650,680,21.656,22.655,,,,,,,,,,,52.949
30cm,yolo11n,651,681,21.689,22.689,,,,,,,,,,,52.769
30cm,yolo11n,652,682,21.723,22.722,,,,,,,,,,,53.043
30cm,yolo11n,653,683,21.756,22.755,0,8,pet_dirty_packaging,pet,dirty_packaging,0.312012,199,1,323,235,53.442
30cm,yolo11n,653,683,21.756,22.755,1,9,plastic_normal,plastic,normal,0.524902,315,117,423,237,53.442
30cm,yolo11n,654,684,21.789,22.789,0,7,pet_packaging,pet,packaging,0.274414,200,1,336,234,53.588
30cm,yolo11n,654,684,21.789,22.789,1,9,plastic_normal,plastic,normal,0.487305,314,117,421,239,53.588
30cm,yolo11n,655,685,21.823,22.822,0,9,plastic_normal,plastic,normal,0.253418,319,118,426,241,52.925
30cm,yolo11n,656,686,21.856,22.855,,,,,,,,,,,52.645
30cm,yolo11n,657,687,21.889,22.889,0,9,plastic_normal,plastic,normal,0.4021,320,118,430,240,52.815
30cm,yolo11n,658,688,21.922,22.922,0,7,pet_packaging,pet,packaging,0.253174,207,2,330,230,52.862
30cm,yolo11n,658,688,21.922,22.922,1,9,plastic_normal,plastic,normal,0.402832,321,119,428,228,52.862
30cm,yolo11n,659,689,21.956,22.955,0,7,pet_packaging,pet,packaging,0.337646,206,2,326,218,52.656
30cm,yolo11n,659,689,21.956,22.955,1,8,pet_dirty_packaging,pet,dirty_packaging,0.30542,206,2,327,215,52.656
30cm,yolo11n,659,689,21.956,22.955,2,9,plastic_normal,plastic,normal,0.476807,321,120,428,217,52.656
30cm,yolo11n,660,690,21.989,22.989,0,9,plastic_normal,plastic,normal,0.560059,324,117,425,179,53.187
30cm,yolo11n,661,691,22.022,23.022,0,7,pet_packaging,pet,packaging,0.277832,321,117,420,285,52.589
30cm,yolo11n,662,692,22.056,23.055,0,7,pet_packaging,pet,packaging,0.33252,321,119,428,288,53.05
30cm,yolo11n,663,693,22.089,23.089,0,7,pet_packaging,pet,packaging,0.351318,321,117,427,289,53.343
30cm,yolo11n,664,694,22.122,23.122,0,7,pet_packaging,pet,packaging,0.384766,322,118,430,291,53.938
30cm,yolo11n,665,695,22.156,23.155,0,7,pet_packaging,pet,packaging,0.255127,323,119,431,287,53.746
30cm,yolo11n,666,696,22.189,23.189,0,7,pet_packaging,pet,packaging,0.313721,322,119,429,289,53.75
30cm,yolo11n,666,696,22.189,23.189,1,8,pet_dirty_packaging,pet,dirty_packaging,0.276123,322,119,429,285,53.75
30cm,yolo11n,667,697,22.222,23.222,0,7,pet_packaging,pet,packaging,0.315186,323,119,430,286,52.745
30cm,yolo11n,667,697,22.222,23.222,1,8,pet_dirty_packaging,pet,dirty_packaging,0.312988,322,120,429,284,52.745
30cm,yolo11n,668,698,22.256,23.255,0,7,pet_packaging,pet,packaging,0.259766,322,120,430,285,53.319
30cm,yolo11n,668,698,22.256,23.255,1,8,pet_dirty_packaging,pet,dirty_packaging,0.291504,321,119,429,284,53.319
30cm,yolo11n,669,699,22.289,23.288,0,7,pet_packaging,pet,packaging,0.263428,320,120,429,287,52.873
30cm,yolo11n,669,699,22.289,23.288,1,8,pet_dirty_packaging,pet,dirty_packaging,0.301025,320,120,429,285,52.873
30cm,yolo11n,670,700,22.322,23.322,0,8,pet_dirty_packaging,pet,dirty_packaging,0.396729,321,119,429,286,53.158
30cm,yolo11n,671,701,22.356,23.355,0,8,pet_dirty_packaging,pet,dirty_packaging,0.365234,320,119,429,286,52.617
30cm,yolo11n,672,702,22.389,23.388,0,8,pet_dirty_packaging,pet,dirty_packaging,0.358398,320,119,430,286,53.704
30cm,yolo11n,673,703,22.422,23.422,0,8,pet_dirty_packaging,pet,dirty_packaging,0.359863,320,119,429,285,53.527
30cm,yolo11n,674,704,22.456,23.455,0,8,pet_dirty_packaging,pet,dirty_packaging,0.316162,320,119,429,285,53.667
30cm,yolo11n,675,705,22.489,23.488,0,7,pet_packaging,pet,packaging,0.258545,320,119,429,287,55.151
30cm,yolo11n,675,705,22.489,23.488,1,8,pet_dirty_packaging,pet,dirty_packaging,0.317383,320,119,429,285,55.151
30cm,yolo11n,676,706,22.522,23.522,0,8,pet_dirty_packaging,pet,dirty_packaging,0.292236,320,119,429,285,53.94
30cm,yolo11n,677,707,22.556,23.555,0,8,pet_dirty_packaging,pet,dirty_packaging,0.275146,320,119,429,285,53.826
30cm,yolo11n,678,708,22.589,23.588,0,8,pet_dirty_packaging,pet,dirty_packaging,0.288818,320,119,429,286,52.989
30cm,yolo11n,679,709,22.622,23.622,0,8,pet_dirty_packaging,pet,dirty_packaging,0.267822,320,120,429,286,62.617
30cm,yolo11n,680,710,22.655,23.655,0,8,pet_dirty_packaging,pet,dirty_packaging,0.262207,320,119,430,286,52.758
30cm,yolo11n,681,711,22.689,23.688,0,8,pet_dirty_packaging,pet,dirty_packaging,0.267334,320,119,429,285,53.654
30cm,yolo11n,682,712,22.722,23.722,,,,,,,,,,,52.667
30cm,yolo11n,683,713,22.755,23.755,0,8,pet_dirty_packaging,pet,dirty_packaging,0.283936,320,119,430,285,56.289
30cm,yolo11n,684,714,22.789,23.788,0,7,pet_packaging,pet,packaging,0.276367,321,118,431,289,53.074
30cm,yolo11n,684,714,22.789,23.788,1,8,pet_dirty_packaging,pet,dirty_packaging,0.289795,320,119,429,286,53.074
30cm,yolo11n,685,715,22.822,23.822,0,7,pet_packaging,pet,packaging,0.255371,320,118,429,289,52.831
30cm,yolo11n,685,715,22.822,23.822,1,8,pet_dirty_packaging,pet,dirty_packaging,0.271484,320,120,429,286,52.831
30cm,yolo11n,686,716,22.855,23.855,,,,,,,,,,,53.515
30cm,yolo11n,687,717,22.889,23.888,,,,,,,,,,,53.409
30cm,yolo11n,688,718,22.922,23.921,0,7,pet_packaging,pet,packaging,0.267334,320,120,429,287,53.204
30cm,yolo11n,689,719,22.955,23.955,,,,,,,,,,,53.002
30cm,yolo11n,690,720,22.989,23.988,,,,,,,,,,,53.319
30cm,yolo11n,691,721,23.022,24.021,,,,,,,,,,,57.865
30cm,yolo11n,692,722,23.055,24.055,,,,,,,,,,,53.278
30cm,yolo11n,693,723,23.089,24.088,0,7,pet_packaging,pet,packaging,0.289795,321,118,421,290,53.132
30cm,yolo11n,693,723,23.089,24.088,1,8,pet_dirty_packaging,pet,dirty_packaging,0.265137,320,120,421,287,53.132
30cm,yolo11n,694,724,23.122,24.121,,,,,,,,,,,53.891
30cm,yolo11n,695,725,23.155,24.155,,,,,,,,,,,57.448
30cm,yolo11n,696,726,23.189,24.188,0,10,plastic_dirty,plastic,dirty,0.309814,528,0,638,252,53.93
30cm,yolo11n,697,727,23.222,24.221,0,10,plastic_dirty,plastic,dirty,0.436279,529,0,638,250,52.781
30cm,yolo11n,698,728,23.255,24.255,0,10,plastic_dirty,plastic,dirty,0.375488,529,0,638,250,53.164
30cm,yolo11n,699,729,23.288,24.288,,,,,,,,,,,53.655
30cm,yolo11n,700,730,23.322,24.321,0,7,pet_packaging,pet,packaging,0.28418,321,120,423,286,53.274
30cm,yolo11n,701,731,23.355,24.355,0,7,pet_packaging,pet,packaging,0.251709,322,119,432,286,53.586
30cm,yolo11n,702,732,23.388,24.388,,,,,,,,,,,52.39
30cm,yolo11n,703,733,23.422,24.421,0,7,pet_packaging,pet,packaging,0.293701,321,119,476,326,56.886
30cm,yolo11n,704,734,23.455,24.455,,,,,,,,,,,53.531
30cm,yolo11n,705,735,23.488,24.488,,,,,,,,,,,53.064
30cm,yolo11n,706,736,23.522,24.521,,,,,,,,,,,53.125
30cm,yolo11n,707,737,23.555,24.555,,,,,,,,,,,56.133
30cm,yolo11n,708,738,23.588,24.588,,,,,,,,,,,52.935
30cm,yolo11n,709,739,23.622,24.621,0,10,plastic_dirty,plastic,dirty,0.260742,528,0,639,258,52.25
30cm,yolo11n,710,740,23.655,24.654,,,,,,,,,,,52.535
30cm,yolo11n,711,741,23.688,24.688,,,,,,,,,,,53.144
30cm,yolo11n,712,742,23.722,24.721,,,,,,,,,,,53.411
30cm,yolo11n,713,743,23.755,24.754,,,,,,,,,,,53.202
30cm,yolo11n,714,744,23.788,24.788,,,,,,,,,,,52.915
30cm,yolo11n,715,745,23.822,24.821,,,,,,,,,,,52.611
30cm,yolo11n,716,746,23.855,24.854,,,,,,,,,,,52.44
30cm,yolo11n,717,747,23.888,24.888,0,7,pet_packaging,pet,packaging,0.26001,302,119,430,293,53.191
30cm,yolo11n,717,747,23.888,24.888,1,8,pet_dirty_packaging,pet,dirty_packaging,0.525391,186,18,311,322,53.191
30cm,yolo11n,717,747,23.888,24.888,2,8,pet_dirty_packaging,pet,dirty_packaging,0.288086,302,119,430,289,53.191
30cm,yolo11n,718,748,23.921,24.921,0,8,pet_dirty_packaging,pet,dirty_packaging,0.51709,182,20,306,323,53.86
30cm,yolo11n,718,748,23.921,24.921,1,8,pet_dirty_packaging,pet,dirty_packaging,0.275146,299,119,431,287,53.86
30cm,yolo11n,718,748,23.921,24.921,2,10,plastic_dirty,plastic,dirty,0.310791,527,0,638,253,53.86
30cm,yolo11n,719,749,23.955,24.954,0,7,pet_packaging,pet,packaging,0.255371,297,118,429,288,56.463
30cm,yolo11n,719,749,23.955,24.954,1,8,pet_dirty_packaging,pet,dirty_packaging,0.529785,180,21,301,323,56.463
30cm,yolo11n,720,750,23.988,24.988,0,7,pet_packaging,pet,packaging,0.26709,297,118,430,285,53.344
30cm,yolo11n,720,750,23.988,24.988,1,8,pet_dirty_packaging,pet,dirty_packaging,0.51123,179,20,297,323,53.344
30cm,yolo11n,721,751,24.021,25.021,0,8,pet_dirty_packaging,pet,dirty_packaging,0.562988,179,20,296,323,53.583
30cm,yolo11n,721,751,24.021,25.021,1,8,pet_dirty_packaging,pet,dirty_packaging,0.307861,297,118,429,287,53.583
30cm,yolo11n,722,752,24.055,25.054,0,7,pet_packaging,pet,packaging,0.252686,297,119,430,285,53.104
30cm,yolo11n,722,752,24.055,25.054,1,8,pet_dirty_packaging,pet,dirty_packaging,0.605957,181,20,296,323,53.104
30cm,yolo11n,723,753,24.088,25.088,0,8,pet_dirty_packaging,pet,dirty_packaging,0.571777,180,21,295,323,53.764
30cm,yolo11n,723,753,24.088,25.088,1,8,pet_dirty_packaging,pet,dirty_packaging,0.268555,297,118,430,286,53.764
30cm,yolo11n,724,754,24.121,25.121,0,8,pet_dirty_packaging,pet,dirty_packaging,0.526367,177,22,294,323,53.203
30cm,yolo11n,724,754,24.121,25.121,1,8,pet_dirty_packaging,pet,dirty_packaging,0.268066,296,118,430,284,53.203
30cm,yolo11n,725,755,24.155,25.154,0,8,pet_dirty_packaging,pet,dirty_packaging,0.528809,176,23,292,324,52.425
30cm,yolo11n,726,756,24.188,25.188,0,8,pet_dirty_packaging,pet,dirty_packaging,0.558105,177,24,292,322,52.789
30cm,yolo11n,726,756,24.188,25.188,1,9,plastic_normal,plastic,normal,0.250732,295,118,429,285,52.789
30cm,yolo11n,727,757,24.221,25.221,0,8,pet_dirty_packaging,pet,dirty_packaging,0.46875,178,25,292,323,56.49
30cm,yolo11n,728,758,24.255,25.254,0,2,glass_normal,glass,normal,0.700684,267,308,639,446,52.318
30cm,yolo11n,729,759,24.288,25.287,0,2,glass_normal,glass,normal,0.729004,270,305,639,442,52.714
30cm,yolo11n,730,760,24.321,25.321,0,2,glass_normal,glass,normal,0.531738,270,305,639,440,53.686
30cm,yolo11n,730,760,24.321,25.321,1,7,pet_packaging,pet,packaging,0.29834,165,26,260,205,53.686
30cm,yolo11n,731,761,24.355,25.354,0,2,glass_normal,glass,normal,0.509766,204,303,637,437,57.893
30cm,yolo11n,732,762,24.388,25.387,0,2,glass_normal,glass,normal,0.525879,252,305,634,435,53.104
30cm,yolo11n,732,762,24.388,25.387,1,7,pet_packaging,pet,packaging,0.380127,159,26,267,151,53.104
30cm,yolo11n,733,763,24.421,25.421,0,2,glass_normal,glass,normal,0.275635,176,303,628,432,53.126
30cm,yolo11n,734,764,24.455,25.454,0,4,glass_packaging,glass,packaging,0.253174,194,300,625,430,53.339
30cm,yolo11n,735,765,24.488,25.487,0,7,pet_packaging,pet,packaging,0.262451,141,29,288,204,53.092
30cm,yolo11n,735,765,24.488,25.487,1,9,plastic_normal,plastic,normal,0.260498,316,123,418,178,53.092
30cm,yolo11n,736,766,24.521,25.521,,,,,,,,,,,53.575
30cm,yolo11n,737,767,24.555,25.554,0,8,pet_dirty_packaging,pet,dirty_packaging,0.370361,197,46,296,184,53.389
30cm,yolo11n,738,768,24.588,25.587,0,8,pet_dirty_packaging,pet,dirty_packaging,0.363281,192,43,292,181,53.436
30cm,yolo11n,739,769,24.621,25.621,0,2,glass_normal,glass,normal,0.386719,277,306,609,420,56.475
30cm,yolo11n,739,769,24.621,25.621,1,4,glass_packaging,glass,packaging,0.344482,277,305,609,419,56.475
30cm,yolo11n,740,770,24.654,25.654,0,2,glass_normal,glass,normal,0.429443,277,296,605,418,53.196
30cm,yolo11n,741,771,24.688,25.687,0,2,glass_normal,glass,normal,0.370361,279,296,605,416,54.293
30cm,yolo11n,742,772,24.721,25.721,0,2,glass_normal,glass,normal,0.381348,280,296,602,415,53.176
30cm,yolo11n,743,773,24.754,25.754,0,4,glass_packaging,glass,packaging,0.257568,280,296,639,413,53.526
30cm,yolo11n,744,774,24.788,25.787,0,2,glass_normal,glass,normal,0.343262,280,295,638,410,53.349
30cm,yolo11n,745,775,24.821,25.821,0,9,plastic_normal,plastic,normal,0.282715,281,295,597,411,52.105
30cm,yolo11n,746,776,24.854,25.854,0,9,plastic_normal,plastic,normal,0.312744,281,294,593,409,52.879
30cm,yolo11n,747,777,24.888,25.887,,,,,,,,,,,52.798
30cm,yolo11n,748,778,24.921,25.921,,,,,,,,,,,52.35
30cm,yolo11n,749,779,24.954,25.954,,,,,,,,,,,52.512
30cm,yolo11n,750,780,24.988,25.987,,,,,,,,,,,53.252
30cm,yolo11n,751,781,25.021,26.02,0,10,plastic_dirty,plastic,dirty,0.289307,438,0,639,133,57.363
30cm,yolo11n,752,782,25.054,26.054,0,10,plastic_dirty,plastic,dirty,0.351562,441,0,639,131,53.122
30cm,yolo11n,753,783,25.088,26.087,0,9,plastic_normal,plastic,normal,0.297852,443,0,638,129,53.04
30cm,yolo11n,753,783,25.088,26.087,1,10,plastic_dirty,plastic,dirty,0.37085,443,0,638,130,53.04
30cm,yolo11n,754,784,25.121,26.12,0,7,pet_packaging,pet,packaging,0.313965,244,203,521,305,52.65
30cm,yolo11n,754,784,25.121,26.12,1,9,plastic_normal,plastic,normal,0.250977,280,298,605,419,52.65
30cm,yolo11n,754,784,25.121,26.12,2,10,plastic_dirty,plastic,dirty,0.359619,445,0,639,131,52.65
30cm,yolo11n,755,785,25.154,26.154,0,7,pet_packaging,pet,packaging,0.251953,249,244,523,308,56.192
30cm,yolo11n,755,785,25.154,26.154,1,10,plastic_dirty,plastic,dirty,0.266846,446,0,639,132,56.192
30cm,yolo11n,756,786,25.188,26.187,0,7,pet_packaging,pet,packaging,0.379639,262,249,523,314,53.593
30cm,yolo11n,757,787,25.221,26.22,0,7,pet_packaging,pet,packaging,0.423584,260,242,518,318,52.649
30cm,yolo11n,758,788,25.254,26.254,0,7,pet_packaging,pet,packaging,0.490967,262,238,518,312,53.294
30cm,yolo11n,758,788,25.254,26.254,1,8,pet_dirty_packaging,pet,dirty_packaging,0.494873,262,238,519,312,53.294
30cm,yolo11n,758,788,25.254,26.254,2,10,plastic_dirty,plastic,dirty,0.355469,451,0,639,123,53.294
30cm,yolo11n,759,789,25.287,26.287,0,7,pet_packaging,pet,packaging,0.650879,265,239,514,310,53.34
30cm,yolo11n,759,789,25.287,26.287,1,8,pet_dirty_packaging,pet,dirty_packaging,0.453369,265,238,515,313,53.34
30cm,yolo11n,760,790,25.321,26.32,0,7,pet_packaging,pet,packaging,0.502441,267,249,515,313,52.867
30cm,yolo11n,760,790,25.321,26.32,1,7,pet_packaging,pet,packaging,0.283691,272,303,630,433,52.867
30cm,yolo11n,760,790,25.321,26.32,2,8,pet_dirty_packaging,pet,dirty_packaging,0.552246,267,249,515,316,52.867
30cm,yolo11n,761,791,25.354,26.354,0,7,pet_packaging,pet,packaging,0.520508,268,251,603,312,53.664
30cm,yolo11n,761,791,25.354,26.354,1,7,pet_packaging,pet,packaging,0.340332,271,306,635,438,53.664
30cm,yolo11n,761,791,25.354,26.354,2,8,pet_dirty_packaging,pet,dirty_packaging,0.487061,269,252,514,310,53.664
30cm,yolo11n,762,792,25.387,26.387,0,7,pet_packaging,pet,packaging,0.28125,270,258,527,312,53.488
30cm,yolo11n,762,792,25.387,26.387,1,8,pet_dirty_packaging,pet,dirty_packaging,0.615234,270,258,524,310,53.488
30cm,yolo11n,763,793,25.421,26.42,0,7,pet_packaging,pet,packaging,0.447754,272,250,529,313,56.561
30cm,yolo11n,763,793,25.421,26.42,1,8,pet_dirty_packaging,pet,dirty_packaging,0.401611,272,249,529,313,56.561
30cm,yolo11n,764,794,25.454,26.454,0,7,pet_packaging,pet,packaging,0.4021,273,240,530,314,53.654
30cm,yolo11n,764,794,25.454,26.454,1,7,pet_packaging,pet,packaging,0.267822,270,311,639,450,53.654
30cm,yolo11n,764,794,25.454,26.454,2,8,pet_dirty_packaging,pet,dirty_packaging,0.417969,273,240,530,313,53.654
30cm,yolo11n,765,795,25.487,26.487,0,7,pet_packaging,pet,packaging,0.342773,271,236,531,316,53.748
30cm,yolo11n,765,795,25.487,26.487,1,8,pet_dirty_packaging,pet,dirty_packaging,0.437256,271,237,530,317,53.748
30cm,yolo11n,766,796,25.521,26.52,0,7,pet_packaging,pet,packaging,0.291992,269,234,533,320,54.113
30cm,yolo11n,766,796,25.521,26.52,1,7,pet_packaging,pet,packaging,0.267578,266,315,639,458,54.113
30cm,yolo11n,766,796,25.521,26.52,2,8,pet_dirty_packaging,pet,dirty_packaging,0.424316,269,235,532,320,54.113
30cm,yolo11n,767,797,25.554,26.554,0,7,pet_packaging,pet,packaging,0.372314,268,235,536,321,53.01
30cm,yolo11n,767,797,25.554,26.554,1,8,pet_dirty_packaging,pet,dirty_packaging,0.489502,267,234,536,319,53.01
30cm,yolo11n,768,798,25.587,26.587,0,7,pet_packaging,pet,packaging,0.376709,267,237,539,320,53.444
30cm,yolo11n,768,798,25.587,26.587,1,8,pet_dirty_packaging,pet,dirty_packaging,0.541504,267,237,539,319,53.444
30cm,yolo11n,769,799,25.621,26.62,0,8,pet_dirty_packaging,pet,dirty_packaging,0.560059,267,247,541,321,53.202
30cm,yolo11n,769,799,25.621,26.62,1,10,plastic_dirty,plastic,dirty,0.261963,259,315,639,470,53.202
30cm,yolo11n,770,800,25.654,26.653,0,7,pet_packaging,pet,packaging,0.436279,264,263,539,322,53.523
30cm,yolo11n,770,800,25.654,26.653,1,8,pet_dirty_packaging,pet,dirty_packaging,0.428955,264,262,540,322,53.523
30cm,yolo11n,770,800,25.654,26.653,2,10,plastic_dirty,plastic,dirty,0.371582,256,315,639,478,53.523
30cm,yolo11n,771,801,25.687,26.687,0,7,pet_packaging,pet,packaging,0.368408,261,266,541,323,54.287
30cm,yolo11n,771,801,25.687,26.687,1,8,pet_dirty_packaging,pet,dirty_packaging,0.50293,261,265,541,323,54.287
30cm,yolo11n,771,801,25.687,26.687,2,10,plastic_dirty,plastic,dirty,0.380859,256,317,639,479,54.287
30cm,yolo11n,772,802,25.721,26.72,0,2,glass_normal,glass,normal,0.328857,253,319,638,479,53.56
30cm,yolo11n,772,802,25.721,26.72,1,7,pet_packaging,pet,packaging,0.41333,261,266,545,324,53.56
30cm,yolo11n,772,802,25.721,26.72,2,8,pet_dirty_packaging,pet,dirty_packaging,0.487061,261,267,544,324,53.56
30cm,yolo11n,773,803,25.754,26.753,0,7,pet_packaging,pet,packaging,0.473389,260,266,546,326,53.534
30cm,yolo11n,773,803,25.754,26.753,1,8,pet_dirty_packaging,pet,dirty_packaging,0.454834,261,267,545,326,53.534
30cm,yolo11n,773,803,25.754,26.753,2,10,plastic_dirty,plastic,dirty,0.294922,253,320,638,479,53.534
30cm,yolo11n,774,804,25.787,26.787,0,8,pet_dirty_packaging,pet,dirty_packaging,0.64502,259,265,545,327,53.261
30cm,yolo11n,775,805,25.821,26.82,0,8,pet_dirty_packaging,pet,dirty_packaging,0.538574,256,263,542,329,51.961
30cm,yolo11n,776,806,25.854,26.853,0,8,pet_dirty_packaging,pet,dirty_packaging,0.532715,255,262,540,328,53.318
30cm,yolo11n,777,807,25.887,26.887,0,7,pet_packaging,pet,packaging,0.509766,254,264,537,328,52.866
30cm,yolo11n,777,807,25.887,26.887,1,8,pet_dirty_packaging,pet,dirty_packaging,0.487061,255,265,537,329,52.866
30cm,yolo11n,778,808,25.921,26.92,0,7,pet_packaging,pet,packaging,0.477539,255,267,534,328,52.596
30cm,yolo11n,778,808,25.921,26.92,1,8,pet_dirty_packaging,pet,dirty_packaging,0.452148,255,267,535,328,52.596
30cm,yolo11n,779,809,25.954,26.953,0,8,pet_dirty_packaging,pet,dirty_packaging,0.588379,255,265,535,330,51.651
30cm,yolo11n,780,810,25.987,26.987,0,8,pet_dirty_packaging,pet,dirty_packaging,0.483398,253,262,531,331,52.691
30cm,yolo11n,781,811,26.02,27.02,0,7,pet_packaging,pet,packaging,0.635742,253,261,526,331,53.684
30cm,yolo11n,782,812,26.054,27.053,0,7,pet_packaging,pet,packaging,0.66748,254,263,522,329,52.935
30cm,yolo11n,783,813,26.087,27.087,0,7,pet_packaging,pet,packaging,0.537109,255,265,518,329,53.331
30cm,yolo11n,784,814,26.12,27.12,0,7,pet_packaging,pet,packaging,0.497314,255,262,516,331,52.804
30cm,yolo11n,785,815,26.154,27.153,0,7,pet_packaging,pet,packaging,0.615234,255,260,511,332,52.766
30cm,yolo11n,786,816,26.187,27.187,0,7,pet_packaging,pet,packaging,0.626465,255,261,506,333,52.893
30cm,yolo11n,787,817,26.22,27.22,0,7,pet_packaging,pet,packaging,0.622559,256,262,505,332,55.714
30cm,yolo11n,788,818,26.254,27.253,0,7,pet_packaging,pet,packaging,0.508301,255,264,503,334,52.637
30cm,yolo11n,789,819,26.287,27.286,0,8,pet_dirty_packaging,pet,dirty_packaging,0.510742,254,264,502,335,52.75
30cm,yolo11n,790,820,26.32,27.32,0,7,pet_packaging,pet,packaging,0.300537,254,252,504,339,53.132
30cm,yolo11n,791,821,26.354,27.353,,,,,,,,,,,58.391
30cm,yolo11n,792,822,26.387,27.386,0,7,pet_packaging,pet,packaging,0.265869,254,267,638,338,53.44
30cm,yolo11n,793,823,26.42,27.42,0,2,glass_normal,glass,normal,0.486328,255,322,638,479,53.202
30cm,yolo11n,794,824,26.454,27.453,0,2,glass_normal,glass,normal,0.279541,257,317,639,477,53.439
30cm,yolo11n,795,825,26.487,27.486,,,,,,,,,,,53.073
30cm,yolo11n,796,826,26.52,27.52,,,,,,,,,,,52.9
30cm,yolo11n,797,827,26.554,27.553,0,2,glass_normal,glass,normal,0.540527,264,306,639,451,52.853
30cm,yolo11n,798,828,26.587,27.586,0,7,pet_packaging,pet,packaging,0.253418,264,300,639,444,52.56
30cm,yolo11n,799,829,26.62,27.62,,,,,,,,,,,55.407
30cm,yolo11n,800,830,26.653,27.653,0,2,glass_normal,glass,normal,0.254395,271,300,635,433,52.748
30cm,yolo11n,801,831,26.687,27.686,0,7,pet_packaging,pet,packaging,0.26123,255,211,639,320,53.209
30cm,yolo11n,802,832,26.72,27.72,,,,,,,,,,,53.858
30cm,yolo11n,803,833,26.753,27.753,0,10,plastic_dirty,plastic,dirty,0.305908,524,0,638,232,53.22
30cm,yolo11n,804,834,26.787,27.786,0,4,glass_packaging,glass,packaging,0.339355,525,1,639,237,53.489
30cm,yolo11n,804,834,26.787,27.786,1,10,plastic_dirty,plastic,dirty,0.293945,524,0,638,237,53.489
30cm,yolo11n,805,835,26.82,27.82,0,4,glass_packaging,glass,packaging,0.544922,524,0,639,244,52.493
30cm,yolo11n,806,836,26.853,27.853,0,4,glass_packaging,glass,packaging,0.415283,523,0,639,243,52.772
30cm,yolo11n,807,837,26.887,27.886,0,4,glass_packaging,glass,packaging,0.314941,524,0,639,245,53.049
30cm,yolo11n,808,838,26.92,27.92,0,2,glass_normal,glass,normal,0.370361,251,242,639,406,52.485
30cm,yolo11n,809,839,26.953,27.953,0,2,glass_normal,glass,normal,0.641113,248,243,639,406,52.449
30cm,yolo11n,810,840,26.987,27.986,0,4,glass_packaging,glass,packaging,0.257568,525,0,639,241,52.568
30cm,yolo11n,811,841,27.02,28.019,,,,,,,,,,,53.385
30cm,yolo11n,812,842,27.053,28.053,,,,,,,,,,,54.852
30cm,yolo11n,813,843,27.087,28.086,,,,,,,,,,,53.4
30cm,yolo11n,814,844,27.12,28.119,0,7,pet_packaging,pet,packaging,0.486816,255,269,367,347,52.973
30cm,yolo11n,815,845,27.153,28.153,0,7,pet_packaging,pet,packaging,0.331543,255,267,374,350,53.531
30cm,yolo11n,816,846,27.187,28.186,0,7,pet_packaging,pet,packaging,0.438477,254,269,366,351,51.877
30cm,yolo11n,817,847,27.22,28.219,0,7,pet_packaging,pet,packaging,0.299805,253,269,355,351,52.112
30cm,yolo11n,817,847,27.22,28.219,1,7,pet_packaging,pet,packaging,0.284912,346,104,463,422,52.112
30cm,yolo11n,818,848,27.253,28.253,0,7,pet_packaging,pet,packaging,0.265381,344,102,466,426,53.417
30cm,yolo11n,818,848,27.253,28.253,1,7,pet_packaging,pet,packaging,0.263916,253,268,354,348,53.417
30cm,yolo11n,818,848,27.253,28.253,2,9,plastic_normal,plastic,normal,0.410889,420,264,639,408,53.417
30cm,yolo11n,819,849,27.286,28.286,0,7,pet_packaging,pet,packaging,0.323975,254,267,348,351,52.952
30cm,yolo11n,820,850,27.32,28.319,0,7,pet_packaging,pet,packaging,0.311523,331,100,448,432,52.762
30cm,yolo11n,821,851,27.353,28.353,0,7,pet_packaging,pet,packaging,0.363281,326,99,440,432,53.116
30cm,yolo11n,822,852,27.386,28.386,,,,,,,,,,,54.015
30cm,yolo11n,823,853,27.42,28.419,0,9,plastic_normal,plastic,normal,0.266357,391,263,639,409,53.466
30cm,yolo11n,824,854,27.453,28.453,0,9,plastic_normal,plastic,normal,0.286377,386,262,639,408,56.62
30cm,yolo11n,825,855,27.486,28.486,0,7,pet_packaging,pet,packaging,0.254883,292,97,410,432,52.899
30cm,yolo11n,826,856,27.52,28.519,,,,,,,,,,,52.782
30cm,yolo11n,827,857,27.553,28.553,,,,,,,,,,,52.877
30cm,yolo11n,828,858,27.586,28.586,0,0,can_normal,can,normal,0.26123,286,99,400,431,56.611
30cm,yolo11n,828,858,27.586,28.586,1,9,plastic_normal,plastic,normal,0.295654,373,261,639,396,56.611
30cm,yolo11n,828,858,27.586,28.586,2,10,plastic_dirty,plastic,dirty,0.298828,523,0,638,261,56.611
30cm,yolo11n,829,859,27.62,28.619,0,2,glass_normal,glass,normal,0.335449,370,252,639,398,52.783
30cm,yolo11n,829,859,27.62,28.619,1,9,plastic_normal,plastic,normal,0.366699,371,256,639,396,52.783
30cm,yolo11n,830,860,27.653,28.652,,,,,,,,,,,53.502
30cm,yolo11n,831,861,27.686,28.686,,,,,,,,,,,53.469
30cm,yolo11n,832,862,27.72,28.719,,,,,,,,,,,53.197
30cm,yolo11n,833,863,27.753,28.752,0,2,glass_normal,glass,normal,0.310791,326,228,639,386,52.746
30cm,yolo11n,834,864,27.786,28.786,,,,,,,,,,,52.906
30cm,yolo11n,835,865,27.82,28.819,,,,,,,,,,,52.904
30cm,yolo11n,836,866,27.853,28.852,,,,,,,,,,,56.065
30cm,yolo11n,837,867,27.886,28.886,0,4,glass_packaging,glass,packaging,0.25415,239,96,352,432,53.062
30cm,yolo11n,838,868,27.92,28.919,,,,,,,,,,,62.518
30cm,yolo11n,839,869,27.953,28.952,,,,,,,,,,,57.582
30cm,yolo11n,840,870,27.986,28.986,,,,,,,,,,,55.668
30cm,yolo11n,841,871,28.019,29.019,,,,,,,,,,,52.426
30cm,yolo11n,842,872,28.053,29.052,0,10,plastic_dirty,plastic,dirty,0.33374,368,153,639,269,52.941
30cm,yolo11n,843,873,28.086,29.086,,,,,,,,,,,53.095
30cm,yolo11n,844,874,28.119,29.119,,,,,,,,,,,52.951
30cm,yolo11n,845,875,28.153,29.152,,,,,,,,,,,53.407
30cm,yolo11n,846,876,28.186,29.186,,,,,,,,,,,53.549
30cm,yolo11n,847,877,28.219,29.219,,,,,,,,,,,53.596
30cm,yolo11n,848,878,28.253,29.252,,,,,,,,,,,55.564
30cm,yolo11n,849,879,28.286,29.286,0,2,glass_normal,glass,normal,0.325439,346,207,639,360,52.932
30cm,yolo11n,850,880,28.319,29.319,0,2,glass_normal,glass,normal,0.570312,343,207,639,347,52.913
30cm,yolo11n,851,881,28.353,29.352,0,2,glass_normal,glass,normal,0.675293,345,207,639,354,52.679
30cm,yolo11n,852,882,28.386,29.385,0,2,glass_normal,glass,normal,0.610352,343,178,639,357,52.839
30cm,yolo11n,853,883,28.419,29.419,,,,,,,,,,,53.493
30cm,yolo11n,854,884,28.453,29.452,,,,,,,,,,,52.799
30cm,yolo11n,855,885,28.486,29.485,0,2,glass_normal,glass,normal,0.307861,346,135,639,361,53.248
30cm,yolo11n,856,886,28.519,29.519,0,2,glass_normal,glass,normal,0.360596,365,50,639,364,53.712
30cm,yolo11n,856,886,28.519,29.519,1,4,glass_packaging,glass,packaging,0.294678,526,0,639,261,53.712
30cm,yolo11n,857,887,28.553,29.552,0,2,glass_normal,glass,normal,0.290283,342,173,639,367,53.21
30cm,yolo11n,857,887,28.553,29.552,1,4,glass_packaging,glass,packaging,0.30249,525,0,639,262,53.21
30cm,yolo11n,858,888,28.586,29.585,0,7,pet_packaging,pet,packaging,0.265381,349,76,502,368,53.627
30cm,yolo11n,858,888,28.586,29.585,1,8,pet_dirty_packaging,pet,dirty_packaging,0.429199,346,68,501,368,53.627
30cm,yolo11n,859,889,28.619,29.619,0,8,pet_dirty_packaging,pet,dirty_packaging,0.453857,347,74,501,368,54.038
30cm,yolo11n,860,890,28.652,29.652,0,4,glass_packaging,glass,packaging,0.312012,525,0,639,262,53.157
30cm,yolo11n,860,890,28.652,29.652,1,7,pet_packaging,pet,packaging,0.41333,348,78,496,367,53.157
30cm,yolo11n,861,891,28.686,29.685,0,2,glass_normal,glass,normal,0.260742,442,230,639,369,52.766
30cm,yolo11n,861,891,28.686,29.685,1,4,glass_packaging,glass,packaging,0.326172,524,0,639,263,52.766
30cm,yolo11n,861,891,28.686,29.685,2,7,pet_packaging,pet,packaging,0.403076,346,79,492,369,52.766
30cm,yolo11n,862,892,28.719,29.719,0,2,glass_normal,glass,normal,0.29834,437,224,639,370,52.541
30cm,yolo11n,862,892,28.719,29.719,1,7,pet_packaging,pet,packaging,0.433105,347,81,491,369,52.541
30cm,yolo11n,863,893,28.752,29.752,0,7,pet_packaging,pet,packaging,0.320068,346,84,487,370,54.186
30cm,yolo11n,863,893,28.752,29.752,1,8,pet_dirty_packaging,pet,dirty_packaging,0.436035,347,83,485,371,54.186
30cm,yolo11n,864,894,28.786,29.785,0,7,pet_packaging,pet,packaging,0.295898,346,86,476,366,52.723
30cm,yolo11n,864,894,28.786,29.785,1,8,pet_dirty_packaging,pet,dirty_packaging,0.393066,347,84,477,366,52.723
30cm,yolo11n,864,894,28.786,29.785,2,10,plastic_dirty,plastic,dirty,0.29248,525,0,639,185,52.723
30cm,yolo11n,865,895,28.819,29.819,0,7,pet_packaging,pet,packaging,0.383301,349,89,469,365,52.448
30cm,yolo11n,866,896,28.852,29.852,0,7,pet_packaging,pet,packaging,0.319092,351,87,456,383,53.284
30cm,yolo11n,867,897,28.886,29.885,0,7,pet_packaging,pet,packaging,0.276611,351,85,444,366,53.054
30cm,yolo11n,867,897,28.886,29.885,1,8,pet_dirty_packaging,pet,dirty_packaging,0.258789,350,80,444,364,53.054
30cm,yolo11n,868,898,28.919,29.919,0,8,pet_dirty_packaging,pet,dirty_packaging,0.26123,350,79,440,364,52.887
30cm,yolo11n,869,899,28.952,29.952,,,,,,,,,,,53.054
30cm,yolo11n,870,900,28.986,29.985,,,,,,,,,,,53.05
30cm,yolo11n,871,901,29.019,30.018,,,,,,,,,,,53.252
30cm,yolo11n,872,902,29.052,30.052,0,7,pet_packaging,pet,packaging,0.270996,345,82,435,372,53.034
30cm,yolo11n,873,903,29.086,30.085,0,7,pet_packaging,pet,packaging,0.322754,344,81,434,363,53.715
30cm,yolo11n,873,903,29.086,30.085,1,8,pet_dirty_packaging,pet,dirty_packaging,0.356689,345,81,434,362,53.715
30cm,yolo11n,874,904,29.119,30.118,0,7,pet_packaging,pet,packaging,0.358887,344,80,433,363,52.325
30cm,yolo11n,874,904,29.119,30.118,1,8,pet_dirty_packaging,pet,dirty_packaging,0.354004,345,81,432,363,52.325
30cm,yolo11n,875,905,29.152,30.152,0,7,pet_packaging,pet,packaging,0.356201,343,80,432,363,52.747
30cm,yolo11n,875,905,29.152,30.152,1,8,pet_dirty_packaging,pet,dirty_packaging,0.396973,345,81,432,363,52.747
30cm,yolo11n,876,906,29.186,30.185,0,7,pet_packaging,pet,packaging,0.361328,344,80,432,364,53.529
30cm,yolo11n,876,906,29.186,30.185,1,8,pet_dirty_packaging,pet,dirty_packaging,0.425781,345,81,431,363,53.529
30cm,yolo11n,876,906,29.186,30.185,2,9,plastic_normal,plastic,normal,0.346436,426,63,639,288,53.529
30cm,yolo11n,877,907,29.219,30.218,0,7,pet_packaging,pet,packaging,0.30249,344,80,435,369,56.087
30cm,yolo11n,877,907,29.219,30.218,1,8,pet_dirty_packaging,pet,dirty_packaging,0.341797,344,80,432,363,56.087
30cm,yolo11n,877,907,29.219,30.218,2,9,plastic_normal,plastic,normal,0.267334,429,65,639,295,56.087
30cm,yolo11n,878,908,29.252,30.252,0,8,pet_dirty_packaging,pet,dirty_packaging,0.383545,346,79,429,256,53.194
30cm,yolo11n,878,908,29.252,30.252,1,9,plastic_normal,plastic,normal,0.314941,428,67,639,300,53.194
30cm,yolo11n,879,909,29.286,30.285,0,9,plastic_normal,plastic,normal,0.304932,429,67,639,300,52.876
30cm,yolo11n,880,910,29.319,30.318,0,9,plastic_normal,plastic,normal,0.37085,429,72,639,294,53.241
30cm,yolo11n,880,910,29.319,30.318,1,10,plastic_dirty,plastic,dirty,0.277588,428,72,639,294,53.241
30cm,yolo11n,881,911,29.352,30.352,0,9,plastic_normal,plastic,normal,0.262451,428,73,639,294,53.107
30cm,yolo11n,881,911,29.352,30.352,1,10,plastic_dirty,plastic,dirty,0.380859,429,74,639,293,53.107
30cm,yolo11n,882,912,29.385,30.385,0,8,pet_dirty_packaging,pet,dirty_packaging,0.454834,347,79,426,261,53.248
30cm,yolo11n,882,912,29.385,30.385,1,9,plastic_normal,plastic,normal,0.416748,428,74,639,293,53.248
30cm,yolo11n,882,912,29.385,30.385,2,10,plastic_dirty,plastic,dirty,0.375244,428,74,638,290,53.248
30cm,yolo11n,883,913,29.419,30.418,0,8,pet_dirty_packaging,pet,dirty_packaging,0.552246,347,79,423,258,52.865
30cm,yolo11n,883,913,29.419,30.418,1,9,plastic_normal,plastic,normal,0.274414,429,75,638,292,52.865
30cm,yolo11n,884,914,29.452,30.452,0,8,pet_dirty_packaging,pet,dirty_packaging,0.337158,345,79,420,265,52.684
30cm,yolo11n,885,915,29.485,30.485,0,8,pet_dirty_packaging,pet,dirty_packaging,0.47876,345,79,416,263,55.521
30cm,yolo11n,885,915,29.485,30.485,1,9,plastic_normal,plastic,normal,0.255859,433,76,637,300,55.521
30cm,yolo11n,886,916,29.519,30.518,0,8,pet_dirty_packaging,pet,dirty_packaging,0.597656,345,78,414,261,52.657
30cm,yolo11n,886,916,29.519,30.518,1,10,plastic_dirty,plastic,dirty,0.3125,429,78,638,292,52.657
30cm,yolo11n,887,917,29.552,30.552,0,8,pet_dirty_packaging,pet,dirty_packaging,0.487061,344,78,412,261,53.007
30cm,yolo11n,887,917,29.552,30.552,1,9,plastic_normal,plastic,normal,0.359863,431,80,637,302,53.007
30cm,yolo11n,888,918,29.585,30.585,0,8,pet_dirty_packaging,pet,dirty_packaging,0.405762,345,78,411,262,53.491
30cm,yolo11n,888,918,29.585,30.585,1,9,plastic_normal,plastic,normal,0.263672,431,81,636,290,53.491
30cm,yolo11n,889,919,29.619,30.618,0,8,pet_dirty_packaging,pet,dirty_packaging,0.361328,342,80,410,364,56.508
30cm,yolo11n,889,919,29.619,30.618,1,9,plastic_normal,plastic,normal,0.4021,429,81,635,294,56.508
30cm,yolo11n,890,920,29.652,30.651,0,8,pet_dirty_packaging,pet,dirty_packaging,0.42627,345,78,410,260,53.981
30cm,yolo11n,890,920,29.652,30.651,1,9,plastic_normal,plastic,normal,0.371826,431,81,638,297,53.981
30cm,yolo11n,891,921,29.685,30.685,0,8,pet_dirty_packaging,pet,dirty_packaging,0.544434,345,78,409,258,52.928
30cm,yolo11n,891,921,29.685,30.685,1,10,plastic_dirty,plastic,dirty,0.358643,431,81,638,285,52.928
30cm,yolo11n,892,922,29.719,30.718,0,8,pet_dirty_packaging,pet,dirty_packaging,0.459229,345,80,408,259,52.677
30cm,yolo11n,892,922,29.719,30.718,1,9,plastic_normal,plastic,normal,0.282227,430,81,639,298,52.677
30cm,yolo11n,893,923,29.752,30.751,0,8,pet_dirty_packaging,pet,dirty_packaging,0.468262,345,82,407,260,52.931
30cm,yolo11n,893,923,29.752,30.751,1,9,plastic_normal,plastic,normal,0.279785,435,81,639,293,52.931
30cm,yolo11n,894,924,29.785,30.785,0,8,pet_dirty_packaging,pet,dirty_packaging,0.425049,344,82,407,262,52.587
30cm,yolo11n,894,924,29.785,30.785,1,9,plastic_normal,plastic,normal,0.295654,435,81,639,295,52.587
30cm,yolo11n,895,925,29.819,30.818,0,8,pet_dirty_packaging,pet,dirty_packaging,0.383789,345,83,406,261,53.658
30cm,yolo11n,896,926,29.852,30.851,0,8,pet_dirty_packaging,pet,dirty_packaging,0.363525,344,83,406,263,53.856
30cm,yolo11n,896,926,29.852,30.851,1,9,plastic_normal,plastic,normal,0.34375,437,81,639,270,53.856
30cm,yolo11n,897,927,29.885,30.885,0,8,pet_dirty_packaging,pet,dirty_packaging,0.589844,344,83,404,258,57.162
30cm,yolo11n,897,927,29.885,30.885,1,9,plastic_normal,plastic,normal,0.275391,436,82,639,265,57.162
30cm,yolo11n,898,928,29.919,30.918,0,8,pet_dirty_packaging,pet,dirty_packaging,0.394775,336,83,398,261,53.311
30cm,yolo11n,899,929,29.952,30.951,0,9,plastic_normal,plastic,normal,0.306641,429,81,639,261,53.748
30cm,yolo11s,0,30,0.0,1.0,0,0,can_normal,can,normal,0.727051,312,146,388,361,113.904
30cm,yolo11s,0,30,0.0,1.0,1,7,pet_packaging,pet,packaging,0.550781,403,93,488,358,113.904
30cm,yolo11s,0,30,0.0,1.0,2,8,pet_dirty_packaging,pet,dirty_packaging,0.430176,403,92,487,359,113.904
30cm,yolo11s,0,30,0.0,1.0,3,9,plastic_normal,plastic,normal,0.422607,137,131,259,273,113.904
30cm,yolo11s,1,31,0.033,1.033,0,0,can_normal,can,normal,0.740723,312,146,388,361,112.984
30cm,yolo11s,1,31,0.033,1.033,1,7,pet_packaging,pet,packaging,0.546875,403,92,487,358,112.984
30cm,yolo11s,1,31,0.033,1.033,2,8,pet_dirty_packaging,pet,dirty_packaging,0.453369,403,92,487,359,112.984
30cm,yolo11s,1,31,0.033,1.033,3,9,plastic_normal,plastic,normal,0.455078,138,131,259,273,112.984
30cm,yolo11s,2,32,0.067,1.066,0,0,can_normal,can,normal,0.727051,312,146,388,361,114.572
30cm,yolo11s,2,32,0.067,1.066,1,7,pet_packaging,pet,packaging,0.52832,403,92,487,358,114.572
30cm,yolo11s,2,32,0.067,1.066,2,8,pet_dirty_packaging,pet,dirty_packaging,0.485352,403,92,487,359,114.572
30cm,yolo11s,2,32,0.067,1.066,3,9,plastic_normal,plastic,normal,0.418701,137,131,259,272,114.572
30cm,yolo11s,3,33,0.1,1.099,0,0,can_normal,can,normal,0.734863,312,146,388,361,115.905
30cm,yolo11s,3,33,0.1,1.099,1,7,pet_packaging,pet,packaging,0.521484,404,93,489,358,115.905
30cm,yolo11s,3,33,0.1,1.099,2,8,pet_dirty_packaging,pet,dirty_packaging,0.50293,403,92,487,359,115.905
30cm,yolo11s,3,33,0.1,1.099,3,9,plastic_normal,plastic,normal,0.399902,137,131,258,274,115.905
30cm,yolo11s,4,34,0.133,1.133,0,0,can_normal,can,normal,0.721191,311,146,387,361,113.576
30cm,yolo11s,4,34,0.133,1.133,1,7,pet_packaging,pet,packaging,0.554688,403,92,487,358,113.576
30cm,yolo11s,4,34,0.133,1.133,2,8,pet_dirty_packaging,pet,dirty_packaging,0.46875,403,92,487,359,113.576
30cm,yolo11s,4,34,0.133,1.133,3,9,plastic_normal,plastic,normal,0.390381,138,131,259,273,113.576
30cm,yolo11s,5,35,0.167,1.166,0,0,can_normal,can,normal,0.721191,311,146,387,361,113.971
30cm,yolo11s,5,35,0.167,1.166,1,7,pet_packaging,pet,packaging,0.537109,403,92,487,358,113.971
30cm,yolo11s,5,35,0.167,1.166,2,8,pet_dirty_packaging,pet,dirty_packaging,0.429199,403,92,487,359,113.971
30cm,yolo11s,5,35,0.167,1.166,3,9,plastic_normal,plastic,normal,0.309814,138,131,259,274,113.971
30cm,yolo11s,6,36,0.2,1.199,0,0,can_normal,can,normal,0.721191,311,146,388,361,113.075
30cm,yolo11s,6,36,0.2,1.199,1,7,pet_packaging,pet,packaging,0.550781,403,94,488,359,113.075
30cm,yolo11s,6,36,0.2,1.199,2,8,pet_dirty_packaging,pet,dirty_packaging,0.448486,403,92,487,359,113.075
30cm,yolo11s,6,36,0.2,1.199,3,9,plastic_normal,plastic,normal,0.329346,137,131,258,274,113.075
30cm,yolo11s,7,37,0.233,1.233,0,0,can_normal,can,normal,0.724121,312,146,388,361,113.438
30cm,yolo11s,7,37,0.233,1.233,1,7,pet_packaging,pet,packaging,0.550781,403,93,488,358,113.438
30cm,yolo11s,7,37,0.233,1.233,2,8,pet_dirty_packaging,pet,dirty_packaging,0.439697,403,92,487,358,113.438
30cm,yolo11s,7,37,0.233,1.233,3,9,plastic_normal,plastic,normal,0.361084,137,131,259,274,113.438
30cm,yolo11s,8,38,0.267,1.266,0,0,can_normal,can,normal,0.716309,311,146,387,361,115.785
30cm,yolo11s,8,38,0.267,1.266,1,7,pet_packaging,pet,packaging,0.571777,403,92,487,358,115.785
30cm,yolo11s,8,38,0.267,1.266,2,8,pet_dirty_packaging,pet,dirty_packaging,0.413086,403,92,487,359,115.785
30cm,yolo11s,8,38,0.267,1.266,3,9,plastic_normal,plastic,normal,0.336426,137,131,259,274,115.785
30cm,yolo11s,9,39,0.3,1.299,0,0,can_normal,can,normal,0.719238,311,146,387,361,113.825
30cm,yolo11s,9,39,0.3,1.299,1,7,pet_packaging,pet,packaging,0.542969,403,92,487,358,113.825
30cm,yolo11s,9,39,0.3,1.299,2,8,pet_dirty_packaging,pet,dirty_packaging,0.44165,403,92,487,359,113.825
30cm,yolo11s,9,39,0.3,1.299,3,9,plastic_normal,plastic,normal,0.392334,137,131,259,272,113.825
30cm,yolo11s,10,40,0.333,1.333,0,0,can_normal,can,normal,0.731934,312,146,388,361,114.477
30cm,yolo11s,10,40,0.333,1.333,1,7,pet_packaging,pet,packaging,0.550781,403,92,487,357,114.477
30cm,yolo11s,10,40,0.333,1.333,2,9,plastic_normal,plastic,normal,0.394287,137,131,259,273,114.477
30cm,yolo11s,11,41,0.366,1.366,0,0,can_normal,can,normal,0.716309,312,146,388,361,113.398
30cm,yolo11s,11,41,0.366,1.366,1,7,pet_packaging,pet,packaging,0.550781,403,92,487,357,113.398
30cm,yolo11s,11,41,0.366,1.366,2,9,plastic_normal,plastic,normal,0.349609,137,132,259,274,113.398
30cm,yolo11s,12,42,0.4,1.399,0,0,can_normal,can,normal,0.727051,312,146,388,361,113.924
30cm,yolo11s,12,42,0.4,1.399,1,7,pet_packaging,pet,packaging,0.565918,403,93,487,358,113.924
30cm,yolo11s,12,42,0.4,1.399,2,9,plastic_normal,plastic,normal,0.368408,137,131,258,272,113.924
30cm,yolo11s,13,43,0.433,1.433,0,0,can_normal,can,normal,0.717773,312,146,388,361,113.909
30cm,yolo11s,13,43,0.433,1.433,1,7,pet_packaging,pet,packaging,0.559082,403,92,487,358,113.909
30cm,yolo11s,13,43,0.433,1.433,2,9,plastic_normal,plastic,normal,0.35498,137,131,259,274,113.909
30cm,yolo11s,14,44,0.466,1.466,0,0,can_normal,can,normal,0.725586,312,146,389,361,113.601
30cm,yolo11s,14,44,0.466,1.466,1,7,pet_packaging,pet,packaging,0.556641,403,92,487,358,113.601
30cm,yolo11s,14,44,0.466,1.466,2,9,plastic_normal,plastic,normal,0.370117,137,131,259,273,113.601
30cm,yolo11s,15,45,0.5,1.499,0,0,can_normal,can,normal,0.733398,311,146,388,361,114.784
30cm,yolo11s,15,45,0.5,1.499,1,7,pet_packaging,pet,packaging,0.601074,403,92,489,358,114.784
30cm,yolo11s,15,45,0.5,1.499,2,9,plastic_normal,plastic,normal,0.378418,137,131,259,273,114.784
30cm,yolo11s,16,46,0.533,1.533,0,0,can_normal,can,normal,0.724121,311,146,388,361,116.034
30cm,yolo11s,16,46,0.533,1.533,1,7,pet_packaging,pet,packaging,0.541992,403,93,488,359,116.034
30cm,yolo11s,16,46,0.533,1.533,2,8,pet_dirty_packaging,pet,dirty_packaging,0.414062,403,92,487,360,116.034
30cm,yolo11s,16,46,0.533,1.533,3,9,plastic_normal,plastic,normal,0.399902,137,131,259,273,116.034
30cm,yolo11s,17,47,0.566,1.566,0,0,can_normal,can,normal,0.719238,311,146,388,361,114.531
30cm,yolo11s,17,47,0.566,1.566,1,7,pet_packaging,pet,packaging,0.560059,403,92,488,358,114.531
30cm,yolo11s,17,47,0.566,1.566,2,9,plastic_normal,plastic,normal,0.457031,137,131,259,271,114.531
30cm,yolo11s,18,48,0.6,1.599,0,0,can_normal,can,normal,0.717773,312,146,389,361,117.311
30cm,yolo11s,18,48,0.6,1.599,1,7,pet_packaging,pet,packaging,0.542969,403,93,488,359,117.311
30cm,yolo11s,18,48,0.6,1.599,2,9,plastic_normal,plastic,normal,0.39502,137,131,258,273,117.311
30cm,yolo11s,19,49,0.633,1.633,0,0,can_normal,can,normal,0.716309,311,146,388,361,113.343
30cm,yolo11s,19,49,0.633,1.633,1,7,pet_packaging,pet,packaging,0.535156,403,92,488,358,113.343
30cm,yolo11s,19,49,0.633,1.633,2,9,plastic_normal,plastic,normal,0.377441,139,131,259,272,113.343
30cm,yolo11s,20,50,0.666,1.666,0,0,can_normal,can,normal,0.714844,312,146,389,361,114.395
30cm,yolo11s,20,50,0.666,1.666,1,7,pet_packaging,pet,packaging,0.50293,403,92,488,358,114.395
30cm,yolo11s,20,50,0.666,1.666,2,9,plastic_normal,plastic,normal,0.350342,138,131,259,273,114.395
30cm,yolo11s,21,51,0.7,1.699,0,0,can_normal,can,normal,0.719238,311,146,388,361,115.708
30cm,yolo11s,21,51,0.7,1.699,1,7,pet_packaging,pet,packaging,0.484375,403,92,487,358,115.708
30cm,yolo11s,21,51,0.7,1.699,2,8,pet_dirty_packaging,pet,dirty_packaging,0.42627,403,92,487,359,115.708
30cm,yolo11s,21,51,0.7,1.699,3,9,plastic_normal,plastic,normal,0.385742,137,131,258,271,115.708
30cm,yolo11s,22,52,0.733,1.732,0,0,can_normal,can,normal,0.719238,312,146,388,361,114.311
30cm,yolo11s,22,52,0.733,1.732,1,7,pet_packaging,pet,packaging,0.453369,403,92,488,358,114.311
30cm,yolo11s,22,52,0.733,1.732,2,8,pet_dirty_packaging,pet,dirty_packaging,0.463867,403,92,487,359,114.311
30cm,yolo11s,22,52,0.733,1.732,3,9,plastic_normal,plastic,normal,0.383057,137,131,259,272,114.311
30cm,yolo11s,23,53,0.766,1.766,0,0,can_normal,can,normal,0.716309,312,146,389,361,116.894
30cm,yolo11s,23,53,0.766,1.766,1,7,pet_packaging,pet,packaging,0.514648,403,93,488,359,116.894
30cm,yolo11s,23,53,0.766,1.766,2,8,pet_dirty_packaging,pet,dirty_packaging,0.422607,403,92,487,359,116.894
30cm,yolo11s,23,53,0.766,1.766,3,9,plastic_normal,plastic,normal,0.331055,137,131,259,272,116.894
30cm,yolo11s,24,54,0.8,1.799,0,0,can_normal,can,normal,0.695312,311,146,388,361,114.561
30cm,yolo11s,24,54,0.8,1.799,1,7,pet_packaging,pet,packaging,0.537109,403,92,488,359,114.561
30cm,yolo11s,24,54,0.8,1.799,2,8,pet_dirty_packaging,pet,dirty_packaging,0.412109,403,92,488,360,114.561
30cm,yolo11s,24,54,0.8,1.799,3,9,plastic_normal,plastic,normal,0.349609,137,131,259,272,114.561
30cm,yolo11s,25,55,0.833,1.832,0,0,can_normal,can,normal,0.695312,311,146,388,361,113.315
30cm,yolo11s,25,55,0.833,1.832,1,7,pet_packaging,pet,packaging,0.571777,402,92,488,360,113.315
30cm,yolo11s,25,55,0.833,1.832,2,9,plastic_normal,plastic,normal,0.309082,137,131,259,272,113.315
30cm,yolo11s,26,56,0.866,1.866,0,0,can_normal,can,normal,0.708008,312,146,389,361,117.466
30cm,yolo11s,26,56,0.866,1.866,1,7,pet_packaging,pet,packaging,0.495117,403,92,489,360,117.466
30cm,yolo11s,26,56,0.866,1.866,2,9,plastic_normal,plastic,normal,0.315674,137,131,258,272,117.466
30cm,yolo11s,27,57,0.9,1.899,0,0,can_normal,can,normal,0.688477,311,146,387,361,114.849
30cm,yolo11s,27,57,0.9,1.899,1,7,pet_packaging,pet,packaging,0.492188,403,92,488,361,114.849
30cm,yolo11s,27,57,0.9,1.899,2,9,plastic_normal,plastic,normal,0.334473,138,131,259,274,114.849
30cm,yolo11s,28,58,0.933,1.932,0,0,can_normal,can,normal,0.730469,311,146,387,361,114.846
30cm,yolo11s,28,58,0.933,1.932,1,9,plastic_normal,plastic,normal,0.394287,137,131,259,272,114.846
30cm,yolo11s,29,59,0.966,1.966,0,0,can_normal,can,normal,0.739258,311,146,386,362,113.718
30cm,yolo11s,29,59,0.966,1.966,1,7,pet_packaging,pet,packaging,0.262939,404,92,486,201,113.718
30cm,yolo11s,29,59,0.966,1.966,2,9,plastic_normal,plastic,normal,0.373047,137,131,258,272,113.718
30cm,yolo11s,30,60,1.0,1.999,0,0,can_normal,can,normal,0.773926,311,146,386,362,114.074
30cm,yolo11s,30,60,1.0,1.999,1,7,pet_packaging,pet,packaging,0.297363,404,92,487,215,114.074
30cm,yolo11s,30,60,1.0,1.999,2,9,plastic_normal,plastic,normal,0.414795,137,131,259,274,114.074
30cm,yolo11s,31,61,1.033,2.032,0,0,can_normal,can,normal,0.706543,311,146,386,361,114.377
30cm,yolo11s,31,61,1.033,2.032,1,7,pet_packaging,pet,packaging,0.42334,402,93,486,223,114.377
30cm,yolo11s,31,61,1.033,2.032,2,9,plastic_normal,plastic,normal,0.379395,137,131,259,274,114.377
30cm,yolo11s,32,62,1.066,2.066,0,0,can_normal,can,normal,0.63623,307,147,387,362,115.295
30cm,yolo11s,32,62,1.066,2.066,1,0,can_normal,can,normal,0.265869,308,271,384,361,115.295
30cm,yolo11s,32,62,1.066,2.066,2,7,pet_packaging,pet,packaging,0.491211,400,97,482,230,115.295
30cm,yolo11s,32,62,1.066,2.066,3,9,plastic_normal,plastic,normal,0.34082,137,131,259,273,115.295
30cm,yolo11s,33,63,1.099,2.099,0,0,can_normal,can,normal,0.368408,310,301,382,361,118.667
30cm,yolo11s,33,63,1.099,2.099,1,7,pet_packaging,pet,packaging,0.572754,393,100,477,230,118.667
30cm,yolo11s,33,63,1.099,2.099,2,9,plastic_normal,plastic,normal,0.32251,137,131,258,274,118.667
30cm,yolo11s,34,64,1.133,2.132,0,0,can_normal,can,normal,0.338135,311,309,382,360,115.636
30cm,yolo11s,34,64,1.133,2.132,1,7,pet_packaging,pet,packaging,0.547852,389,102,473,236,115.636
30cm,yolo11s,35,65,1.166,2.166,0,0,can_normal,can,normal,0.264404,315,146,387,233,116.002
30cm,yolo11s,35,65,1.166,2.166,1,4,glass_packaging,glass,packaging,0.277588,528,2,639,248,116.002
30cm,yolo11s,35,65,1.166,2.166,2,7,pet_packaging,pet,packaging,0.499023,386,102,469,238,116.002
30cm,yolo11s,35,65,1.166,2.166,3,9,plastic_normal,plastic,normal,0.352295,138,131,258,274,116.002
30cm,yolo11s,36,66,1.199,2.199,0,7,pet_packaging,pet,packaging,0.418701,383,103,462,244,114.973
30cm,yolo11s,36,66,1.199,2.199,1,8,pet_dirty_packaging,pet,dirty_packaging,0.458984,383,103,462,244,114.973
30cm,yolo11s,36,66,1.199,2.199,2,9,plastic_normal,plastic,normal,0.434082,137,131,258,274,114.973
30cm,yolo11s,37,67,1.233,2.232,0,7,pet_packaging,pet,packaging,0.469727,383,103,459,243,113.733
30cm,yolo11s,37,67,1.233,2.232,1,9,plastic_normal,plastic,normal,0.482422,137,131,258,274,113.733
30cm,yolo11s,38,68,1.266,2.266,0,7,pet_packaging,pet,packaging,0.469727,383,105,457,251,116.277
30cm,yolo11s,38,68,1.266,2.266,1,9,plastic_normal,plastic,normal,0.407227,137,131,259,273,116.277
30cm,yolo11s,39,69,1.299,2.299,0,7,pet_packaging,pet,packaging,0.550781,382,106,455,264,114.908
30cm,yolo11s,39,69,1.299,2.299,1,9,plastic_normal,plastic,normal,0.377441,137,131,259,274,114.908
30cm,yolo11s,40,70,1.333,2.332,0,7,pet_packaging,pet,packaging,0.491211,384,106,457,267,114.28
30cm,yolo11s,40,70,1.333,2.332,1,9,plastic_normal,plastic,normal,0.399902,137,131,259,273,114.28
30cm,yolo11s,41,71,1.366,2.365,0,7,pet_packaging,pet,packaging,0.613281,384,105,460,270,112.855
30cm,yolo11s,41,71,1.366,2.365,1,9,plastic_normal,plastic,normal,0.434082,137,131,259,271,112.855
30cm,yolo11s,42,72,1.399,2.399,0,7,pet_packaging,pet,packaging,0.616211,384,103,459,269,114.344
30cm,yolo11s,42,72,1.399,2.399,1,9,plastic_normal,plastic,normal,0.526367,137,131,259,270,114.344
30cm,yolo11s,43,73,1.433,2.432,0,7,pet_packaging,pet,packaging,0.491211,385,99,460,268,114.654
30cm,yolo11s,43,73,1.433,2.432,1,9,plastic_normal,plastic,normal,0.498047,137,131,259,273,114.654
30cm,yolo11s,44,74,1.466,2.465,0,4,glass_packaging,glass,packaging,0.250977,528,1,639,243,114.842
30cm,yolo11s,44,74,1.466,2.465,1,7,pet_packaging,pet,packaging,0.562988,388,96,460,265,114.842
30cm,yolo11s,44,74,1.466,2.465,2,9,plastic_normal,plastic,normal,0.388672,138,131,259,271,114.842
30cm,yolo11s,45,75,1.499,2.499,0,0,can_normal,can,normal,0.352295,303,140,401,321,115.871
30cm,yolo11s,45,75,1.499,2.499,1,7,pet_packaging,pet,packaging,0.469727,395,92,460,259,115.871
30cm,yolo11s,45,75,1.499,2.499,2,9,plastic_normal,plastic,normal,0.364746,138,131,258,273,115.871
30cm,yolo11s,45,75,1.499,2.499,3,10,plastic_dirty,plastic,dirty,0.550781,303,140,401,321,115.871
30cm,yolo11s,46,76,1.533,2.532,0,4,glass_packaging,glass,packaging,0.338135,527,1,639,260,115.786
30cm,yolo11s,46,76,1.533,2.532,1,7,pet_packaging,pet,packaging,0.321777,401,89,461,255,115.786
30cm,yolo11s,46,76,1.533,2.532,2,9,plastic_normal,plastic,normal,0.419678,138,131,258,272,115.786
30cm,yolo11s,47,77,1.566,2.565,0,4,glass_packaging,glass,packaging,0.37207,527,1,639,263,115.096
30cm,yolo11s,47,77,1.566,2.565,1,9,plastic_normal,plastic,normal,0.343262,137,131,258,272,115.096
30cm,yolo11s,48,78,1.599,2.599,0,4,glass_packaging,glass,packaging,0.486328,528,1,639,259,118.327
30cm,yolo11s,48,78,1.599,2.599,1,9,plastic_normal,plastic,normal,0.327637,138,132,259,271,118.327
30cm,yolo11s,49,79,1.633,2.632,0,4,glass_packaging,glass,packaging,0.629883,527,0,639,254,113.656
30cm,yolo11s,49,79,1.633,2.632,1,9,plastic_normal,plastic,normal,0.286133,137,131,258,272,113.656
30cm,yolo11s,50,80,1.666,2.665,0,9,plastic_normal,plastic,normal,0.284668,138,131,258,273,115.917
30cm,yolo11s,51,81,1.699,2.699,0,9,plastic_normal,plastic,normal,0.348633,138,131,258,273,114.299
30cm,yolo11s,52,82,1.732,2.732,0,7,pet_packaging,pet,packaging,0.266602,356,78,489,325,116.76
30cm,yolo11s,52,82,1.732,2.732,1,9,plastic_normal,plastic,normal,0.255371,138,131,259,271,116.76
30cm,yolo11s,53,83,1.766,2.765,0,5,pet_normal,pet,normal,0.260498,338,85,531,334,119.268
30cm,yolo11s,53,83,1.766,2.765,1,7,pet_packaging,pet,packaging,0.337158,338,85,530,327,119.268
30cm,yolo11s,53,83,1.766,2.765,2,9,plastic_normal,plastic,normal,0.276611,138,131,259,273,119.268
30cm,yolo11s,54,84,1.799,2.799,0,5,pet_normal,pet,normal,0.461914,319,93,639,357,116.006
30cm,yolo11s,54,84,1.799,2.799,1,9,plastic_normal,plastic,normal,0.286133,138,131,259,270,116.006
30cm,yolo11s,55,85,1.832,2.832,0,7,pet_packaging,pet,packaging,0.486328,299,104,639,356,119.327
30cm,yolo11s,55,85,1.832,2.832,1,9,plastic_normal,plastic,normal,0.253174,138,131,258,270,119.327
30cm,yolo11s,56,86,1.866,2.865,0,4,glass_packaging,glass,packaging,0.264404,528,0,639,239,115.539
30cm,yolo11s,56,86,1.866,2.865,1,5,pet_normal,pet,normal,0.260498,283,116,639,335,115.539
30cm,yolo11s,56,86,1.866,2.865,2,7,pet_packaging,pet,packaging,0.495117,285,115,639,337,115.539
30cm,yolo11s,56,86,1.866,2.865,3,9,plastic_normal,plastic,normal,0.259033,138,131,259,272,115.539
30cm,yolo11s,57,87,1.899,2.899,0,5,pet_normal,pet,normal,0.347656,271,129,639,335,115.515
30cm,yolo11s,57,87,1.899,2.899,1,7,pet_packaging,pet,packaging,0.46582,271,129,639,336,115.515
30cm,yolo11s,57,87,1.899,2.899,2,9,plastic_normal,plastic,normal,0.329346,139,131,259,272,115.515
30cm,yolo11s,58,88,1.932,2.932,0,7,pet_packaging,pet,packaging,0.478516,255,148,639,334,116.841
30cm,yolo11s,58,88,1.932,2.932,1,9,plastic_normal,plastic,normal,0.430176,138,131,259,272,116.841
30cm,yolo11s,59,89,1.966,2.965,0,5,pet_normal,pet,normal,0.419678,240,180,639,335,115.719
30cm,yolo11s,59,89,1.966,2.965,1,7,pet_packaging,pet,packaging,0.299805,241,180,639,335,115.719
30cm,yolo11s,59,89,1.966,2.965,2,9,plastic_normal,plastic,normal,0.459961,137,131,259,274,115.719
30cm,yolo11s,60,90,1.999,2.999,0,5,pet_normal,pet,normal,0.290283,232,216,639,342,119.066
30cm,yolo11s,60,90,1.999,2.999,1,9,plastic_normal,plastic,normal,0.267334,137,131,259,276,119.066
30cm,yolo11s,61,91,2.032,3.032,0,9,plastic_normal,plastic,normal,0.346924,137,131,259,274,114.449
30cm,yolo11s,62,92,2.066,3.065,0,9,plastic_normal,plastic,normal,0.306641,138,131,259,274,114.879
30cm,yolo11s,63,93,2.099,3.098,0,4,glass_packaging,glass,packaging,0.317383,527,0,639,212,113.26
30cm,yolo11s,63,93,2.099,3.098,1,9,plastic_normal,plastic,normal,0.291016,139,131,259,274,113.26
30cm,yolo11s,64,94,2.132,3.132,0,9,plastic_normal,plastic,normal,0.268066,138,131,259,274,115.879
30cm,yolo11s,65,95,2.166,3.165,0,9,plastic_normal,plastic,normal,0.313965,137,131,258,273,113.821
30cm,yolo11s,66,96,2.199,3.198,,,,,,,,,,,113.876
30cm,yolo11s,67,97,2.232,3.232,,,,,,,,,,,114.058
30cm,yolo11s,68,98,2.266,3.265,,,,,,,,,,,115.635
30cm,yolo11s,69,99,2.299,3.298,,,,,,,,,,,113.614
30cm,yolo11s,70,100,2.332,3.332,0,9,plastic_normal,plastic,normal,0.414795,138,134,258,273,117.634
30cm,yolo11s,71,101,2.365,3.365,0,9,plastic_normal,plastic,normal,0.370117,138,133,257,272,116.128
30cm,yolo11s,72,102,2.399,3.398,0,8,pet_dirty_packaging,pet,dirty_packaging,0.273682,157,273,473,368,115.104
30cm,yolo11s,72,102,2.399,3.398,1,9,plastic_normal,plastic,normal,0.430176,139,133,258,272,115.104
30cm,yolo11s,73,103,2.432,3.432,0,8,pet_dirty_packaging,pet,dirty_packaging,0.458984,158,271,470,366,113.693
30cm,yolo11s,73,103,2.432,3.432,1,9,plastic_normal,plastic,normal,0.415771,139,133,258,272,113.693
30cm,yolo11s,74,104,2.465,3.465,0,7,pet_packaging,pet,packaging,0.349609,159,271,470,366,123.057
30cm,yolo11s,74,104,2.465,3.465,1,8,pet_dirty_packaging,pet,dirty_packaging,0.52832,158,272,471,366,123.057
30cm,yolo11s,74,104,2.465,3.465,2,9,plastic_normal,plastic,normal,0.412109,139,134,258,273,123.057
30cm,yolo11s,75,105,2.499,3.498,0,7,pet_packaging,pet,packaging,0.415771,159,271,470,367,117.969
30cm,yolo11s,75,105,2.499,3.498,1,8,pet_dirty_packaging,pet,dirty_packaging,0.511719,159,271,470,367,117.969
30cm,yolo11s,75,105,2.499,3.498,2,9,plastic_normal,plastic,normal,0.403564,138,133,258,272,117.969
30cm,yolo11s,76,106,2.532,3.532,0,7,pet_packaging,pet,packaging,0.44458,159,271,469,367,115.564
30cm,yolo11s,76,106,2.532,3.532,1,8,pet_dirty_packaging,pet,dirty_packaging,0.520508,158,271,470,367,115.564
30cm,yolo11s,76,106,2.532,3.532,2,9,plastic_normal,plastic,normal,0.363037,138,133,258,271,115.564
30cm,yolo11s,77,107,2.565,3.565,0,7,pet_packaging,pet,packaging,0.442627,158,271,470,365,114.891
30cm,yolo11s,77,107,2.565,3.565,1,8,pet_dirty_packaging,pet,dirty_packaging,0.450439,157,271,469,365,114.891
30cm,yolo11s,77,107,2.565,3.565,2,9,plastic_normal,plastic,normal,0.355713,139,133,259,272,114.891
30cm,yolo11s,78,108,2.599,3.598,0,7,pet_packaging,pet,packaging,0.480469,159,271,469,365,116.711
30cm,yolo11s,78,108,2.599,3.598,1,8,pet_dirty_packaging,pet,dirty_packaging,0.467773,159,271,469,366,116.711
30cm,yolo11s,79,109,2.632,3.632,0,7,pet_packaging,pet,packaging,0.429199,159,271,469,366,113.712
30cm,yolo11s,79,109,2.632,3.632,1,8,pet_dirty_packaging,pet,dirty_packaging,0.470703,159,271,469,366,113.712
30cm,yolo11s,80,110,2.665,3.665,0,7,pet_packaging,pet,packaging,0.47168,158,271,468,365,114.142
30cm,yolo11s,80,110,2.665,3.665,1,8,pet_dirty_packaging,pet,dirty_packaging,0.398926,158,271,468,366,114.142
30cm,yolo11s,80,110,2.665,3.665,2,9,plastic_normal,plastic,normal,0.332764,139,133,258,272,114.142
30cm,yolo11s,81,111,2.699,3.698,0,7,pet_packaging,pet,packaging,0.44751,157,271,469,365,114.802
30cm,yolo11s,81,111,2.699,3.698,1,9,plastic_normal,plastic,normal,0.379395,139,133,258,272,114.802
30cm,yolo11s,82,112,2.732,3.731,0,7,pet_packaging,pet,packaging,0.492188,159,271,469,366,113.9
30cm,yolo11s,82,112,2.732,3.731,1,8,pet_dirty_packaging,pet,dirty_packaging,0.362061,158,271,468,366,113.9
30cm,yolo11s,82,112,2.732,3.731,2,9,plastic_normal,plastic,normal,0.330322,139,133,258,272,113.9
30cm,yolo11s,83,113,2.765,3.765,0,7,pet_packaging,pet,packaging,0.460938,159,271,469,366,118.368
30cm,yolo11s,83,113,2.765,3.765,1,8,pet_dirty_packaging,pet,dirty_packaging,0.388672,158,271,469,366,118.368
30cm,yolo11s,83,113,2.765,3.765,2,9,plastic_normal,plastic,normal,0.361084,139,133,258,271,118.368
30cm,yolo11s,84,114,2.799,3.798,0,7,pet_packaging,pet,packaging,0.455078,158,271,469,365,113.777
30cm,yolo11s,84,114,2.799,3.798,1,9,plastic_normal,plastic,normal,0.40918,139,133,258,271,113.777
30cm,yolo11s,85,115,2.832,3.831,0,7,pet_packaging,pet,packaging,0.541016,159,271,469,365,117.11
30cm,yolo11s,85,115,2.832,3.831,1,9,plastic_normal,plastic,normal,0.480469,139,133,258,272,117.11
30cm,yolo11s,86,116,2.865,3.865,0,7,pet_packaging,pet,packaging,0.445557,159,271,470,365,113.419
30cm,yolo11s,86,116,2.865,3.865,1,9,plastic_normal,plastic,normal,0.492188,138,133,258,272,113.419
30cm,yolo11s,87,117,2.899,3.898,0,5,pet_normal,pet,normal,0.259766,160,271,469,365,113.958
30cm,yolo11s,87,117,2.899,3.898,1,7,pet_packaging,pet,packaging,0.490234,158,271,469,365,113.958
30cm,yolo11s,87,117,2.899,3.898,2,9,plastic_normal,plastic,normal,0.509766,139,133,258,271,113.958
30cm,yolo11s,88,118,2.932,3.931,0,7,pet_packaging,pet,packaging,0.520508,158,271,469,366,114.085
30cm,yolo11s,88,118,2.932,3.931,1,9,plastic_normal,plastic,normal,0.542969,139,134,258,272,114.085
30cm,yolo11s,89,119,2.965,3.965,0,7,pet_packaging,pet,packaging,0.466797,158,271,469,366,114.58
30cm,yolo11s,89,119,2.965,3.965,1,9,plastic_normal,plastic,normal,0.525391,139,134,258,272,114.58
30cm,yolo11s,90,120,2.999,3.998,0,7,pet_packaging,pet,packaging,0.503906,158,271,469,365,116.505
30cm,yolo11s,90,120,2.999,3.998,1,9,plastic_normal,plastic,normal,0.496094,139,134,258,272,116.505
30cm,yolo11s,91,121,3.032,4.031,0,7,pet_packaging,pet,packaging,0.484375,159,271,470,365,113.636
30cm,yolo11s,91,121,3.032,4.031,1,9,plastic_normal,plastic,normal,0.577637,139,133,258,271,113.636
30cm,yolo11s,92,122,3.065,4.065,0,7,pet_packaging,pet,packaging,0.457031,158,271,469,365,113.487
30cm,yolo11s,92,122,3.065,4.065,1,9,plastic_normal,plastic,normal,0.625,139,134,258,272,113.487
30cm,yolo11s,93,123,3.098,4.098,0,7,pet_packaging,pet,packaging,0.313965,156,271,469,365,117.206
30cm,yolo11s,93,123,3.098,4.098,1,9,plastic_normal,plastic,normal,0.647949,139,134,250,271,117.206
30cm,yolo11s,94,124,3.132,4.131,0,7,pet_packaging,pet,packaging,0.275879,158,272,469,366,113.479
30cm,yolo11s,94,124,3.132,4.131,1,9,plastic_normal,plastic,normal,0.660156,139,133,249,271,113.479
30cm,yolo11s,94,124,3.132,4.131,2,9,plastic_normal,plastic,normal,0.276611,223,73,268,108,113.479
30cm,yolo11s,95,125,3.165,4.165,0,7,pet_packaging,pet,packaging,0.29834,158,271,469,365,114.608
30cm,yolo11s,95,125,3.165,4.165,1,9,plastic_normal,plastic,normal,0.580566,138,136,249,272,114.608
30cm,yolo11s,96,126,3.198,4.198,0,5,pet_normal,pet,normal,0.260498,158,271,469,364,114.379
30cm,yolo11s,96,126,3.198,4.198,1,7,pet_packaging,pet,packaging,0.34082,158,271,469,364,114.379
30cm,yolo11s,96,126,3.198,4.198,2,9,plastic_normal,plastic,normal,0.343262,132,136,246,272,114.379
30cm,yolo11s,97,127,3.232,4.231,0,5,pet_normal,pet,normal,0.321777,158,271,468,365,113.558
30cm,yolo11s,97,127,3.232,4.231,1,9,plastic_normal,plastic,normal,0.540039,131,136,243,271,113.558
30cm,yolo11s,98,128,3.265,4.265,0,7,pet_packaging,pet,packaging,0.323486,158,271,452,363,115.63
30cm,yolo11s,98,128,3.265,4.265,1,9,plastic_normal,plastic,normal,0.433105,131,135,244,272,115.63
30cm,yolo11s,99,129,3.298,4.298,0,7,pet_packaging,pet,packaging,0.279053,158,272,426,364,113.22
30cm,yolo11s,99,129,3.298,4.298,1,9,plastic_normal,plastic,normal,0.405518,134,135,248,272,113.22
30cm,yolo11s,100,130,3.332,4.331,0,9,plastic_normal,plastic,normal,0.383057,136,136,247,273,116.589
30cm,yolo11s,101,131,3.365,4.365,0,7,pet_packaging,pet,packaging,0.257568,155,273,375,363,113.718
30cm,yolo11s,101,131,3.365,4.365,1,9,plastic_normal,plastic,normal,0.507812,137,136,246,272,113.718
30cm,yolo11s,102,132,3.398,4.398,0,9,plastic_normal,plastic,normal,0.332031,138,135,249,271,115.505
30cm,yolo11s,103,133,3.432,4.431,,,,,,,,,,,113.791
30cm,yolo11s,104,134,3.465,4.464,,,,,,,,,,,114.667
30cm,yolo11s,105,135,3.498,4.498,0,7,pet_packaging,pet,packaging,0.27124,158,274,324,355,116.397
30cm,yolo11s,106,136,3.532,4.531,,,,,,,,,,,114.738
30cm,yolo11s,107,137,3.565,4.564,,,,,,,,,,,114.317
30cm,yolo11s,108,138,3.598,4.598,,,,,,,,,,,114.605
30cm,yolo11s,109,139,3.632,4.631,,,,,,,,,,,112.564
30cm,yolo11s,110,140,3.665,4.664,,,,,,,,,,,113.11
30cm,yolo11s,111,141,3.698,4.698,,,,,,,,,,,114.081
30cm,yolo11s,112,142,3.731,4.731,,,,,,,,,,,114.152
30cm,yolo11s,113,143,3.765,4.764,,,,,,,,,,,113.058
30cm,yolo11s,114,144,3.798,4.798,,,,,,,,,,,113.466
30cm,yolo11s,115,145,3.831,4.831,,,,,,,,,,,116.766
30cm,yolo11s,116,146,3.865,4.864,,,,,,,,,,,114.377
30cm,yolo11s,117,147,3.898,4.898,,,,,,,,,,,113.806
30cm,yolo11s,118,148,3.931,4.931,0,9,plastic_normal,plastic,normal,0.265869,162,254,280,369,115.196
30cm,yolo11s,119,149,3.965,4.964,0,7,pet_packaging,pet,packaging,0.259033,164,252,280,367,114.046
30cm,yolo11s,120,150,3.998,4.998,,,,,,,,,,,117.995
30cm,yolo11s,121,151,4.031,5.031,,,,,,,,,,,114.356
30cm,yolo11s,122,152,4.065,5.064,,,,,,,,,,,113.881
30cm,yolo11s,123,153,4.098,5.097,,,,,,,,,,,113.57
30cm,yolo11s,124,154,4.131,5.131,,,,,,,,,,,113.033
30cm,yolo11s,125,155,4.165,5.164,0,7,pet_packaging,pet,packaging,0.457031,203,276,388,441,112.837
30cm,yolo11s,126,156,4.198,5.197,0,7,pet_packaging,pet,packaging,0.42627,203,278,388,441,113.2
30cm,yolo11s,126,156,4.198,5.197,1,7,pet_packaging,pet,packaging,0.30249,201,92,392,440,113.2
30cm,yolo11s,127,157,4.231,5.231,,,,,,,,,,,113.985
30cm,yolo11s,128,158,4.265,5.264,,,,,,,,,,,112.611
30cm,yolo11s,129,159,4.298,5.297,,,,,,,,,,,113.292
30cm,yolo11s,130,160,4.331,5.331,,,,,,,,,,,117.049
30cm,yolo11s,131,161,4.365,5.364,0,10,plastic_dirty,plastic,dirty,0.282959,502,198,639,284,113.497
30cm,yolo11s,132,162,4.398,5.397,,,,,,,,,,,113.821
30cm,yolo11s,133,163,4.431,5.431,0,0,can_normal,can,normal,0.328613,278,92,393,442,114.151
30cm,yolo11s,134,164,4.464,5.464,0,0,can_normal,can,normal,0.288574,278,91,395,441,113.733
30cm,yolo11s,135,165,4.498,5.497,0,0,can_normal,can,normal,0.38208,277,92,395,442,116.436
30cm,yolo11s,136,166,4.531,5.531,0,0,can_normal,can,normal,0.38208,277,92,394,442,114.274
30cm,yolo11s,137,167,4.564,5.564,0,0,can_normal,can,normal,0.313232,278,92,396,442,113.605
30cm,yolo11s,138,168,4.598,5.597,0,0,can_normal,can,normal,0.301514,278,92,396,442,117.018
30cm,yolo11s,139,169,4.631,5.631,0,0,can_normal,can,normal,0.332031,278,92,396,442,113.759
30cm,yolo11s,140,170,4.664,5.664,0,0,can_normal,can,normal,0.284668,278,92,396,442,113.385
30cm,yolo11s,141,171,4.698,5.697,0,0,can_normal,can,normal,0.299805,277,92,396,442,114.395
30cm,yolo11s,142,172,4.731,5.73,0,0,can_normal,can,normal,0.268066,278,92,396,442,114.094
30cm,yolo11s,143,173,4.764,5.764,0,0,can_normal,can,normal,0.254639,277,92,395,442,116.744
30cm,yolo11s,144,174,4.798,5.797,0,0,can_normal,can,normal,0.32251,277,92,395,442,113.786
30cm,yolo11s,145,175,4.831,5.83,0,0,can_normal,can,normal,0.312256,278,92,396,442,116.813
30cm,yolo11s,146,176,4.864,5.864,0,0,can_normal,can,normal,0.342529,278,91,396,441,114.851
30cm,yolo11s,147,177,4.898,5.897,0,0,can_normal,can,normal,0.338135,277,92,396,442,113.585
30cm,yolo11s,148,178,4.931,5.93,0,0,can_normal,can,normal,0.311523,277,92,396,442,113.939
30cm,yolo11s,148,178,4.931,5.93,1,7,pet_packaging,pet,packaging,0.256836,581,117,639,376,113.939
30cm,yolo11s,149,179,4.964,5.964,0,0,can_normal,can,normal,0.296631,278,91,396,441,113.813
30cm,yolo11s,150,180,4.998,5.997,0,0,can_normal,can,normal,0.320068,278,92,396,441,117.002
30cm,yolo11s,150,180,4.998,5.997,1,1,can_dirty,can,dirty,0.250244,277,91,396,441,117.002
30cm,yolo11s,151,181,5.031,6.03,0,0,can_normal,can,normal,0.338135,278,92,396,441,113.326
30cm,yolo11s,151,181,5.031,6.03,1,1,can_dirty,can,dirty,0.291748,277,91,396,441,113.326
30cm,yolo11s,152,182,5.064,6.064,0,0,can_normal,can,normal,0.335449,279,92,397,441,114.845
30cm,yolo11s,153,183,5.097,6.097,0,0,can_normal,can,normal,0.361084,278,92,396,441,117.383
30cm,yolo11s,154,184,5.131,6.13,0,0,can_normal,can,normal,0.338867,277,92,396,442,114.157
30cm,yolo11s,155,185,5.164,6.164,0,0,can_normal,can,normal,0.370117,278,92,396,441,113.457
30cm,yolo11s,156,186,5.197,6.197,0,0,can_normal,can,normal,0.308105,277,92,396,442,113.282
30cm,yolo11s,157,187,5.231,6.23,0,0,can_normal,can,normal,0.353027,278,92,396,441,112.728
30cm,yolo11s,158,188,5.264,6.264,0,0,can_normal,can,normal,0.336426,278,92,396,441,116.486
30cm,yolo11s,159,189,5.297,6.297,0,0,can_normal,can,normal,0.353027,278,92,396,441,115.116
30cm,yolo11s,160,190,5.331,6.33,0,0,can_normal,can,normal,0.391357,278,92,397,441,113.591
30cm,yolo11s,160,190,5.331,6.33,1,1,can_dirty,can,dirty,0.29248,277,91,397,441,113.591
30cm,yolo11s,161,191,5.364,6.364,0,0,can_normal,can,normal,0.361084,278,92,396,441,112.734
30cm,yolo11s,162,192,5.397,6.397,0,0,can_normal,can,normal,0.366699,278,92,396,441,113.933
30cm,yolo11s,163,193,5.431,6.43,0,0,can_normal,can,normal,0.332031,278,92,396,441,112.805
30cm,yolo11s,164,194,5.464,6.463,0,0,can_normal,can,normal,0.414062,278,92,396,441,113.275
30cm,yolo11s,164,194,5.464,6.463,1,1,can_dirty,can,dirty,0.259033,277,91,396,440,113.275
30cm,yolo11s,165,195,5.497,6.497,0,0,can_normal,can,normal,0.394287,278,92,396,441,114.528
30cm,yolo11s,166,196,5.531,6.53,0,0,can_normal,can,normal,0.39502,278,92,396,441,115.336
30cm,yolo11s,166,196,5.531,6.53,1,1,can_dirty,can,dirty,0.332031,277,91,396,441,115.336
30cm,yolo11s,167,197,5.564,6.563,0,0,can_normal,can,normal,0.439697,278,92,396,442,113.888
30cm,yolo11s,167,197,5.564,6.563,1,1,can_dirty,can,dirty,0.369385,277,91,397,441,113.888
30cm,yolo11s,168,198,5.597,6.597,0,0,can_normal,can,normal,0.438721,278,92,396,441,116.484
30cm,yolo11s,168,198,5.597,6.597,1,1,can_dirty,can,dirty,0.321777,277,91,398,441,116.484
30cm,yolo11s,169,199,5.631,6.63,0,0,can_normal,can,normal,0.410156,278,92,396,441,113.142
30cm,yolo11s,169,199,5.631,6.63,1,1,can_dirty,can,dirty,0.294189,277,91,397,441,113.142
30cm,yolo11s,170,200,5.664,6.663,0,0,can_normal,can,normal,0.365723,278,92,397,441,113.219
30cm,yolo11s,170,200,5.664,6.663,1,1,can_dirty,can,dirty,0.288574,277,91,398,441,113.219
30cm,yolo11s,171,201,5.697,6.697,0,0,can_normal,can,normal,0.417725,278,92,397,441,114.537
30cm,yolo11s,171,201,5.697,6.697,1,1,can_dirty,can,dirty,0.32251,277,91,397,441,114.537
30cm,yolo11s,172,202,5.73,6.73,0,0,can_normal,can,normal,0.402588,278,92,396,441,113.214
30cm,yolo11s,172,202,5.73,6.73,1,1,can_dirty,can,dirty,0.308105,277,91,397,442,113.214
30cm,yolo11s,173,203,5.764,6.763,0,0,can_normal,can,normal,0.44165,278,92,396,441,116.005
30cm,yolo11s,173,203,5.764,6.763,1,1,can_dirty,can,dirty,0.343262,277,90,397,441,116.005
30cm,yolo11s,174,204,5.797,6.797,0,0,can_normal,can,normal,0.408203,277,92,396,442,114.238
30cm,yolo11s,174,204,5.797,6.797,1,1,can_dirty,can,dirty,0.306641,277,91,397,442,114.238
30cm,yolo11s,175,205,5.83,6.83,0,0,can_normal,can,normal,0.312256,278,91,397,441,114.031
30cm,yolo11s,176,206,5.864,6.863,0,0,can_normal,can,normal,0.317383,278,92,396,442,116.751
30cm,yolo11s,177,207,5.897,6.897,0,0,can_normal,can,normal,0.398926,278,92,396,442,113.628
30cm,yolo11s,178,208,5.93,6.93,0,0,can_normal,can,normal,0.361084,278,92,396,442,115.176
30cm,yolo11s,179,209,5.964,6.963,,,,,,,,,,,113.442
30cm,yolo11s,180,210,5.997,6.997,0,0,can_normal,can,normal,0.255371,278,92,395,441,114.318
30cm,yolo11s,181,211,6.03,7.03,,,,,,,,,,,116.029
30cm,yolo11s,182,212,6.064,7.063,0,0,can_normal,can,normal,0.269775,262,92,395,442,113.52
30cm,yolo11s,183,213,6.097,7.096,,,,,,,,,,,113.962
30cm,yolo11s,184,214,6.13,7.13,0,0,can_normal,can,normal,0.359375,279,91,396,441,115.651
30cm,yolo11s,185,215,6.164,7.163,0,0,can_normal,can,normal,0.415771,277,91,395,440,114.145
30cm,yolo11s,186,216,6.197,7.196,0,0,can_normal,can,normal,0.562012,278,92,395,441,112.44
30cm,yolo11s,187,217,6.23,7.23,0,0,can_normal,can,normal,0.526367,277,92,395,442,115.179
30cm,yolo11s,188,218,6.264,7.263,0,0,can_normal,can,normal,0.603027,278,92,398,442,112.982
30cm,yolo11s,189,219,6.297,7.296,0,0,can_normal,can,normal,0.585938,277,92,396,442,114.245
30cm,yolo11s,190,220,6.33,7.33,0,0,can_normal,can,normal,0.435791,278,92,395,442,113.854
30cm,yolo11s,191,221,6.364,7.363,0,0,can_normal,can,normal,0.442627,277,91,395,441,116.687
30cm,yolo11s,192,222,6.397,7.396,0,0,can_normal,can,normal,0.552734,278,92,396,442,114.013
30cm,yolo11s,193,223,6.43,7.43,0,0,can_normal,can,normal,0.557129,278,92,395,442,112.904
30cm,yolo11s,194,224,6.463,7.463,0,0,can_normal,can,normal,0.545898,278,92,396,442,113.998
30cm,yolo11s,195,225,6.497,7.496,0,0,can_normal,can,normal,0.575684,278,92,396,442,131.677
30cm,yolo11s,196,226,6.53,7.53,0,0,can_normal,can,normal,0.562012,278,92,395,442,116.261
30cm,yolo11s,197,227,6.563,7.563,0,0,can_normal,can,normal,0.603027,278,92,395,442,115.722
30cm,yolo11s,198,228,6.597,7.596,0,0,can_normal,can,normal,0.601074,278,92,396,442,115.753
30cm,yolo11s,199,229,6.63,7.63,0,0,can_normal,can,normal,0.59375,278,92,395,442,113.472
30cm,yolo11s,200,230,6.663,7.663,0,0,can_normal,can,normal,0.560059,277,92,395,442,113.47
30cm,yolo11s,201,231,6.697,7.696,0,0,can_normal,can,normal,0.552734,278,92,395,442,113.211
30cm,yolo11s,202,232,6.73,7.73,0,0,can_normal,can,normal,0.561035,278,92,396,442,113.368
30cm,yolo11s,203,233,6.763,7.763,0,0,can_normal,can,normal,0.536133,278,92,395,442,118.376
30cm,yolo11s,204,234,6.797,7.796,0,0,can_normal,can,normal,0.580566,277,92,395,441,112.643
30cm,yolo11s,205,235,6.83,7.829,0,0,can_normal,can,normal,0.571777,278,92,395,442,113.016
30cm,yolo11s,206,236,6.863,7.863,0,0,can_normal,can,normal,0.578613,278,91,396,441,116.804
30cm,yolo11s,207,237,6.897,7.896,0,0,can_normal,can,normal,0.566895,277,91,394,440,113.67
30cm,yolo11s,208,238,6.93,7.929,0,0,can_normal,can,normal,0.552734,277,92,395,442,112.924
30cm,yolo11s,209,239,6.963,7.963,0,0,can_normal,can,normal,0.591797,278,92,396,441,113.655
30cm,yolo11s,210,240,6.997,7.996,0,0,can_normal,can,normal,0.562988,278,92,395,442,114.173
30cm,yolo11s,211,241,7.03,8.029,0,0,can_normal,can,normal,0.557129,277,92,395,442,116.951
30cm,yolo11s,212,242,7.063,8.063,0,0,can_normal,can,normal,0.587891,277,92,395,442,113.31
30cm,yolo11s,213,243,7.096,8.096,0,0,can_normal,can,normal,0.536133,278,92,395,441,113.339
30cm,yolo11s,214,244,7.13,8.129,0,0,can_normal,can,normal,0.545898,278,92,396,442,116.336
30cm,yolo11s,215,245,7.163,8.163,0,0,can_normal,can,normal,0.499023,278,92,395,441,113.703
30cm,yolo11s,216,246,7.196,8.196,0,0,can_normal,can,normal,0.467773,278,92,395,442,116.376
30cm,yolo11s,217,247,7.23,8.229,0,0,can_normal,can,normal,0.623535,278,92,397,442,112.838
30cm,yolo11s,218,248,7.263,8.263,0,0,can_normal,can,normal,0.587891,277,92,394,441,113.401
30cm,yolo11s,219,249,7.296,8.296,0,0,can_normal,can,normal,0.648926,278,92,394,441,116.864
30cm,yolo11s,220,250,7.33,8.329,0,0,can_normal,can,normal,0.580566,277,91,392,441,112.728
30cm,yolo11s,221,251,7.363,8.363,0,0,can_normal,can,normal,0.518555,278,91,392,442,116.15
30cm,yolo11s,222,252,7.396,8.396,0,0,can_normal,can,normal,0.557129,278,89,392,442,114.705
30cm,yolo11s,223,253,7.43,8.429,0,0,can_normal,can,normal,0.601074,277,91,392,441,114.136
30cm,yolo11s,224,254,7.463,8.462,0,0,can_normal,can,normal,0.625,278,88,395,441,113.869
30cm,yolo11s,225,255,7.496,8.496,0,0,can_normal,can,normal,0.504883,276,79,394,442,113.226
30cm,yolo11s,226,256,7.53,8.529,0,0,can_normal,can,normal,0.440674,270,76,394,442,116.338
30cm,yolo11s,227,257,7.563,8.562,0,0,can_normal,can,normal,0.341553,258,75,395,441,112.888
30cm,yolo11s,228,258,7.596,8.596,0,0,can_normal,can,normal,0.503906,264,74,396,442,113.108
30cm,yolo11s,229,259,7.63,8.629,0,0,can_normal,can,normal,0.401611,261,75,395,441,115.025
30cm,yolo11s,230,260,7.663,8.662,0,0,can_normal,can,normal,0.359375,261,78,395,441,112.182
30cm,yolo11s,231,261,7.696,8.696,0,0,can_normal,can,normal,0.406494,263,79,395,442,113.313
30cm,yolo11s,232,262,7.73,8.729,0,0,can_normal,can,normal,0.437744,263,79,395,442,114.113
30cm,yolo11s,233,263,7.763,8.762,0,0,can_normal,can,normal,0.307373,261,78,394,442,113.18
30cm,yolo11s,234,264,7.796,8.796,0,0,can_normal,can,normal,0.265137,266,77,393,442,116.415
30cm,yolo11s,235,265,7.829,8.829,0,0,can_normal,can,normal,0.357666,263,74,396,442,115.994
30cm,yolo11s,236,266,7.863,8.862,0,0,can_normal,can,normal,0.265137,263,72,395,442,113.77
30cm,yolo11s,237,267,7.896,8.896,,,,,,,,,,,113.212
30cm,yolo11s,238,268,7.929,8.929,,,,,,,,,,,113.248
30cm,yolo11s,239,269,7.963,8.962,,,,,,,,,,,112.897
30cm,yolo11s,240,270,7.996,8.996,,,,,,,,,,,112.742
30cm,yolo11s,241,271,8.029,9.029,,,,,,,,,,,112.799
30cm,yolo11s,242,272,8.063,9.062,,,,,,,,,,,112.505
30cm,yolo11s,243,273,8.096,9.095,,,,,,,,,,,112.673
30cm,yolo11s,244,274,8.129,9.129,,,,,,,,,,,115.905
30cm,yolo11s,245,275,8.163,9.162,0,4,glass_packaging,glass,packaging,0.300781,264,91,395,442,113.888
30cm,yolo11s,246,276,8.196,9.195,,,,,,,,,,,113.275
30cm,yolo11s,247,277,8.229,9.229,,,,,,,,,,,113.643
30cm,yolo11s,248,278,8.263,9.262,0,10,plastic_dirty,plastic,dirty,0.449463,244,76,543,186,113.519
30cm,yolo11s,249,279,8.296,9.295,0,10,plastic_dirty,plastic,dirty,0.339844,249,78,531,188,117.785
30cm,yolo11s,250,280,8.329,9.329,,,,,,,,,,,114.465
30cm,yolo11s,251,281,8.363,9.362,,,,,,,,,,,113.883
30cm,yolo11s,252,282,8.396,9.395,,,,,,,,,,,111.981
30cm,yolo11s,253,283,8.429,9.429,0,5,pet_normal,pet,normal,0.521484,267,134,349,337,111.658
30cm,yolo11s,254,284,8.462,9.462,0,8,pet_dirty_packaging,pet,dirty_packaging,0.551758,266,130,363,337,115.151
30cm,yolo11s,255,285,8.496,9.495,0,8,pet_dirty_packaging,pet,dirty_packaging,0.52832,262,132,365,343,114.427
30cm,yolo11s,256,286,8.529,9.529,0,7,pet_packaging,pet,packaging,0.411133,258,134,370,339,121.256
30cm,yolo11s,256,286,8.529,9.529,1,8,pet_dirty_packaging,pet,dirty_packaging,0.434082,258,135,369,338,121.256
30cm,yolo11s,257,287,8.562,9.562,0,7,pet_packaging,pet,packaging,0.440674,251,137,373,325,114.349
30cm,yolo11s,258,288,8.596,9.595,0,7,pet_packaging,pet,packaging,0.388672,241,142,381,335,115.405
30cm,yolo11s,259,289,8.629,9.629,0,7,pet_packaging,pet,packaging,0.341553,226,152,389,338,132.497
30cm,yolo11s,260,290,8.662,9.662,,,,,,,,,,,145.385
30cm,yolo11s,261,291,8.696,9.695,,,,,,,,,,,117.063
30cm,yolo11s,262,292,8.729,9.729,,,,,,,,,,,113.562
30cm,yolo11s,263,293,8.762,9.762,0,5,pet_normal,pet,normal,0.412109,169,254,409,375,113.001
30cm,yolo11s,263,293,8.762,9.762,1,5,pet_normal,pet,normal,0.251709,231,254,408,323,113.001
30cm,yolo11s,264,294,8.796,9.795,0,7,pet_packaging,pet,packaging,0.563965,169,207,415,322,113.507
30cm,yolo11s,265,295,8.829,9.828,0,7,pet_packaging,pet,packaging,0.549805,169,164,420,321,113.122
30cm,yolo11s,266,296,8.862,9.862,0,7,pet_packaging,pet,packaging,0.430176,171,137,424,322,117.207
30cm,yolo11s,267,297,8.896,9.895,0,7,pet_packaging,pet,packaging,0.369385,178,136,428,330,115.085
30cm,yolo11s,268,298,8.929,9.928,0,7,pet_packaging,pet,packaging,0.480469,177,139,437,338,114.099
30cm,yolo11s,269,299,8.962,9.962,0,5,pet_normal,pet,normal,0.655762,170,158,443,348,113.55
30cm,yolo11s,270,300,8.996,9.995,0,5,pet_normal,pet,normal,0.490234,163,210,451,377,113.267
30cm,yolo11s,271,301,9.029,10.028,0,7,pet_packaging,pet,packaging,0.473633,159,253,455,396,116.172
30cm,yolo11s,272,302,9.062,10.062,0,7,pet_packaging,pet,packaging,0.455078,154,255,460,327,114.401
30cm,yolo11s,273,303,9.095,10.095,0,7,pet_packaging,pet,packaging,0.519531,146,240,463,327,113.026
30cm,yolo11s,273,303,9.095,10.095,1,7,pet_packaging,pet,packaging,0.264404,144,319,464,390,113.026
30cm,yolo11s,273,303,9.095,10.095,2,8,pet_dirty_packaging,pet,dirty_packaging,0.377441,145,240,463,327,113.026
30cm,yolo11s,274,304,9.129,10.128,0,7,pet_packaging,pet,packaging,0.430176,140,232,471,385,113.299
30cm,yolo11s,275,305,9.162,10.162,0,5,pet_normal,pet,normal,0.458008,134,215,479,378,112.381
30cm,yolo11s,275,305,9.162,10.162,1,7,pet_packaging,pet,packaging,0.310791,135,216,478,378,112.381
30cm,yolo11s,276,306,9.195,10.195,0,5,pet_normal,pet,normal,0.522461,132,215,485,358,112.493
30cm,yolo11s,276,306,9.195,10.195,1,5,pet_normal,pet,normal,0.284668,130,315,485,393,112.493
30cm,yolo11s,277,307,9.229,10.228,,,,,,,,,,,111.189
30cm,yolo11s,278,308,9.262,10.262,0,7,pet_packaging,pet,packaging,0.362061,120,230,508,419,112.486
30cm,yolo11s,279,309,9.295,10.295,,,,,,,,,,,112.713
30cm,yolo11s,280,310,9.329,10.328,,,,,,,,,,,113.103
30cm,yolo11s,281,311,9.362,10.362,,,,,,,,,,,116.369
30cm,yolo11s,282,312,9.395,10.395,0,4,glass_packaging,glass,packaging,0.411133,529,10,639,315,113.128
30cm,yolo11s,283,313,9.429,10.428,0,7,pet_packaging,pet,packaging,0.269043,63,223,581,479,113.168
30cm,yolo11s,284,314,9.462,10.461,,,,,,,,,,,113.877
30cm,yolo11s,285,315,9.495,10.495,,,,,,,,,,,113.076
30cm,yolo11s,286,316,9.529,10.528,,,,,,,,,,,115.713
30cm,yolo11s,287,317,9.562,10.561,,,,,,,,,,,112.929
30cm,yolo11s,288,318,9.595,10.595,,,,,,,,,,,113.099
30cm,yolo11s,289,319,9.629,10.628,,,,,,,,,,,111.564
30cm,yolo11s,290,320,9.662,10.661,0,7,pet_packaging,pet,packaging,0.490234,119,244,639,479,112.403
30cm,yolo11s,291,321,9.695,10.695,0,7,pet_packaging,pet,packaging,0.461914,131,247,639,479,115.325
30cm,yolo11s,292,322,9.729,10.728,0,7,pet_packaging,pet,packaging,0.508789,138,253,639,479,112.289
30cm,yolo11s,293,323,9.762,10.761,0,5,pet_normal,pet,normal,0.469727,138,261,639,479,112.701
30cm,yolo11s,293,323,9.762,10.761,1,7,pet_packaging,pet,packaging,0.308105,141,260,639,479,112.701
30cm,yolo11s,294,324,9.795,10.795,,,,,,,,,,,113.277
30cm,yolo11s,295,325,9.828,10.828,,,,,,,,,,,112.923
30cm,yolo11s,296,326,9.862,10.861,,,,,,,,,,,116.239
30cm,yolo11s,297,327,9.895,10.895,,,,,,,,,,,114.182
30cm,yolo11s,298,328,9.928,10.928,,,,,,,,,,,112.121
30cm,yolo11s,299,329,9.962,10.961,,,,,,,,,,,112.935
30cm,yolo11s,300,330,9.995,10.995,,,,,,,,,,,113.104
30cm,yolo11s,301,331,10.028,11.028,,,,,,,,,,,114.647
30cm,yolo11s,302,332,10.062,11.061,,,,,,,,,,,112.585
30cm,yolo11s,303,333,10.095,11.095,,,,,,,,,,,112.837
30cm,yolo11s,304,334,10.128,11.128,,,,,,,,,,,111.289
30cm,yolo11s,305,335,10.162,11.161,,,,,,,,,,,112.684
30cm,yolo11s,306,336,10.195,11.194,,,,,,,,,,,114.057
30cm,yolo11s,307,337,10.228,11.228,,,,,,,,,,,112.421
30cm,yolo11s,308,338,10.262,11.261,,,,,,,,,,,112.272
30cm,yolo11s,309,339,10.295,11.294,,,,,,,,,,,112.853
30cm,yolo11s,310,340,10.328,11.328,,,,,,,,,,,113.239
30cm,yolo11s,311,341,10.362,11.361,,,,,,,,,,,117.454
30cm,yolo11s,312,342,10.395,11.394,0,7,pet_packaging,pet,packaging,0.289307,238,42,380,359,113.461
30cm,yolo11s,312,342,10.395,11.394,1,8,pet_dirty_packaging,pet,dirty_packaging,0.259033,238,40,380,359,113.461
30cm,yolo11s,313,343,10.428,11.428,0,7,pet_packaging,pet,packaging,0.368408,239,43,361,359,112.93
30cm,yolo11s,313,343,10.428,11.428,1,8,pet_dirty_packaging,pet,dirty_packaging,0.402588,240,43,362,359,112.93
30cm,yolo11s,314,344,10.461,11.461,0,7,pet_packaging,pet,packaging,0.410156,240,43,351,359,113.49
30cm,yolo11s,314,344,10.461,11.461,1,8,pet_dirty_packaging,pet,dirty_packaging,0.424316,241,44,351,359,113.49
30cm,yolo11s,315,345,10.495,11.494,0,8,pet_dirty_packaging,pet,dirty_packaging,0.566895,243,47,346,358,112.278
30cm,yolo11s,316,346,10.528,11.528,0,8,pet_dirty_packaging,pet,dirty_packaging,0.544922,245,47,345,357,116.088
30cm,yolo11s,317,347,10.561,11.561,0,7,pet_packaging,pet,packaging,0.457031,246,47,342,358,112.589
30cm,yolo11s,317,347,10.561,11.561,1,8,pet_dirty_packaging,pet,dirty_packaging,0.421631,246,48,342,357,112.589
30cm,yolo11s,318,348,10.595,11.594,0,7,pet_packaging,pet,packaging,0.563965,241,43,337,357,113.626
30cm,yolo11s,319,349,10.628,11.628,0,7,pet_packaging,pet,packaging,0.598145,232,39,334,358,111.02
30cm,yolo11s,320,350,10.661,11.661,0,7,pet_packaging,pet,packaging,0.550781,220,35,331,358,112.478
30cm,yolo11s,321,351,10.695,11.694,0,7,pet_packaging,pet,packaging,0.515625,213,30,334,358,112.043
30cm,yolo11s,322,352,10.728,11.728,0,7,pet_packaging,pet,packaging,0.548828,199,24,335,359,113.959
30cm,yolo11s,323,353,10.761,11.761,0,7,pet_packaging,pet,packaging,0.548828,176,15,332,360,111.554
30cm,yolo11s,324,354,10.795,11.794,,,,,,,,,,,115.497
30cm,yolo11s,325,355,10.828,11.827,,,,,,,,,,,111.266
30cm,yolo11s,326,356,10.861,11.861,,,,,,,,,,,115.09
30cm,yolo11s,327,357,10.895,11.894,,,,,,,,,,,112.048
30cm,yolo11s,328,358,10.928,11.927,,,,,,,,,,,112.122
30cm,yolo11s,329,359,10.961,11.961,,,,,,,,,,,113.166
30cm,yolo11s,330,360,10.995,11.994,,,,,,,,,,,111.924
30cm,yolo11s,331,361,11.028,12.027,,,,,,,,,,,115.989
30cm,yolo11s,332,362,11.061,12.061,,,,,,,,,,,111.992
30cm,yolo11s,333,363,11.095,12.094,,,,,,,,,,,112.022
30cm,yolo11s,334,364,11.128,12.127,,,,,,,,,,,115.573
30cm,yolo11s,335,365,11.161,12.161,,,,,,,,,,,113.883
30cm,yolo11s,336,366,11.194,12.194,,,,,,,,,,,111.27
30cm,yolo11s,337,367,11.228,12.227,,,,,,,,,,,111.344
30cm,yolo11s,338,368,11.261,12.261,,,,,,,,,,,112.937
30cm,yolo11s,339,369,11.294,12.294,,,,,,,,,,,115.6
30cm,yolo11s,340,370,11.328,12.327,,,,,,,,,,,113.047
30cm,yolo11s,341,371,11.361,12.361,,,,,,,,,,,112.422
30cm,yolo11s,342,372,11.394,12.394,,,,,,,,,,,110.925
30cm,yolo11s,343,373,11.428,12.427,,,,,,,,,,,113.113
30cm,yolo11s,344,374,11.461,12.461,,,,,,,,,,,113.044
30cm,yolo11s,345,375,11.494,12.494,,,,,,,,,,,111.847
30cm,yolo11s,346,376,11.528,12.527,,,,,,,,,,,112.235
30cm,yolo11s,347,377,11.561,12.56,,,,,,,,,,,112.576
30cm,yolo11s,348,378,11.594,12.594,,,,,,,,,,,114.242
30cm,yolo11s,349,379,11.628,12.627,0,4,glass_packaging,glass,packaging,0.347656,502,0,639,230,114.679
30cm,yolo11s,350,380,11.661,12.66,,,,,,,,,,,113.7
30cm,yolo11s,351,381,11.694,12.694,0,4,glass_packaging,glass,packaging,0.252441,525,0,639,245,112.424
30cm,yolo11s,352,382,11.728,12.727,,,,,,,,,,,112.432
30cm,yolo11s,353,383,11.761,12.76,,,,,,,,,,,112.533
30cm,yolo11s,354,384,11.794,12.794,,,,,,,,,,,116.021
30cm,yolo11s,355,385,11.827,12.827,,,,,,,,,,,113.681
30cm,yolo11s,356,386,11.861,12.86,,,,,,,,,,,112.463
30cm,yolo11s,357,387,11.894,12.894,,,,,,,,,,,111.556
30cm,yolo11s,358,388,11.927,12.927,,,,,,,,,,,112.296
30cm,yolo11s,359,389,11.961,12.96,,,,,,,,,,,112.651
30cm,yolo11s,360,390,11.994,12.994,0,9,plastic_normal,plastic,normal,0.368408,232,104,381,226,112.77
30cm,yolo11s,361,391,12.027,13.027,0,9,plastic_normal,plastic,normal,0.336426,232,104,381,225,111.168
30cm,yolo11s,362,392,12.061,13.06,,,,,,,,,,,115.868
30cm,yolo11s,363,393,12.094,13.094,0,4,glass_packaging,glass,packaging,0.569824,232,101,383,394,112.311
30cm,yolo11s,364,394,12.127,13.127,0,4,glass_packaging,glass,packaging,0.44165,233,98,384,393,116.477
30cm,yolo11s,365,395,12.161,13.16,0,4,glass_packaging,glass,packaging,0.355713,234,98,384,393,113.714
30cm,yolo11s,366,396,12.194,13.193,0,4,glass_packaging,glass,packaging,0.435791,233,101,384,393,112.644
30cm,yolo11s,366,396,12.194,13.193,1,7,pet_packaging,pet,packaging,0.279785,232,103,382,393,112.644
30cm,yolo11s,367,397,12.227,13.227,0,4,glass_packaging,glass,packaging,0.527344,233,101,383,394,112.701
30cm,yolo11s,368,398,12.261,13.26,0,4,glass_packaging,glass,packaging,0.429199,233,91,383,394,113.77
30cm,yolo11s,369,399,12.294,13.293,0,4,glass_packaging,glass,packaging,0.485352,232,98,383,393,116.846
30cm,yolo11s,369,399,12.294,13.293,1,7,pet_packaging,pet,packaging,0.265869,232,101,382,393,116.846
30cm,yolo11s,370,400,12.327,13.327,0,4,glass_packaging,glass,packaging,0.521484,232,100,382,393,113.005
30cm,yolo11s,371,401,12.361,13.36,0,4,glass_packaging,glass,packaging,0.592773,232,101,382,393,112.421
30cm,yolo11s,372,402,12.394,13.393,0,4,glass_packaging,glass,packaging,0.533203,232,101,384,394,112.556
30cm,yolo11s,373,403,12.427,13.427,0,4,glass_packaging,glass,packaging,0.38208,233,93,385,394,113.246
30cm,yolo11s,374,404,12.461,13.46,0,4,glass_packaging,glass,packaging,0.539062,233,101,384,394,112.237
30cm,yolo11s,375,405,12.494,13.493,0,4,glass_packaging,glass,packaging,0.556641,232,102,383,394,113.694
30cm,yolo11s,376,406,12.527,13.527,0,4,glass_packaging,glass,packaging,0.644043,232,102,382,393,113.556
30cm,yolo11s,377,407,12.56,13.56,0,4,glass_packaging,glass,packaging,0.571777,232,102,382,393,116.078
30cm,yolo11s,378,408,12.594,13.593,0,4,glass_packaging,glass,packaging,0.616699,232,102,383,393,112.317
30cm,yolo11s,379,409,12.627,13.627,0,4,glass_packaging,glass,packaging,0.548828,232,103,383,394,117.618
30cm,yolo11s,380,410,12.66,13.66,0,4,glass_packaging,glass,packaging,0.542969,233,102,385,393,112.801
30cm,yolo11s,381,411,12.694,13.693,0,4,glass_packaging,glass,packaging,0.57959,233,102,386,394,113.897
30cm,yolo11s,382,412,12.727,13.727,0,4,glass_packaging,glass,packaging,0.405518,232,101,383,394,113.793
30cm,yolo11s,382,412,12.727,13.727,1,7,pet_packaging,pet,packaging,0.26123,232,103,382,393,113.793
30cm,yolo11s,383,413,12.76,13.76,0,4,glass_packaging,glass,packaging,0.527344,232,103,381,394,113.273
30cm,yolo11s,383,413,12.76,13.76,1,7,pet_packaging,pet,packaging,0.275146,232,104,382,395,113.273
30cm,yolo11s,384,414,12.794,13.793,0,4,glass_packaging,glass,packaging,0.380371,232,102,382,394,116.21
30cm,yolo11s,385,415,12.827,13.826,0,4,glass_packaging,glass,packaging,0.314941,231,103,381,394,112.351
30cm,yolo11s,385,415,12.827,13.826,1,7,pet_packaging,pet,packaging,0.258301,232,103,382,394,112.351
30cm,yolo11s,386,416,12.86,13.86,0,4,glass_packaging,glass,packaging,0.310791,232,103,382,394,113.154
30cm,yolo11s,387,417,12.894,13.893,0,4,glass_packaging,glass,packaging,0.332031,232,102,381,393,116.546
30cm,yolo11s,387,417,12.894,13.893,1,7,pet_packaging,pet,packaging,0.265869,232,103,381,394,116.546
30cm,yolo11s,388,418,12.927,13.926,,,,,,,,,,,112.11
30cm,yolo11s,389,419,12.96,13.96,,,,,,,,,,,112.123
30cm,yolo11s,390,420,12.994,13.993,,,,,,,,,,,112.17
30cm,yolo11s,391,421,13.027,14.026,,,,,,,,,,,113.017
30cm,yolo11s,392,422,13.06,14.06,,,,,,,,,,,117.546
30cm,yolo11s,393,423,13.094,14.093,0,4,glass_packaging,glass,packaging,0.422607,218,106,364,388,112.537
30cm,yolo11s,393,423,13.094,14.093,1,7,pet_packaging,pet,packaging,0.270508,218,106,364,387,112.537
30cm,yolo11s,394,424,13.127,14.126,,,,,,,,,,,113.369
30cm,yolo11s,395,425,13.16,14.16,0,2,glass_normal,glass,normal,0.330322,220,106,367,388,112.836
30cm,yolo11s,396,426,13.193,14.193,0,4,glass_packaging,glass,packaging,0.294189,220,105,366,389,112.519
30cm,yolo11s,397,427,13.227,14.226,0,2,glass_normal,glass,normal,0.288574,220,88,366,389,112.874
30cm,yolo11s,397,427,13.227,14.226,1,4,glass_packaging,glass,packaging,0.251709,220,87,366,389,112.874
30cm,yolo11s,398,428,13.26,14.26,0,4,glass_packaging,glass,packaging,0.432129,219,103,364,389,113.04
30cm,yolo11s,399,429,13.293,14.293,,,,,,,,,,,112.939
30cm,yolo11s,400,430,13.327,14.326,0,2,glass_normal,glass,normal,0.257568,216,147,358,387,111.445
30cm,yolo11s,401,431,13.36,14.36,,,,,,,,,,,113.607
30cm,yolo11s,402,432,13.393,14.393,0,2,glass_normal,glass,normal,0.27124,216,152,358,385,116.513
30cm,yolo11s,403,433,13.427,14.426,0,4,glass_packaging,glass,packaging,0.453369,219,109,364,384,113.596
30cm,yolo11s,404,434,13.46,14.46,0,4,glass_packaging,glass,packaging,0.309814,220,110,366,384,113.678
30cm,yolo11s,405,435,13.493,14.493,,,,,,,,,,,115.332
30cm,yolo11s,406,436,13.527,14.526,,,,,,,,,,,113.575
30cm,yolo11s,407,437,13.56,14.559,,,,,,,,,,,116.683
30cm,yolo11s,408,438,13.593,14.593,,,,,,,,,,,114.006
30cm,yolo11s,409,439,13.627,14.626,,,,,,,,,,,112.86
30cm,yolo11s,410,440,13.66,14.659,,,,,,,,,,,115.528
30cm,yolo11s,411,441,13.693,14.693,,,,,,,,,,,114.067
30cm,yolo11s,412,442,13.727,14.726,,,,,,,,,,,113.975
30cm,yolo11s,413,443,13.76,14.759,0,4,glass_packaging,glass,packaging,0.324219,224,93,357,381,113.827
30cm,yolo11s,414,444,13.793,14.793,0,4,glass_packaging,glass,packaging,0.414062,225,98,356,381,112.917
30cm,yolo11s,415,445,13.826,14.826,0,4,glass_packaging,glass,packaging,0.310791,230,86,359,382,117.424
30cm,yolo11s,416,446,13.86,14.859,,,,,,,,,,,112.776
30cm,yolo11s,417,447,13.893,14.893,,,,,,,,,,,116.728
30cm,yolo11s,418,448,13.926,14.926,,,,,,,,,,,112.851
30cm,yolo11s,419,449,13.96,14.959,,,,,,,,,,,113.716
30cm,yolo11s,420,450,13.993,14.993,,,,,,,,,,,113.594
30cm,yolo11s,421,451,14.026,15.026,,,,,,,,,,,112.37
30cm,yolo11s,422,452,14.06,15.059,,,,,,,,,,,113.556
30cm,yolo11s,423,453,14.093,15.093,,,,,,,,,,,111.987
30cm,yolo11s,424,454,14.126,15.126,,,,,,,,,,,115.403
30cm,yolo11s,425,455,14.16,15.159,,,,,,,,,,,116.09
30cm,yolo11s,426,456,14.193,15.192,,,,,,,,,,,112.845
30cm,yolo11s,427,457,14.226,15.226,,,,,,,,,,,113.391
30cm,yolo11s,428,458,14.26,15.259,,,,,,,,,,,119.648
30cm,yolo11s,429,459,14.293,15.292,,,,,,,,,,,113.244
30cm,yolo11s,430,460,14.326,15.326,,,,,,,,,,,117.691
30cm,yolo11s,431,461,14.36,15.359,,,,,,,,,,,113.712
30cm,yolo11s,432,462,14.393,15.392,,,,,,,,,,,113.185
30cm,yolo11s,433,463,14.426,15.426,,,,,,,,,,,112.991
30cm,yolo11s,434,464,14.46,15.459,,,,,,,,,,,114.062
30cm,yolo11s,435,465,14.493,15.492,0,7,pet_packaging,pet,packaging,0.250977,368,0,607,105,113.43
30cm,yolo11s,436,466,14.526,15.526,,,,,,,,,,,112.825
30cm,yolo11s,437,467,14.559,15.559,,,,,,,,,,,113.703
30cm,yolo11s,438,468,14.593,15.592,,,,,,,,,,,112.146
30cm,yolo11s,439,469,14.626,15.626,,,,,,,,,,,114.833
30cm,yolo11s,440,470,14.659,15.659,,,,,,,,,,,117.92
30cm,yolo11s,441,471,14.693,15.692,,,,,,,,,,,113.442
30cm,yolo11s,442,472,14.726,15.726,,,,,,,,,,,113.655
30cm,yolo11s,443,473,14.759,15.759,,,,,,,,,,,112.535
30cm,yolo11s,444,474,14.793,15.792,,,,,,,,,,,112.924
30cm,yolo11s,445,475,14.826,15.826,,,,,,,,,,,115.258
30cm,yolo11s,446,476,14.859,15.859,,,,,,,,,,,114.636
30cm,yolo11s,447,477,14.893,15.892,,,,,,,,,,,113.915
30cm,yolo11s,448,478,14.926,15.925,,,,,,,,,,,113.105
30cm,yolo11s,449,479,14.959,15.959,,,,,,,,,,,114.438
30cm,yolo11s,450,480,14.993,15.992,0,9,plastic_normal,plastic,normal,0.289307,265,108,401,384,114.399
30cm,yolo11s,451,481,15.026,16.025,0,9,plastic_normal,plastic,normal,0.280518,264,106,400,385,113.382
30cm,yolo11s,452,482,15.059,16.059,0,9,plastic_normal,plastic,normal,0.286865,261,103,402,386,113.44
30cm,yolo11s,453,483,15.093,16.092,0,5,pet_normal,pet,normal,0.308105,258,100,404,387,113.008
30cm,yolo11s,453,483,15.093,16.092,1,6,pet_dirty,pet,dirty,0.32251,258,100,404,387,113.008
30cm,yolo11s,454,484,15.126,16.125,0,5,pet_normal,pet,normal,0.313965,252,102,397,389,114.215
30cm,yolo11s,455,485,15.159,16.159,,,,,,,,,,,117.883
30cm,yolo11s,456,486,15.192,16.192,0,5,pet_normal,pet,normal,0.281494,237,104,386,389,113.716
30cm,yolo11s,456,486,15.192,16.192,1,6,pet_dirty,pet,dirty,0.467773,237,104,387,389,113.716
30cm,yolo11s,457,487,15.226,16.225,0,5,pet_normal,pet,normal,0.325195,236,102,386,390,112.598
30cm,yolo11s,457,487,15.226,16.225,1,6,pet_dirty,pet,dirty,0.401611,236,102,385,390,112.598
30cm,yolo11s,458,488,15.259,16.259,0,2,glass_normal,glass,normal,0.291748,236,102,387,391,112.751
30cm,yolo11s,458,488,15.259,16.259,1,5,pet_normal,pet,normal,0.251709,236,102,386,390,112.751
30cm,yolo11s,459,489,15.292,16.292,,,,,,,,,,,112.408
30cm,yolo11s,460,490,15.326,16.325,0,5,pet_normal,pet,normal,0.2854,245,104,391,389,116.53
30cm,yolo11s,461,491,15.359,16.359,0,6,pet_dirty,pet,dirty,0.5,249,107,392,388,112.804
30cm,yolo11s,462,492,15.392,16.392,0,5,pet_normal,pet,normal,0.276611,248,108,391,389,113.071
30cm,yolo11s,462,492,15.392,16.392,1,6,pet_dirty,pet,dirty,0.449463,248,107,391,388,113.071
30cm,yolo11s,463,493,15.426,16.425,0,5,pet_normal,pet,normal,0.458984,246,107,390,390,112.935
30cm,yolo11s,464,494,15.459,16.459,0,5,pet_normal,pet,normal,0.255371,244,104,392,391,113.122
30cm,yolo11s,464,494,15.459,16.459,1,6,pet_dirty,pet,dirty,0.297363,244,103,390,390,113.122
30cm,yolo11s,465,495,15.492,16.492,0,5,pet_normal,pet,normal,0.288574,243,103,392,391,112.933
30cm,yolo11s,465,495,15.492,16.492,1,6,pet_dirty,pet,dirty,0.364746,243,102,391,390,112.933
30cm,yolo11s,466,496,15.526,16.525,0,6,pet_dirty,pet,dirty,0.287842,244,103,391,390,113.189
30cm,yolo11s,467,497,15.559,16.558,0,5,pet_normal,pet,normal,0.336426,243,106,390,389,112.972
30cm,yolo11s,467,497,15.559,16.558,1,6,pet_dirty,pet,dirty,0.513672,243,106,391,390,112.972
30cm,yolo11s,468,498,15.592,16.592,0,5,pet_normal,pet,normal,0.414795,243,107,389,390,114.183
30cm,yolo11s,468,498,15.592,16.592,1,6,pet_dirty,pet,dirty,0.324219,243,107,390,390,114.183
30cm,yolo11s,469,499,15.626,16.625,0,2,glass_normal,glass,normal,0.384033,243,105,396,391,112.284
30cm,yolo11s,469,499,15.626,16.625,1,5,pet_normal,pet,normal,0.31665,243,105,393,391,112.284
30cm,yolo11s,470,500,15.659,16.658,0,2,glass_normal,glass,normal,0.408203,246,105,395,391,116.475
30cm,yolo11s,471,501,15.692,16.692,0,2,glass_normal,glass,normal,0.446533,244,104,396,391,114.092
30cm,yolo11s,472,502,15.726,16.725,0,5,pet_normal,pet,normal,0.34082,242,106,387,391,113.533
30cm,yolo11s,473,503,15.759,16.758,0,5,pet_normal,pet,normal,0.320068,243,106,389,391,112.869
30cm,yolo11s,474,504,15.792,16.792,,,,,,,,,,,114.335
30cm,yolo11s,475,505,15.826,16.825,0,7,pet_packaging,pet,packaging,0.277588,243,90,390,390,115.651
30cm,yolo11s,476,506,15.859,16.858,0,5,pet_normal,pet,normal,0.318359,239,103,388,391,112.789
30cm,yolo11s,477,507,15.892,16.892,0,5,pet_normal,pet,normal,0.291748,236,99,385,389,112.856
30cm,yolo11s,478,508,15.925,16.925,0,5,pet_normal,pet,normal,0.251709,235,85,377,389,117.674
30cm,yolo11s,478,508,15.925,16.925,1,7,pet_packaging,pet,packaging,0.30249,235,88,377,387,117.674
30cm,yolo11s,479,509,15.959,16.958,0,5,pet_normal,pet,normal,0.360352,235,96,374,387,113.194
30cm,yolo11s,479,509,15.959,16.958,1,9,plastic_normal,plastic,normal,0.304932,235,96,374,386,113.194
30cm,yolo11s,480,510,15.992,16.992,0,9,plastic_normal,plastic,normal,0.338867,235,90,374,383,112.712
30cm,yolo11s,481,511,16.025,17.025,,,,,,,,,,,112.371
30cm,yolo11s,482,512,16.059,17.058,,,,,,,,,,,113.119
30cm,yolo11s,483,513,16.092,17.092,0,6,pet_dirty,pet,dirty,0.250244,239,110,377,384,116.16
30cm,yolo11s,484,514,16.125,17.125,0,5,pet_normal,pet,normal,0.320068,242,112,381,385,113.863
30cm,yolo11s,485,515,16.159,17.158,0,5,pet_normal,pet,normal,0.313232,246,110,387,385,116.302
30cm,yolo11s,485,515,16.159,17.158,1,6,pet_dirty,pet,dirty,0.307373,246,110,388,385,116.302
30cm,yolo11s,486,516,16.192,17.191,0,5,pet_normal,pet,normal,0.332031,249,108,391,386,112.586
30cm,yolo11s,486,516,16.192,17.191,1,9,plastic_normal,plastic,normal,0.286865,249,108,392,386,112.586
30cm,yolo11s,486,516,16.192,17.191,2,10,plastic_dirty,plastic,dirty,0.276611,281,48,483,171,112.586
30cm,yolo11s,487,517,16.225,17.225,0,6,pet_dirty,pet,dirty,0.336426,245,105,393,387,115.039
30cm,yolo11s,488,518,16.259,17.258,0,5,pet_normal,pet,normal,0.253174,240,105,389,388,112.867
30cm,yolo11s,489,519,16.292,17.291,0,5,pet_normal,pet,normal,0.342529,238,105,385,387,113.025
30cm,yolo11s,489,519,16.292,17.291,1,6,pet_dirty,pet,dirty,0.508789,238,105,386,387,113.025
30cm,yolo11s,490,520,16.325,17.325,0,6,pet_dirty,pet,dirty,0.592773,239,107,382,387,113.324
30cm,yolo11s,491,521,16.359,17.358,0,5,pet_normal,pet,normal,0.385742,242,108,386,386,113.173
30cm,yolo11s,491,521,16.359,17.358,1,6,pet_dirty,pet,dirty,0.562012,242,107,386,386,113.173
30cm,yolo11s,492,522,16.392,17.391,0,6,pet_dirty,pet,dirty,0.603027,244,107,390,387,114.266
30cm,yolo11s,493,523,16.425,17.425,0,6,pet_dirty,pet,dirty,0.515625,243,105,389,388,117.289
30cm,yolo11s,494,524,16.459,17.458,0,5,pet_normal,pet,normal,0.375732,239,105,389,389,112.807
30cm,yolo11s,495,525,16.492,17.491,0,5,pet_normal,pet,normal,0.277588,237,105,385,389,113.242
30cm,yolo11s,495,525,16.492,17.491,1,6,pet_dirty,pet,dirty,0.552734,237,105,385,389,113.242
30cm,yolo11s,496,526,16.525,17.525,0,5,pet_normal,pet,normal,0.304932,238,107,383,389,114.211
30cm,yolo11s,496,526,16.525,17.525,1,6,pet_dirty,pet,dirty,0.594727,238,106,383,388,114.211
30cm,yolo11s,497,527,16.558,17.558,0,6,pet_dirty,pet,dirty,0.625977,241,107,388,388,113.53
30cm,yolo11s,498,528,16.592,17.591,0,6,pet_dirty,pet,dirty,0.563965,243,107,389,389,115.877
30cm,yolo11s,499,529,16.625,17.625,0,6,pet_dirty,pet,dirty,0.574707,240,105,391,389,113.265
30cm,yolo11s,500,530,16.658,17.658,0,6,pet_dirty,pet,dirty,0.575684,237,105,386,389,112.775
30cm,yolo11s,501,531,16.692,17.691,0,5,pet_normal,pet,normal,0.272705,237,107,382,388,112.943
30cm,yolo11s,501,531,16.692,17.691,1,6,pet_dirty,pet,dirty,0.568848,237,106,383,388,112.943
30cm,yolo11s,502,532,16.725,17.725,0,6,pet_dirty,pet,dirty,0.536133,240,107,388,389,113.974
30cm,yolo11s,503,533,16.758,17.758,0,6,pet_dirty,pet,dirty,0.548828,241,106,387,389,114.183
30cm,yolo11s,504,534,16.792,17.791,0,6,pet_dirty,pet,dirty,0.567871,238,105,387,389,113.61
30cm,yolo11s,505,535,16.825,17.825,0,5,pet_normal,pet,normal,0.275146,237,106,384,390,111.686
30cm,yolo11s,505,535,16.825,17.825,1,6,pet_dirty,pet,dirty,0.533203,238,106,385,390,111.686
30cm,yolo11s,506,536,16.858,17.858,0,5,pet_normal,pet,normal,0.38208,239,107,386,390,113.039
30cm,yolo11s,506,536,16.858,17.858,1,6,pet_dirty,pet,dirty,0.34082,239,107,387,390,113.039
30cm,yolo11s,507,537,16.892,17.891,0,5,pet_normal,pet,normal,0.256104,239,107,388,390,113.031
30cm,yolo11s,507,537,16.892,17.891,1,6,pet_dirty,pet,dirty,0.505859,239,107,387,390,113.031
30cm,yolo11s,508,538,16.925,17.924,0,5,pet_normal,pet,normal,0.326904,238,106,386,391,116.383
30cm,yolo11s,508,538,16.925,17.924,1,6,pet_dirty,pet,dirty,0.422607,238,105,387,389,116.383
30cm,yolo11s,509,539,16.958,17.958,0,5,pet_normal,pet,normal,0.332764,238,107,385,390,112.874
30cm,yolo11s,509,539,16.958,17.958,1,6,pet_dirty,pet,dirty,0.299072,238,106,386,389,112.874
30cm,yolo11s,510,540,16.992,17.991,0,6,pet_dirty,pet,dirty,0.329346,240,106,391,389,113.031
30cm,yolo11s,510,540,16.992,17.991,1,9,plastic_normal,plastic,normal,0.2854,239,107,391,390,113.031
30cm,yolo11s,511,541,17.025,18.024,0,6,pet_dirty,pet,dirty,0.405518,238,105,388,390,112.357
30cm,yolo11s,512,542,17.058,18.058,0,5,pet_normal,pet,normal,0.303955,237,106,383,389,115.773
30cm,yolo11s,512,542,17.058,18.058,1,6,pet_dirty,pet,dirty,0.512695,238,106,385,390,115.773
30cm,yolo11s,513,543,17.092,18.091,0,5,pet_normal,pet,normal,0.306641,238,106,386,390,116.474
30cm,yolo11s,513,543,17.092,18.091,1,6,pet_dirty,pet,dirty,0.46875,239,105,388,389,116.474
30cm,yolo11s,514,544,17.125,18.124,0,5,pet_normal,pet,normal,0.337158,237,106,385,390,113.636
30cm,yolo11s,514,544,17.125,18.124,1,6,pet_dirty,pet,dirty,0.449463,238,105,387,389,113.636
30cm,yolo11s,515,545,17.158,18.158,0,5,pet_normal,pet,normal,0.307373,237,106,386,390,113.382
30cm,yolo11s,515,545,17.158,18.158,1,6,pet_dirty,pet,dirty,0.466797,237,106,386,390,113.382
30cm,yolo11s,516,546,17.191,18.191,0,5,pet_normal,pet,normal,0.35498,237,106,385,390,112.849
30cm,yolo11s,516,546,17.191,18.191,1,6,pet_dirty,pet,dirty,0.472656,238,105,387,389,112.849
30cm,yolo11s,517,547,17.225,18.224,0,5,pet_normal,pet,normal,0.344238,237,106,385,390,111.763
30cm,yolo11s,517,547,17.225,18.224,1,6,pet_dirty,pet,dirty,0.504883,238,105,387,389,111.763
30cm,yolo11s,518,548,17.258,18.258,0,5,pet_normal,pet,normal,0.353027,237,106,385,390,112.289
30cm,yolo11s,518,548,17.258,18.258,1,6,pet_dirty,pet,dirty,0.492188,237,106,384,390,112.289
30cm,yolo11s,519,549,17.291,18.291,0,5,pet_normal,pet,normal,0.396973,237,106,384,389,112.636
30cm,yolo11s,519,549,17.291,18.291,1,6,pet_dirty,pet,dirty,0.428223,237,106,385,390,112.636
30cm,yolo11s,520,550,17.325,18.324,0,5,pet_normal,pet,normal,0.414062,237,107,385,390,113.479
30cm,yolo11s,520,550,17.325,18.324,1,6,pet_dirty,pet,dirty,0.415771,237,106,385,389,113.479
30cm,yolo11s,521,551,17.358,18.358,0,5,pet_normal,pet,normal,0.400635,237,106,384,389,116.814
30cm,yolo11s,521,551,17.358,18.358,1,6,pet_dirty,pet,dirty,0.416748,238,106,386,390,116.814
30cm,yolo11s,522,552,17.391,18.391,0,5,pet_normal,pet,normal,0.385742,237,106,385,390,113.124
30cm,yolo11s,522,552,17.391,18.391,1,6,pet_dirty,pet,dirty,0.277588,238,106,387,390,113.124
30cm,yolo11s,523,553,17.425,18.424,0,5,pet_normal,pet,normal,0.347656,238,106,387,390,116.47
30cm,yolo11s,523,553,17.425,18.424,1,6,pet_dirty,pet,dirty,0.279785,238,105,388,389,116.47
30cm,yolo11s,524,554,17.458,18.458,0,5,pet_normal,pet,normal,0.412109,238,107,387,391,112.513
30cm,yolo11s,525,555,17.491,18.491,0,5,pet_normal,pet,normal,0.374756,238,107,386,391,114.395
30cm,yolo11s,525,555,17.491,18.491,1,6,pet_dirty,pet,dirty,0.295898,238,106,387,390,114.395
30cm,yolo11s,526,556,17.525,18.524,0,5,pet_normal,pet,normal,0.335449,238,106,386,390,112.732
30cm,yolo11s,526,556,17.525,18.524,1,6,pet_dirty,pet,dirty,0.276611,238,106,387,390,112.732
30cm,yolo11s,527,557,17.558,18.557,0,5,pet_normal,pet,normal,0.342529,238,107,386,391,112.884
30cm,yolo11s,527,557,17.558,18.557,1,6,pet_dirty,pet,dirty,0.252441,238,106,387,390,112.884
30cm,yolo11s,528,558,17.591,18.591,0,5,pet_normal,pet,normal,0.396973,238,106,386,390,114.998
30cm,yolo11s,529,559,17.625,18.624,0,5,pet_normal,pet,normal,0.433105,238,106,385,390,113.567
30cm,yolo11s,530,560,17.658,18.657,0,5,pet_normal,pet,normal,0.448486,238,107,386,391,112.761
30cm,yolo11s,531,561,17.691,18.691,0,5,pet_normal,pet,normal,0.408203,238,106,385,390,117.097
30cm,yolo11s,532,562,17.725,18.724,0,5,pet_normal,pet,normal,0.438721,238,106,384,390,112.122
30cm,yolo11s,533,563,17.758,18.757,0,5,pet_normal,pet,normal,0.454346,238,106,385,390,113.144
30cm,yolo11s,533,563,17.758,18.757,1,6,pet_dirty,pet,dirty,0.458984,238,106,385,390,113.144
30cm,yolo11s,534,564,17.791,18.791,0,5,pet_normal,pet,normal,0.413086,238,106,385,390,112.987
30cm,yolo11s,534,564,17.791,18.791,1,6,pet_dirty,pet,dirty,0.33374,238,106,385,390,112.987
30cm,yolo11s,535,565,17.825,18.824,0,5,pet_normal,pet,normal,0.38501,238,106,384,390,113.492
30cm,yolo11s,535,565,17.825,18.824,1,6,pet_dirty,pet,dirty,0.320801,238,106,384,390,113.492
30cm,yolo11s,536,566,17.858,18.857,0,5,pet_normal,pet,normal,0.391357,238,106,383,390,115.171
30cm,yolo11s,536,566,17.858,18.857,1,6,pet_dirty,pet,dirty,0.397949,239,106,384,390,115.171
30cm,yolo11s,537,567,17.891,18.891,0,5,pet_normal,pet,normal,0.344238,238,107,384,390,113.41
30cm,yolo11s,537,567,17.891,18.891,1,6,pet_dirty,pet,dirty,0.435791,239,106,385,389,113.41
30cm,yolo11s,538,568,17.924,18.924,0,5,pet_normal,pet,normal,0.317383,239,107,385,391,115.579
30cm,yolo11s,538,568,17.924,18.924,1,6,pet_dirty,pet,dirty,0.370117,239,106,385,390,115.579
30cm,yolo11s,539,569,17.958,18.957,0,6,pet_dirty,pet,dirty,0.402588,240,107,386,390,112.346
30cm,yolo11s,540,570,17.991,18.991,0,5,pet_normal,pet,normal,0.283691,237,107,384,390,112.652
30cm,yolo11s,540,570,17.991,18.991,1,6,pet_dirty,pet,dirty,0.379395,237,107,384,390,112.652
30cm,yolo11s,541,571,18.024,19.024,,,,,,,,,,,112.109
30cm,yolo11s,542,572,18.058,19.057,,,,,,,,,,,113.028
30cm,yolo11s,543,573,18.091,19.091,,,,,,,,,,,112.891
30cm,yolo11s,544,574,18.124,19.124,0,6,pet_dirty,pet,dirty,0.256836,236,150,383,395,117.09
30cm,yolo11s,545,575,18.158,19.157,,,,,,,,,,,112.622
30cm,yolo11s,546,576,18.191,19.191,,,,,,,,,,,116.604
30cm,yolo11s,547,577,18.224,19.224,,,,,,,,,,,112.528
30cm,yolo11s,548,578,18.258,19.257,0,6,pet_dirty,pet,dirty,0.267334,238,99,376,394,112.484
30cm,yolo11s,549,579,18.291,19.29,,,,,,,,,,,113.313
30cm,yolo11s,550,580,18.324,19.324,,,,,,,,,,,112.587
30cm,yolo11s,551,581,18.358,19.357,,,,,,,,,,,115.259
30cm,yolo11s,552,582,18.391,19.39,,,,,,,,,,,112.97
30cm,yolo11s,553,583,18.424,19.424,,,,,,,,,,,111.72
30cm,yolo11s,554,584,18.458,19.457,,,,,,,,,,,116.261
30cm,yolo11s,555,585,18.491,19.49,,,,,,,,,,,112.821
30cm,yolo11s,556,586,18.524,19.524,,,,,,,,,,,112.644
30cm,yolo11s,557,587,18.557,19.557,,,,,,,,,,,114.488
30cm,yolo11s,558,588,18.591,19.59,,,,,,,,,,,113.162
30cm,yolo11s,559,589,18.624,19.624,,,,,,,,,,,115.435
30cm,yolo11s,560,590,18.657,19.657,,,,,,,,,,,112.425
30cm,yolo11s,561,591,18.691,19.69,,,,,,,,,,,113.393
30cm,yolo11s,562,592,18.724,19.724,,,,,,,,,,,112.54
30cm,yolo11s,563,593,18.757,19.757,,,,,,,,,,,114.827
30cm,yolo11s,564,594,18.791,19.79,,,,,,,,,,,112.609
30cm,yolo11s,565,595,18.824,19.824,,,,,,,,,,,111.634
30cm,yolo11s,566,596,18.857,19.857,,,,,,,,,,,113.103
30cm,yolo11s,567,597,18.891,19.89,,,,,,,,,,,113.006
30cm,yolo11s,568,598,18.924,19.923,,,,,,,,,,,113.333
30cm,yolo11s,569,599,18.957,19.957,,,,,,,,,,,116.572
30cm,yolo11s,570,600,18.991,19.99,,,,,,,,,,,113.159
30cm,yolo11s,571,601,19.024,20.023,,,,,,,,,,,112.816
30cm,yolo11s,572,602,19.057,20.057,,,,,,,,,,,112.864
30cm,yolo11s,573,603,19.091,20.09,,,,,,,,,,,112.985
30cm,yolo11s,574,604,19.124,20.123,,,,,,,,,,,115.908
30cm,yolo11s,575,605,19.157,20.157,,,,,,,,,,,113.012
30cm,yolo11s,576,606,19.191,20.19,,,,,,,,,,,113.864
30cm,yolo11s,577,607,19.224,20.223,,,,,,,,,,,115.238
30cm,yolo11s,578,608,19.257,20.257,,,,,,,,,,,112.521
30cm,yolo11s,579,609,19.29,20.29,,,,,,,,,,,114.289
30cm,yolo11s,580,610,19.324,20.323,,,,,,,,,,,113.265
30cm,yolo11s,581,611,19.357,20.357,,,,,,,,,,,112.901
30cm,yolo11s,582,612,19.39,20.39,,,,,,,,,,,116.386
30cm,yolo11s,583,613,19.424,20.423,,,,,,,,,,,113.088
30cm,yolo11s,584,614,19.457,20.457,0,2,glass_normal,glass,normal,0.461914,280,96,410,389,113.825
30cm,yolo11s,584,614,19.457,20.457,1,9,plastic_normal,plastic,normal,0.2854,280,96,411,389,113.825
30cm,yolo11s,585,615,19.49,20.49,0,7,pet_packaging,pet,packaging,0.303223,279,97,410,394,112.683
30cm,yolo11s,585,615,19.49,20.49,1,10,plastic_dirty,plastic,dirty,0.256104,397,137,522,215,112.683
30cm,yolo11s,586,616,19.524,20.523,0,7,pet_packaging,pet,packaging,0.276611,278,96,411,291,113.023
30cm,yolo11s,587,617,19.557,20.556,,,,,,,,,,,113.149
30cm,yolo11s,588,618,19.59,20.59,0,9,plastic_normal,plastic,normal,0.262939,277,97,421,292,114.536
30cm,yolo11s,589,619,19.624,20.623,0,9,plastic_normal,plastic,normal,0.259033,277,106,424,291,113.765
30cm,yolo11s,589,619,19.624,20.623,1,10,plastic_dirty,plastic,dirty,0.258301,355,86,530,208,113.765
30cm,yolo11s,590,620,19.657,20.656,0,10,plastic_dirty,plastic,dirty,0.388672,296,77,531,205,113.225
30cm,yolo11s,591,621,19.69,20.69,,,,,,,,,,,113.725
30cm,yolo11s,592,622,19.724,20.723,0,7,pet_packaging,pet,packaging,0.458008,315,63,539,195,115.586
30cm,yolo11s,592,622,19.724,20.723,1,9,plastic_normal,plastic,normal,0.265137,277,103,424,293,115.586
30cm,yolo11s,593,623,19.757,20.756,0,7,pet_packaging,pet,packaging,0.392334,322,59,542,193,113.179
30cm,yolo11s,593,623,19.757,20.756,1,10,plastic_dirty,plastic,dirty,0.275146,323,58,542,191,113.179
30cm,yolo11s,594,624,19.79,20.79,0,7,pet_packaging,pet,packaging,0.454346,329,51,547,186,113.677
30cm,yolo11s,595,625,19.824,20.823,,,,,,,,,,,114.965
30cm,yolo11s,596,626,19.857,20.856,,,,,,,,,,,113.353
30cm,yolo11s,597,627,19.89,20.89,,,,,,,,,,,115.91
30cm,yolo11s,598,628,19.923,20.923,,,,,,,,,,,112.86
30cm,yolo11s,599,629,19.957,20.956,0,9,plastic_normal,plastic,normal,0.27124,277,106,425,293,112.646
30cm,yolo11s,600,630,19.99,20.99,,,,,,,,,,,113.622
30cm,yolo11s,601,631,20.023,21.023,0,9,plastic_normal,plastic,normal,0.280518,277,106,425,292,112.672
30cm,yolo11s,602,632,20.057,21.056,0,9,plastic_normal,plastic,normal,0.458984,277,106,425,292,112.527
30cm,yolo11s,603,633,20.09,21.09,0,9,plastic_normal,plastic,normal,0.487305,277,106,425,292,113.629
30cm,yolo11s,604,634,20.123,21.123,0,9,plastic_normal,plastic,normal,0.345947,277,106,425,292,113.061
30cm,yolo11s,605,635,20.157,21.156,0,9,plastic_normal,plastic,normal,0.421631,277,106,425,292,115.887
30cm,yolo11s,606,636,20.19,21.19,0,9,plastic_normal,plastic,normal,0.402588,277,106,425,292,112.96
30cm,yolo11s,607,637,20.223,21.223,0,2,glass_normal,glass,normal,0.398926,278,106,424,292,116.828
30cm,yolo11s,608,638,20.257,21.256,0,9,plastic_normal,plastic,normal,0.390381,277,106,425,292,115.395
30cm,yolo11s,609,639,20.29,21.289,0,9,plastic_normal,plastic,normal,0.347656,277,106,426,292,113.916
30cm,yolo11s,610,640,20.323,21.323,,,,,,,,,,,113.92
30cm,yolo11s,611,641,20.357,21.356,0,9,plastic_normal,plastic,normal,0.391357,277,106,425,292,113.006
30cm,yolo11s,612,642,20.39,21.389,0,7,pet_packaging,pet,packaging,0.279785,277,106,425,294,116.614
30cm,yolo11s,613,643,20.423,21.423,,,,,,,,,,,112.912
30cm,yolo11s,614,644,20.457,21.456,,,,,,,,,,,114.168
30cm,yolo11s,615,645,20.49,21.489,0,7,pet_packaging,pet,packaging,0.295898,273,105,423,303,116.124
30cm,yolo11s,616,646,20.523,21.523,0,7,pet_packaging,pet,packaging,0.304932,272,105,421,295,112.922
30cm,yolo11s,617,647,20.556,21.556,,,,,,,,,,,112.756
30cm,yolo11s,618,648,20.59,21.589,,,,,,,,,,,113.427
30cm,yolo11s,619,649,20.623,21.623,0,9,plastic_normal,plastic,normal,0.385742,275,106,422,293,112.977
30cm,yolo11s,620,650,20.656,21.656,0,9,plastic_normal,plastic,normal,0.410156,274,107,421,293,116.054
30cm,yolo11s,621,651,20.69,21.689,0,9,plastic_normal,plastic,normal,0.404541,275,107,422,296,112.64
30cm,yolo11s,622,652,20.723,21.723,,,,,,,,,,,112.724
30cm,yolo11s,623,653,20.756,21.756,0,9,plastic_normal,plastic,normal,0.361084,272,108,417,283,111.993
30cm,yolo11s,624,654,20.79,21.789,,,,,,,,,,,112.984
30cm,yolo11s,625,655,20.823,21.823,,,,,,,,,,,112.616
30cm,yolo11s,626,656,20.856,21.856,0,7,pet_packaging,pet,packaging,0.460938,276,103,426,397,112.816
30cm,yolo11s,627,657,20.89,21.889,0,7,pet_packaging,pet,packaging,0.379395,279,103,433,395,114.157
30cm,yolo11s,628,658,20.923,21.922,0,7,pet_packaging,pet,packaging,0.353027,287,105,439,394,115.8
30cm,yolo11s,629,659,20.956,21.956,,,,,,,,,,,113.301
30cm,yolo11s,630,660,20.99,21.989,0,7,pet_packaging,pet,packaging,0.379395,308,108,461,389,115.817
30cm,yolo11s,631,661,21.023,22.022,,,,,,,,,,,113.577
30cm,yolo11s,632,662,21.056,22.056,,,,,,,,,,,113.746
30cm,yolo11s,633,663,21.09,22.089,,,,,,,,,,,113.571
30cm,yolo11s,634,664,21.123,22.122,,,,,,,,,,,114.106
30cm,yolo11s,635,665,21.156,22.156,,,,,,,,,,,114.318
30cm,yolo11s,636,666,21.19,22.189,0,9,plastic_normal,plastic,normal,0.345215,366,121,508,287,112.714
30cm,yolo11s,637,667,21.223,22.222,0,9,plastic_normal,plastic,normal,0.393311,368,122,508,288,112.499
30cm,yolo11s,638,668,21.256,22.256,0,4,glass_packaging,glass,packaging,0.329346,527,0,639,243,115.601
30cm,yolo11s,638,668,21.256,22.256,1,9,plastic_normal,plastic,normal,0.402588,369,123,508,285,115.601
30cm,yolo11s,639,669,21.289,22.289,,,,,,,,,,,113.78
30cm,yolo11s,640,670,21.323,22.322,0,9,plastic_normal,plastic,normal,0.280518,365,122,505,281,115.665
30cm,yolo11s,641,671,21.356,22.356,,,,,,,,,,,112.942
30cm,yolo11s,642,672,21.389,22.389,,,,,,,,,,,113.447
30cm,yolo11s,643,673,21.423,22.422,,,,,,,,,,,117.003
30cm,yolo11s,644,674,21.456,22.456,,,,,,,,,,,114.784
30cm,yolo11s,645,675,21.489,22.489,,,,,,,,,,,117.111
30cm,yolo11s,646,676,21.523,22.522,,,,,,,,,,,121.358
30cm,yolo11s,647,677,21.556,22.556,,,,,,,,,,,115.411
30cm,yolo11s,648,678,21.589,22.589,,,,,,,,,,,113.65
30cm,yolo11s,649,679,21.623,22.622,,,,,,,,,,,112.438
30cm,yolo11s,650,680,21.656,22.655,,,,,,,,,,,115.598
30cm,yolo11s,651,681,21.689,22.689,,,,,,,,,,,113.423
30cm,yolo11s,652,682,21.723,22.722,0,8,pet_dirty_packaging,pet,dirty_packaging,0.29834,200,0,324,222,115.264
30cm,yolo11s,653,683,21.756,22.755,0,7,pet_packaging,pet,packaging,0.346924,198,1,320,226,118.081
30cm,yolo11s,653,683,21.756,22.755,1,9,plastic_normal,plastic,normal,0.540039,315,117,423,240,118.081
30cm,yolo11s,654,684,21.789,22.789,0,9,plastic_normal,plastic,normal,0.46875,309,117,422,241,118.989
30cm,yolo11s,655,685,21.823,22.822,0,7,pet_packaging,pet,packaging,0.345215,202,2,325,233,114.103
30cm,yolo11s,655,685,21.823,22.822,1,9,plastic_normal,plastic,normal,0.397949,319,118,425,243,114.103
30cm,yolo11s,656,686,21.856,22.855,0,7,pet_packaging,pet,packaging,0.435791,206,2,326,235,114.34
30cm,yolo11s,656,686,21.856,22.855,1,9,plastic_normal,plastic,normal,0.443604,319,118,428,244,114.34
30cm,yolo11s,657,687,21.889,22.889,0,7,pet_packaging,pet,packaging,0.439697,207,3,326,237,115.338
30cm,yolo11s,657,687,21.889,22.889,1,9,plastic_normal,plastic,normal,0.370117,318,118,430,241,115.338
30cm,yolo11s,658,688,21.922,22.922,0,7,pet_packaging,pet,packaging,0.412109,207,3,327,228,118.203
30cm,yolo11s,658,688,21.922,22.922,1,9,plastic_normal,plastic,normal,0.413086,321,119,429,229,118.203
30cm,yolo11s,659,689,21.956,22.955,0,7,pet_packaging,pet,packaging,0.466797,207,3,327,217,114.602
30cm,yolo11s,659,689,21.956,22.955,1,9,plastic_normal,plastic,normal,0.562012,321,119,428,221,114.602
30cm,yolo11s,660,690,21.989,22.989,0,9,plastic_normal,plastic,normal,0.255371,322,118,427,187,117.905
30cm,yolo11s,661,691,22.022,23.022,0,5,pet_normal,pet,normal,0.454346,207,24,331,437,112.563
30cm,yolo11s,661,691,22.022,23.022,1,6,pet_dirty,pet,dirty,0.449463,207,7,330,434,112.563
30cm,yolo11s,661,691,22.022,23.022,2,9,plastic_normal,plastic,normal,0.421631,322,118,420,286,112.563
30cm,yolo11s,662,692,22.056,23.055,0,5,pet_normal,pet,normal,0.373047,207,26,332,437,114.657
30cm,yolo11s,662,692,22.056,23.055,1,6,pet_dirty,pet,dirty,0.403564,207,5,331,437,114.657
30cm,yolo11s,662,692,22.056,23.055,2,7,pet_packaging,pet,packaging,0.321777,322,118,430,284,114.657
30cm,yolo11s,663,693,22.089,23.089,0,6,pet_dirty,pet,dirty,0.438721,207,5,331,437,114.476
30cm,yolo11s,663,693,22.089,23.089,1,9,plastic_normal,plastic,normal,0.326904,322,118,428,291,114.476
30cm,yolo11s,664,694,22.122,23.122,0,5,pet_normal,pet,normal,0.400635,207,24,332,437,114.047
30cm,yolo11s,664,694,22.122,23.122,1,6,pet_dirty,pet,dirty,0.407227,207,4,331,437,114.047
30cm,yolo11s,664,694,22.122,23.122,2,8,pet_dirty_packaging,pet,dirty_packaging,0.284668,322,118,429,284,114.047
30cm,yolo11s,665,695,22.156,23.155,0,6,pet_dirty,pet,dirty,0.450439,207,5,331,437,118.159
30cm,yolo11s,665,695,22.156,23.155,1,8,pet_dirty_packaging,pet,dirty_packaging,0.363037,322,118,431,284,118.159
30cm,yolo11s,666,696,22.189,23.189,0,6,pet_dirty,pet,dirty,0.414795,206,5,330,438,114.111
30cm,yolo11s,667,697,22.222,23.222,0,5,pet_normal,pet,normal,0.36377,207,24,332,436,113.859
30cm,yolo11s,667,697,22.222,23.222,1,6,pet_dirty,pet,dirty,0.399902,206,4,330,436,113.859
30cm,yolo11s,668,698,22.256,23.255,0,5,pet_normal,pet,normal,0.363037,207,25,332,436,114.198
30cm,yolo11s,668,698,22.256,23.255,1,6,pet_dirty,pet,dirty,0.402588,207,4,331,436,114.198
30cm,yolo11s,669,699,22.289,23.288,0,5,pet_normal,pet,normal,0.299805,207,24,331,437,113.716
30cm,yolo11s,669,699,22.289,23.288,1,6,pet_dirty,pet,dirty,0.362061,206,4,329,437,113.716
30cm,yolo11s,669,699,22.289,23.288,2,9,plastic_normal,plastic,normal,0.34082,321,119,429,287,113.716
30cm,yolo11s,670,700,22.322,23.322,0,5,pet_normal,pet,normal,0.29834,207,29,331,437,115.271
30cm,yolo11s,670,700,22.322,23.322,1,6,pet_dirty,pet,dirty,0.352295,206,4,329,436,115.271
30cm,yolo11s,671,701,22.356,23.355,0,5,pet_normal,pet,normal,0.411133,207,4,330,437,114.752
30cm,yolo11s,671,701,22.356,23.355,1,6,pet_dirty,pet,dirty,0.361084,207,4,329,435,114.752
30cm,yolo11s,671,701,22.356,23.355,2,9,plastic_normal,plastic,normal,0.338135,321,118,429,287,114.752
30cm,yolo11s,672,702,22.389,23.388,0,4,glass_packaging,glass,packaging,0.269775,528,0,623,175,115.392
30cm,yolo11s,672,702,22.389,23.388,1,5,pet_normal,pet,normal,0.461914,207,28,331,436,115.392
30cm,yolo11s,672,702,22.389,23.388,2,6,pet_dirty,pet,dirty,0.362061,207,4,329,435,115.392
30cm,yolo11s,672,702,22.389,23.388,3,9,plastic_normal,plastic,normal,0.479492,320,118,429,286,115.392
30cm,yolo11s,673,703,22.422,23.422,0,5,pet_normal,pet,normal,0.463867,207,29,331,436,113.935
30cm,yolo11s,673,703,22.422,23.422,1,6,pet_dirty,pet,dirty,0.343262,207,4,328,435,113.935
30cm,yolo11s,673,703,22.422,23.422,2,9,plastic_normal,plastic,normal,0.388672,320,118,429,285,113.935
30cm,yolo11s,674,704,22.456,23.455,0,6,pet_dirty,pet,dirty,0.475586,207,7,330,433,114.478
30cm,yolo11s,674,704,22.456,23.455,1,9,plastic_normal,plastic,normal,0.353027,321,118,429,286,114.478
30cm,yolo11s,675,705,22.489,23.488,0,5,pet_normal,pet,normal,0.437744,207,28,331,436,115.947
30cm,yolo11s,675,705,22.489,23.488,1,6,pet_dirty,pet,dirty,0.450439,207,7,330,433,115.947
30cm,yolo11s,675,705,22.489,23.488,2,9,plastic_normal,plastic,normal,0.327637,320,118,429,286,115.947
30cm,yolo11s,676,706,22.522,23.522,0,5,pet_normal,pet,normal,0.433105,207,26,331,436,115.044
30cm,yolo11s,676,706,22.522,23.522,1,6,pet_dirty,pet,dirty,0.44165,207,7,330,434,115.044
30cm,yolo11s,676,706,22.522,23.522,2,9,plastic_normal,plastic,normal,0.351318,321,118,429,286,115.044
30cm,yolo11s,677,707,22.556,23.555,0,5,pet_normal,pet,normal,0.458008,207,25,331,436,115.601
30cm,yolo11s,677,707,22.556,23.555,1,6,pet_dirty,pet,dirty,0.455078,207,7,330,434,115.601
30cm,yolo11s,677,707,22.556,23.555,2,9,plastic_normal,plastic,normal,0.281494,321,118,429,286,115.601
30cm,yolo11s,678,708,22.589,23.588,0,5,pet_normal,pet,normal,0.464844,207,28,331,437,113.786
30cm,yolo11s,678,708,22.589,23.588,1,6,pet_dirty,pet,dirty,0.389648,207,4,329,436,113.786
30cm,yolo11s,678,708,22.589,23.588,2,9,plastic_normal,plastic,normal,0.265137,321,118,430,286,113.786
30cm,yolo11s,679,709,22.622,23.622,0,5,pet_normal,pet,normal,0.448486,207,26,331,437,113.246
30cm,yolo11s,679,709,22.622,23.622,1,6,pet_dirty,pet,dirty,0.445557,207,7,330,434,113.246
30cm,yolo11s,679,709,22.622,23.622,2,9,plastic_normal,plastic,normal,0.318359,321,118,429,286,113.246
30cm,yolo11s,680,710,22.655,23.655,0,5,pet_normal,pet,normal,0.436768,207,29,331,437,116.004
30cm,yolo11s,680,710,22.655,23.655,1,6,pet_dirty,pet,dirty,0.413086,207,7,331,434,116.004
30cm,yolo11s,680,710,22.655,23.655,2,9,plastic_normal,plastic,normal,0.413086,321,118,430,286,116.004
30cm,yolo11s,681,711,22.689,23.688,0,4,glass_packaging,glass,packaging,0.330322,528,0,639,246,113.237
30cm,yolo11s,681,711,22.689,23.688,1,5,pet_normal,pet,normal,0.46582,207,27,331,438,113.237
30cm,yolo11s,681,711,22.689,23.688,2,6,pet_dirty,pet,dirty,0.443604,207,7,330,434,113.237
30cm,yolo11s,681,711,22.689,23.688,3,9,plastic_normal,plastic,normal,0.313232,321,118,429,286,113.237
30cm,yolo11s,682,712,22.722,23.722,0,4,glass_packaging,glass,packaging,0.346924,527,1,639,210,113.72
30cm,yolo11s,682,712,22.722,23.722,1,5,pet_normal,pet,normal,0.479492,207,27,331,436,113.72
30cm,yolo11s,682,712,22.722,23.722,2,9,plastic_normal,plastic,normal,0.380371,321,118,429,286,113.72
30cm,yolo11s,682,712,22.722,23.722,3,10,plastic_dirty,plastic,dirty,0.293457,527,1,639,210,113.72
30cm,yolo11s,683,713,22.755,23.755,0,5,pet_normal,pet,normal,0.479492,207,28,331,437,115.27
30cm,yolo11s,683,713,22.755,23.755,1,9,plastic_normal,plastic,normal,0.380371,321,118,430,285,115.27
30cm,yolo11s,684,714,22.789,23.788,0,5,pet_normal,pet,normal,0.470703,207,7,330,433,113.454
30cm,yolo11s,684,714,22.789,23.788,1,6,pet_dirty,pet,dirty,0.251709,207,2,329,432,113.454
30cm,yolo11s,684,714,22.789,23.788,2,9,plastic_normal,plastic,normal,0.33374,320,118,429,288,113.454
30cm,yolo11s,685,715,22.822,23.822,0,5,pet_normal,pet,normal,0.475586,207,24,331,436,114.043
30cm,yolo11s,685,715,22.822,23.822,1,6,pet_dirty,pet,dirty,0.394287,207,4,328,436,114.043
30cm,yolo11s,685,715,22.822,23.822,2,9,plastic_normal,plastic,normal,0.304932,320,118,429,295,114.043
30cm,yolo11s,686,716,22.855,23.855,0,5,pet_normal,pet,normal,0.475586,207,7,330,433,113.808
30cm,yolo11s,686,716,22.855,23.855,1,9,plastic_normal,plastic,normal,0.332764,320,118,429,343,113.808
30cm,yolo11s,687,717,22.889,23.888,0,5,pet_normal,pet,normal,0.44751,206,5,328,436,114.081
30cm,yolo11s,687,717,22.889,23.888,1,6,pet_dirty,pet,dirty,0.350342,207,4,328,435,114.081
30cm,yolo11s,687,717,22.889,23.888,2,9,plastic_normal,plastic,normal,0.353027,321,118,430,351,114.081
30cm,yolo11s,688,718,22.922,23.921,0,5,pet_normal,pet,normal,0.46582,206,3,327,435,113.149
30cm,yolo11s,689,719,22.955,23.955,0,5,pet_normal,pet,normal,0.458008,207,3,327,436,113.498
30cm,yolo11s,690,720,22.989,23.988,0,5,pet_normal,pet,normal,0.489258,206,3,327,435,117.624
30cm,yolo11s,690,720,22.989,23.988,1,10,plastic_dirty,plastic,dirty,0.253174,569,204,639,281,117.624
30cm,yolo11s,691,721,23.022,24.021,0,5,pet_normal,pet,normal,0.462891,207,4,329,436,113.314
30cm,yolo11s,691,721,23.022,24.021,1,9,plastic_normal,plastic,normal,0.273682,321,118,427,284,113.314
30cm,yolo11s,691,721,23.022,24.021,2,10,plastic_dirty,plastic,dirty,0.301514,564,209,639,280,113.314
30cm,yolo11s,692,722,23.055,24.055,0,5,pet_normal,pet,normal,0.446533,207,4,329,434,114.932
30cm,yolo11s,692,722,23.055,24.055,1,9,plastic_normal,plastic,normal,0.309814,321,119,422,285,114.932
30cm,yolo11s,693,723,23.089,24.088,0,5,pet_normal,pet,normal,0.474609,207,4,329,436,115.408
30cm,yolo11s,693,723,23.089,24.088,1,9,plastic_normal,plastic,normal,0.334473,321,119,421,285,115.408
30cm,yolo11s,694,724,23.122,24.121,0,5,pet_normal,pet,normal,0.47168,207,3,329,435,114.312
30cm,yolo11s,694,724,23.122,24.121,1,9,plastic_normal,plastic,normal,0.309814,321,119,421,285,114.312
30cm,yolo11s,695,725,23.155,24.155,0,5,pet_normal,pet,normal,0.481445,207,3,329,436,118.948
30cm,yolo11s,695,725,23.155,24.155,1,6,pet_dirty,pet,dirty,0.370117,207,4,328,435,118.948
30cm,yolo11s,695,725,23.155,24.155,2,9,plastic_normal,plastic,normal,0.279053,321,119,421,286,118.948
30cm,yolo11s,696,726,23.189,24.188,0,5,pet_normal,pet,normal,0.479492,207,3,329,435,115.187
30cm,yolo11s,696,726,23.189,24.188,1,6,pet_dirty,pet,dirty,0.379395,207,4,328,434,115.187
30cm,yolo11s,697,727,23.222,24.221,0,5,pet_normal,pet,normal,0.464844,207,4,329,435,114.117
30cm,yolo11s,697,727,23.222,24.221,1,6,pet_dirty,pet,dirty,0.400635,207,4,329,434,114.117
30cm,yolo11s,698,728,23.255,24.255,0,5,pet_normal,pet,normal,0.44751,207,4,329,435,114.803
30cm,yolo11s,698,728,23.255,24.255,1,6,pet_dirty,pet,dirty,0.42627,207,4,328,433,114.803
30cm,yolo11s,699,729,23.288,24.288,0,5,pet_normal,pet,normal,0.46582,207,4,330,436,114.511
30cm,yolo11s,699,729,23.288,24.288,1,6,pet_dirty,pet,dirty,0.354004,207,4,329,434,114.511
30cm,yolo11s,700,730,23.322,24.321,0,5,pet_normal,pet,normal,0.470703,207,6,330,433,114.466
30cm,yolo11s,700,730,23.322,24.321,1,6,pet_dirty,pet,dirty,0.395996,207,4,329,435,114.466
30cm,yolo11s,701,731,23.355,24.355,0,5,pet_normal,pet,normal,0.482422,207,4,329,436,114.443
30cm,yolo11s,701,731,23.355,24.355,1,6,pet_dirty,pet,dirty,0.328613,207,3,328,435,114.443
30cm,yolo11s,702,732,23.388,24.388,0,5,pet_normal,pet,normal,0.47168,206,14,329,434,116.158
30cm,yolo11s,702,732,23.388,24.388,1,6,pet_dirty,pet,dirty,0.415771,207,4,329,434,116.158
30cm,yolo11s,703,733,23.422,24.421,0,5,pet_normal,pet,normal,0.47168,207,4,329,435,114.004
30cm,yolo11s,703,733,23.422,24.421,1,6,pet_dirty,pet,dirty,0.416748,207,4,328,435,114.004
30cm,yolo11s,704,734,23.455,24.455,0,5,pet_normal,pet,normal,0.456055,207,16,331,436,114.817
30cm,yolo11s,704,734,23.455,24.455,1,6,pet_dirty,pet,dirty,0.436768,207,4,329,436,114.817
30cm,yolo11s,705,735,23.488,24.488,0,5,pet_normal,pet,normal,0.454346,207,17,330,436,116.874
30cm,yolo11s,705,735,23.488,24.488,1,6,pet_dirty,pet,dirty,0.473633,207,7,330,434,116.874
30cm,yolo11s,706,736,23.522,24.521,0,5,pet_normal,pet,normal,0.461914,207,15,331,436,114.213
30cm,yolo11s,706,736,23.522,24.521,1,6,pet_dirty,pet,dirty,0.47168,207,4,330,436,114.213
30cm,yolo11s,706,736,23.522,24.521,2,9,plastic_normal,plastic,normal,0.279785,322,118,419,285,114.213
30cm,yolo11s,707,737,23.555,24.555,0,5,pet_normal,pet,normal,0.440674,206,10,330,437,116.33
30cm,yolo11s,707,737,23.555,24.555,1,6,pet_dirty,pet,dirty,0.47168,207,3,330,437,116.33
30cm,yolo11s,708,738,23.588,24.588,0,5,pet_normal,pet,normal,0.439697,206,11,330,440,115.197
30cm,yolo11s,708,738,23.588,24.588,1,6,pet_dirty,pet,dirty,0.458984,206,4,329,440,115.197
30cm,yolo11s,709,739,23.622,24.621,0,5,pet_normal,pet,normal,0.467773,206,14,329,438,113.89
30cm,yolo11s,709,739,23.622,24.621,1,6,pet_dirty,pet,dirty,0.443604,207,4,329,438,113.89
30cm,yolo11s,710,740,23.655,24.654,0,4,glass_packaging,glass,packaging,0.256836,527,0,639,261,123.168
30cm,yolo11s,710,740,23.655,24.654,1,5,pet_normal,pet,normal,0.464844,207,7,349,436,123.168
30cm,yolo11s,710,740,23.655,24.654,2,6,pet_dirty,pet,dirty,0.286133,206,3,326,444,123.168
30cm,yolo11s,711,741,23.688,24.688,0,5,pet_normal,pet,normal,0.467773,207,6,417,435,114.752
30cm,yolo11s,711,741,23.688,24.688,1,6,pet_dirty,pet,dirty,0.414062,207,3,334,436,114.752
30cm,yolo11s,712,742,23.722,24.721,0,6,pet_dirty,pet,dirty,0.457031,207,6,352,435,117.179
30cm,yolo11s,713,743,23.755,24.754,0,7,pet_packaging,pet,packaging,0.289307,204,4,325,321,114.212
30cm,yolo11s,714,744,23.788,24.788,0,7,pet_packaging,pet,packaging,0.313232,201,5,322,320,117.251
30cm,yolo11s,715,745,23.822,24.821,0,9,plastic_normal,plastic,normal,0.306641,313,118,429,286,113.513
30cm,yolo11s,716,746,23.855,24.854,0,7,pet_packaging,pet,packaging,0.270508,192,17,310,416,114.975
30cm,yolo11s,716,746,23.855,24.854,1,9,plastic_normal,plastic,normal,0.337158,307,118,429,285,114.975
30cm,yolo11s,717,747,23.888,24.888,0,9,plastic_normal,plastic,normal,0.345947,302,118,429,284,118.816
30cm,yolo11s,718,748,23.921,24.921,0,8,pet_dirty_packaging,pet,dirty_packaging,0.379395,182,21,301,328,115.44
30cm,yolo11s,718,748,23.921,24.921,1,9,plastic_normal,plastic,normal,0.512695,299,118,429,284,115.44
30cm,yolo11s,719,749,23.955,24.954,0,7,pet_packaging,pet,packaging,0.420654,180,21,298,327,113.795
30cm,yolo11s,719,749,23.955,24.954,1,8,pet_dirty_packaging,pet,dirty_packaging,0.359375,180,22,299,321,113.795
30cm,yolo11s,719,749,23.955,24.954,2,9,plastic_normal,plastic,normal,0.513672,297,118,429,284,113.795
30cm,yolo11s,720,750,23.988,24.988,0,7,pet_packaging,pet,packaging,0.411133,179,21,295,326,115.66
30cm,yolo11s,720,750,23.988,24.988,1,8,pet_dirty_packaging,pet,dirty_packaging,0.351318,179,21,296,318,115.66
30cm,yolo11s,720,750,23.988,24.988,2,9,plastic_normal,plastic,normal,0.44458,296,118,429,284,115.66
30cm,yolo11s,721,751,24.021,25.021,0,7,pet_packaging,pet,packaging,0.448486,180,21,295,325,114.618
30cm,yolo11s,721,751,24.021,25.021,1,9,plastic_normal,plastic,normal,0.519531,296,118,429,284,114.618
30cm,yolo11s,722,752,24.055,25.054,0,7,pet_packaging,pet,packaging,0.299805,181,21,296,412,114.323
30cm,yolo11s,722,752,24.055,25.054,1,8,pet_dirty_packaging,pet,dirty_packaging,0.342529,182,21,295,328,114.323
30cm,yolo11s,722,752,24.055,25.054,2,9,plastic_normal,plastic,normal,0.646973,298,118,430,284,114.323
30cm,yolo11s,723,753,24.088,25.088,0,9,plastic_normal,plastic,normal,0.608398,296,117,429,284,115.431
30cm,yolo11s,724,754,24.121,25.121,0,6,pet_dirty,pet,dirty,0.313232,177,23,293,412,114.274
30cm,yolo11s,724,754,24.121,25.121,1,9,plastic_normal,plastic,normal,0.536133,295,118,429,284,114.274
30cm,yolo11s,725,755,24.155,25.154,0,6,pet_dirty,pet,dirty,0.434082,176,25,291,411,113.991
30cm,yolo11s,725,755,24.155,25.154,1,8,pet_dirty_packaging,pet,dirty_packaging,0.293457,176,23,291,410,113.991
30cm,yolo11s,725,755,24.155,25.154,2,9,plastic_normal,plastic,normal,0.478516,295,117,429,284,113.991
30cm,yolo11s,726,756,24.188,25.188,0,6,pet_dirty,pet,dirty,0.369385,176,26,291,411,115.136
30cm,yolo11s,726,756,24.188,25.188,1,7,pet_packaging,pet,packaging,0.279053,177,25,293,409,115.136
30cm,yolo11s,726,756,24.188,25.188,2,8,pet_dirty_packaging,pet,dirty_packaging,0.304932,177,25,292,408,115.136
30cm,yolo11s,726,756,24.188,25.188,3,9,plastic_normal,plastic,normal,0.545898,295,118,429,285,115.136
30cm,yolo11s,727,757,24.221,25.221,0,5,pet_normal,pet,normal,0.267334,293,118,429,283,117.12
30cm,yolo11s,727,757,24.221,25.221,1,6,pet_dirty,pet,dirty,0.529297,178,26,291,408,117.12
30cm,yolo11s,727,757,24.221,25.221,2,9,plastic_normal,plastic,normal,0.253174,294,118,429,284,117.12
30cm,yolo11s,728,758,24.255,25.254,0,6,pet_dirty,pet,dirty,0.504883,178,26,291,408,114.783
30cm,yolo11s,728,758,24.255,25.254,1,9,plastic_normal,plastic,normal,0.282959,292,119,415,199,114.783
30cm,yolo11s,729,759,24.288,25.287,0,5,pet_normal,pet,normal,0.262207,176,25,290,408,115.228
30cm,yolo11s,729,759,24.288,25.287,1,6,pet_dirty,pet,dirty,0.385742,176,26,289,407,115.228
30cm,yolo11s,729,759,24.288,25.287,2,7,pet_packaging,pet,packaging,0.388672,176,25,289,407,115.228
30cm,yolo11s,729,759,24.288,25.287,3,8,pet_dirty_packaging,pet,dirty_packaging,0.311523,176,26,289,407,115.228
30cm,yolo11s,730,760,24.321,25.321,0,8,pet_dirty_packaging,pet,dirty_packaging,0.446533,160,26,262,238,114.992
30cm,yolo11s,731,761,24.355,25.354,,,,,,,,,,,115.276
30cm,yolo11s,732,762,24.388,25.387,,,,,,,,,,,119.176
30cm,yolo11s,733,763,24.421,25.421,0,7,pet_packaging,pet,packaging,0.289307,178,25,286,171,113.371
30cm,yolo11s,734,764,24.455,25.454,0,8,pet_dirty_packaging,pet,dirty_packaging,0.391357,142,26,284,234,118.35
30cm,yolo11s,735,765,24.488,25.487,,,,,,,,,,,115.265
30cm,yolo11s,736,766,24.521,25.521,,,,,,,,,,,113.942
30cm,yolo11s,737,767,24.555,25.554,0,8,pet_dirty_packaging,pet,dirty_packaging,0.253906,196,46,296,235,115.553
30cm,yolo11s,738,768,24.588,25.587,,,,,,,,,,,114.849
30cm,yolo11s,739,769,24.621,25.621,,,,,,,,,,,120.529
30cm,yolo11s,740,770,24.654,25.654,,,,,,,,,,,115.689
30cm,yolo11s,741,771,24.688,25.687,0,0,can_normal,can,normal,0.369385,279,295,604,415,116.004
30cm,yolo11s,741,771,24.688,25.687,1,9,plastic_normal,plastic,normal,0.500977,279,296,603,416,116.004
30cm,yolo11s,742,772,24.721,25.721,0,9,plastic_normal,plastic,normal,0.503906,279,296,601,414,114.338
30cm,yolo11s,743,773,24.754,25.754,0,9,plastic_normal,plastic,normal,0.296631,280,295,598,412,114.091
30cm,yolo11s,744,774,24.788,25.787,0,9,plastic_normal,plastic,normal,0.269775,280,295,597,410,114.795
30cm,yolo11s,745,775,24.821,25.821,,,,,,,,,,,114.759
30cm,yolo11s,746,776,24.854,25.854,,,,,,,,,,,115.082
30cm,yolo11s,747,777,24.888,25.887,,,,,,,,,,,114.414
30cm,yolo11s,748,778,24.921,25.921,,,,,,,,,,,114.301
30cm,yolo11s,749,779,24.954,25.954,,,,,,,,,,,116.922
30cm,yolo11s,750,780,24.988,25.987,,,,,,,,,,,114.853
30cm,yolo11s,751,781,25.021,26.02,,,,,,,,,,,115.727
30cm,yolo11s,752,782,25.054,26.054,0,9,plastic_normal,plastic,normal,0.440674,284,294,598,413,114.609
30cm,yolo11s,752,782,25.054,26.054,1,10,plastic_dirty,plastic,dirty,0.284668,441,0,639,129,114.609
30cm,yolo11s,753,783,25.088,26.087,0,9,plastic_normal,plastic,normal,0.485352,279,296,600,415,113.371
30cm,yolo11s,753,783,25.088,26.087,1,10,plastic_dirty,plastic,dirty,0.30249,443,0,639,129,113.371
30cm,yolo11s,754,784,25.121,26.12,0,7,pet_packaging,pet,packaging,0.250244,241,236,521,304,116.105
30cm,yolo11s,754,784,25.121,26.12,1,9,plastic_normal,plastic,normal,0.404541,280,298,605,418,116.105
30cm,yolo11s,754,784,25.121,26.12,2,10,plastic_dirty,plastic,dirty,0.324219,446,0,639,131,116.105
30cm,yolo11s,755,785,25.154,26.154,0,7,pet_packaging,pet,packaging,0.501953,248,244,523,312,114.3
30cm,yolo11s,756,786,25.188,26.187,0,7,pet_packaging,pet,packaging,0.383057,253,250,522,319,113.542
30cm,yolo11s,756,786,25.188,26.187,1,9,plastic_normal,plastic,normal,0.645996,277,300,613,423,113.542
30cm,yolo11s,757,787,25.221,26.22,0,9,plastic_normal,plastic,normal,0.325928,274,299,623,427,112.457
30cm,yolo11s,757,787,25.221,26.22,1,10,plastic_dirty,plastic,dirty,0.279053,449,0,639,127,112.457
30cm,yolo11s,758,788,25.254,26.254,0,7,pet_packaging,pet,packaging,0.496094,262,238,518,310,114.588
30cm,yolo11s,758,788,25.254,26.254,1,8,pet_dirty_packaging,pet,dirty_packaging,0.463867,262,239,518,311,114.588
30cm,yolo11s,758,788,25.254,26.254,2,10,plastic_dirty,plastic,dirty,0.259766,451,0,639,123,114.588
30cm,yolo11s,759,789,25.287,26.287,0,7,pet_packaging,pet,packaging,0.666992,265,239,513,310,114.86
30cm,yolo11s,760,790,25.321,26.32,0,7,pet_packaging,pet,packaging,0.548828,269,249,515,313,113.762
30cm,yolo11s,761,791,25.354,26.354,0,7,pet_packaging,pet,packaging,0.57959,269,251,522,310,114.425
30cm,yolo11s,762,792,25.387,26.387,0,7,pet_packaging,pet,packaging,0.544922,271,258,528,312,113.901
30cm,yolo11s,762,792,25.387,26.387,1,7,pet_packaging,pet,packaging,0.413086,271,309,636,442,113.901
30cm,yolo11s,762,792,25.387,26.387,2,10,plastic_dirty,plastic,dirty,0.256836,271,307,637,442,113.901
30cm,yolo11s,763,793,25.421,26.42,0,7,pet_packaging,pet,packaging,0.556641,272,250,529,313,115.651
30cm,yolo11s,763,793,25.421,26.42,1,7,pet_packaging,pet,packaging,0.305664,271,307,639,445,115.651
30cm,yolo11s,764,794,25.454,26.454,0,7,pet_packaging,pet,packaging,0.618652,273,240,530,313,117.756
30cm,yolo11s,764,794,25.454,26.454,1,7,pet_packaging,pet,packaging,0.475586,270,310,639,449,117.756
30cm,yolo11s,765,795,25.487,26.487,0,7,pet_packaging,pet,packaging,0.596191,271,236,530,315,112.967
30cm,yolo11s,765,795,25.487,26.487,1,10,plastic_dirty,plastic,dirty,0.250244,268,310,639,452,112.967
30cm,yolo11s,766,796,25.521,26.52,0,7,pet_packaging,pet,packaging,0.610352,270,235,533,319,114.479
30cm,yolo11s,767,797,25.554,26.554,0,7,pet_packaging,pet,packaging,0.658203,269,235,535,319,114.021
30cm,yolo11s,768,798,25.587,26.587,0,7,pet_packaging,pet,packaging,0.575684,268,238,538,319,113.602
30cm,yolo11s,769,799,25.621,26.62,0,7,pet_packaging,pet,packaging,0.615234,268,246,541,321,116.203
30cm,yolo11s,770,800,25.654,26.653,0,7,pet_packaging,pet,packaging,0.615234,264,261,540,322,114.84
30cm,yolo11s,771,801,25.687,26.687,0,7,pet_packaging,pet,packaging,0.549805,262,264,543,322,114.387
30cm,yolo11s,772,802,25.721,26.72,0,7,pet_packaging,pet,packaging,0.618652,261,267,546,324,112.876
30cm,yolo11s,773,803,25.754,26.753,0,7,pet_packaging,pet,packaging,0.563965,260,268,547,325,114.428
30cm,yolo11s,774,804,25.787,26.787,0,7,pet_packaging,pet,packaging,0.462891,258,264,546,326,114.318
30cm,yolo11s,775,805,25.821,26.82,0,7,pet_packaging,pet,packaging,0.487305,255,262,542,331,113.367
30cm,yolo11s,776,806,25.854,26.853,0,7,pet_packaging,pet,packaging,0.550781,254,261,540,328,116.128
30cm,yolo11s,777,807,25.887,26.887,0,7,pet_packaging,pet,packaging,0.583984,254,265,536,329,113.574
30cm,yolo11s,778,808,25.921,26.92,0,7,pet_packaging,pet,packaging,0.555664,254,268,534,329,114.471
30cm,yolo11s,779,809,25.954,26.953,0,7,pet_packaging,pet,packaging,0.541016,254,264,536,330,116.818
30cm,yolo11s,779,809,25.954,26.953,1,8,pet_dirty_packaging,pet,dirty_packaging,0.432129,253,265,534,330,116.818
30cm,yolo11s,780,810,25.987,26.987,0,7,pet_packaging,pet,packaging,0.490234,252,260,530,331,113.838
30cm,yolo11s,781,811,26.02,27.02,0,7,pet_packaging,pet,packaging,0.567871,251,261,525,332,112.586
30cm,yolo11s,782,812,26.054,27.053,0,7,pet_packaging,pet,packaging,0.612305,253,264,521,330,114.684
30cm,yolo11s,783,813,26.087,27.087,0,7,pet_packaging,pet,packaging,0.629883,253,265,518,329,113.958
30cm,yolo11s,784,814,26.12,27.12,0,7,pet_packaging,pet,packaging,0.581543,253,261,515,330,116.134
30cm,yolo11s,785,815,26.154,27.153,0,7,pet_packaging,pet,packaging,0.625977,254,260,511,332,114.378
30cm,yolo11s,786,816,26.187,27.187,0,7,pet_packaging,pet,packaging,0.605957,254,260,507,331,114.483
30cm,yolo11s,787,817,26.22,27.22,0,7,pet_packaging,pet,packaging,0.631836,254,262,504,332,114.593
30cm,yolo11s,788,818,26.254,27.253,0,7,pet_packaging,pet,packaging,0.607422,255,263,503,333,113.72
30cm,yolo11s,789,819,26.287,27.286,0,7,pet_packaging,pet,packaging,0.580566,254,263,502,334,113.916
30cm,yolo11s,790,820,26.32,27.32,0,7,pet_packaging,pet,packaging,0.492188,253,258,504,338,113.408
30cm,yolo11s,791,821,26.354,27.353,,,,,,,,,,,113.728
30cm,yolo11s,792,822,26.387,27.386,0,7,pet_packaging,pet,packaging,0.270508,254,214,639,331,113.147
30cm,yolo11s,793,823,26.42,27.42,0,7,pet_packaging,pet,packaging,0.542969,255,268,504,332,113.087
30cm,yolo11s,794,824,26.454,27.453,,,,,,,,,,,118.153
30cm,yolo11s,795,825,26.487,27.486,,,,,,,,,,,114.978
30cm,yolo11s,796,826,26.52,27.52,,,,,,,,,,,113.921
30cm,yolo11s,797,827,26.554,27.553,,,,,,,,,,,114.445
30cm,yolo11s,798,828,26.587,27.586,,,,,,,,,,,114.24
30cm,yolo11s,799,829,26.62,27.62,,,,,,,,,,,117.428
30cm,yolo11s,800,830,26.653,27.653,0,5,pet_normal,pet,normal,0.267334,254,207,638,331,113.332
30cm,yolo11s,801,831,26.687,27.686,,,,,,,,,,,115.649
30cm,yolo11s,802,832,26.72,27.72,,,,,,,,,,,118.07
30cm,yolo11s,803,833,26.753,27.753,,,,,,,,,,,114.512
30cm,yolo11s,804,834,26.787,27.786,0,4,glass_packaging,glass,packaging,0.552734,526,0,639,238,114.317
30cm,yolo11s,805,835,26.82,27.82,0,4,glass_packaging,glass,packaging,0.414795,526,1,639,243,114.253
30cm,yolo11s,806,836,26.853,27.853,0,4,glass_packaging,glass,packaging,0.449463,525,0,639,243,114.369
30cm,yolo11s,807,837,26.887,27.886,0,4,glass_packaging,glass,packaging,0.251709,525,0,639,245,117.88
30cm,yolo11s,808,838,26.92,27.92,,,,,,,,,,,114.208
30cm,yolo11s,809,839,26.953,27.953,,,,,,,,,,,117.386
30cm,yolo11s,810,840,26.987,27.986,,,,,,,,,,,114.077
30cm,yolo11s,811,841,27.02,28.019,,,,,,,,,,,114.604
30cm,yolo11s,812,842,27.053,28.053,,,,,,,,,,,114.267
30cm,yolo11s,813,843,27.087,28.086,,,,,,,,,,,114.017
30cm,yolo11s,814,844,27.12,28.119,0,7,pet_packaging,pet,packaging,0.272705,254,268,364,347,118.174
30cm,yolo11s,815,845,27.153,28.153,0,7,pet_packaging,pet,packaging,0.356689,254,267,367,349,113.734
30cm,yolo11s,816,846,27.187,28.186,0,7,pet_packaging,pet,packaging,0.482422,253,268,362,350,113.743
30cm,yolo11s,817,847,27.22,28.219,0,7,pet_packaging,pet,packaging,0.448486,254,269,355,349,114.819
30cm,yolo11s,818,848,27.253,28.253,0,7,pet_packaging,pet,packaging,0.421631,254,269,352,349,114.353
30cm,yolo11s,819,849,27.286,28.286,0,0,can_normal,can,normal,0.36377,336,99,461,426,114.698
30cm,yolo11s,819,849,27.286,28.286,1,7,pet_packaging,pet,packaging,0.385742,254,269,348,350,114.698
30cm,yolo11s,820,850,27.32,28.319,,,,,,,,,,,114.779
30cm,yolo11s,821,851,27.353,28.353,0,0,can_normal,can,normal,0.388672,327,99,446,429,114.315
30cm,yolo11s,821,851,27.353,28.353,1,7,pet_packaging,pet,packaging,0.253906,270,99,447,432,114.315
30cm,yolo11s,822,852,27.386,28.386,,,,,,,,,,,117.021
30cm,yolo11s,823,853,27.42,28.419,0,0,can_normal,can,normal,0.562988,261,97,431,432,113.231
30cm,yolo11s,824,854,27.453,28.453,0,0,can_normal,can,normal,0.294922,284,96,425,432,116.818
30cm,yolo11s,825,855,27.486,28.486,0,0,can_normal,can,normal,0.583984,290,97,417,433,114.872
30cm,yolo11s,826,856,27.52,28.519,0,0,can_normal,can,normal,0.646973,275,97,409,435,113.903
30cm,yolo11s,827,857,27.553,28.553,0,0,can_normal,can,normal,0.639648,288,98,402,435,113.332
30cm,yolo11s,828,858,27.586,28.586,0,0,can_normal,can,normal,0.63623,288,98,400,430,113.593
30cm,yolo11s,828,858,27.586,28.586,1,2,glass_normal,glass,normal,0.290283,371,247,639,398,113.593
30cm,yolo11s,829,859,27.62,28.619,0,0,can_normal,can,normal,0.681641,286,98,399,430,113.369
30cm,yolo11s,829,859,27.62,28.619,1,2,glass_normal,glass,normal,0.491211,371,242,639,400,113.369
30cm,yolo11s,830,860,27.653,28.652,0,0,can_normal,can,normal,0.685059,285,98,398,432,114.509
30cm,yolo11s,830,860,27.653,28.652,1,2,glass_normal,glass,normal,0.495117,365,236,639,399,114.509
30cm,yolo11s,831,861,27.686,28.686,0,0,can_normal,can,normal,0.540039,279,98,398,432,113.969
30cm,yolo11s,831,861,27.686,28.686,1,2,glass_normal,glass,normal,0.286865,356,234,639,398,113.969
30cm,yolo11s,832,862,27.72,28.719,0,0,can_normal,can,normal,0.344238,269,98,398,429,116.385
30cm,yolo11s,832,862,27.72,28.719,1,2,glass_normal,glass,normal,0.303223,347,231,639,391,116.385
30cm,yolo11s,833,863,27.753,28.752,,,,,,,,,,,115.839
30cm,yolo11s,834,864,27.786,28.786,,,,,,,,,,,113.925
30cm,yolo11s,835,865,27.82,28.819,0,0,can_normal,can,normal,0.338135,244,97,359,431,114.056
30cm,yolo11s,836,866,27.853,28.852,0,0,can_normal,can,normal,0.500977,239,96,355,432,114.165
30cm,yolo11s,836,866,27.853,28.852,1,2,glass_normal,glass,normal,0.564941,318,219,639,386,114.165
30cm,yolo11s,837,867,27.886,28.886,0,0,can_normal,can,normal,0.422607,237,96,352,434,116.782
30cm,yolo11s,838,868,27.92,28.919,0,4,glass_packaging,glass,packaging,0.349609,238,95,353,433,114.67
30cm,yolo11s,839,869,27.953,28.952,,,,,,,,,,,116.361
30cm,yolo11s,840,870,27.986,28.986,,,,,,,,,,,115.225
30cm,yolo11s,841,871,28.019,29.019,,,,,,,,,,,113.626
30cm,yolo11s,842,872,28.053,29.052,0,9,plastic_normal,plastic,normal,0.343262,335,267,540,358,113.724
30cm,yolo11s,843,873,28.086,29.086,,,,,,,,,,,113.758
30cm,yolo11s,844,874,28.119,29.119,,,,,,,,,,,114.039
30cm,yolo11s,845,875,28.153,29.152,,,,,,,,,,,119.878
30cm,yolo11s,846,876,28.186,29.186,,,,,,,,,,,113.432
30cm,yolo11s,847,877,28.219,29.219,,,,,,,,,,,118.623
30cm,yolo11s,848,878,28.253,29.252,,,,,,,,,,,115.339
30cm,yolo11s,849,879,28.286,29.286,,,,,,,,,,,114.539
30cm,yolo11s,850,880,28.319,29.319,,,,,,,,,,,114.325
30cm,yolo11s,851,881,28.353,29.352,,,,,,,,,,,115.252
30cm,yolo11s,852,882,28.386,29.385,0,0,can_normal,can,normal,0.2854,238,95,350,433,119.367
30cm,yolo11s,853,883,28.419,29.419,0,0,can_normal,can,normal,0.2854,237,95,351,433,114.645
30cm,yolo11s,854,884,28.453,29.452,,,,,,,,,,,114.722
30cm,yolo11s,855,885,28.486,29.485,0,4,glass_packaging,glass,packaging,0.296631,238,95,351,433,114.928
30cm,yolo11s,856,886,28.519,29.519,0,0,can_normal,can,normal,0.300781,238,95,352,432,114.435
30cm,yolo11s,856,886,28.519,29.519,1,4,glass_packaging,glass,packaging,0.287842,238,95,351,433,114.435
30cm,yolo11s,857,887,28.553,29.552,,,,,,,,,,,114.935
30cm,yolo11s,858,888,28.586,29.585,0,8,pet_dirty_packaging,pet,dirty_packaging,0.399902,349,72,501,369,114.772
30cm,yolo11s,859,889,28.619,29.619,0,8,pet_dirty_packaging,pet,dirty_packaging,0.448486,350,74,500,367,114.759
30cm,yolo11s,860,890,28.652,29.652,0,8,pet_dirty_packaging,pet,dirty_packaging,0.458008,349,78,496,367,113.118
30cm,yolo11s,861,891,28.686,29.685,0,7,pet_packaging,pet,packaging,0.435059,350,79,492,366,113.638
30cm,yolo11s,861,891,28.686,29.685,1,8,pet_dirty_packaging,pet,dirty_packaging,0.402588,350,79,493,367,113.638
30cm,yolo11s,862,892,28.719,29.719,0,7,pet_packaging,pet,packaging,0.459961,349,82,490,369,117.1
30cm,yolo11s,863,893,28.752,29.752,0,0,can_normal,can,normal,0.294922,238,94,350,432,113.375
30cm,yolo11s,863,893,28.752,29.752,1,8,pet_dirty_packaging,pet,dirty_packaging,0.455078,348,84,484,368,113.375
30cm,yolo11s,864,894,28.786,29.785,0,0,can_normal,can,normal,0.275879,239,94,351,432,114.427
30cm,yolo11s,864,894,28.786,29.785,1,7,pet_packaging,pet,packaging,0.419678,347,85,476,365,114.427
30cm,yolo11s,864,894,28.786,29.785,2,8,pet_dirty_packaging,pet,dirty_packaging,0.407227,347,85,476,365,114.427
30cm,yolo11s,865,895,28.819,29.819,0,0,can_normal,can,normal,0.307373,238,94,351,433,114.283
30cm,yolo11s,865,895,28.819,29.819,1,7,pet_packaging,pet,packaging,0.443604,347,84,468,368,114.283
30cm,yolo11s,866,896,28.852,29.852,0,0,can_normal,can,normal,0.29834,238,94,351,433,113.258
30cm,yolo11s,866,896,28.852,29.852,1,7,pet_packaging,pet,packaging,0.527344,347,83,455,369,113.258
30cm,yolo11s,867,897,28.886,29.885,0,7,pet_packaging,pet,packaging,0.422607,349,82,443,368,118.51
30cm,yolo11s,868,898,28.919,29.919,0,0,can_normal,can,normal,0.306641,239,93,352,433,115.49
30cm,yolo11s,868,898,28.919,29.919,1,8,pet_dirty_packaging,pet,dirty_packaging,0.473633,349,81,437,358,115.49
30cm,yolo11s,869,899,28.952,29.952,0,7,pet_packaging,pet,packaging,0.547852,346,79,454,367,114.951
30cm,yolo11s,869,899,28.952,29.952,1,8,pet_dirty_packaging,pet,dirty_packaging,0.388672,347,80,447,362,114.951
30cm,yolo11s,870,900,28.986,29.985,0,7,pet_packaging,pet,packaging,0.547852,346,80,445,367,115.956
30cm,yolo11s,871,901,29.019,30.018,0,8,pet_dirty_packaging,pet,dirty_packaging,0.39502,346,79,438,364,114.153
30cm,yolo11s,872,902,29.052,30.052,0,7,pet_packaging,pet,packaging,0.414062,342,80,433,363,114.62
30cm,yolo11s,872,902,29.052,30.052,1,8,pet_dirty_packaging,pet,dirty_packaging,0.489258,343,80,433,368,114.62
30cm,yolo11s,873,903,29.086,30.085,0,7,pet_packaging,pet,packaging,0.442627,343,81,433,365,114.74
30cm,yolo11s,873,903,29.086,30.085,1,8,pet_dirty_packaging,pet,dirty_packaging,0.389648,343,81,434,368,114.74
30cm,yolo11s,874,904,29.119,30.118,0,7,pet_packaging,pet,packaging,0.550781,344,81,429,366,114.663
30cm,yolo11s,875,905,29.152,30.152,0,7,pet_packaging,pet,packaging,0.541016,345,80,429,365,115.075
30cm,yolo11s,876,906,29.186,30.185,0,7,pet_packaging,pet,packaging,0.517578,345,80,430,366,114.541
30cm,yolo11s,877,907,29.219,30.218,0,7,pet_packaging,pet,packaging,0.533203,345,79,430,364,117.511
30cm,yolo11s,877,907,29.219,30.218,1,9,plastic_normal,plastic,normal,0.2854,426,65,639,273,117.511
30cm,yolo11s,878,908,29.252,30.252,0,7,pet_packaging,pet,packaging,0.524414,346,79,430,363,114.186
30cm,yolo11s,878,908,29.252,30.252,1,9,plastic_normal,plastic,normal,0.290283,425,68,638,276,114.186
30cm,yolo11s,879,909,29.286,30.285,0,7,pet_packaging,pet,packaging,0.509766,346,79,429,364,113.651
30cm,yolo11s,880,910,29.319,30.318,0,7,pet_packaging,pet,packaging,0.408203,347,79,428,362,114.338
30cm,yolo11s,881,911,29.352,30.352,0,7,pet_packaging,pet,packaging,0.418701,347,79,426,361,114.168
30cm,yolo11s,881,911,29.352,30.352,1,9,plastic_normal,plastic,normal,0.279053,430,73,639,294,114.168
30cm,yolo11s,882,912,29.385,30.385,0,7,pet_packaging,pet,packaging,0.422607,346,80,425,365,117.114
30cm,yolo11s,882,912,29.385,30.385,1,8,pet_dirty_packaging,pet,dirty_packaging,0.418701,346,79,424,361,117.114
30cm,yolo11s,882,912,29.385,30.385,2,9,plastic_normal,plastic,normal,0.274414,427,74,639,292,117.114
30cm,yolo11s,883,913,29.419,30.418,0,7,pet_packaging,pet,packaging,0.348633,346,79,422,360,116.307
30cm,yolo11s,883,913,29.419,30.418,1,8,pet_dirty_packaging,pet,dirty_packaging,0.398926,347,79,422,357,116.307
30cm,yolo11s,884,914,29.452,30.452,0,7,pet_packaging,pet,packaging,0.305664,345,79,422,358,114.35
30cm,yolo11s,884,914,29.452,30.452,1,8,pet_dirty_packaging,pet,dirty_packaging,0.488281,346,79,420,351,114.35
30cm,yolo11s,885,915,29.485,30.485,0,8,pet_dirty_packaging,pet,dirty_packaging,0.500977,346,79,416,350,114.982
30cm,yolo11s,885,915,29.485,30.485,1,9,plastic_normal,plastic,normal,0.259033,430,76,638,299,114.982
30cm,yolo11s,886,916,29.519,30.518,0,8,pet_dirty_packaging,pet,dirty_packaging,0.546875,344,77,413,360,114.923
30cm,yolo11s,887,917,29.552,30.552,0,8,pet_dirty_packaging,pet,dirty_packaging,0.555664,344,77,412,360,115.091
30cm,yolo11s,887,917,29.552,30.552,1,9,plastic_normal,plastic,normal,0.467773,430,80,638,265,115.091
30cm,yolo11s,888,918,29.585,30.585,0,7,pet_packaging,pet,packaging,0.424316,345,78,411,367,114.741
30cm,yolo11s,888,918,29.585,30.585,1,8,pet_dirty_packaging,pet,dirty_packaging,0.39502,345,78,411,363,114.741
30cm,yolo11s,889,919,29.619,30.618,0,7,pet_packaging,pet,packaging,0.274414,343,77,409,368,114.719
30cm,yolo11s,889,919,29.619,30.618,1,8,pet_dirty_packaging,pet,dirty_packaging,0.491211,344,77,409,362,114.719
30cm,yolo11s,889,919,29.619,30.618,2,9,plastic_normal,plastic,normal,0.487305,428,81,637,277,114.719
30cm,yolo11s,890,920,29.652,30.651,0,7,pet_packaging,pet,packaging,0.379395,343,77,409,360,114.653
30cm,yolo11s,890,920,29.652,30.651,1,8,pet_dirty_packaging,pet,dirty_packaging,0.456055,344,78,409,357,114.653
30cm,yolo11s,890,920,29.652,30.651,2,9,plastic_normal,plastic,normal,0.258301,430,81,639,280,114.653
30cm,yolo11s,891,921,29.685,30.685,0,7,pet_packaging,pet,packaging,0.360352,343,79,409,360,115.044
30cm,yolo11s,891,921,29.685,30.685,1,8,pet_dirty_packaging,pet,dirty_packaging,0.538086,344,78,408,353,115.044
30cm,yolo11s,891,921,29.685,30.685,2,9,plastic_normal,plastic,normal,0.467773,428,80,638,291,115.044
30cm,yolo11s,892,922,29.719,30.718,0,7,pet_packaging,pet,packaging,0.345215,343,82,407,360,118.523
30cm,yolo11s,892,922,29.719,30.718,1,8,pet_dirty_packaging,pet,dirty_packaging,0.488281,344,81,407,360,118.523
30cm,yolo11s,892,922,29.719,30.718,2,9,plastic_normal,plastic,normal,0.26123,428,81,639,297,118.523
30cm,yolo11s,893,923,29.752,30.751,0,7,pet_packaging,pet,packaging,0.399902,344,82,407,360,114.96
30cm,yolo11s,893,923,29.752,30.751,1,8,pet_dirty_packaging,pet,dirty_packaging,0.435791,345,82,408,361,114.96
30cm,yolo11s,893,923,29.752,30.751,2,9,plastic_normal,plastic,normal,0.251709,428,81,638,287,114.96
30cm,yolo11s,894,924,29.785,30.785,0,7,pet_packaging,pet,packaging,0.44458,344,83,407,359,114.545
30cm,yolo11s,895,925,29.819,30.818,0,7,pet_packaging,pet,packaging,0.384033,344,83,406,359,114.217
30cm,yolo11s,895,925,29.819,30.818,1,8,pet_dirty_packaging,pet,dirty_packaging,0.44751,344,83,405,260,114.217
30cm,yolo11s,896,926,29.852,30.851,0,7,pet_packaging,pet,packaging,0.336426,343,83,406,361,114.954
30cm,yolo11s,896,926,29.852,30.851,1,8,pet_dirty_packaging,pet,dirty_packaging,0.560059,345,83,405,259,114.954
30cm,yolo11s,896,926,29.852,30.851,2,9,plastic_normal,plastic,normal,0.353027,439,81,637,265,114.954
30cm,yolo11s,897,927,29.885,30.885,0,8,pet_dirty_packaging,pet,dirty_packaging,0.62793,344,83,403,259,117.962
30cm,yolo11s,898,928,29.919,30.918,0,8,pet_dirty_packaging,pet,dirty_packaging,0.489258,339,83,399,260,115.084
30cm,yolo11s,899,929,29.952,30.951,0,7,pet_packaging,pet,packaging,0.286865,337,84,400,261,117.825
30cm,yolo11s,899,929,29.952,30.951,1,9,plastic_normal,plastic,normal,0.271973,428,81,639,256,117.825
30cm,yolo12n,0,30,0.0,1.0,0,0,can_normal,can,normal,0.539062,311,146,388,361,100.437
30cm,yolo12n,0,30,0.0,1.0,1,4,glass_packaging,glass,packaging,0.576172,529,0,633,256,100.437
30cm,yolo12n,0,30,0.0,1.0,2,5,pet_normal,pet,normal,0.269043,401,92,489,358,100.437
30cm,yolo12n,0,30,0.0,1.0,3,7,pet_packaging,pet,packaging,0.441895,403,92,489,358,100.437
30cm,yolo12n,0,30,0.0,1.0,4,9,plastic_normal,plastic,normal,0.38623,137,131,259,266,100.437
30cm,yolo12n,1,31,0.033,1.033,0,0,can_normal,can,normal,0.533203,311,146,388,361,100.452
30cm,yolo12n,1,31,0.033,1.033,1,4,glass_packaging,glass,packaging,0.473633,528,0,632,256,100.452
30cm,yolo12n,1,31,0.033,1.033,2,5,pet_normal,pet,normal,0.256348,401,92,488,359,100.452
30cm,yolo12n,1,31,0.033,1.033,3,7,pet_packaging,pet,packaging,0.416504,403,91,489,358,100.452
30cm,yolo12n,1,31,0.033,1.033,4,9,plastic_normal,plastic,normal,0.398682,137,131,259,266,100.452
30cm,yolo12n,2,32,0.067,1.066,0,0,can_normal,can,normal,0.52002,311,146,388,361,100.088
30cm,yolo12n,2,32,0.067,1.066,1,4,glass_packaging,glass,packaging,0.329834,528,0,633,257,100.088
30cm,yolo12n,2,32,0.067,1.066,2,5,pet_normal,pet,normal,0.25415,400,92,488,358,100.088
30cm,yolo12n,2,32,0.067,1.066,3,7,pet_packaging,pet,packaging,0.390625,403,91,489,357,100.088
30cm,yolo12n,2,32,0.067,1.066,4,9,plastic_normal,plastic,normal,0.383301,137,131,259,267,100.088
30cm,yolo12n,3,33,0.1,1.099,0,0,can_normal,can,normal,0.530762,310,146,388,361,100.9
30cm,yolo12n,3,33,0.1,1.099,1,4,glass_packaging,glass,packaging,0.335938,528,0,633,257,100.9
30cm,yolo12n,3,33,0.1,1.099,2,7,pet_packaging,pet,packaging,0.370361,402,92,489,358,100.9
30cm,yolo12n,3,33,0.1,1.099,3,9,plastic_normal,plastic,normal,0.354248,137,131,259,267,100.9
30cm,yolo12n,4,34,0.133,1.133,0,0,can_normal,can,normal,0.521973,311,146,389,361,105.474
30cm,yolo12n,4,34,0.133,1.133,1,4,glass_packaging,glass,packaging,0.276367,528,0,632,258,105.474
30cm,yolo12n,4,34,0.133,1.133,2,7,pet_packaging,pet,packaging,0.352539,403,92,489,358,105.474
30cm,yolo12n,4,34,0.133,1.133,3,9,plastic_normal,plastic,normal,0.34082,137,131,259,267,105.474
30cm,yolo12n,5,35,0.167,1.166,0,0,can_normal,can,normal,0.536621,310,146,388,361,100.837
30cm,yolo12n,5,35,0.167,1.166,1,4,glass_packaging,glass,packaging,0.346436,528,0,633,259,100.837
30cm,yolo12n,5,35,0.167,1.166,2,7,pet_packaging,pet,packaging,0.396484,403,92,489,358,100.837
30cm,yolo12n,5,35,0.167,1.166,3,9,plastic_normal,plastic,normal,0.328613,137,131,260,270,100.837
30cm,yolo12n,6,36,0.2,1.199,0,0,can_normal,can,normal,0.529785,311,146,388,360,102.248
30cm,yolo12n,6,36,0.2,1.199,1,4,glass_packaging,glass,packaging,0.306152,528,0,632,259,102.248
30cm,yolo12n,6,36,0.2,1.199,2,5,pet_normal,pet,normal,0.257324,401,91,489,357,102.248
30cm,yolo12n,6,36,0.2,1.199,3,7,pet_packaging,pet,packaging,0.376221,403,91,489,357,102.248
30cm,yolo12n,6,36,0.2,1.199,4,9,plastic_normal,plastic,normal,0.3479,137,131,259,268,102.248
30cm,yolo12n,7,37,0.233,1.233,0,0,can_normal,can,normal,0.551758,311,146,388,361,101.091
30cm,yolo12n,7,37,0.233,1.233,1,4,glass_packaging,glass,packaging,0.256348,528,0,634,261,101.091
30cm,yolo12n,7,37,0.233,1.233,2,5,pet_normal,pet,normal,0.287109,401,91,489,357,101.091
30cm,yolo12n,7,37,0.233,1.233,3,7,pet_packaging,pet,packaging,0.385986,403,91,489,357,101.091
30cm,yolo12n,7,37,0.233,1.233,4,9,plastic_normal,plastic,normal,0.328857,137,131,259,268,101.091
30cm,yolo12n,8,38,0.267,1.266,0,0,can_normal,can,normal,0.53125,311,146,389,361,101.233
30cm,yolo12n,8,38,0.267,1.266,1,7,pet_packaging,pet,packaging,0.363525,402,91,489,357,101.233
30cm,yolo12n,8,38,0.267,1.266,2,9,plastic_normal,plastic,normal,0.293213,137,131,259,269,101.233
30cm,yolo12n,9,39,0.3,1.299,0,0,can_normal,can,normal,0.530762,311,146,389,361,100.644
30cm,yolo12n,9,39,0.3,1.299,1,4,glass_packaging,glass,packaging,0.25293,528,0,634,266,100.644
30cm,yolo12n,9,39,0.3,1.299,2,7,pet_packaging,pet,packaging,0.327637,401,91,489,357,100.644
30cm,yolo12n,9,39,0.3,1.299,3,9,plastic_normal,plastic,normal,0.378174,137,131,259,267,100.644
30cm,yolo12n,10,40,0.333,1.333,0,0,can_normal,can,normal,0.545898,311,146,388,361,103.752
30cm,yolo12n,10,40,0.333,1.333,1,7,pet_packaging,pet,packaging,0.335693,402,91,488,358,103.752
30cm,yolo12n,10,40,0.333,1.333,2,9,plastic_normal,plastic,normal,0.414307,137,131,259,268,103.752
30cm,yolo12n,11,41,0.366,1.366,0,0,can_normal,can,normal,0.53125,311,146,388,361,102.909
30cm,yolo12n,11,41,0.366,1.366,1,7,pet_packaging,pet,packaging,0.359131,403,92,489,359,102.909
30cm,yolo12n,11,41,0.366,1.366,2,9,plastic_normal,plastic,normal,0.361328,137,131,259,266,102.909
30cm,yolo12n,12,42,0.4,1.399,0,0,can_normal,can,normal,0.552734,311,146,389,361,101.92
30cm,yolo12n,12,42,0.4,1.399,1,7,pet_packaging,pet,packaging,0.324951,403,92,489,359,101.92
30cm,yolo12n,12,42,0.4,1.399,2,9,plastic_normal,plastic,normal,0.343262,137,131,259,266,101.92
30cm,yolo12n,13,43,0.433,1.433,0,0,can_normal,can,normal,0.555176,311,146,388,361,102.363
30cm,yolo12n,13,43,0.433,1.433,1,4,glass_packaging,glass,packaging,0.724121,528,0,630,235,102.363
30cm,yolo12n,13,43,0.433,1.433,2,7,pet_packaging,pet,packaging,0.359863,403,92,489,359,102.363
30cm,yolo12n,13,43,0.433,1.433,3,9,plastic_normal,plastic,normal,0.311279,137,131,259,267,102.363
30cm,yolo12n,14,44,0.466,1.466,0,0,can_normal,can,normal,0.557617,311,146,388,361,101.192
30cm,yolo12n,14,44,0.466,1.466,1,4,glass_packaging,glass,packaging,0.708984,529,1,624,204,101.192
30cm,yolo12n,14,44,0.466,1.466,2,7,pet_packaging,pet,packaging,0.36792,402,91,488,358,101.192
30cm,yolo12n,14,44,0.466,1.466,3,9,plastic_normal,plastic,normal,0.329346,137,131,259,266,101.192
30cm,yolo12n,15,45,0.5,1.499,0,0,can_normal,can,normal,0.552734,311,146,388,361,100.643
30cm,yolo12n,15,45,0.5,1.499,1,4,glass_packaging,glass,packaging,0.709473,529,2,624,201,100.643
30cm,yolo12n,15,45,0.5,1.499,2,7,pet_packaging,pet,packaging,0.348145,402,91,489,358,100.643
30cm,yolo12n,15,45,0.5,1.499,3,9,plastic_normal,plastic,normal,0.331055,137,131,260,266,100.643
30cm,yolo12n,16,46,0.533,1.533,0,0,can_normal,can,normal,0.558105,311,146,389,361,101.009
30cm,yolo12n,16,46,0.533,1.533,1,4,glass_packaging,glass,packaging,0.712891,528,1,623,202,101.009
30cm,yolo12n,16,46,0.533,1.533,2,7,pet_packaging,pet,packaging,0.292236,403,92,489,359,101.009
30cm,yolo12n,16,46,0.533,1.533,3,9,plastic_normal,plastic,normal,0.375732,137,131,259,268,101.009
30cm,yolo12n,17,47,0.566,1.566,0,0,can_normal,can,normal,0.567383,311,146,389,361,101.888
30cm,yolo12n,17,47,0.566,1.566,1,4,glass_packaging,glass,packaging,0.733398,528,2,623,201,101.888
30cm,yolo12n,17,47,0.566,1.566,2,7,pet_packaging,pet,packaging,0.365723,402,92,488,359,101.888
30cm,yolo12n,17,47,0.566,1.566,3,9,plastic_normal,plastic,normal,0.335693,137,131,259,269,101.888
30cm,yolo12n,18,48,0.6,1.599,0,0,can_normal,can,normal,0.575195,311,146,389,361,105.913
30cm,yolo12n,18,48,0.6,1.599,1,4,glass_packaging,glass,packaging,0.67041,528,1,623,197,105.913
30cm,yolo12n,18,48,0.6,1.599,2,7,pet_packaging,pet,packaging,0.359131,402,91,489,358,105.913
30cm,yolo12n,18,48,0.6,1.599,3,9,plastic_normal,plastic,normal,0.321045,137,131,259,267,105.913
30cm,yolo12n,19,49,0.633,1.633,0,0,can_normal,can,normal,0.583496,311,146,389,360,101.542
30cm,yolo12n,19,49,0.633,1.633,1,4,glass_packaging,glass,packaging,0.694336,528,0,623,191,101.542
30cm,yolo12n,19,49,0.633,1.633,2,7,pet_packaging,pet,packaging,0.365723,402,92,489,358,101.542
30cm,yolo12n,19,49,0.633,1.633,3,9,plastic_normal,plastic,normal,0.383057,137,131,259,267,101.542
30cm,yolo12n,20,50,0.666,1.666,0,0,can_normal,can,normal,0.560059,311,146,389,360,101.124
30cm,yolo12n,20,50,0.666,1.666,1,4,glass_packaging,glass,packaging,0.712402,528,0,623,188,101.124
30cm,yolo12n,20,50,0.666,1.666,2,7,pet_packaging,pet,packaging,0.364014,400,91,489,357,101.124
30cm,yolo12n,20,50,0.666,1.666,3,9,plastic_normal,plastic,normal,0.372559,136,131,258,268,101.124
30cm,yolo12n,21,51,0.7,1.699,0,0,can_normal,can,normal,0.556641,310,146,388,361,100.202
30cm,yolo12n,21,51,0.7,1.699,1,4,glass_packaging,glass,packaging,0.67041,527,0,622,186,100.202
30cm,yolo12n,21,51,0.7,1.699,2,7,pet_packaging,pet,packaging,0.424316,402,92,489,358,100.202
30cm,yolo12n,21,51,0.7,1.699,3,9,plastic_normal,plastic,normal,0.359375,137,132,259,268,100.202
30cm,yolo12n,22,52,0.733,1.732,0,0,can_normal,can,normal,0.540527,310,146,388,361,100.585
30cm,yolo12n,22,52,0.733,1.732,1,4,glass_packaging,glass,packaging,0.686523,528,0,622,185,100.585
30cm,yolo12n,22,52,0.733,1.732,2,7,pet_packaging,pet,packaging,0.427246,402,91,490,357,100.585
30cm,yolo12n,22,52,0.733,1.732,3,9,plastic_normal,plastic,normal,0.355957,137,132,259,268,100.585
30cm,yolo12n,23,53,0.766,1.766,0,0,can_normal,can,normal,0.566406,310,146,388,361,101.323
30cm,yolo12n,23,53,0.766,1.766,1,4,glass_packaging,glass,packaging,0.689453,528,0,622,186,101.323
30cm,yolo12n,23,53,0.766,1.766,2,7,pet_packaging,pet,packaging,0.466064,403,92,490,359,101.323
30cm,yolo12n,23,53,0.766,1.766,3,9,plastic_normal,plastic,normal,0.386963,136,132,258,268,101.323
30cm,yolo12n,24,54,0.8,1.799,0,0,can_normal,can,normal,0.559082,311,146,389,361,101.429
30cm,yolo12n,24,54,0.8,1.799,1,4,glass_packaging,glass,packaging,0.51709,528,0,622,181,101.429
30cm,yolo12n,24,54,0.8,1.799,2,7,pet_packaging,pet,packaging,0.54541,403,92,490,359,101.429
30cm,yolo12n,24,54,0.8,1.799,3,9,plastic_normal,plastic,normal,0.383789,136,131,258,267,101.429
30cm,yolo12n,25,55,0.833,1.832,0,0,can_normal,can,normal,0.55957,310,146,388,361,101.263
30cm,yolo12n,25,55,0.833,1.832,1,4,glass_packaging,glass,packaging,0.412354,528,0,615,155,101.263
30cm,yolo12n,25,55,0.833,1.832,2,7,pet_packaging,pet,packaging,0.290283,401,91,490,359,101.263
30cm,yolo12n,25,55,0.833,1.832,3,9,plastic_normal,plastic,normal,0.40332,137,131,259,266,101.263
30cm,yolo12n,26,56,0.866,1.866,0,0,can_normal,can,normal,0.540039,311,146,389,361,103.771
30cm,yolo12n,26,56,0.866,1.866,1,7,pet_packaging,pet,packaging,0.385986,402,92,490,359,103.771
30cm,yolo12n,26,56,0.866,1.866,2,9,plastic_normal,plastic,normal,0.360596,137,132,260,268,103.771
30cm,yolo12n,27,57,0.9,1.899,0,0,can_normal,can,normal,0.551758,310,146,388,361,100.838
30cm,yolo12n,27,57,0.9,1.899,1,4,glass_packaging,glass,packaging,0.44165,527,0,619,162,100.838
30cm,yolo12n,27,57,0.9,1.899,2,9,plastic_normal,plastic,normal,0.326416,136,132,259,270,100.838
30cm,yolo12n,28,58,0.933,1.932,0,0,can_normal,can,normal,0.510742,311,148,387,363,100.474
30cm,yolo12n,28,58,0.933,1.932,1,4,glass_packaging,glass,packaging,0.515137,528,0,623,182,100.474
30cm,yolo12n,28,58,0.933,1.932,2,9,plastic_normal,plastic,normal,0.329834,137,131,259,268,100.474
30cm,yolo12n,29,59,0.966,1.966,0,0,can_normal,can,normal,0.628906,310,147,385,362,104.739
30cm,yolo12n,29,59,0.966,1.966,1,4,glass_packaging,glass,packaging,0.653809,528,1,622,205,104.739
30cm,yolo12n,29,59,0.966,1.966,2,9,plastic_normal,plastic,normal,0.32666,137,132,259,270,104.739
30cm,yolo12n,30,60,1.0,1.999,0,0,can_normal,can,normal,0.469482,310,146,388,361,107.437
30cm,yolo12n,30,60,1.0,1.999,1,4,glass_packaging,glass,packaging,0.631836,529,1,629,218,107.437
30cm,yolo12n,30,60,1.0,1.999,2,9,plastic_normal,plastic,normal,0.508789,137,131,259,270,107.437
30cm,yolo12n,30,60,1.0,1.999,3,9,plastic_normal,plastic,normal,0.2771,403,91,488,207,107.437
30cm,yolo12n,31,61,1.033,2.032,0,0,can_normal,can,normal,0.332764,309,147,385,362,101.642
30cm,yolo12n,31,61,1.033,2.032,1,4,glass_packaging,glass,packaging,0.728516,527,0,636,224,101.642
30cm,yolo12n,31,61,1.033,2.032,2,7,pet_packaging,pet,packaging,0.41748,397,93,487,219,101.642
30cm,yolo12n,31,61,1.033,2.032,3,9,plastic_normal,plastic,normal,0.425537,137,131,259,269,101.642
30cm,yolo12n,32,62,1.066,2.066,0,4,glass_packaging,glass,packaging,0.768066,528,0,638,229,103.59
30cm,yolo12n,32,62,1.066,2.066,1,9,plastic_normal,plastic,normal,0.345215,137,131,259,269,103.59
30cm,yolo12n,33,63,1.099,2.099,0,4,glass_packaging,glass,packaging,0.79248,528,0,638,234,100.821
30cm,yolo12n,33,63,1.099,2.099,1,7,pet_packaging,pet,packaging,0.416748,386,100,478,229,100.821
30cm,yolo12n,33,63,1.099,2.099,2,9,plastic_normal,plastic,normal,0.280518,137,131,259,271,100.821
30cm,yolo12n,34,64,1.133,2.132,0,4,glass_packaging,glass,packaging,0.830566,527,0,638,244,103.869
30cm,yolo12n,34,64,1.133,2.132,1,7,pet_packaging,pet,packaging,0.463135,386,101,474,235,103.869
30cm,yolo12n,34,64,1.133,2.132,2,9,plastic_normal,plastic,normal,0.265381,137,131,259,268,103.869
30cm,yolo12n,35,65,1.166,2.166,0,4,glass_packaging,glass,packaging,0.854492,528,0,637,247,101.099
30cm,yolo12n,35,65,1.166,2.166,1,7,pet_packaging,pet,packaging,0.453125,385,102,469,237,101.099
30cm,yolo12n,35,65,1.166,2.166,2,9,plastic_normal,plastic,normal,0.309082,137,131,259,270,101.099
30cm,yolo12n,36,66,1.199,2.199,0,4,glass_packaging,glass,packaging,0.814941,528,0,638,248,102.05
30cm,yolo12n,36,66,1.199,2.199,1,7,pet_packaging,pet,packaging,0.404541,383,102,463,244,102.05
30cm,yolo12n,36,66,1.199,2.199,2,9,plastic_normal,plastic,normal,0.300537,137,131,259,273,102.05
30cm,yolo12n,37,67,1.233,2.232,0,4,glass_packaging,glass,packaging,0.783203,528,0,638,245,100.824
30cm,yolo12n,37,67,1.233,2.232,1,9,plastic_normal,plastic,normal,0.38623,137,131,259,271,100.824
30cm,yolo12n,38,68,1.266,2.266,0,4,glass_packaging,glass,packaging,0.708984,527,0,637,234,102.526
30cm,yolo12n,38,68,1.266,2.266,1,9,plastic_normal,plastic,normal,0.4104,137,131,259,269,102.526
30cm,yolo12n,39,69,1.299,2.299,0,4,glass_packaging,glass,packaging,0.709961,528,0,635,234,101.476
30cm,yolo12n,39,69,1.299,2.299,1,9,plastic_normal,plastic,normal,0.398193,137,131,259,269,101.476
30cm,yolo12n,40,70,1.333,2.332,0,4,glass_packaging,glass,packaging,0.722168,528,0,636,245,101.063
30cm,yolo12n,40,70,1.333,2.332,1,7,pet_packaging,pet,packaging,0.396484,382,106,457,245,101.063
30cm,yolo12n,40,70,1.333,2.332,2,9,plastic_normal,plastic,normal,0.373535,137,131,259,270,101.063
30cm,yolo12n,41,71,1.366,2.365,0,4,glass_packaging,glass,packaging,0.706055,527,0,635,252,101.032
30cm,yolo12n,41,71,1.366,2.365,1,7,pet_packaging,pet,packaging,0.377686,383,104,459,248,101.032
30cm,yolo12n,41,71,1.366,2.365,2,9,plastic_normal,plastic,normal,0.369629,137,131,259,267,101.032
30cm,yolo12n,42,72,1.399,2.399,0,4,glass_packaging,glass,packaging,0.702148,528,0,635,250,103.565
30cm,yolo12n,42,72,1.399,2.399,1,9,plastic_normal,plastic,normal,0.33667,137,131,259,270,103.565
30cm,yolo12n,43,73,1.433,2.432,0,4,glass_packaging,glass,packaging,0.64502,527,0,633,245,100.988
30cm,yolo12n,43,73,1.433,2.432,1,9,plastic_normal,plastic,normal,0.334473,137,131,259,271,100.988
30cm,yolo12n,44,74,1.466,2.465,0,4,glass_packaging,glass,packaging,0.778809,528,0,634,243,100.234
30cm,yolo12n,44,74,1.466,2.465,1,9,plastic_normal,plastic,normal,0.334717,137,131,259,268,100.234
30cm,yolo12n,45,75,1.499,2.499,0,4,glass_packaging,glass,packaging,0.779785,527,0,637,247,105.155
30cm,yolo12n,45,75,1.499,2.499,1,9,plastic_normal,plastic,normal,0.377686,137,131,259,270,105.155
30cm,yolo12n,46,76,1.533,2.532,0,4,glass_packaging,glass,packaging,0.755859,527,0,638,262,100.675
30cm,yolo12n,46,76,1.533,2.532,1,9,plastic_normal,plastic,normal,0.313232,137,131,258,270,100.675
30cm,yolo12n,47,77,1.566,2.565,0,4,glass_packaging,glass,packaging,0.78418,527,0,638,275,101.488
30cm,yolo12n,47,77,1.566,2.565,1,9,plastic_normal,plastic,normal,0.330566,137,131,259,269,101.488
30cm,yolo12n,48,78,1.599,2.599,0,4,glass_packaging,glass,packaging,0.789551,527,0,638,271,101.858
30cm,yolo12n,48,78,1.599,2.599,1,9,plastic_normal,plastic,normal,0.324951,137,131,258,267,101.858
30cm,yolo12n,49,79,1.633,2.632,0,2,glass_normal,glass,normal,0.259033,136,132,259,269,101.483
30cm,yolo12n,49,79,1.633,2.632,1,4,glass_packaging,glass,packaging,0.786621,527,0,638,260,101.483
30cm,yolo12n,49,79,1.633,2.632,2,9,plastic_normal,plastic,normal,0.255615,137,131,259,268,101.483
30cm,yolo12n,50,80,1.666,2.665,0,4,glass_packaging,glass,packaging,0.569336,528,1,623,206,104.708
30cm,yolo12n,50,80,1.666,2.665,1,9,plastic_normal,plastic,normal,0.330322,137,131,259,269,104.708
30cm,yolo12n,51,81,1.699,2.699,0,9,plastic_normal,plastic,normal,0.409668,138,131,259,270,100.761
30cm,yolo12n,52,82,1.732,2.732,0,9,plastic_normal,plastic,normal,0.391846,138,131,259,268,100.314
30cm,yolo12n,53,83,1.766,2.765,0,2,glass_normal,glass,normal,0.273682,335,88,639,341,104.292
30cm,yolo12n,53,83,1.766,2.765,1,5,pet_normal,pet,normal,0.428467,337,85,639,343,104.292
30cm,yolo12n,53,83,1.766,2.765,2,9,plastic_normal,plastic,normal,0.311279,137,131,259,271,104.292
30cm,yolo12n,54,84,1.799,2.799,,,,,,,,,,,102.272
30cm,yolo12n,55,85,1.832,2.832,0,9,plastic_normal,plastic,normal,0.312988,137,131,259,271,101.464
30cm,yolo12n,56,86,1.866,2.865,0,4,glass_packaging,glass,packaging,0.554688,528,0,639,237,101.416
30cm,yolo12n,56,86,1.866,2.865,1,9,plastic_normal,plastic,normal,0.393066,137,131,259,270,101.416
30cm,yolo12n,57,87,1.899,2.899,0,4,glass_packaging,glass,packaging,0.588867,529,0,637,230,100.984
30cm,yolo12n,57,87,1.899,2.899,1,9,plastic_normal,plastic,normal,0.493408,137,131,259,268,100.984
30cm,yolo12n,58,88,1.932,2.932,0,4,glass_packaging,glass,packaging,0.686035,529,1,636,229,104.345
30cm,yolo12n,58,88,1.932,2.932,1,9,plastic_normal,plastic,normal,0.410889,137,131,259,269,104.345
30cm,yolo12n,59,89,1.966,2.965,0,4,glass_packaging,glass,packaging,0.665527,529,1,637,226,100.779
30cm,yolo12n,59,89,1.966,2.965,1,9,plastic_normal,plastic,normal,0.302002,137,131,260,271,100.779
30cm,yolo12n,60,90,1.999,2.999,0,4,glass_packaging,glass,packaging,0.566406,527,0,637,241,100.421
30cm,yolo12n,60,90,1.999,2.999,1,9,plastic_normal,plastic,normal,0.327148,137,131,259,276,100.421
30cm,yolo12n,61,91,2.032,3.032,0,4,glass_packaging,glass,packaging,0.61084,529,1,635,222,104.264
30cm,yolo12n,61,91,2.032,3.032,1,9,plastic_normal,plastic,normal,0.321533,137,131,259,271,104.264
30cm,yolo12n,62,92,2.066,3.065,0,4,glass_packaging,glass,packaging,0.661621,529,1,630,222,100.401
30cm,yolo12n,62,92,2.066,3.065,1,9,plastic_normal,plastic,normal,0.388916,137,131,259,274,100.401
30cm,yolo12n,63,93,2.099,3.098,0,4,glass_packaging,glass,packaging,0.635254,528,0,627,219,100.547
30cm,yolo12n,63,93,2.099,3.098,1,9,plastic_normal,plastic,normal,0.407959,137,131,259,272,100.547
30cm,yolo12n,64,94,2.132,3.132,0,4,glass_packaging,glass,packaging,0.526855,528,0,626,209,101.311
30cm,yolo12n,64,94,2.132,3.132,1,9,plastic_normal,plastic,normal,0.331787,137,132,259,273,101.311
30cm,yolo12n,65,95,2.166,3.165,0,4,glass_packaging,glass,packaging,0.577637,528,1,624,207,102.517
30cm,yolo12n,65,95,2.166,3.165,1,9,plastic_normal,plastic,normal,0.272461,137,132,259,273,102.517
30cm,yolo12n,66,96,2.199,3.198,0,4,glass_packaging,glass,packaging,0.609863,528,0,624,204,103.812
30cm,yolo12n,66,96,2.199,3.198,1,9,plastic_normal,plastic,normal,0.351318,137,131,259,272,103.812
30cm,yolo12n,67,97,2.232,3.232,0,4,glass_packaging,glass,packaging,0.551758,528,0,624,203,100.951
30cm,yolo12n,68,98,2.266,3.265,0,4,glass_packaging,glass,packaging,0.572754,528,1,623,202,101.696
30cm,yolo12n,69,99,2.299,3.298,0,4,glass_packaging,glass,packaging,0.619629,528,1,623,202,104.611
30cm,yolo12n,70,100,2.332,3.332,0,4,glass_packaging,glass,packaging,0.595215,529,1,624,202,100.793
30cm,yolo12n,71,101,2.365,3.365,0,4,glass_packaging,glass,packaging,0.591309,528,1,622,201,100.388
30cm,yolo12n,71,101,2.365,3.365,1,9,plastic_normal,plastic,normal,0.357422,138,133,258,273,100.388
30cm,yolo12n,72,102,2.399,3.398,0,4,glass_packaging,glass,packaging,0.559082,528,0,622,199,101.93
30cm,yolo12n,72,102,2.399,3.398,1,9,plastic_normal,plastic,normal,0.372559,138,133,257,273,101.93
30cm,yolo12n,73,103,2.432,3.432,0,4,glass_packaging,glass,packaging,0.600098,528,0,623,195,100.501
30cm,yolo12n,73,103,2.432,3.432,1,9,plastic_normal,plastic,normal,0.368408,138,133,258,273,100.501
30cm,yolo12n,74,104,2.465,3.465,0,4,glass_packaging,glass,packaging,0.666504,528,0,623,194,101.515
30cm,yolo12n,74,104,2.465,3.465,1,5,pet_normal,pet,normal,0.420898,148,270,468,366,101.515
30cm,yolo12n,74,104,2.465,3.465,2,9,plastic_normal,plastic,normal,0.393799,138,133,258,273,101.515
30cm,yolo12n,75,105,2.499,3.498,0,4,glass_packaging,glass,packaging,0.681641,528,0,625,190,101.514
30cm,yolo12n,75,105,2.499,3.498,1,5,pet_normal,pet,normal,0.304932,151,270,469,368,101.514
30cm,yolo12n,75,105,2.499,3.498,2,9,plastic_normal,plastic,normal,0.42334,138,133,258,274,101.514
30cm,yolo12n,76,106,2.532,3.532,0,4,glass_packaging,glass,packaging,0.663086,528,0,622,185,100.76
30cm,yolo12n,76,106,2.532,3.532,1,5,pet_normal,pet,normal,0.277588,148,270,468,368,100.76
30cm,yolo12n,76,106,2.532,3.532,2,9,plastic_normal,plastic,normal,0.38501,138,133,258,274,100.76
30cm,yolo12n,77,107,2.565,3.565,0,4,glass_packaging,glass,packaging,0.610352,527,0,624,180,104.392
30cm,yolo12n,77,107,2.565,3.565,1,9,plastic_normal,plastic,normal,0.356934,138,133,258,273,104.392
30cm,yolo12n,78,108,2.599,3.598,0,4,glass_packaging,glass,packaging,0.479004,528,0,626,176,101.161
30cm,yolo12n,78,108,2.599,3.598,1,9,plastic_normal,plastic,normal,0.372559,138,134,258,274,101.161
30cm,yolo12n,79,109,2.632,3.632,0,4,glass_packaging,glass,packaging,0.474609,527,0,620,163,101.162
30cm,yolo12n,79,109,2.632,3.632,1,5,pet_normal,pet,normal,0.272705,149,270,468,368,101.162
30cm,yolo12n,79,109,2.632,3.632,2,9,plastic_normal,plastic,normal,0.383057,138,133,258,273,101.162
30cm,yolo12n,80,110,2.665,3.665,0,4,glass_packaging,glass,packaging,0.491455,527,0,619,162,100.9
30cm,yolo12n,80,110,2.665,3.665,1,5,pet_normal,pet,normal,0.309814,150,270,469,367,100.9
30cm,yolo12n,80,110,2.665,3.665,2,9,plastic_normal,plastic,normal,0.407471,139,134,259,274,100.9
30cm,yolo12n,81,111,2.699,3.698,0,4,glass_packaging,glass,packaging,0.416016,527,0,619,162,100.805
30cm,yolo12n,81,111,2.699,3.698,1,5,pet_normal,pet,normal,0.261963,150,270,469,367,100.805
30cm,yolo12n,81,111,2.699,3.698,2,9,plastic_normal,plastic,normal,0.413818,138,133,258,273,100.805
30cm,yolo12n,82,112,2.732,3.731,0,4,glass_packaging,glass,packaging,0.271484,527,0,619,163,102.01
30cm,yolo12n,82,112,2.732,3.731,1,9,plastic_normal,plastic,normal,0.443604,138,133,258,273,102.01
30cm,yolo12n,83,113,2.765,3.765,0,4,glass_packaging,glass,packaging,0.26123,527,0,621,162,101.336
30cm,yolo12n,83,113,2.765,3.765,1,5,pet_normal,pet,normal,0.286621,150,270,468,366,101.336
30cm,yolo12n,83,113,2.765,3.765,2,9,plastic_normal,plastic,normal,0.396729,139,134,259,274,101.336
30cm,yolo12n,84,114,2.799,3.798,0,2,glass_normal,glass,normal,0.388428,151,270,468,366,101.136
30cm,yolo12n,84,114,2.799,3.798,1,9,plastic_normal,plastic,normal,0.400879,138,134,258,274,101.136
30cm,yolo12n,85,115,2.832,3.831,0,2,glass_normal,glass,normal,0.344727,151,270,468,366,100.758
30cm,yolo12n,85,115,2.832,3.831,1,4,glass_packaging,glass,packaging,0.289062,527,0,617,155,100.758
30cm,yolo12n,85,115,2.832,3.831,2,5,pet_normal,pet,normal,0.28833,153,271,468,366,100.758
30cm,yolo12n,85,115,2.832,3.831,3,9,plastic_normal,plastic,normal,0.406494,138,134,258,274,100.758
30cm,yolo12n,86,116,2.865,3.865,0,2,glass_normal,glass,normal,0.350586,152,271,469,367,101.374
30cm,yolo12n,86,116,2.865,3.865,1,5,pet_normal,pet,normal,0.319824,152,270,468,366,101.374
30cm,yolo12n,86,116,2.865,3.865,2,9,plastic_normal,plastic,normal,0.423828,138,134,258,274,101.374
30cm,yolo12n,87,117,2.899,3.898,0,2,glass_normal,glass,normal,0.328125,152,270,468,365,101.773
30cm,yolo12n,87,117,2.899,3.898,1,5,pet_normal,pet,normal,0.281982,154,271,469,366,101.773
30cm,yolo12n,87,117,2.899,3.898,2,9,plastic_normal,plastic,normal,0.420166,138,134,258,274,101.773
30cm,yolo12n,88,118,2.932,3.931,0,2,glass_normal,glass,normal,0.330322,152,270,468,366,100.95
30cm,yolo12n,88,118,2.932,3.931,1,5,pet_normal,pet,normal,0.294189,154,271,468,367,100.95
30cm,yolo12n,88,118,2.932,3.931,2,9,plastic_normal,plastic,normal,0.448486,138,134,257,273,100.95
30cm,yolo12n,89,119,2.965,3.965,0,2,glass_normal,glass,normal,0.278809,153,271,468,367,101.277
30cm,yolo12n,89,119,2.965,3.965,1,5,pet_normal,pet,normal,0.368164,155,271,469,367,101.277
30cm,yolo12n,89,119,2.965,3.965,2,9,plastic_normal,plastic,normal,0.505859,138,134,258,273,101.277
30cm,yolo12n,90,120,2.999,3.998,0,5,pet_normal,pet,normal,0.368896,154,270,468,365,101.754
30cm,yolo12n,90,120,2.999,3.998,1,9,plastic_normal,plastic,normal,0.439453,138,134,257,273,101.754
30cm,yolo12n,91,121,3.032,4.031,0,2,glass_normal,glass,normal,0.442627,153,270,469,365,104.464
30cm,yolo12n,91,121,3.032,4.031,1,9,plastic_normal,plastic,normal,0.419434,138,134,257,273,104.464
30cm,yolo12n,92,122,3.065,4.065,0,2,glass_normal,glass,normal,0.566406,153,271,469,367,102.395
30cm,yolo12n,92,122,3.065,4.065,1,9,plastic_normal,plastic,normal,0.573242,138,133,258,273,102.395
30cm,yolo12n,93,123,3.098,4.098,0,2,glass_normal,glass,normal,0.730469,150,270,468,365,101.957
30cm,yolo12n,93,123,3.098,4.098,1,9,plastic_normal,plastic,normal,0.577148,138,133,250,273,101.957
30cm,yolo12n,94,124,3.132,4.131,0,2,glass_normal,glass,normal,0.725586,152,270,468,366,101.45
30cm,yolo12n,94,124,3.132,4.131,1,9,plastic_normal,plastic,normal,0.569824,138,136,249,274,101.45
30cm,yolo12n,95,125,3.165,4.165,0,2,glass_normal,glass,normal,0.751465,150,270,468,367,101.9
30cm,yolo12n,95,125,3.165,4.165,1,9,plastic_normal,plastic,normal,0.416992,138,135,249,274,101.9
30cm,yolo12n,96,126,3.198,4.198,0,2,glass_normal,glass,normal,0.634277,150,270,469,365,101.721
30cm,yolo12n,96,126,3.198,4.198,1,9,plastic_normal,plastic,normal,0.328125,132,136,245,275,101.721
30cm,yolo12n,97,127,3.232,4.231,0,2,glass_normal,glass,normal,0.554199,152,270,468,366,100.589
30cm,yolo12n,97,127,3.232,4.231,1,9,plastic_normal,plastic,normal,0.453857,130,135,244,273,100.589
30cm,yolo12n,98,128,3.265,4.265,0,2,glass_normal,glass,normal,0.412109,152,270,450,364,100.55
30cm,yolo12n,98,128,3.265,4.265,1,9,plastic_normal,plastic,normal,0.419434,132,135,247,274,100.55
30cm,yolo12n,99,129,3.298,4.298,0,2,glass_normal,glass,normal,0.330078,156,271,425,365,104.721
30cm,yolo12n,99,129,3.298,4.298,1,9,plastic_normal,plastic,normal,0.307373,134,130,249,275,104.721
30cm,yolo12n,100,130,3.332,4.331,0,9,plastic_normal,plastic,normal,0.402832,136,129,248,274,101.504
30cm,yolo12n,101,131,3.365,4.365,0,9,plastic_normal,plastic,normal,0.483643,137,131,248,276,101.632
30cm,yolo12n,101,131,3.365,4.365,1,9,plastic_normal,plastic,normal,0.298096,149,273,375,368,101.632
30cm,yolo12n,102,132,3.398,4.398,0,9,plastic_normal,plastic,normal,0.44165,138,131,251,276,101.502
30cm,yolo12n,103,133,3.432,4.431,,,,,,,,,,,101.923
30cm,yolo12n,104,134,3.465,4.464,0,2,glass_normal,glass,normal,0.266846,148,273,332,365,101.523
30cm,yolo12n,105,135,3.498,4.498,,,,,,,,,,,108.734
30cm,yolo12n,106,136,3.532,4.531,0,9,plastic_normal,plastic,normal,0.31543,158,274,307,368,101.171
30cm,yolo12n,107,137,3.565,4.564,,,,,,,,,,,104.233
30cm,yolo12n,108,138,3.598,4.598,,,,,,,,,,,101.287
30cm,yolo12n,109,139,3.632,4.631,,,,,,,,,,,100.335
30cm,yolo12n,110,140,3.665,4.664,,,,,,,,,,,100.997
30cm,yolo12n,111,141,3.698,4.698,,,,,,,,,,,101.71
30cm,yolo12n,112,142,3.731,4.731,,,,,,,,,,,102.447
30cm,yolo12n,113,143,3.765,4.764,0,7,pet_packaging,pet,packaging,0.256592,264,288,338,327,100.757
30cm,yolo12n,114,144,3.798,4.798,,,,,,,,,,,101.517
30cm,yolo12n,115,145,3.831,4.831,0,7,pet_packaging,pet,packaging,0.252197,160,290,335,377,104.274
30cm,yolo12n,116,146,3.865,4.864,,,,,,,,,,,101.691
30cm,yolo12n,117,147,3.898,4.898,,,,,,,,,,,102.535
30cm,yolo12n,118,148,3.931,4.931,,,,,,,,,,,101.296
30cm,yolo12n,119,149,3.965,4.964,0,4,glass_packaging,glass,packaging,0.251709,525,0,618,154,102.652
30cm,yolo12n,120,150,3.998,4.998,,,,,,,,,,,101.557
30cm,yolo12n,121,151,4.031,5.031,0,4,glass_packaging,glass,packaging,0.250244,527,0,618,157,101.768
30cm,yolo12n,122,152,4.065,5.064,0,4,glass_packaging,glass,packaging,0.275879,527,0,618,157,101.563
30cm,yolo12n,123,153,4.098,5.097,,,,,,,,,,,103.918
30cm,yolo12n,124,154,4.131,5.131,0,4,glass_packaging,glass,packaging,0.256104,527,0,618,159,100.71
30cm,yolo12n,125,155,4.165,5.164,0,9,plastic_normal,plastic,normal,0.46582,385,269,521,373,100.68
30cm,yolo12n,126,156,4.198,5.197,,,,,,,,,,,105.895
30cm,yolo12n,127,157,4.231,5.231,,,,,,,,,,,101.073
30cm,yolo12n,128,158,4.265,5.264,,,,,,,,,,,101.526
30cm,yolo12n,129,159,4.298,5.297,,,,,,,,,,,101.518
30cm,yolo12n,130,160,4.331,5.331,,,,,,,,,,,101.383
30cm,yolo12n,131,161,4.365,5.364,0,10,plastic_dirty,plastic,dirty,0.265381,503,198,639,284,104.48
30cm,yolo12n,132,162,4.398,5.397,0,10,plastic_dirty,plastic,dirty,0.347412,506,193,639,257,101.291
30cm,yolo12n,133,163,4.431,5.431,0,10,plastic_dirty,plastic,dirty,0.260498,507,189,639,253,102.345
30cm,yolo12n,134,164,4.464,5.464,,,,,,,,,,,104.868
30cm,yolo12n,135,165,4.498,5.497,,,,,,,,,,,101.788
30cm,yolo12n,136,166,4.531,5.531,,,,,,,,,,,101.711
30cm,yolo12n,137,167,4.564,5.564,,,,,,,,,,,101.046
30cm,yolo12n,138,168,4.598,5.597,,,,,,,,,,,101.649
30cm,yolo12n,139,169,4.631,5.631,0,0,can_normal,can,normal,0.339111,277,91,398,442,101.211
30cm,yolo12n,140,170,4.664,5.664,0,0,can_normal,can,normal,0.397461,277,91,399,442,100.385
30cm,yolo12n,141,171,4.698,5.697,0,0,can_normal,can,normal,0.454346,277,91,399,442,101.358
30cm,yolo12n,142,172,4.731,5.73,0,0,can_normal,can,normal,0.414795,277,91,398,442,104.323
30cm,yolo12n,143,173,4.764,5.764,0,0,can_normal,can,normal,0.38916,277,90,398,442,101.092
30cm,yolo12n,144,174,4.798,5.797,0,0,can_normal,can,normal,0.480713,277,91,398,442,100.721
30cm,yolo12n,145,175,4.831,5.83,0,0,can_normal,can,normal,0.480713,277,91,399,442,100.841
30cm,yolo12n,146,176,4.864,5.864,0,0,can_normal,can,normal,0.521484,277,91,398,442,101.539
30cm,yolo12n,146,176,4.864,5.864,1,4,glass_packaging,glass,packaging,0.280273,529,0,639,277,101.539
30cm,yolo12n,147,177,4.898,5.897,0,0,can_normal,can,normal,0.577148,277,91,399,442,100.889
30cm,yolo12n,148,178,4.931,5.93,0,0,can_normal,can,normal,0.543457,276,91,398,441,104.062
30cm,yolo12n,149,179,4.964,5.964,0,0,can_normal,can,normal,0.588379,276,91,398,441,100.837
30cm,yolo12n,149,179,4.964,5.964,1,4,glass_packaging,glass,packaging,0.320312,529,0,610,169,100.837
30cm,yolo12n,150,180,4.998,5.997,0,0,can_normal,can,normal,0.4729,276,91,398,441,101.182
30cm,yolo12n,150,180,4.998,5.997,1,4,glass_packaging,glass,packaging,0.369873,529,0,608,184,101.182
30cm,yolo12n,151,181,5.031,6.03,0,0,can_normal,can,normal,0.491699,277,91,399,441,101.149
30cm,yolo12n,151,181,5.031,6.03,1,4,glass_packaging,glass,packaging,0.310547,529,0,611,197,101.149
30cm,yolo12n,152,182,5.064,6.064,0,0,can_normal,can,normal,0.550293,276,91,398,441,101.381
30cm,yolo12n,152,182,5.064,6.064,1,4,glass_packaging,glass,packaging,0.311523,529,0,614,196,101.381
30cm,yolo12n,153,183,5.097,6.097,0,0,can_normal,can,normal,0.48999,277,91,399,442,101.763
30cm,yolo12n,154,184,5.131,6.13,0,0,can_normal,can,normal,0.537598,276,91,398,442,100.986
30cm,yolo12n,155,185,5.164,6.164,0,0,can_normal,can,normal,0.515137,276,91,398,442,100.738
30cm,yolo12n,156,186,5.197,6.197,0,0,can_normal,can,normal,0.483398,277,91,398,442,103.538
30cm,yolo12n,156,186,5.197,6.197,1,4,glass_packaging,glass,packaging,0.416748,529,0,635,262,103.538
30cm,yolo12n,157,187,5.231,6.23,0,0,can_normal,can,normal,0.581543,276,91,398,442,101.136
30cm,yolo12n,157,187,5.231,6.23,1,4,glass_packaging,glass,packaging,0.345947,528,0,633,261,101.136
30cm,yolo12n,158,188,5.264,6.264,0,0,can_normal,can,normal,0.572754,277,91,399,442,100.723
30cm,yolo12n,158,188,5.264,6.264,1,4,glass_packaging,glass,packaging,0.379395,529,1,632,264,100.723
30cm,yolo12n,159,189,5.297,6.297,0,0,can_normal,can,normal,0.637695,276,91,398,442,107.998
30cm,yolo12n,159,189,5.297,6.297,1,4,glass_packaging,glass,packaging,0.398438,529,0,635,263,107.998
30cm,yolo12n,160,190,5.331,6.33,0,0,can_normal,can,normal,0.598145,277,91,399,442,101.457
30cm,yolo12n,160,190,5.331,6.33,1,4,glass_packaging,glass,packaging,0.556152,529,0,633,266,101.457
30cm,yolo12n,161,191,5.364,6.364,0,0,can_normal,can,normal,0.57666,276,91,398,442,101.157
30cm,yolo12n,162,192,5.397,6.397,0,0,can_normal,can,normal,0.536621,277,91,399,442,100.954
30cm,yolo12n,163,193,5.431,6.43,0,0,can_normal,can,normal,0.519043,277,91,399,442,100.552
30cm,yolo12n,163,193,5.431,6.43,1,4,glass_packaging,glass,packaging,0.257324,529,0,634,261,100.552
30cm,yolo12n,164,194,5.464,6.463,0,0,can_normal,can,normal,0.563965,276,91,398,442,103.751
30cm,yolo12n,164,194,5.464,6.463,1,4,glass_packaging,glass,packaging,0.306641,529,0,635,262,103.751
30cm,yolo12n,165,195,5.497,6.497,0,0,can_normal,can,normal,0.506836,277,91,399,442,101.047
30cm,yolo12n,165,195,5.497,6.497,1,4,glass_packaging,glass,packaging,0.278809,529,0,635,262,101.047
30cm,yolo12n,166,196,5.531,6.53,0,0,can_normal,can,normal,0.497314,277,91,399,442,101.207
30cm,yolo12n,167,197,5.564,6.563,0,0,can_normal,can,normal,0.529785,276,91,398,442,104.947
30cm,yolo12n,167,197,5.564,6.563,1,4,glass_packaging,glass,packaging,0.282471,529,0,634,261,104.947
30cm,yolo12n,168,198,5.597,6.597,0,0,can_normal,can,normal,0.482178,277,91,399,443,100.895
30cm,yolo12n,168,198,5.597,6.597,1,4,glass_packaging,glass,packaging,0.256348,529,0,634,262,100.895
30cm,yolo12n,169,199,5.631,6.63,0,0,can_normal,can,normal,0.469727,276,91,398,442,100.122
30cm,yolo12n,169,199,5.631,6.63,1,4,glass_packaging,glass,packaging,0.280029,528,0,633,262,100.122
30cm,yolo12n,170,200,5.664,6.663,0,0,can_normal,can,normal,0.473389,277,91,399,442,101.045
30cm,yolo12n,171,201,5.697,6.697,0,0,can_normal,can,normal,0.501465,277,91,399,442,102.615
30cm,yolo12n,171,201,5.697,6.697,1,4,glass_packaging,glass,packaging,0.361572,529,0,634,261,102.615
30cm,yolo12n,172,202,5.73,6.73,0,0,can_normal,can,normal,0.516602,277,91,399,443,100.975
30cm,yolo12n,173,203,5.764,6.763,0,0,can_normal,can,normal,0.462158,277,90,399,442,101.842
30cm,yolo12n,174,204,5.797,6.797,0,0,can_normal,can,normal,0.440186,277,90,399,442,101.808
30cm,yolo12n,175,205,5.83,6.83,0,0,can_normal,can,normal,0.460938,276,91,398,442,104.149
30cm,yolo12n,175,205,5.83,6.83,1,4,glass_packaging,glass,packaging,0.431152,528,0,619,171,104.149
30cm,yolo12n,176,206,5.864,6.863,0,0,can_normal,can,normal,0.47583,277,91,399,442,101.84
30cm,yolo12n,176,206,5.864,6.863,1,4,glass_packaging,glass,packaging,0.616211,529,0,622,186,101.84
30cm,yolo12n,177,207,5.897,6.897,0,0,can_normal,can,normal,0.421387,277,91,398,443,101.934
30cm,yolo12n,177,207,5.897,6.897,1,4,glass_packaging,glass,packaging,0.565918,529,0,622,198,101.934
30cm,yolo12n,178,208,5.93,6.93,0,0,can_normal,can,normal,0.556152,276,90,397,442,101.051
30cm,yolo12n,178,208,5.93,6.93,1,4,glass_packaging,glass,packaging,0.530273,529,1,622,214,101.051
30cm,yolo12n,179,209,5.964,6.963,0,0,can_normal,can,normal,0.468506,277,90,398,442,108.923
30cm,yolo12n,179,209,5.964,6.963,1,4,glass_packaging,glass,packaging,0.458984,528,0,629,223,108.923
30cm,yolo12n,180,210,5.997,6.997,0,0,can_normal,can,normal,0.318604,274,90,397,442,106.237
30cm,yolo12n,180,210,5.997,6.997,1,4,glass_packaging,glass,packaging,0.575195,528,0,630,224,106.237
30cm,yolo12n,181,211,6.03,7.03,0,4,glass_packaging,glass,packaging,0.575684,528,0,629,221,101.235
30cm,yolo12n,182,212,6.064,7.063,0,4,glass_packaging,glass,packaging,0.63916,530,1,627,220,100.743
30cm,yolo12n,183,213,6.097,7.096,0,4,glass_packaging,glass,packaging,0.559082,528,0,633,221,104.683
30cm,yolo12n,184,214,6.13,7.13,0,0,can_normal,can,normal,0.276123,274,91,397,442,101.459
30cm,yolo12n,184,214,6.13,7.13,1,4,glass_packaging,glass,packaging,0.584473,528,0,637,224,101.459
30cm,yolo12n,184,214,6.13,7.13,2,4,glass_packaging,glass,packaging,0.296875,273,90,396,441,101.459
30cm,yolo12n,185,215,6.164,7.163,0,0,can_normal,can,normal,0.503418,274,91,397,442,100.88
30cm,yolo12n,185,215,6.164,7.163,1,4,glass_packaging,glass,packaging,0.610352,528,0,635,224,100.88
30cm,yolo12n,186,216,6.197,7.196,0,0,can_normal,can,normal,0.54541,276,91,397,442,101.854
30cm,yolo12n,186,216,6.197,7.196,1,2,glass_normal,glass,normal,0.392822,385,202,637,326,101.854
30cm,yolo12n,186,216,6.197,7.196,2,4,glass_packaging,glass,packaging,0.621094,529,0,622,208,101.854
30cm,yolo12n,187,217,6.23,7.23,0,0,can_normal,can,normal,0.583984,276,91,397,441,101.453
30cm,yolo12n,187,217,6.23,7.23,1,4,glass_packaging,glass,packaging,0.45166,528,0,623,190,101.453
30cm,yolo12n,188,218,6.264,7.263,0,0,can_normal,can,normal,0.519043,276,92,398,442,101.81
30cm,yolo12n,188,218,6.264,7.263,1,4,glass_packaging,glass,packaging,0.429443,528,0,618,172,101.81
30cm,yolo12n,188,218,6.264,7.263,2,4,glass_packaging,glass,packaging,0.288574,276,91,398,441,101.81
30cm,yolo12n,189,219,6.297,7.296,0,0,can_normal,can,normal,0.51123,276,92,398,442,101.248
30cm,yolo12n,189,219,6.297,7.296,1,4,glass_packaging,glass,packaging,0.617676,528,0,621,186,101.248
30cm,yolo12n,190,220,6.33,7.33,0,0,can_normal,can,normal,0.555176,276,91,398,441,101.892
30cm,yolo12n,190,220,6.33,7.33,1,2,glass_normal,glass,normal,0.3479,468,176,639,314,101.892
30cm,yolo12n,190,220,6.33,7.33,2,4,glass_packaging,glass,packaging,0.602539,528,0,622,198,101.892
30cm,yolo12n,191,221,6.364,7.363,0,0,can_normal,can,normal,0.538086,276,91,399,441,105.958
30cm,yolo12n,191,221,6.364,7.363,1,4,glass_packaging,glass,packaging,0.484619,528,0,623,214,105.958
30cm,yolo12n,192,222,6.397,7.396,0,0,can_normal,can,normal,0.585449,276,91,399,441,101.892
30cm,yolo12n,193,223,6.43,7.43,0,0,can_normal,can,normal,0.665527,276,92,399,441,100.764
30cm,yolo12n,194,224,6.463,7.463,0,0,can_normal,can,normal,0.633301,276,91,399,440,102.359
30cm,yolo12n,195,225,6.497,7.496,0,0,can_normal,can,normal,0.679199,276,92,399,441,101.191
30cm,yolo12n,195,225,6.497,7.496,1,4,glass_packaging,glass,packaging,0.301025,529,1,637,262,101.191
30cm,yolo12n,196,226,6.53,7.53,0,0,can_normal,can,normal,0.665527,276,91,399,441,100.813
30cm,yolo12n,197,227,6.563,7.563,0,0,can_normal,can,normal,0.6875,276,91,399,441,107.525
30cm,yolo12n,198,228,6.597,7.596,0,0,can_normal,can,normal,0.689941,276,91,399,441,109.642
30cm,yolo12n,199,229,6.63,7.63,0,0,can_normal,can,normal,0.663574,276,91,398,441,105.29
30cm,yolo12n,200,230,6.663,7.663,0,0,can_normal,can,normal,0.680176,276,91,399,441,99.897
30cm,yolo12n,201,231,6.697,7.696,0,0,can_normal,can,normal,0.663574,276,91,399,441,102.067
30cm,yolo12n,202,232,6.73,7.73,0,0,can_normal,can,normal,0.683594,276,91,399,441,101.425
30cm,yolo12n,202,232,6.73,7.73,1,4,glass_packaging,glass,packaging,0.321045,529,0,637,266,101.425
30cm,yolo12n,203,233,6.763,7.763,0,0,can_normal,can,normal,0.687988,276,91,399,441,100.661
30cm,yolo12n,203,233,6.763,7.763,1,4,glass_packaging,glass,packaging,0.263184,529,0,637,263,100.661
30cm,yolo12n,204,234,6.797,7.796,0,0,can_normal,can,normal,0.641602,276,91,399,440,101.657
30cm,yolo12n,205,235,6.83,7.829,0,0,can_normal,can,normal,0.655273,276,91,399,441,103.568
30cm,yolo12n,206,236,6.863,7.863,0,0,can_normal,can,normal,0.650391,276,91,399,440,104.946
30cm,yolo12n,207,237,6.897,7.896,0,0,can_normal,can,normal,0.595703,276,91,399,440,100.995
30cm,yolo12n,208,238,6.93,7.929,0,0,can_normal,can,normal,0.65625,276,91,399,441,105.462
30cm,yolo12n,209,239,6.963,7.963,0,0,can_normal,can,normal,0.660156,276,91,399,441,101.135
30cm,yolo12n,210,240,6.997,7.996,0,0,can_normal,can,normal,0.581543,276,91,399,441,100.346
30cm,yolo12n,210,240,6.997,7.996,1,4,glass_packaging,glass,packaging,0.409424,529,2,635,268,100.346
30cm,yolo12n,211,241,7.03,8.029,0,0,can_normal,can,normal,0.619141,276,91,399,441,100.897
30cm,yolo12n,212,242,7.063,8.063,0,0,can_normal,can,normal,0.587402,276,92,399,441,101.1
30cm,yolo12n,213,243,7.096,8.096,0,0,can_normal,can,normal,0.660156,276,91,398,441,103.657
30cm,yolo12n,214,244,7.13,8.129,0,0,can_normal,can,normal,0.666504,276,91,398,441,100.623
30cm,yolo12n,215,245,7.163,8.163,0,0,can_normal,can,normal,0.60791,276,91,398,441,102.773
30cm,yolo12n,215,245,7.163,8.163,1,2,glass_normal,glass,normal,0.250244,528,0,639,189,102.773
30cm,yolo12n,216,246,7.196,8.196,0,0,can_normal,can,normal,0.595215,276,90,398,441,104.913
30cm,yolo12n,217,247,7.23,8.229,0,0,can_normal,can,normal,0.568359,276,91,398,442,101.156
30cm,yolo12n,217,247,7.23,8.229,1,2,glass_normal,glass,normal,0.275879,452,0,638,324,101.156
30cm,yolo12n,218,248,7.263,8.263,0,0,can_normal,can,normal,0.603516,277,92,397,442,101.898
30cm,yolo12n,218,248,7.263,8.263,1,4,glass_packaging,glass,packaging,0.32959,531,0,622,205,101.898
30cm,yolo12n,219,249,7.296,8.296,0,0,can_normal,can,normal,0.458008,277,91,395,441,102.155
30cm,yolo12n,219,249,7.296,8.296,1,4,glass_packaging,glass,packaging,0.562012,528,0,632,211,102.155
30cm,yolo12n,220,250,7.33,8.329,0,0,can_normal,can,normal,0.36084,277,91,392,443,101.795
30cm,yolo12n,220,250,7.33,8.329,1,4,glass_packaging,glass,packaging,0.500977,529,1,625,206,101.795
30cm,yolo12n,221,251,7.363,8.363,0,0,can_normal,can,normal,0.393066,277,90,391,442,101.184
30cm,yolo12n,221,251,7.363,8.363,1,2,glass_normal,glass,normal,0.406982,386,48,466,212,101.184
30cm,yolo12n,221,251,7.363,8.363,2,4,glass_packaging,glass,packaging,0.486328,529,0,622,203,101.184
30cm,yolo12n,222,252,7.396,8.396,0,0,can_normal,can,normal,0.395996,276,89,391,441,100.612
30cm,yolo12n,222,252,7.396,8.396,1,4,glass_packaging,glass,packaging,0.581543,529,0,630,216,100.612
30cm,yolo12n,223,253,7.43,8.429,0,0,can_normal,can,normal,0.333008,277,89,401,442,101.4
30cm,yolo12n,223,253,7.43,8.429,1,4,glass_packaging,glass,packaging,0.579102,529,0,633,216,101.4
30cm,yolo12n,223,253,7.43,8.429,2,4,glass_packaging,glass,packaging,0.269775,276,89,400,442,101.4
30cm,yolo12n,224,254,7.463,8.462,0,0,can_normal,can,normal,0.512695,277,88,397,441,103.817
30cm,yolo12n,224,254,7.463,8.462,1,4,glass_packaging,glass,packaging,0.588379,529,0,632,217,103.817
30cm,yolo12n,225,255,7.496,8.496,0,0,can_normal,can,normal,0.381348,274,79,396,442,101.541
30cm,yolo12n,225,255,7.496,8.496,1,4,glass_packaging,glass,packaging,0.507324,529,0,633,219,101.541
30cm,yolo12n,226,256,7.53,8.529,0,4,glass_packaging,glass,packaging,0.44873,529,0,633,221,101.276
30cm,yolo12n,226,256,7.53,8.529,1,4,glass_packaging,glass,packaging,0.343018,268,76,396,442,101.276
30cm,yolo12n,226,256,7.53,8.529,2,10,plastic_dirty,plastic,dirty,0.408447,146,73,396,443,101.276
30cm,yolo12n,227,257,7.563,8.562,0,4,glass_packaging,glass,packaging,0.539062,529,0,631,220,100.77
30cm,yolo12n,227,257,7.563,8.562,1,4,glass_packaging,glass,packaging,0.361084,267,75,397,442,100.77
30cm,yolo12n,227,257,7.563,8.562,2,10,plastic_dirty,plastic,dirty,0.318604,84,73,398,443,100.77
30cm,yolo12n,228,258,7.596,8.596,0,4,glass_packaging,glass,packaging,0.516602,529,0,630,219,101.181
30cm,yolo12n,228,258,7.596,8.596,1,4,glass_packaging,glass,packaging,0.28833,263,74,398,442,101.181
30cm,yolo12n,228,258,7.596,8.596,2,10,plastic_dirty,plastic,dirty,0.634766,151,71,397,442,101.181
30cm,yolo12n,229,259,7.63,8.629,0,4,glass_packaging,glass,packaging,0.395752,529,0,632,220,101.092
30cm,yolo12n,229,259,7.63,8.629,1,10,plastic_dirty,plastic,dirty,0.61084,208,72,397,443,101.092
30cm,yolo12n,230,260,7.663,8.662,0,4,glass_packaging,glass,packaging,0.448975,529,0,632,219,100.971
30cm,yolo12n,230,260,7.663,8.662,1,10,plastic_dirty,plastic,dirty,0.617676,213,75,396,443,100.971
30cm,yolo12n,231,261,7.696,8.696,0,4,glass_packaging,glass,packaging,0.500488,528,0,629,218,100.871
30cm,yolo12n,231,261,7.696,8.696,1,10,plastic_dirty,plastic,dirty,0.490479,174,77,397,443,100.871
30cm,yolo12n,232,262,7.73,8.729,0,4,glass_packaging,glass,packaging,0.439697,529,0,636,216,104.335
30cm,yolo12n,232,262,7.73,8.729,1,10,plastic_dirty,plastic,dirty,0.395996,156,76,396,443,104.335
30cm,yolo12n,233,263,7.763,8.762,0,0,can_normal,can,normal,0.27002,264,79,395,442,100.994
30cm,yolo12n,233,263,7.763,8.762,1,4,glass_packaging,glass,packaging,0.481934,528,0,623,207,100.994
30cm,yolo12n,233,263,7.763,8.762,2,10,plastic_dirty,plastic,dirty,0.419434,177,76,397,443,100.994
30cm,yolo12n,234,264,7.796,8.796,0,4,glass_packaging,glass,packaging,0.297852,528,0,625,181,101.683
30cm,yolo12n,234,264,7.796,8.796,1,10,plastic_dirty,plastic,dirty,0.455078,241,73,396,443,101.683
30cm,yolo12n,235,265,7.829,8.829,0,10,plastic_dirty,plastic,dirty,0.59375,142,72,398,443,103.535
30cm,yolo12n,236,266,7.863,8.862,0,10,plastic_dirty,plastic,dirty,0.560547,189,70,398,443,102.024
30cm,yolo12n,237,267,7.896,8.896,0,10,plastic_dirty,plastic,dirty,0.477295,204,69,398,443,101.907
30cm,yolo12n,238,268,7.929,8.929,0,0,can_normal,can,normal,0.334961,257,70,398,442,104.372
30cm,yolo12n,238,268,7.929,8.929,1,10,plastic_dirty,plastic,dirty,0.351318,137,69,399,443,104.372
30cm,yolo12n,239,269,7.963,8.962,0,0,can_normal,can,normal,0.305176,256,71,399,442,101.699
30cm,yolo12n,239,269,7.963,8.962,1,10,plastic_dirty,plastic,dirty,0.485596,65,70,400,443,101.699
30cm,yolo12n,240,270,7.996,8.996,0,0,can_normal,can,normal,0.347412,261,74,399,442,104.65
30cm,yolo12n,240,270,7.996,8.996,1,10,plastic_dirty,plastic,dirty,0.543945,137,72,399,443,104.65
30cm,yolo12n,241,271,8.029,9.029,0,0,can_normal,can,normal,0.353516,261,77,399,443,101.051
30cm,yolo12n,241,271,8.029,9.029,1,10,plastic_dirty,plastic,dirty,0.573242,79,74,399,443,101.051
30cm,yolo12n,241,271,8.029,9.029,2,10,plastic_dirty,plastic,dirty,0.295654,260,75,398,443,101.051
30cm,yolo12n,242,272,8.063,9.062,0,0,can_normal,can,normal,0.369873,264,77,398,442,102.024
30cm,yolo12n,242,272,8.063,9.062,1,10,plastic_dirty,plastic,dirty,0.63623,80,75,398,442,102.024
30cm,yolo12n,242,272,8.063,9.062,2,10,plastic_dirty,plastic,dirty,0.34082,265,76,399,443,102.024
30cm,yolo12n,243,273,8.096,9.095,0,0,can_normal,can,normal,0.307617,264,78,398,442,101.625
30cm,yolo12n,243,273,8.096,9.095,1,10,plastic_dirty,plastic,dirty,0.657715,90,75,399,442,101.625
30cm,yolo12n,243,273,8.096,9.095,2,10,plastic_dirty,plastic,dirty,0.363281,266,77,399,443,101.625
30cm,yolo12n,244,274,8.129,9.129,0,10,plastic_dirty,plastic,dirty,0.513184,135,75,399,442,101.569
30cm,yolo12n,245,275,8.163,9.162,0,0,can_normal,can,normal,0.365234,261,87,399,442,101.56
30cm,yolo12n,245,275,8.163,9.162,1,10,plastic_dirty,plastic,dirty,0.306885,232,83,398,442,101.56
30cm,yolo12n,246,276,8.196,9.195,0,0,can_normal,can,normal,0.336182,262,91,398,442,104.715
30cm,yolo12n,247,277,8.229,9.229,0,10,plastic_dirty,plastic,dirty,0.301758,179,85,398,442,101.49
30cm,yolo12n,248,278,8.263,9.262,,,,,,,,,,,102.69
30cm,yolo12n,249,279,8.296,9.295,,,,,,,,,,,101.74
30cm,yolo12n,250,280,8.329,9.329,,,,,,,,,,,101.761
30cm,yolo12n,251,281,8.363,9.362,,,,,,,,,,,100.731
30cm,yolo12n,252,282,8.396,9.395,0,5,pet_normal,pet,normal,0.558105,266,149,327,336,101.236
30cm,yolo12n,253,283,8.429,9.429,0,5,pet_normal,pet,normal,0.678223,267,135,347,336,100.624
30cm,yolo12n,254,284,8.462,9.462,0,5,pet_normal,pet,normal,0.419189,266,129,364,338,103.146
30cm,yolo12n,254,284,8.462,9.462,1,7,pet_packaging,pet,packaging,0.260498,267,130,363,338,103.146
30cm,yolo12n,255,285,8.496,9.495,0,5,pet_normal,pet,normal,0.30542,262,131,365,343,101.787
30cm,yolo12n,255,285,8.496,9.495,1,7,pet_packaging,pet,packaging,0.349609,262,131,365,344,101.787
30cm,yolo12n,256,286,8.529,9.529,0,5,pet_normal,pet,normal,0.581055,258,134,368,347,101.51
30cm,yolo12n,257,287,8.562,9.562,0,5,pet_normal,pet,normal,0.640137,251,138,374,344,100.572
30cm,yolo12n,258,288,8.596,9.595,0,5,pet_normal,pet,normal,0.618652,241,143,381,344,100.965
30cm,yolo12n,259,289,8.629,9.629,0,5,pet_normal,pet,normal,0.444092,226,152,394,353,100.917
30cm,yolo12n,260,290,8.662,9.662,0,4,glass_packaging,glass,packaging,0.259277,529,0,638,306,100.973
30cm,yolo12n,261,291,8.696,9.695,0,4,glass_packaging,glass,packaging,0.508301,529,0,635,311,100.292
30cm,yolo12n,262,292,8.729,9.729,0,4,glass_packaging,glass,packaging,0.381836,529,0,634,266,107.567
30cm,yolo12n,263,293,8.762,9.762,0,4,glass_packaging,glass,packaging,0.62207,529,0,635,265,101.855
30cm,yolo12n,263,293,8.762,9.762,1,5,pet_normal,pet,normal,0.781738,169,255,408,374,101.855
30cm,yolo12n,264,294,8.796,9.795,0,4,glass_packaging,glass,packaging,0.605957,528,0,632,261,101.038
30cm,yolo12n,264,294,8.796,9.795,1,5,pet_normal,pet,normal,0.574219,169,213,414,323,101.038
30cm,yolo12n,265,295,8.829,9.828,0,4,glass_packaging,glass,packaging,0.440918,528,0,634,264,100.189
30cm,yolo12n,265,295,8.829,9.828,1,5,pet_normal,pet,normal,0.520996,170,161,418,317,100.189
30cm,yolo12n,266,296,8.862,9.862,0,4,glass_packaging,glass,packaging,0.3396,529,0,636,275,101.226
30cm,yolo12n,266,296,8.862,9.862,1,5,pet_normal,pet,normal,0.382568,172,138,424,322,101.226
30cm,yolo12n,267,297,8.896,9.895,0,5,pet_normal,pet,normal,0.295898,176,136,430,339,101.138
30cm,yolo12n,268,298,8.929,9.928,0,4,glass_packaging,glass,packaging,0.467285,529,0,635,268,101.419
30cm,yolo12n,268,298,8.929,9.928,1,5,pet_normal,pet,normal,0.364502,176,139,437,339,101.419
30cm,yolo12n,268,298,8.929,9.928,2,6,pet_dirty,pet,dirty,0.321777,176,139,437,340,101.419
30cm,yolo12n,269,299,8.962,9.962,0,4,glass_packaging,glass,packaging,0.476074,529,0,634,273,102.633
30cm,yolo12n,269,299,8.962,9.962,1,5,pet_normal,pet,normal,0.625488,171,158,443,348,102.633
30cm,yolo12n,270,300,8.996,9.995,0,4,glass_packaging,glass,packaging,0.445801,529,0,635,301,104.257
30cm,yolo12n,270,300,8.996,9.995,1,5,pet_normal,pet,normal,0.678711,163,223,449,364,104.257
30cm,yolo12n,271,301,9.029,10.028,0,4,glass_packaging,glass,packaging,0.519531,529,0,635,273,101.196
30cm,yolo12n,271,301,9.029,10.028,1,5,pet_normal,pet,normal,0.591309,160,262,454,400,101.196
30cm,yolo12n,272,302,9.062,10.062,0,4,glass_packaging,glass,packaging,0.531738,529,0,635,293,101.506
30cm,yolo12n,272,302,9.062,10.062,1,5,pet_normal,pet,normal,0.720703,153,256,459,386,101.506
30cm,yolo12n,273,303,9.095,10.095,0,4,glass_packaging,glass,packaging,0.554199,529,0,636,303,101.732
30cm,yolo12n,273,303,9.095,10.095,1,5,pet_normal,pet,normal,0.751953,144,241,463,342,101.732
30cm,yolo12n,274,304,9.129,10.128,0,4,glass_packaging,glass,packaging,0.366211,528,0,635,273,101.393
30cm,yolo12n,274,304,9.129,10.128,1,5,pet_normal,pet,normal,0.679688,139,235,470,384,101.393
30cm,yolo12n,275,305,9.162,10.162,0,4,glass_packaging,glass,packaging,0.288574,528,0,634,269,101.899
30cm,yolo12n,275,305,9.162,10.162,1,5,pet_normal,pet,normal,0.668945,135,216,478,379,101.899
30cm,yolo12n,276,306,9.195,10.195,0,4,glass_packaging,glass,packaging,0.403564,529,0,636,300,100.95
30cm,yolo12n,276,306,9.195,10.195,1,5,pet_normal,pet,normal,0.559082,133,216,488,385,100.95
30cm,yolo12n,277,307,9.229,10.228,0,4,glass_packaging,glass,packaging,0.294678,529,0,636,269,100.768
30cm,yolo12n,277,307,9.229,10.228,1,5,pet_normal,pet,normal,0.351562,126,227,501,404,100.768
30cm,yolo12n,278,308,9.262,10.262,0,4,glass_packaging,glass,packaging,0.530273,528,0,635,292,104.233
30cm,yolo12n,278,308,9.262,10.262,1,5,pet_normal,pet,normal,0.313477,116,229,512,423,104.233
30cm,yolo12n,279,309,9.295,10.295,0,4,glass_packaging,glass,packaging,0.52832,529,0,635,303,101.308
30cm,yolo12n,279,309,9.295,10.295,1,5,pet_normal,pet,normal,0.351318,97,270,533,479,101.308
30cm,yolo12n,280,310,9.329,10.328,0,4,glass_packaging,glass,packaging,0.505859,529,0,636,306,101.244
30cm,yolo12n,281,311,9.362,10.362,0,4,glass_packaging,glass,packaging,0.398438,529,0,635,310,100.227
30cm,yolo12n,282,312,9.395,10.395,0,4,glass_packaging,glass,packaging,0.595703,529,0,639,313,101.669
30cm,yolo12n,283,313,9.429,10.428,0,4,glass_packaging,glass,packaging,0.60791,530,0,639,313,101.513
30cm,yolo12n,284,314,9.462,10.461,0,4,glass_packaging,glass,packaging,0.603516,530,1,639,313,101.941
30cm,yolo12n,284,314,9.462,10.461,1,5,pet_normal,pet,normal,0.334473,54,220,565,479,101.941
30cm,yolo12n,285,315,9.495,10.495,0,4,glass_packaging,glass,packaging,0.469482,530,1,639,312,100.622
30cm,yolo12n,286,316,9.529,10.528,0,4,glass_packaging,glass,packaging,0.250244,529,0,638,310,104.022
30cm,yolo12n,287,317,9.562,10.561,0,4,glass_packaging,glass,packaging,0.588379,531,0,639,311,101.958
30cm,yolo12n,288,318,9.595,10.595,0,4,glass_packaging,glass,packaging,0.336182,528,0,615,179,101.536
30cm,yolo12n,288,318,9.595,10.595,1,5,pet_normal,pet,normal,0.466797,91,214,637,479,101.536
30cm,yolo12n,289,319,9.629,10.628,0,4,glass_packaging,glass,packaging,0.386719,529,0,615,172,102.552
30cm,yolo12n,290,320,9.662,10.661,0,4,glass_packaging,glass,packaging,0.332764,529,0,615,163,101.159
30cm,yolo12n,290,320,9.662,10.661,1,5,pet_normal,pet,normal,0.425049,115,245,639,479,101.159
30cm,yolo12n,291,321,9.695,10.695,0,5,pet_normal,pet,normal,0.506348,128,249,639,479,100.634
30cm,yolo12n,292,322,9.729,10.728,,,,,,,,,,,101.286
30cm,yolo12n,293,323,9.762,10.761,0,5,pet_normal,pet,normal,0.485107,131,261,639,479,101.443
30cm,yolo12n,294,324,9.795,10.795,,,,,,,,,,,104.579
30cm,yolo12n,295,325,9.828,10.828,0,4,glass_packaging,glass,packaging,0.471436,528,0,623,188,100.608
30cm,yolo12n,296,326,9.862,10.861,0,4,glass_packaging,glass,packaging,0.399902,529,0,631,194,100.563
30cm,yolo12n,297,327,9.895,10.895,0,4,glass_packaging,glass,packaging,0.510742,528,0,626,194,100.74
30cm,yolo12n,298,328,9.928,10.928,0,4,glass_packaging,glass,packaging,0.393311,529,0,626,197,101.797
30cm,yolo12n,299,329,9.962,10.961,0,4,glass_packaging,glass,packaging,0.517578,529,1,621,199,101.591
30cm,yolo12n,299,329,9.962,10.961,1,9,plastic_normal,plastic,normal,0.329346,471,319,556,370,101.591
30cm,yolo12n,300,330,9.995,10.995,0,4,glass_packaging,glass,packaging,0.436768,529,0,622,202,101.654
30cm,yolo12n,301,331,10.028,11.028,0,4,glass_packaging,glass,packaging,0.549316,529,0,622,209,100.923
30cm,yolo12n,302,332,10.062,11.061,0,4,glass_packaging,glass,packaging,0.521973,529,0,634,218,104.222
30cm,yolo12n,303,333,10.095,11.095,0,4,glass_packaging,glass,packaging,0.456055,529,0,637,220,100.834
30cm,yolo12n,304,334,10.128,11.128,0,4,glass_packaging,glass,packaging,0.538086,529,0,632,217,100.45
30cm,yolo12n,305,335,10.162,11.161,0,4,glass_packaging,glass,packaging,0.603516,529,0,623,208,101.049
30cm,yolo12n,306,336,10.195,11.194,0,4,glass_packaging,glass,packaging,0.464111,529,0,623,194,100.598
30cm,yolo12n,307,337,10.228,11.228,0,4,glass_packaging,glass,packaging,0.366455,529,0,626,188,100.972
30cm,yolo12n,308,338,10.262,11.261,,,,,,,,,,,101.721
30cm,yolo12n,309,339,10.295,11.294,,,,,,,,,,,102.526
30cm,yolo12n,310,340,10.328,11.328,,,,,,,,,,,104.45
30cm,yolo12n,311,341,10.362,11.361,0,9,plastic_normal,plastic,normal,0.416016,272,33,398,83,100.584
30cm,yolo12n,312,342,10.395,11.394,0,7,pet_packaging,pet,packaging,0.270508,237,90,367,359,100.8
30cm,yolo12n,313,343,10.428,11.428,0,7,pet_packaging,pet,packaging,0.297363,255,40,364,97,103.65
30cm,yolo12n,313,343,10.428,11.428,1,7,pet_packaging,pet,packaging,0.260498,238,120,357,358,103.65
30cm,yolo12n,313,343,10.428,11.428,2,9,plastic_normal,plastic,normal,0.294922,256,40,364,97,103.65
30cm,yolo12n,314,344,10.461,11.461,,,,,,,,,,,101.257
30cm,yolo12n,315,345,10.495,11.494,0,7,pet_packaging,pet,packaging,0.388672,244,45,348,357,101.943
30cm,yolo12n,316,346,10.528,11.528,0,5,pet_normal,pet,normal,0.612793,243,54,346,358,102.623
30cm,yolo12n,317,347,10.561,11.561,0,5,pet_normal,pet,normal,0.561523,245,50,342,357,100.506
30cm,yolo12n,317,347,10.561,11.561,1,7,pet_packaging,pet,packaging,0.272949,245,48,342,357,100.506
30cm,yolo12n,318,348,10.595,11.594,0,4,glass_packaging,glass,packaging,0.308838,528,0,619,161,103.736
30cm,yolo12n,318,348,10.595,11.594,1,5,pet_normal,pet,normal,0.316406,243,44,339,357,103.736
30cm,yolo12n,318,348,10.595,11.594,2,7,pet_packaging,pet,packaging,0.342773,241,44,338,356,103.736
30cm,yolo12n,319,349,10.628,11.628,0,4,glass_packaging,glass,packaging,0.334229,528,0,620,170,100.998
30cm,yolo12n,319,349,10.628,11.628,1,6,pet_dirty,pet,dirty,0.250244,225,40,336,358,100.998
30cm,yolo12n,319,349,10.628,11.628,2,7,pet_packaging,pet,packaging,0.282715,229,40,335,357,100.998
30cm,yolo12n,320,350,10.661,11.661,0,4,glass_packaging,glass,packaging,0.414062,528,0,620,177,100.905
30cm,yolo12n,320,350,10.661,11.661,1,6,pet_dirty,pet,dirty,0.294922,215,35,333,357,100.905
30cm,yolo12n,321,351,10.695,11.694,0,4,glass_packaging,glass,packaging,0.540039,528,0,622,184,105.3
30cm,yolo12n,321,351,10.695,11.694,1,6,pet_dirty,pet,dirty,0.276611,212,31,334,358,105.3
30cm,yolo12n,322,352,10.728,11.728,0,4,glass_packaging,glass,packaging,0.601074,528,0,622,188,101.377
30cm,yolo12n,322,352,10.728,11.728,1,5,pet_normal,pet,normal,0.283691,199,24,336,358,101.377
30cm,yolo12n,322,352,10.728,11.728,2,6,pet_dirty,pet,dirty,0.30542,199,24,335,358,101.377
30cm,yolo12n,323,353,10.761,11.761,0,4,glass_packaging,glass,packaging,0.549316,528,0,622,192,101.535
30cm,yolo12n,323,353,10.761,11.761,1,5,pet_normal,pet,normal,0.309082,180,17,336,360,101.535
30cm,yolo12n,323,353,10.761,11.761,2,6,pet_dirty,pet,dirty,0.289795,180,17,335,361,101.535
30cm,yolo12n,324,354,10.795,11.794,0,4,glass_packaging,glass,packaging,0.493408,528,0,622,196,102.065
30cm,yolo12n,325,355,10.828,11.827,0,4,glass_packaging,glass,packaging,0.437744,528,0,622,200,100.73
30cm,yolo12n,326,356,10.861,11.861,0,4,glass_packaging,glass,packaging,0.523438,528,0,623,204,103.679
30cm,yolo12n,327,357,10.895,11.894,0,4,glass_packaging,glass,packaging,0.481689,528,0,624,204,100.912
30cm,yolo12n,328,358,10.928,11.927,0,4,glass_packaging,glass,packaging,0.510254,528,0,623,203,100.749
30cm,yolo12n,328,358,10.928,11.927,1,5,pet_normal,pet,normal,0.496826,4,182,425,332,100.749
30cm,yolo12n,329,359,10.961,11.961,0,4,glass_packaging,glass,packaging,0.559082,528,0,623,202,105.884
30cm,yolo12n,329,359,10.961,11.961,1,5,pet_normal,pet,normal,0.587891,3,207,427,333,105.884
30cm,yolo12n,330,360,10.995,11.994,0,4,glass_packaging,glass,packaging,0.541504,529,0,624,201,101.445
30cm,yolo12n,330,360,10.995,11.994,1,5,pet_normal,pet,normal,0.516602,4,225,430,330,101.445
30cm,yolo12n,331,361,11.028,12.027,0,4,glass_packaging,glass,packaging,0.497314,529,0,624,200,101.489
30cm,yolo12n,331,361,11.028,12.027,1,5,pet_normal,pet,normal,0.45459,95,231,436,329,101.489
30cm,yolo12n,332,362,11.061,12.061,0,4,glass_packaging,glass,packaging,0.493408,528,0,622,199,102.294
30cm,yolo12n,333,363,11.095,12.094,0,4,glass_packaging,glass,packaging,0.500488,528,0,622,198,101.838
30cm,yolo12n,334,364,11.128,12.127,0,4,glass_packaging,glass,packaging,0.469727,528,0,622,198,103.729
30cm,yolo12n,335,365,11.161,12.161,0,4,glass_packaging,glass,packaging,0.524902,528,0,623,200,101.578
30cm,yolo12n,336,366,11.194,12.194,0,4,glass_packaging,glass,packaging,0.460449,529,0,625,201,101.609
30cm,yolo12n,337,367,11.228,12.227,0,4,glass_packaging,glass,packaging,0.401855,529,0,622,193,103.719
30cm,yolo12n,338,368,11.261,12.261,0,4,glass_packaging,glass,packaging,0.312256,529,0,622,191,101.263
30cm,yolo12n,339,369,11.294,12.294,0,4,glass_packaging,glass,packaging,0.315186,529,0,620,176,101.426
30cm,yolo12n,340,370,11.328,12.327,,,,,,,,,,,100.881
30cm,yolo12n,341,371,11.361,12.361,,,,,,,,,,,100.915
30cm,yolo12n,342,372,11.394,12.394,,,,,,,,,,,101.392
30cm,yolo12n,343,373,11.428,12.427,0,2,glass_normal,glass,normal,0.55957,343,113,582,324,102.618
30cm,yolo12n,344,374,11.461,12.461,,,,,,,,,,,101.481
30cm,yolo12n,345,375,11.494,12.494,,,,,,,,,,,103.868
30cm,yolo12n,346,376,11.528,12.527,,,,,,,,,,,102.749
30cm,yolo12n,347,377,11.561,12.56,0,2,glass_normal,glass,normal,0.258301,528,0,639,201,101.79
30cm,yolo12n,348,378,11.594,12.594,0,2,glass_normal,glass,normal,0.355469,527,0,639,213,101.627
30cm,yolo12n,348,378,11.594,12.594,1,4,glass_packaging,glass,packaging,0.289062,528,0,639,211,101.627
30cm,yolo12n,349,379,11.628,12.627,,,,,,,,,,,100.992
30cm,yolo12n,350,380,11.661,12.66,0,4,glass_packaging,glass,packaging,0.303223,528,0,621,197,100.386
30cm,yolo12n,351,381,11.694,12.694,0,4,glass_packaging,glass,packaging,0.570801,528,0,636,244,100.451
30cm,yolo12n,352,382,11.728,12.727,0,4,glass_packaging,glass,packaging,0.668945,528,0,637,256,101.032
30cm,yolo12n,353,383,11.761,12.76,0,4,glass_packaging,glass,packaging,0.546875,528,0,636,263,105.066
30cm,yolo12n,353,383,11.761,12.76,1,10,plastic_dirty,plastic,dirty,0.283936,528,0,637,262,105.066
30cm,yolo12n,354,384,11.794,12.794,0,4,glass_packaging,glass,packaging,0.595215,528,0,637,267,100.617
30cm,yolo12n,355,385,11.827,12.827,0,4,glass_packaging,glass,packaging,0.541016,528,0,636,270,100.589
30cm,yolo12n,356,386,11.861,12.86,0,4,glass_packaging,glass,packaging,0.465576,529,0,638,272,101.06
30cm,yolo12n,356,386,11.861,12.86,1,10,plastic_dirty,plastic,dirty,0.280273,529,1,638,274,101.06
30cm,yolo12n,357,387,11.894,12.894,0,4,glass_packaging,glass,packaging,0.595703,528,0,636,272,101.408
30cm,yolo12n,358,388,11.927,12.927,0,4,glass_packaging,glass,packaging,0.43335,528,0,636,270,102.221
30cm,yolo12n,358,388,11.927,12.927,1,10,plastic_dirty,plastic,dirty,0.293945,528,0,637,270,102.221
30cm,yolo12n,359,389,11.961,12.96,0,4,glass_packaging,glass,packaging,0.435791,528,0,638,262,101.393
30cm,yolo12n,360,390,11.994,12.994,0,4,glass_packaging,glass,packaging,0.443848,528,0,638,252,102.371
30cm,yolo12n,361,391,12.027,13.027,0,4,glass_packaging,glass,packaging,0.464111,231,104,382,394,103.746
30cm,yolo12n,361,391,12.027,13.027,1,4,glass_packaging,glass,packaging,0.416504,527,0,623,218,103.746
30cm,yolo12n,362,392,12.061,13.06,0,2,glass_normal,glass,normal,0.318359,233,105,381,392,100.943
30cm,yolo12n,362,392,12.061,13.06,1,4,glass_packaging,glass,packaging,0.671875,234,103,382,393,100.943
30cm,yolo12n,362,392,12.061,13.06,2,4,glass_packaging,glass,packaging,0.3125,527,0,622,192,100.943
30cm,yolo12n,363,393,12.094,13.094,0,4,glass_packaging,glass,packaging,0.682129,236,102,387,394,102.738
30cm,yolo12n,364,394,12.127,13.127,0,4,glass_packaging,glass,packaging,0.660645,233,102,387,394,101.296
30cm,yolo12n,365,395,12.161,13.16,0,4,glass_packaging,glass,packaging,0.83252,235,102,381,394,101.535
30cm,yolo12n,366,396,12.194,13.193,0,4,glass_packaging,glass,packaging,0.823242,234,102,384,394,101.195
30cm,yolo12n,367,397,12.227,13.227,0,4,glass_packaging,glass,packaging,0.776855,234,102,385,394,100.991
30cm,yolo12n,368,398,12.261,13.26,0,4,glass_packaging,glass,packaging,0.745117,235,101,384,394,100.892
30cm,yolo12n,368,398,12.261,13.26,1,4,glass_packaging,glass,packaging,0.254883,528,0,634,268,100.892
30cm,yolo12n,369,399,12.294,13.293,0,4,glass_packaging,glass,packaging,0.80957,234,102,387,394,103.881
30cm,yolo12n,369,399,12.294,13.293,1,4,glass_packaging,glass,packaging,0.271484,528,0,632,264,103.881
30cm,yolo12n,370,400,12.327,13.327,0,4,glass_packaging,glass,packaging,0.828125,234,102,382,394,103.009
30cm,yolo12n,370,400,12.327,13.327,1,4,glass_packaging,glass,packaging,0.278076,528,0,633,266,103.009
30cm,yolo12n,371,401,12.361,13.36,0,4,glass_packaging,glass,packaging,0.807129,234,102,382,394,101.812
30cm,yolo12n,371,401,12.361,13.36,1,4,glass_packaging,glass,packaging,0.257812,528,0,634,287,101.812
30cm,yolo12n,372,402,12.394,13.393,0,4,glass_packaging,glass,packaging,0.816406,235,102,383,394,102.13
30cm,yolo12n,372,402,12.394,13.393,1,4,glass_packaging,glass,packaging,0.365234,528,0,632,271,102.13
30cm,yolo12n,373,403,12.427,13.427,0,4,glass_packaging,glass,packaging,0.797363,235,102,385,394,101.573
30cm,yolo12n,373,403,12.427,13.427,1,4,glass_packaging,glass,packaging,0.378174,529,0,632,266,101.573
30cm,yolo12n,374,404,12.461,13.46,0,4,glass_packaging,glass,packaging,0.842285,234,102,383,394,101.088
30cm,yolo12n,374,404,12.461,13.46,1,4,glass_packaging,glass,packaging,0.457031,529,0,634,302,101.088
30cm,yolo12n,375,405,12.494,13.493,0,4,glass_packaging,glass,packaging,0.812012,235,102,385,394,99.965
30cm,yolo12n,375,405,12.494,13.493,1,4,glass_packaging,glass,packaging,0.439941,529,0,634,285,99.965
30cm,yolo12n,376,406,12.527,13.527,0,4,glass_packaging,glass,packaging,0.8125,236,102,387,394,100.952
30cm,yolo12n,376,406,12.527,13.527,1,4,glass_packaging,glass,packaging,0.48877,529,0,633,273,100.952
30cm,yolo12n,377,407,12.56,13.56,0,4,glass_packaging,glass,packaging,0.8125,234,102,386,394,104.425
30cm,yolo12n,377,407,12.56,13.56,1,4,glass_packaging,glass,packaging,0.528809,529,0,634,265,104.425
30cm,yolo12n,378,408,12.594,13.593,0,4,glass_packaging,glass,packaging,0.830078,235,102,383,394,101.69
30cm,yolo12n,379,409,12.627,13.627,0,4,glass_packaging,glass,packaging,0.859863,235,101,383,394,101.164
30cm,yolo12n,380,410,12.66,13.66,0,4,glass_packaging,glass,packaging,0.800293,235,102,385,394,101.068
30cm,yolo12n,381,411,12.694,13.693,0,4,glass_packaging,glass,packaging,0.729004,235,102,383,394,101.598
30cm,yolo12n,382,412,12.727,13.727,0,4,glass_packaging,glass,packaging,0.753418,235,102,383,394,100.961
30cm,yolo12n,383,413,12.76,13.76,0,4,glass_packaging,glass,packaging,0.802734,238,102,384,394,105.073
30cm,yolo12n,384,414,12.794,13.793,0,4,glass_packaging,glass,packaging,0.840332,235,103,384,394,101.645
30cm,yolo12n,385,415,12.827,13.826,0,4,glass_packaging,glass,packaging,0.842285,235,103,388,394,101.281
30cm,yolo12n,386,416,12.86,13.86,0,4,glass_packaging,glass,packaging,0.825684,235,103,390,394,100.902
30cm,yolo12n,387,417,12.894,13.893,0,4,glass_packaging,glass,packaging,0.819824,235,103,395,394,101.223
30cm,yolo12n,388,418,12.927,13.926,,,,,,,,,,,101.181
30cm,yolo12n,389,419,12.96,13.96,,,,,,,,,,,101.328
30cm,yolo12n,390,420,12.994,13.993,,,,,,,,,,,101.419
30cm,yolo12n,391,421,13.027,14.026,,,,,,,,,,,104.001
30cm,yolo12n,392,422,13.06,14.06,0,4,glass_packaging,glass,packaging,0.678223,211,104,369,389,100.864
30cm,yolo12n,392,422,13.06,14.06,1,7,pet_packaging,pet,packaging,0.258301,217,105,369,389,100.864
30cm,yolo12n,393,423,13.094,14.093,0,4,glass_packaging,glass,packaging,0.894531,213,106,365,388,100.859
30cm,yolo12n,394,424,13.127,14.126,0,4,glass_packaging,glass,packaging,0.859375,211,105,366,389,104.748
30cm,yolo12n,395,425,13.16,14.16,0,4,glass_packaging,glass,packaging,0.879395,219,106,366,389,101.813
30cm,yolo12n,396,426,13.193,14.193,0,4,glass_packaging,glass,packaging,0.876953,216,103,366,388,101.081
30cm,yolo12n,396,426,13.193,14.193,1,7,pet_packaging,pet,packaging,0.285889,216,105,367,388,101.081
30cm,yolo12n,397,427,13.227,14.226,0,4,glass_packaging,glass,packaging,0.898926,216,107,367,389,101.557
30cm,yolo12n,398,428,13.26,14.26,0,4,glass_packaging,glass,packaging,0.891113,215,106,366,389,101.506
30cm,yolo12n,399,429,13.293,14.293,0,4,glass_packaging,glass,packaging,0.690918,212,106,367,388,103.591
30cm,yolo12n,400,430,13.327,14.326,0,4,glass_packaging,glass,packaging,0.675781,209,94,359,388,101.075
30cm,yolo12n,401,431,13.36,14.36,0,4,glass_packaging,glass,packaging,0.765137,207,107,356,387,101.068
30cm,yolo12n,402,432,13.393,14.393,0,4,glass_packaging,glass,packaging,0.530762,208,123,359,385,104.428
30cm,yolo12n,403,433,13.427,14.426,0,4,glass_packaging,glass,packaging,0.624023,212,108,363,384,100.991
30cm,yolo12n,404,434,13.46,14.46,0,4,glass_packaging,glass,packaging,0.597656,207,108,367,384,102.455
30cm,yolo12n,405,435,13.493,14.493,0,4,glass_packaging,glass,packaging,0.645996,207,107,368,383,100.801
30cm,yolo12n,406,436,13.527,14.526,0,4,glass_packaging,glass,packaging,0.657227,210,108,365,382,101.01
30cm,yolo12n,407,437,13.56,14.559,0,4,glass_packaging,glass,packaging,0.494141,226,110,374,381,101.792
30cm,yolo12n,408,438,13.593,14.593,0,4,glass_packaging,glass,packaging,0.418457,238,110,375,382,101.895
30cm,yolo12n,409,439,13.627,14.626,0,4,glass_packaging,glass,packaging,0.510742,241,109,377,380,100.769
30cm,yolo12n,410,440,13.66,14.659,0,4,glass_packaging,glass,packaging,0.563965,236,107,375,380,104.266
30cm,yolo12n,411,441,13.693,14.693,0,4,glass_packaging,glass,packaging,0.432617,210,109,379,380,103.318
30cm,yolo12n,412,442,13.727,14.726,0,4,glass_packaging,glass,packaging,0.851562,235,107,366,380,101.403
30cm,yolo12n,413,443,13.76,14.759,0,4,glass_packaging,glass,packaging,0.655762,232,113,357,382,101.007
30cm,yolo12n,414,444,13.793,14.793,0,4,glass_packaging,glass,packaging,0.780762,234,113,357,382,100.936
30cm,yolo12n,415,445,13.826,14.826,0,4,glass_packaging,glass,packaging,0.565918,236,112,358,381,101.284
30cm,yolo12n,415,445,13.826,14.826,1,7,pet_packaging,pet,packaging,0.312988,233,113,359,381,101.284
30cm,yolo12n,416,446,13.86,14.859,,,,,,,,,,,101.333
30cm,yolo12n,417,447,13.893,14.893,,,,,,,,,,,102.05
30cm,yolo12n,418,448,13.926,14.926,,,,,,,,,,,103.999
30cm,yolo12n,419,449,13.96,14.959,,,,,,,,,,,100.973
30cm,yolo12n,420,450,13.993,14.993,,,,,,,,,,,101.365
30cm,yolo12n,421,451,14.026,15.026,,,,,,,,,,,100.914
30cm,yolo12n,422,452,14.06,15.059,,,,,,,,,,,101.724
30cm,yolo12n,423,453,14.093,15.093,,,,,,,,,,,100.872
30cm,yolo12n,424,454,14.126,15.126,,,,,,,,,,,104.13
30cm,yolo12n,425,455,14.16,15.159,,,,,,,,,,,100.598
30cm,yolo12n,426,456,14.193,15.192,,,,,,,,,,,101.438
30cm,yolo12n,427,457,14.226,15.226,,,,,,,,,,,101.179
30cm,yolo12n,428,458,14.26,15.259,,,,,,,,,,,101.209
30cm,yolo12n,429,459,14.293,15.292,,,,,,,,,,,101.038
30cm,yolo12n,430,460,14.326,15.326,,,,,,,,,,,101.492
30cm,yolo12n,431,461,14.36,15.359,,,,,,,,,,,101.907
30cm,yolo12n,432,462,14.393,15.392,,,,,,,,,,,104.595
30cm,yolo12n,433,463,14.426,15.426,,,,,,,,,,,101.356
30cm,yolo12n,434,464,14.46,15.459,0,5,pet_normal,pet,normal,0.2854,368,0,593,102,102.367
30cm,yolo12n,435,465,14.493,15.492,0,5,pet_normal,pet,normal,0.371826,368,0,583,104,105.156
30cm,yolo12n,435,465,14.493,15.492,1,7,pet_packaging,pet,packaging,0.318604,366,0,584,86,105.156
30cm,yolo12n,436,466,14.526,15.526,,,,,,,,,,,101.083
30cm,yolo12n,437,467,14.559,15.559,,,,,,,,,,,100.646
30cm,yolo12n,438,468,14.593,15.592,,,,,,,,,,,101.177
30cm,yolo12n,439,469,14.626,15.626,,,,,,,,,,,100.438
30cm,yolo12n,440,470,14.659,15.659,,,,,,,,,,,104.188
30cm,yolo12n,441,471,14.693,15.692,,,,,,,,,,,101.887
30cm,yolo12n,442,472,14.726,15.726,,,,,,,,,,,101.886
30cm,yolo12n,443,473,14.759,15.759,,,,,,,,,,,104.541
30cm,yolo12n,444,474,14.793,15.792,,,,,,,,,,,100.971
30cm,yolo12n,445,475,14.826,15.826,,,,,,,,,,,102.157
30cm,yolo12n,446,476,14.859,15.859,,,,,,,,,,,101.981
30cm,yolo12n,447,477,14.893,15.892,,,,,,,,,,,101.635
30cm,yolo12n,448,478,14.926,15.925,,,,,,,,,,,105.237
30cm,yolo12n,449,479,14.959,15.959,,,,,,,,,,,100.947
30cm,yolo12n,450,480,14.993,15.992,,,,,,,,,,,101.301
30cm,yolo12n,451,481,15.026,16.025,,,,,,,,,,,105.149
30cm,yolo12n,452,482,15.059,16.059,,,,,,,,,,,101.757
30cm,yolo12n,453,483,15.093,16.092,0,6,pet_dirty,pet,dirty,0.318359,259,102,403,387,101.605
30cm,yolo12n,454,484,15.126,16.125,0,6,pet_dirty,pet,dirty,0.260254,253,104,400,389,101.097
30cm,yolo12n,455,485,15.159,16.159,0,6,pet_dirty,pet,dirty,0.283203,246,93,398,389,101.279
30cm,yolo12n,456,486,15.192,16.192,0,6,pet_dirty,pet,dirty,0.286377,238,94,390,389,104.451
30cm,yolo12n,457,487,15.226,16.225,0,5,pet_normal,pet,normal,0.371582,236,101,384,388,101.319
30cm,yolo12n,457,487,15.226,16.225,1,6,pet_dirty,pet,dirty,0.280029,236,101,384,389,101.319
30cm,yolo12n,458,488,15.259,16.259,,,,,,,,,,,102.644
30cm,yolo12n,459,489,15.292,16.292,0,5,pet_normal,pet,normal,0.263428,241,104,394,388,104.462
30cm,yolo12n,460,490,15.326,16.325,,,,,,,,,,,100.599
30cm,yolo12n,461,491,15.359,16.359,0,2,glass_normal,glass,normal,0.251709,251,107,391,388,101.417
30cm,yolo12n,462,492,15.392,16.392,,,,,,,,,,,101.088
30cm,yolo12n,463,493,15.426,16.425,,,,,,,,,,,100.781
30cm,yolo12n,464,494,15.459,16.459,,,,,,,,,,,102.216
30cm,yolo12n,465,495,15.492,16.492,,,,,,,,,,,101.903
30cm,yolo12n,466,496,15.526,16.525,,,,,,,,,,,101.111
30cm,yolo12n,467,497,15.559,16.558,,,,,,,,,,,103.744
30cm,yolo12n,468,498,15.592,16.592,,,,,,,,,,,100.701
30cm,yolo12n,469,499,15.626,16.625,0,5,pet_normal,pet,normal,0.275635,245,105,397,389,101.057
30cm,yolo12n,470,500,15.659,16.658,0,2,glass_normal,glass,normal,0.386475,248,105,393,390,100.699
30cm,yolo12n,471,501,15.692,16.692,0,2,glass_normal,glass,normal,0.259521,247,105,397,390,101.194
30cm,yolo12n,472,502,15.726,16.725,,,,,,,,,,,101.903
30cm,yolo12n,473,503,15.759,16.758,0,10,plastic_dirty,plastic,dirty,0.271973,356,59,516,175,103.728
30cm,yolo12n,474,504,15.792,16.792,,,,,,,,,,,101.014
30cm,yolo12n,475,505,15.826,16.825,,,,,,,,,,,101.467
30cm,yolo12n,476,506,15.859,16.858,,,,,,,,,,,100.736
30cm,yolo12n,477,507,15.892,16.892,0,6,pet_dirty,pet,dirty,0.259521,236,93,403,388,101.512
30cm,yolo12n,478,508,15.925,16.925,0,6,pet_dirty,pet,dirty,0.294434,235,66,384,389,102.049
30cm,yolo12n,479,509,15.959,16.958,0,6,pet_dirty,pet,dirty,0.272217,235,96,373,385,102.048
30cm,yolo12n,480,510,15.992,16.992,,,,,,,,,,,101.48
30cm,yolo12n,481,511,16.025,17.025,0,6,pet_dirty,pet,dirty,0.402588,235,111,373,382,103.525
30cm,yolo12n,482,512,16.059,17.058,0,6,pet_dirty,pet,dirty,0.332764,238,108,374,381,101.158
30cm,yolo12n,483,513,16.092,17.092,0,6,pet_dirty,pet,dirty,0.312988,240,110,377,382,100.623
30cm,yolo12n,484,514,16.125,17.125,0,6,pet_dirty,pet,dirty,0.358643,244,111,390,383,103.817
30cm,yolo12n,485,515,16.159,17.158,,,,,,,,,,,101.107
30cm,yolo12n,486,516,16.192,17.191,,,,,,,,,,,102.066
30cm,yolo12n,487,517,16.225,17.225,0,6,pet_dirty,pet,dirty,0.322021,247,105,398,387,101.043
30cm,yolo12n,488,518,16.259,17.258,0,6,pet_dirty,pet,dirty,0.42334,243,105,398,387,101.631
30cm,yolo12n,489,519,16.292,17.291,0,5,pet_normal,pet,normal,0.362549,239,105,386,386,104.167
30cm,yolo12n,489,519,16.292,17.291,1,6,pet_dirty,pet,dirty,0.39209,240,105,384,387,104.167
30cm,yolo12n,490,520,16.325,17.325,0,5,pet_normal,pet,normal,0.406494,240,108,381,386,100.541
30cm,yolo12n,490,520,16.325,17.325,1,6,pet_dirty,pet,dirty,0.417236,243,108,382,387,100.541
30cm,yolo12n,491,521,16.359,17.358,0,5,pet_normal,pet,normal,0.344971,243,108,385,386,101.007
30cm,yolo12n,491,521,16.359,17.358,1,6,pet_dirty,pet,dirty,0.569824,245,108,385,387,101.007
30cm,yolo12n,492,522,16.392,17.391,0,5,pet_normal,pet,normal,0.287354,245,108,394,387,105.078
30cm,yolo12n,492,522,16.392,17.391,1,6,pet_dirty,pet,dirty,0.427979,247,107,392,388,105.078
30cm,yolo12n,493,523,16.425,17.425,0,6,pet_dirty,pet,dirty,0.503906,246,107,390,388,102.77
30cm,yolo12n,494,524,16.459,17.458,0,6,pet_dirty,pet,dirty,0.418457,243,105,389,388,101.457
30cm,yolo12n,495,525,16.492,17.491,0,6,pet_dirty,pet,dirty,0.447021,239,105,384,388,101.161
30cm,yolo12n,496,526,16.525,17.525,0,6,pet_dirty,pet,dirty,0.507324,242,107,381,388,101.522
30cm,yolo12n,497,527,16.558,17.558,0,6,pet_dirty,pet,dirty,0.467773,245,107,391,389,101.233
30cm,yolo12n,498,528,16.592,17.591,,,,,,,,,,,100.779
30cm,yolo12n,499,529,16.625,17.625,0,4,glass_packaging,glass,packaging,0.315186,529,0,638,305,102.6
30cm,yolo12n,500,530,16.658,17.658,,,,,,,,,,,103.644
30cm,yolo12n,501,531,16.692,17.691,0,6,pet_dirty,pet,dirty,0.297363,242,108,381,389,100.886
30cm,yolo12n,502,532,16.725,17.725,0,6,pet_dirty,pet,dirty,0.411865,245,107,384,389,101.554
30cm,yolo12n,503,533,16.758,17.758,0,4,glass_packaging,glass,packaging,0.288086,528,0,638,293,101.272
30cm,yolo12n,503,533,16.758,17.758,1,6,pet_dirty,pet,dirty,0.373535,244,107,385,389,101.272
30cm,yolo12n,504,534,16.792,17.791,0,4,glass_packaging,glass,packaging,0.271484,528,0,637,291,101.236
30cm,yolo12n,504,534,16.792,17.791,1,6,pet_dirty,pet,dirty,0.391113,242,105,385,389,101.236
30cm,yolo12n,505,535,16.825,17.825,0,4,glass_packaging,glass,packaging,0.327881,529,0,636,288,101.088
30cm,yolo12n,505,535,16.825,17.825,1,6,pet_dirty,pet,dirty,0.384033,243,106,382,390,101.088
30cm,yolo12n,506,536,16.858,17.858,0,6,pet_dirty,pet,dirty,0.437744,244,108,383,390,100.814
30cm,yolo12n,507,537,16.892,17.891,0,6,pet_dirty,pet,dirty,0.40918,245,107,384,389,100.974
30cm,yolo12n,508,538,16.925,17.924,0,6,pet_dirty,pet,dirty,0.386475,240,106,382,389,103.599
30cm,yolo12n,509,539,16.958,17.958,0,4,glass_packaging,glass,packaging,0.507812,529,1,638,310,100.49
30cm,yolo12n,509,539,16.958,17.958,1,5,pet_normal,pet,normal,0.404297,239,109,382,388,100.49
30cm,yolo12n,509,539,16.958,17.958,2,6,pet_dirty,pet,dirty,0.323486,242,108,382,389,100.49
30cm,yolo12n,510,540,16.992,17.991,0,6,pet_dirty,pet,dirty,0.307861,244,108,383,389,101.261
30cm,yolo12n,511,541,17.025,18.024,0,5,pet_normal,pet,normal,0.289795,239,106,384,387,109.74
30cm,yolo12n,511,541,17.025,18.024,1,6,pet_dirty,pet,dirty,0.293457,242,106,384,389,109.74
30cm,yolo12n,512,542,17.058,18.058,,,,,,,,,,,101.682
30cm,yolo12n,513,543,17.092,18.091,,,,,,,,,,,102.081
30cm,yolo12n,514,544,17.125,18.124,,,,,,,,,,,103.746
30cm,yolo12n,515,545,17.158,18.158,0,5,pet_normal,pet,normal,0.35376,239,107,383,388,100.98
30cm,yolo12n,515,545,17.158,18.158,1,6,pet_dirty,pet,dirty,0.424561,244,107,384,390,100.98
30cm,yolo12n,516,546,17.191,18.191,0,5,pet_normal,pet,normal,0.352783,240,106,384,388,101.602
30cm,yolo12n,516,546,17.191,18.191,1,6,pet_dirty,pet,dirty,0.478027,244,106,383,389,101.602
30cm,yolo12n,517,547,17.225,18.224,0,5,pet_normal,pet,normal,0.37207,239,107,384,388,100.626
30cm,yolo12n,517,547,17.225,18.224,1,6,pet_dirty,pet,dirty,0.474609,243,107,383,390,100.626
30cm,yolo12n,518,548,17.258,18.258,0,5,pet_normal,pet,normal,0.359131,239,107,383,388,100.862
30cm,yolo12n,518,548,17.258,18.258,1,6,pet_dirty,pet,dirty,0.444336,244,107,384,390,100.862
30cm,yolo12n,519,549,17.291,18.291,0,5,pet_normal,pet,normal,0.362061,239,107,383,388,100.984
30cm,yolo12n,519,549,17.291,18.291,1,6,pet_dirty,pet,dirty,0.384766,243,107,383,389,100.984
30cm,yolo12n,520,550,17.325,18.324,0,5,pet_normal,pet,normal,0.421143,239,108,383,388,102.16
30cm,yolo12n,520,550,17.325,18.324,1,6,pet_dirty,pet,dirty,0.411133,243,107,384,389,102.16
30cm,yolo12n,521,551,17.358,18.358,0,5,pet_normal,pet,normal,0.350342,239,107,382,387,101.127
30cm,yolo12n,521,551,17.358,18.358,1,6,pet_dirty,pet,dirty,0.42041,243,107,383,389,101.127
30cm,yolo12n,522,552,17.391,18.391,0,5,pet_normal,pet,normal,0.384766,239,107,382,388,103.47
30cm,yolo12n,522,552,17.391,18.391,1,6,pet_dirty,pet,dirty,0.393066,244,107,384,390,103.47
30cm,yolo12n,523,553,17.425,18.424,0,5,pet_normal,pet,normal,0.382812,239,107,382,388,101.034
30cm,yolo12n,523,553,17.425,18.424,1,6,pet_dirty,pet,dirty,0.406494,244,107,383,390,101.034
30cm,yolo12n,524,554,17.458,18.458,0,5,pet_normal,pet,normal,0.390625,240,107,383,388,102.031
30cm,yolo12n,524,554,17.458,18.458,1,6,pet_dirty,pet,dirty,0.419434,244,107,383,390,102.031
30cm,yolo12n,525,555,17.491,18.491,0,5,pet_normal,pet,normal,0.380127,239,107,383,388,104.889
30cm,yolo12n,525,555,17.491,18.491,1,6,pet_dirty,pet,dirty,0.453613,244,107,384,390,104.889
30cm,yolo12n,526,556,17.525,18.524,0,5,pet_normal,pet,normal,0.384277,239,107,383,388,100.984
30cm,yolo12n,526,556,17.525,18.524,1,6,pet_dirty,pet,dirty,0.390137,242,107,382,389,100.984
30cm,yolo12n,527,557,17.558,18.557,0,5,pet_normal,pet,normal,0.482422,239,107,383,387,102.605
30cm,yolo12n,527,557,17.558,18.557,1,6,pet_dirty,pet,dirty,0.367188,243,107,383,389,102.605
30cm,yolo12n,528,558,17.591,18.591,0,5,pet_normal,pet,normal,0.529297,239,107,383,388,101.228
30cm,yolo12n,528,558,17.591,18.591,1,6,pet_dirty,pet,dirty,0.334717,243,107,383,390,101.228
30cm,yolo12n,529,559,17.625,18.624,0,5,pet_normal,pet,normal,0.450684,239,107,383,388,101.264
30cm,yolo12n,529,559,17.625,18.624,1,6,pet_dirty,pet,dirty,0.411133,243,106,384,389,101.264
30cm,yolo12n,530,560,17.658,18.657,0,5,pet_normal,pet,normal,0.479004,239,107,383,388,103.632
30cm,yolo12n,530,560,17.658,18.657,1,6,pet_dirty,pet,dirty,0.449463,243,107,383,389,103.632
30cm,yolo12n,531,561,17.691,18.691,0,5,pet_normal,pet,normal,0.501465,239,107,383,388,100.791
30cm,yolo12n,531,561,17.691,18.691,1,6,pet_dirty,pet,dirty,0.401855,243,107,383,390,100.791
30cm,yolo12n,532,562,17.725,18.724,0,5,pet_normal,pet,normal,0.468262,239,107,383,388,100.68
30cm,yolo12n,532,562,17.725,18.724,1,6,pet_dirty,pet,dirty,0.323975,242,107,383,390,100.68
30cm,yolo12n,533,563,17.758,18.757,0,5,pet_normal,pet,normal,0.412354,239,107,383,388,104.187
30cm,yolo12n,533,563,17.758,18.757,1,6,pet_dirty,pet,dirty,0.439941,243,106,383,389,104.187
30cm,yolo12n,534,564,17.791,18.791,0,5,pet_normal,pet,normal,0.40918,240,107,383,388,102.392
30cm,yolo12n,534,564,17.791,18.791,1,6,pet_dirty,pet,dirty,0.324951,245,106,384,389,102.392
30cm,yolo12n,535,565,17.825,18.824,0,5,pet_normal,pet,normal,0.481201,240,107,383,388,100.698
30cm,yolo12n,535,565,17.825,18.824,1,6,pet_dirty,pet,dirty,0.380859,244,107,384,390,100.698
30cm,yolo12n,536,566,17.858,18.857,0,5,pet_normal,pet,normal,0.413574,240,107,383,388,101.05
30cm,yolo12n,536,566,17.858,18.857,1,6,pet_dirty,pet,dirty,0.466309,244,107,383,390,101.05
30cm,yolo12n,537,567,17.891,18.891,0,5,pet_normal,pet,normal,0.385986,240,108,384,389,100.888
30cm,yolo12n,537,567,17.891,18.891,1,6,pet_dirty,pet,dirty,0.474121,243,108,385,390,100.888
30cm,yolo12n,538,568,17.924,18.924,0,5,pet_normal,pet,normal,0.422363,241,107,386,388,101.459
30cm,yolo12n,538,568,17.924,18.924,1,6,pet_dirty,pet,dirty,0.396484,244,107,386,390,101.459
30cm,yolo12n,539,569,17.958,18.957,0,5,pet_normal,pet,normal,0.313232,241,108,396,388,100.392
30cm,yolo12n,539,569,17.958,18.957,1,6,pet_dirty,pet,dirty,0.442627,244,107,394,389,100.392
30cm,yolo12n,540,570,17.991,18.991,0,6,pet_dirty,pet,dirty,0.342041,238,107,387,389,101.328
30cm,yolo12n,541,571,18.024,19.024,0,6,pet_dirty,pet,dirty,0.406738,238,106,387,389,105.807
30cm,yolo12n,542,572,18.058,19.057,,,,,,,,,,,101.846
30cm,yolo12n,543,573,18.091,19.091,0,6,pet_dirty,pet,dirty,0.257324,236,100,380,392,100.903
30cm,yolo12n,544,574,18.124,19.124,,,,,,,,,,,101.628
30cm,yolo12n,545,575,18.158,19.157,,,,,,,,,,,101.129
30cm,yolo12n,546,576,18.191,19.191,,,,,,,,,,,100.426
30cm,yolo12n,547,577,18.224,19.224,0,6,pet_dirty,pet,dirty,0.27417,236,99,385,395,103.919
30cm,yolo12n,548,578,18.258,19.257,0,6,pet_dirty,pet,dirty,0.360596,239,99,389,394,100.955
30cm,yolo12n,549,579,18.291,19.29,0,10,plastic_dirty,plastic,dirty,0.266113,363,107,488,192,101.194
30cm,yolo12n,550,580,18.324,19.324,,,,,,,,,,,100.515
30cm,yolo12n,551,581,18.358,19.357,,,,,,,,,,,101.011
30cm,yolo12n,552,582,18.391,19.39,,,,,,,,,,,100.664
30cm,yolo12n,553,583,18.424,19.424,,,,,,,,,,,100.823
30cm,yolo12n,554,584,18.458,19.457,,,,,,,,,,,100.599
30cm,yolo12n,555,585,18.491,19.49,,,,,,,,,,,103.187
30cm,yolo12n,556,586,18.524,19.524,,,,,,,,,,,100.887
30cm,yolo12n,557,587,18.557,19.557,,,,,,,,,,,102.13
30cm,yolo12n,558,588,18.591,19.59,,,,,,,,,,,104.678
30cm,yolo12n,559,589,18.624,19.624,,,,,,,,,,,100.934
30cm,yolo12n,560,590,18.657,19.657,,,,,,,,,,,100.976
30cm,yolo12n,561,591,18.691,19.69,,,,,,,,,,,100.821
30cm,yolo12n,562,592,18.724,19.724,,,,,,,,,,,101.176
30cm,yolo12n,563,593,18.757,19.757,,,,,,,,,,,103.636
30cm,yolo12n,564,594,18.791,19.79,,,,,,,,,,,100.605
30cm,yolo12n,565,595,18.824,19.824,0,4,glass_packaging,glass,packaging,0.259277,533,0,639,315,100.943
30cm,yolo12n,566,596,18.857,19.857,,,,,,,,,,,104.253
30cm,yolo12n,567,597,18.891,19.89,,,,,,,,,,,100.885
30cm,yolo12n,568,598,18.924,19.923,,,,,,,,,,,101.622
30cm,yolo12n,569,599,18.957,19.957,,,,,,,,,,,100.677
30cm,yolo12n,570,600,18.991,19.99,,,,,,,,,,,101.353
30cm,yolo12n,571,601,19.024,20.023,,,,,,,,,,,101.044
30cm,yolo12n,572,602,19.057,20.057,,,,,,,,,,,100.734
30cm,yolo12n,573,603,19.091,20.09,,,,,,,,,,,101.232
30cm,yolo12n,574,604,19.124,20.123,,,,,,,,,,,103.653
30cm,yolo12n,575,605,19.157,20.157,,,,,,,,,,,101.673
30cm,yolo12n,576,606,19.191,20.19,,,,,,,,,,,101.387
30cm,yolo12n,577,607,19.224,20.223,,,,,,,,,,,100.74
30cm,yolo12n,578,608,19.257,20.257,,,,,,,,,,,100.714
30cm,yolo12n,579,609,19.29,20.29,,,,,,,,,,,100.844
30cm,yolo12n,580,610,19.324,20.323,,,,,,,,,,,103.826
30cm,yolo12n,581,611,19.357,20.357,,,,,,,,,,,100.771
30cm,yolo12n,582,612,19.39,20.39,,,,,,,,,,,101.422
30cm,yolo12n,583,613,19.424,20.423,,,,,,,,,,,101.088
30cm,yolo12n,584,614,19.457,20.457,0,4,glass_packaging,glass,packaging,0.251953,528,0,624,179,101.135
30cm,yolo12n,585,615,19.49,20.49,0,4,glass_packaging,glass,packaging,0.275635,528,0,622,179,100.674
30cm,yolo12n,585,615,19.49,20.49,1,10,plastic_dirty,plastic,dirty,0.424072,396,141,521,214,100.674
30cm,yolo12n,586,616,19.524,20.523,0,10,plastic_dirty,plastic,dirty,0.342041,398,144,523,214,101.307
30cm,yolo12n,587,617,19.557,20.556,,,,,,,,,,,102.138
30cm,yolo12n,588,618,19.59,20.59,0,7,pet_packaging,pet,packaging,0.259277,276,107,423,291,104.36
30cm,yolo12n,588,618,19.59,20.59,1,9,plastic_normal,plastic,normal,0.280518,276,106,418,290,104.36
30cm,yolo12n,589,619,19.624,20.623,0,9,plastic_normal,plastic,normal,0.408936,276,106,425,290,102.167
30cm,yolo12n,590,620,19.657,20.656,0,9,plastic_normal,plastic,normal,0.296387,276,106,425,292,101.93
30cm,yolo12n,591,621,19.69,20.69,0,10,plastic_dirty,plastic,dirty,0.294189,359,71,534,200,101.131
30cm,yolo12n,592,622,19.724,20.723,,,,,,,,,,,100.966
30cm,yolo12n,593,623,19.757,20.756,0,10,plastic_dirty,plastic,dirty,0.253418,360,61,541,192,101.04
30cm,yolo12n,594,624,19.79,20.79,,,,,,,,,,,100.868
30cm,yolo12n,595,625,19.824,20.823,,,,,,,,,,,100.471
30cm,yolo12n,596,626,19.857,20.856,0,5,pet_normal,pet,normal,0.268555,276,107,425,291,105.445
30cm,yolo12n,597,627,19.89,20.89,0,5,pet_normal,pet,normal,0.391602,276,108,425,292,101.486
30cm,yolo12n,598,628,19.923,20.923,0,5,pet_normal,pet,normal,0.473145,275,106,424,291,101.467
30cm,yolo12n,599,629,19.957,20.956,0,5,pet_normal,pet,normal,0.457031,275,106,424,291,104.373
30cm,yolo12n,600,630,19.99,20.99,0,2,glass_normal,glass,normal,0.2854,278,107,423,397,101.301
30cm,yolo12n,600,630,19.99,20.99,1,5,pet_normal,pet,normal,0.367676,275,106,425,291,101.301
30cm,yolo12n,601,631,20.023,21.023,0,2,glass_normal,glass,normal,0.293701,278,107,423,397,101.486
30cm,yolo12n,601,631,20.023,21.023,1,5,pet_normal,pet,normal,0.336914,275,106,424,291,101.486
30cm,yolo12n,602,632,20.057,21.056,,,,,,,,,,,100.858
30cm,yolo12n,603,633,20.09,21.09,0,9,plastic_normal,plastic,normal,0.262939,276,106,425,291,100.934
30cm,yolo12n,604,634,20.123,21.123,0,9,plastic_normal,plastic,normal,0.288086,276,106,425,291,104.142
30cm,yolo12n,605,635,20.157,21.156,0,9,plastic_normal,plastic,normal,0.321533,276,106,424,290,101.136
30cm,yolo12n,606,636,20.19,21.19,0,9,plastic_normal,plastic,normal,0.309326,276,106,425,291,101.061
30cm,yolo12n,607,637,20.223,21.223,,,,,,,,,,,103.3
30cm,yolo12n,608,638,20.257,21.256,0,5,pet_normal,pet,normal,0.26416,276,106,425,291,100.854
30cm,yolo12n,609,639,20.29,21.289,,,,,,,,,,,101.35
30cm,yolo12n,610,640,20.323,21.323,0,4,glass_packaging,glass,packaging,0.278076,528,0,629,191,100.717
30cm,yolo12n,610,640,20.323,21.323,1,9,plastic_normal,plastic,normal,0.277588,276,106,425,292,100.717
30cm,yolo12n,611,641,20.357,21.356,0,4,glass_packaging,glass,packaging,0.457764,528,0,624,196,102.717
30cm,yolo12n,612,642,20.39,21.389,0,4,glass_packaging,glass,packaging,0.439453,529,0,624,209,100.675
30cm,yolo12n,613,643,20.423,21.423,0,4,glass_packaging,glass,packaging,0.569336,529,0,624,224,100.358
30cm,yolo12n,614,644,20.457,21.456,0,4,glass_packaging,glass,packaging,0.606934,528,0,636,230,101.201
30cm,yolo12n,614,644,20.457,21.456,1,7,pet_packaging,pet,packaging,0.264893,275,105,425,291,101.201
30cm,yolo12n,615,645,20.49,21.489,0,4,glass_packaging,glass,packaging,0.668457,528,0,638,232,101.178
30cm,yolo12n,615,645,20.49,21.489,1,7,pet_packaging,pet,packaging,0.4104,274,106,424,290,101.178
30cm,yolo12n,616,646,20.523,21.523,0,4,glass_packaging,glass,packaging,0.743164,528,0,638,234,100.603
30cm,yolo12n,616,646,20.523,21.523,1,7,pet_packaging,pet,packaging,0.260498,286,105,421,290,100.603
30cm,yolo12n,617,647,20.556,21.556,0,4,glass_packaging,glass,packaging,0.69043,528,0,637,236,101.201
30cm,yolo12n,617,647,20.556,21.556,1,7,pet_packaging,pet,packaging,0.254883,283,107,422,291,101.201
30cm,yolo12n,618,648,20.59,21.589,0,4,glass_packaging,glass,packaging,0.767578,528,0,638,236,101.534
30cm,yolo12n,619,649,20.623,21.623,0,4,glass_packaging,glass,packaging,0.785645,528,0,638,237,101.121
30cm,yolo12n,620,650,20.656,21.656,0,4,glass_packaging,glass,packaging,0.79541,528,0,638,239,101.039
30cm,yolo12n,620,650,20.656,21.656,1,9,plastic_normal,plastic,normal,0.318115,274,107,421,290,101.039
30cm,yolo12n,621,651,20.69,21.689,0,4,glass_packaging,glass,packaging,0.779785,528,0,637,239,104.078
30cm,yolo12n,622,652,20.723,21.723,0,4,glass_packaging,glass,packaging,0.773926,528,0,637,240,101.265
30cm,yolo12n,623,653,20.756,21.756,0,4,glass_packaging,glass,packaging,0.728027,528,0,637,240,102.84
30cm,yolo12n,623,653,20.756,21.756,1,7,pet_packaging,pet,packaging,0.25415,277,108,417,277,102.84
30cm,yolo12n,624,654,20.79,21.789,0,4,glass_packaging,glass,packaging,0.747559,528,0,638,240,100.282
30cm,yolo12n,625,655,20.823,21.823,0,4,glass_packaging,glass,packaging,0.770508,528,0,637,238,100.982
30cm,yolo12n,626,656,20.856,21.856,0,4,glass_packaging,glass,packaging,0.766113,528,0,637,237,100.985
30cm,yolo12n,627,657,20.89,21.889,0,4,glass_packaging,glass,packaging,0.714355,528,0,637,238,101.629
30cm,yolo12n,628,658,20.923,21.922,0,4,glass_packaging,glass,packaging,0.78418,528,0,637,237,100.972
30cm,yolo12n,629,659,20.956,21.956,0,4,glass_packaging,glass,packaging,0.779785,528,0,637,239,104.378
30cm,yolo12n,630,660,20.99,21.989,0,4,glass_packaging,glass,packaging,0.787598,528,0,638,240,101.781
30cm,yolo12n,631,661,21.023,22.022,0,4,glass_packaging,glass,packaging,0.794434,528,0,638,244,100.797
30cm,yolo12n,631,661,21.023,22.022,1,10,plastic_dirty,plastic,dirty,0.295654,321,111,472,241,100.797
30cm,yolo12n,632,662,21.056,22.056,0,4,glass_packaging,glass,packaging,0.739258,528,0,637,245,104.784
30cm,yolo12n,633,663,21.09,22.089,0,4,glass_packaging,glass,packaging,0.719727,528,0,637,245,101.659
30cm,yolo12n,634,664,21.123,22.122,0,4,glass_packaging,glass,packaging,0.732422,529,0,638,246,101.729
30cm,yolo12n,635,665,21.156,22.156,0,4,glass_packaging,glass,packaging,0.710449,528,0,637,246,101.163
30cm,yolo12n,636,666,21.19,22.189,0,4,glass_packaging,glass,packaging,0.65625,528,0,637,251,100.81
30cm,yolo12n,637,667,21.223,22.222,0,4,glass_packaging,glass,packaging,0.620605,529,0,637,249,104.146
30cm,yolo12n,638,668,21.256,22.256,0,4,glass_packaging,glass,packaging,0.558594,528,1,623,214,100.808
30cm,yolo12n,639,669,21.289,22.289,,,,,,,,,,,101.715
30cm,yolo12n,640,670,21.323,22.322,,,,,,,,,,,104.452
30cm,yolo12n,641,671,21.356,22.356,,,,,,,,,,,100.468
30cm,yolo12n,642,672,21.389,22.389,,,,,,,,,,,100.897
30cm,yolo12n,643,673,21.423,22.422,,,,,,,,,,,100.784
30cm,yolo12n,644,674,21.456,22.456,0,4,glass_packaging,glass,packaging,0.692871,529,0,637,229,102.42
30cm,yolo12n,645,675,21.489,22.489,0,4,glass_packaging,glass,packaging,0.614258,529,0,637,235,101.637
30cm,yolo12n,646,676,21.523,22.522,0,4,glass_packaging,glass,packaging,0.671387,528,0,636,231,101.028
30cm,yolo12n,647,677,21.556,22.556,0,4,glass_packaging,glass,packaging,0.726562,528,0,636,230,101.722
30cm,yolo12n,648,678,21.589,22.589,0,4,glass_packaging,glass,packaging,0.709961,528,0,636,229,104.896
30cm,yolo12n,649,679,21.623,22.622,0,4,glass_packaging,glass,packaging,0.699707,528,0,637,224,100.634
30cm,yolo12n,650,680,21.656,22.655,0,4,glass_packaging,glass,packaging,0.59668,527,0,634,219,101.776
30cm,yolo12n,651,681,21.689,22.689,0,4,glass_packaging,glass,packaging,0.625977,527,0,634,216,101.278
30cm,yolo12n,652,682,21.723,22.722,0,4,glass_packaging,glass,packaging,0.401367,527,0,634,215,101.578
30cm,yolo12n,653,683,21.756,22.755,0,4,glass_packaging,glass,packaging,0.532227,528,0,627,217,102.49
30cm,yolo12n,654,684,21.789,22.789,0,4,glass_packaging,glass,packaging,0.535645,528,0,632,220,101.441
30cm,yolo12n,655,685,21.823,22.822,0,4,glass_packaging,glass,packaging,0.584473,528,0,636,225,100.946
30cm,yolo12n,656,686,21.856,22.855,0,4,glass_packaging,glass,packaging,0.586426,528,0,636,225,103.495
30cm,yolo12n,657,687,21.889,22.889,0,4,glass_packaging,glass,packaging,0.501953,527,0,638,225,101.71
30cm,yolo12n,657,687,21.889,22.889,1,5,pet_normal,pet,normal,0.317139,206,116,430,241,101.71
30cm,yolo12n,658,688,21.922,22.922,0,4,glass_packaging,glass,packaging,0.341797,529,0,627,223,101.119
30cm,yolo12n,659,689,21.956,22.955,0,2,glass_normal,glass,normal,0.270752,198,119,431,324,101.907
30cm,yolo12n,659,689,21.956,22.955,1,4,glass_packaging,glass,packaging,0.499268,529,0,622,198,101.907
30cm,yolo12n,660,690,21.989,22.989,,,,,,,,,,,101.734
30cm,yolo12n,661,691,22.022,23.022,0,5,pet_normal,pet,normal,0.370117,206,8,329,437,101.088
30cm,yolo12n,662,692,22.056,23.055,0,5,pet_normal,pet,normal,0.29541,206,104,395,438,101.291
30cm,yolo12n,663,693,22.089,23.089,0,4,glass_packaging,glass,packaging,0.62207,529,0,621,208,101.258
30cm,yolo12n,663,693,22.089,23.089,1,5,pet_normal,pet,normal,0.263916,206,92,419,438,101.258
30cm,yolo12n,663,693,22.089,23.089,2,9,plastic_normal,plastic,normal,0.254639,321,119,428,284,101.258
30cm,yolo12n,664,694,22.122,23.122,0,4,glass_packaging,glass,packaging,0.451904,527,0,638,249,105.009
30cm,yolo12n,664,694,22.122,23.122,1,5,pet_normal,pet,normal,0.295166,206,92,388,439,105.009
30cm,yolo12n,664,694,22.122,23.122,2,6,pet_dirty,pet,dirty,0.251953,207,0,330,436,105.009
30cm,yolo12n,665,695,22.156,23.155,0,4,glass_packaging,glass,packaging,0.499756,528,0,638,247,101.732
30cm,yolo12n,665,695,22.156,23.155,1,5,pet_normal,pet,normal,0.308594,206,30,406,438,101.732
30cm,yolo12n,665,695,22.156,23.155,2,9,plastic_normal,plastic,normal,0.315674,319,119,431,284,101.732
30cm,yolo12n,666,696,22.189,23.189,0,4,glass_packaging,glass,packaging,0.586914,528,0,638,246,101.78
30cm,yolo12n,666,696,22.189,23.189,1,5,pet_normal,pet,normal,0.361084,206,75,421,439,101.78
30cm,yolo12n,666,696,22.189,23.189,2,9,plastic_normal,plastic,normal,0.280273,317,119,429,283,101.78
30cm,yolo12n,667,697,22.222,23.222,0,4,glass_packaging,glass,packaging,0.327148,528,0,637,227,102.0
30cm,yolo12n,667,697,22.222,23.222,1,5,pet_normal,pet,normal,0.331543,206,72,361,438,102.0
30cm,yolo12n,667,697,22.222,23.222,2,9,plastic_normal,plastic,normal,0.352539,321,119,429,283,102.0
30cm,yolo12n,668,698,22.256,23.255,0,4,glass_packaging,glass,packaging,0.276611,528,0,622,201,101.946
30cm,yolo12n,668,698,22.256,23.255,1,5,pet_normal,pet,normal,0.318604,206,74,383,438,101.946
30cm,yolo12n,668,698,22.256,23.255,2,9,plastic_normal,plastic,normal,0.411621,321,119,430,284,101.946
30cm,yolo12n,669,699,22.289,23.288,0,4,glass_packaging,glass,packaging,0.30127,527,0,621,179,102.469
30cm,yolo12n,669,699,22.289,23.288,1,5,pet_normal,pet,normal,0.258057,206,75,423,437,102.469
30cm,yolo12n,669,699,22.289,23.288,2,9,plastic_normal,plastic,normal,0.257568,318,119,428,285,102.469
30cm,yolo12n,670,700,22.322,23.322,0,4,glass_packaging,glass,packaging,0.3125,528,0,619,166,101.159
30cm,yolo12n,670,700,22.322,23.322,1,5,pet_normal,pet,normal,0.301758,206,81,423,436,101.159
30cm,yolo12n,671,701,22.356,23.355,0,5,pet_normal,pet,normal,0.347168,206,71,421,437,101.384
30cm,yolo12n,672,702,22.389,23.388,0,4,glass_packaging,glass,packaging,0.428223,528,0,620,175,103.766
30cm,yolo12n,672,702,22.389,23.388,1,5,pet_normal,pet,normal,0.375,206,25,410,437,103.766
30cm,yolo12n,673,703,22.422,23.422,0,4,glass_packaging,glass,packaging,0.328613,528,0,620,172,101.166
30cm,yolo12n,673,703,22.422,23.422,1,5,pet_normal,pet,normal,0.319336,206,29,424,436,101.166
30cm,yolo12n,673,703,22.422,23.422,2,6,pet_dirty,pet,dirty,0.268555,207,1,331,435,101.166
30cm,yolo12n,674,704,22.456,23.455,0,4,glass_packaging,glass,packaging,0.541016,528,0,630,206,100.868
30cm,yolo12n,674,704,22.456,23.455,1,5,pet_normal,pet,normal,0.320557,206,44,423,437,100.868
30cm,yolo12n,674,704,22.456,23.455,2,6,pet_dirty,pet,dirty,0.253418,207,1,330,435,100.868
30cm,yolo12n,675,705,22.489,23.488,0,5,pet_normal,pet,normal,0.32666,206,81,423,438,100.729
30cm,yolo12n,676,706,22.522,23.522,0,5,pet_normal,pet,normal,0.289062,206,66,422,437,101.17
30cm,yolo12n,677,707,22.556,23.555,0,5,pet_normal,pet,normal,0.25708,206,76,414,437,101.801
30cm,yolo12n,678,708,22.589,23.588,0,5,pet_normal,pet,normal,0.30542,206,91,424,438,101.037
30cm,yolo12n,679,709,22.622,23.622,0,5,pet_normal,pet,normal,0.252686,206,70,421,437,101.117
30cm,yolo12n,679,709,22.622,23.622,1,9,plastic_normal,plastic,normal,0.273682,320,118,430,286,101.117
30cm,yolo12n,680,710,22.655,23.655,,,,,,,,,,,103.711
30cm,yolo12n,681,711,22.689,23.688,0,4,glass_packaging,glass,packaging,0.759277,528,0,636,245,101.187
30cm,yolo12n,681,711,22.689,23.688,1,5,pet_normal,pet,normal,0.33252,206,109,426,438,101.187
30cm,yolo12n,682,712,22.722,23.722,0,4,glass_packaging,glass,packaging,0.79248,527,0,638,209,101.367
30cm,yolo12n,682,712,22.722,23.722,1,5,pet_normal,pet,normal,0.335938,206,114,426,438,101.367
30cm,yolo12n,683,713,22.755,23.755,0,5,pet_normal,pet,normal,0.364258,206,113,427,436,105.077
30cm,yolo12n,684,714,22.789,23.788,0,5,pet_normal,pet,normal,0.32373,206,90,424,436,101.041
30cm,yolo12n,685,715,22.822,23.822,0,5,pet_normal,pet,normal,0.352539,206,76,425,437,100.857
30cm,yolo12n,686,716,22.855,23.855,0,5,pet_normal,pet,normal,0.300537,206,116,426,436,104.234
30cm,yolo12n,687,717,22.889,23.888,0,5,pet_normal,pet,normal,0.281006,206,110,425,436,101.72
30cm,yolo12n,688,718,22.922,23.921,0,5,pet_normal,pet,normal,0.253418,205,119,430,436,102.593
30cm,yolo12n,689,719,22.955,23.955,,,,,,,,,,,101.198
30cm,yolo12n,690,720,22.989,23.988,,,,,,,,,,,102.013
30cm,yolo12n,691,721,23.022,24.021,0,5,pet_normal,pet,normal,0.279785,206,49,361,434,102.413
30cm,yolo12n,692,722,23.055,24.055,0,5,pet_normal,pet,normal,0.310791,207,45,329,434,101.414
30cm,yolo12n,693,723,23.089,24.088,0,4,glass_packaging,glass,packaging,0.468994,528,0,635,246,101.05
30cm,yolo12n,693,723,23.089,24.088,1,5,pet_normal,pet,normal,0.357178,207,47,331,435,101.05
30cm,yolo12n,693,723,23.089,24.088,2,9,plastic_normal,plastic,normal,0.272217,319,119,422,283,101.05
30cm,yolo12n,694,724,23.122,24.121,0,4,glass_packaging,glass,packaging,0.467529,529,1,639,251,104.446
30cm,yolo12n,694,724,23.122,24.121,1,5,pet_normal,pet,normal,0.384521,207,51,330,435,104.446
30cm,yolo12n,695,725,23.155,24.155,0,4,glass_packaging,glass,packaging,0.373779,530,0,638,263,102.029
30cm,yolo12n,695,725,23.155,24.155,1,5,pet_normal,pet,normal,0.344971,207,51,329,434,102.029
30cm,yolo12n,696,726,23.189,24.188,0,4,glass_packaging,glass,packaging,0.576172,530,0,639,255,101.498
30cm,yolo12n,696,726,23.189,24.188,1,5,pet_normal,pet,normal,0.37915,206,53,377,435,101.498
30cm,yolo12n,697,727,23.222,24.221,0,4,glass_packaging,glass,packaging,0.531738,529,0,638,254,101.013
30cm,yolo12n,697,727,23.222,24.221,1,5,pet_normal,pet,normal,0.283203,206,99,421,436,101.013
30cm,yolo12n,698,728,23.255,24.255,0,4,glass_packaging,glass,packaging,0.616211,529,0,638,257,102.071
30cm,yolo12n,698,728,23.255,24.255,1,5,pet_normal,pet,normal,0.26001,207,49,332,435,102.071
30cm,yolo12n,699,729,23.288,24.288,0,4,glass_packaging,glass,packaging,0.586426,529,1,638,262,100.969
30cm,yolo12n,699,729,23.288,24.288,1,7,pet_packaging,pet,packaging,0.294189,306,120,424,384,100.969
30cm,yolo12n,700,730,23.322,24.321,0,4,glass_packaging,glass,packaging,0.336182,529,2,638,264,101.215
30cm,yolo12n,700,730,23.322,24.321,1,5,pet_normal,pet,normal,0.271729,207,50,331,435,101.215
30cm,yolo12n,701,731,23.355,24.355,0,4,glass_packaging,glass,packaging,0.404785,529,1,638,259,102.507
30cm,yolo12n,701,731,23.355,24.355,1,5,pet_normal,pet,normal,0.316406,207,47,330,435,102.507
30cm,yolo12n,702,732,23.388,24.388,0,4,glass_packaging,glass,packaging,0.520996,530,1,638,291,104.82
30cm,yolo12n,702,732,23.388,24.388,1,5,pet_normal,pet,normal,0.255371,207,43,330,434,104.82
30cm,yolo12n,703,733,23.422,24.421,0,5,pet_normal,pet,normal,0.313232,207,47,329,435,101.42
30cm,yolo12n,704,734,23.455,24.455,0,5,pet_normal,pet,normal,0.251953,206,44,330,434,101.109
30cm,yolo12n,704,734,23.455,24.455,1,6,pet_dirty,pet,dirty,0.281982,207,46,330,435,101.109
30cm,yolo12n,705,735,23.488,24.488,0,5,pet_normal,pet,normal,0.38208,207,7,329,435,101.219
30cm,yolo12n,706,736,23.522,24.521,0,4,glass_packaging,glass,packaging,0.448486,530,0,639,318,101.546
30cm,yolo12n,706,736,23.522,24.521,1,5,pet_normal,pet,normal,0.340576,207,6,329,434,101.546
30cm,yolo12n,707,737,23.555,24.555,0,4,glass_packaging,glass,packaging,0.498047,528,0,625,234,101.508
30cm,yolo12n,707,737,23.555,24.555,1,5,pet_normal,pet,normal,0.3396,207,6,329,437,101.508
30cm,yolo12n,708,738,23.588,24.588,0,4,glass_packaging,glass,packaging,0.47168,528,0,635,272,101.448
30cm,yolo12n,708,738,23.588,24.588,1,5,pet_normal,pet,normal,0.446045,206,53,329,437,101.448
30cm,yolo12n,709,739,23.622,24.621,0,4,glass_packaging,glass,packaging,0.776855,528,0,638,260,101.17
30cm,yolo12n,709,739,23.622,24.621,1,5,pet_normal,pet,normal,0.42627,207,4,329,436,101.17
30cm,yolo12n,710,740,23.655,24.654,0,4,glass_packaging,glass,packaging,0.543945,528,1,637,263,103.907
30cm,yolo12n,710,740,23.655,24.654,1,5,pet_normal,pet,normal,0.50293,207,10,331,436,103.907
30cm,yolo12n,711,741,23.688,24.688,0,4,glass_packaging,glass,packaging,0.480957,529,0,638,262,101.923
30cm,yolo12n,711,741,23.688,24.688,1,5,pet_normal,pet,normal,0.554688,206,52,426,436,101.923
30cm,yolo12n,712,742,23.722,24.721,0,4,glass_packaging,glass,packaging,0.621094,529,0,638,263,100.736
30cm,yolo12n,712,742,23.722,24.721,1,5,pet_normal,pet,normal,0.365967,207,2,332,437,100.736
30cm,yolo12n,713,743,23.755,24.754,0,4,glass_packaging,glass,packaging,0.513184,529,0,638,262,100.533
30cm,yolo12n,714,744,23.788,24.788,0,4,glass_packaging,glass,packaging,0.467285,528,0,638,260,100.478
30cm,yolo12n,715,745,23.822,24.821,0,4,glass_packaging,glass,packaging,0.27002,527,0,638,260,100.919
30cm,yolo12n,716,746,23.855,24.854,0,4,glass_packaging,glass,packaging,0.648926,528,0,638,258,102.081
30cm,yolo12n,717,747,23.888,24.888,0,4,glass_packaging,glass,packaging,0.64209,528,1,638,256,101.591
30cm,yolo12n,718,748,23.921,24.921,0,4,glass_packaging,glass,packaging,0.741699,528,0,638,251,105.557
30cm,yolo12n,719,749,23.955,24.954,0,4,glass_packaging,glass,packaging,0.774902,528,0,638,251,101.861
30cm,yolo12n,720,750,23.988,24.988,0,4,glass_packaging,glass,packaging,0.783691,528,0,638,252,101.857
30cm,yolo12n,721,751,24.021,25.021,0,4,glass_packaging,glass,packaging,0.70459,529,0,638,254,104.185
30cm,yolo12n,722,752,24.055,25.054,0,4,glass_packaging,glass,packaging,0.708984,528,0,638,251,101.758
30cm,yolo12n,722,752,24.055,25.054,1,7,pet_packaging,pet,packaging,0.330566,180,22,296,411,101.758
30cm,yolo12n,722,752,24.055,25.054,2,9,plastic_normal,plastic,normal,0.454834,297,118,429,283,101.758
30cm,yolo12n,723,753,24.088,25.088,0,4,glass_packaging,glass,packaging,0.770508,527,0,638,249,102.379
30cm,yolo12n,723,753,24.088,25.088,1,7,pet_packaging,pet,packaging,0.290527,179,23,296,412,102.379
30cm,yolo12n,723,753,24.088,25.088,2,9,plastic_normal,plastic,normal,0.335449,294,118,428,283,102.379
30cm,yolo12n,724,754,24.121,25.121,0,4,glass_packaging,glass,packaging,0.645508,528,0,637,245,101.445
30cm,yolo12n,724,754,24.121,25.121,1,9,plastic_normal,plastic,normal,0.313965,294,118,429,284,101.445
30cm,yolo12n,725,755,24.155,25.154,0,9,plastic_normal,plastic,normal,0.348145,294,117,429,282,101.187
30cm,yolo12n,726,756,24.188,25.188,0,4,glass_packaging,glass,packaging,0.572266,528,0,619,189,103.87
30cm,yolo12n,726,756,24.188,25.188,1,7,pet_packaging,pet,packaging,0.40918,177,26,291,410,103.87
30cm,yolo12n,726,756,24.188,25.188,2,9,plastic_normal,plastic,normal,0.343994,293,118,428,283,103.87
30cm,yolo12n,727,757,24.221,25.221,0,5,pet_normal,pet,normal,0.523926,178,23,290,409,101.6
30cm,yolo12n,728,758,24.255,25.254,0,5,pet_normal,pet,normal,0.769531,178,22,291,408,101.336
30cm,yolo12n,729,759,24.288,25.287,0,5,pet_normal,pet,normal,0.668457,176,26,290,408,100.952
30cm,yolo12n,730,760,24.321,25.321,0,5,pet_normal,pet,normal,0.484131,164,27,288,409,100.907
30cm,yolo12n,731,761,24.355,25.354,0,7,pet_packaging,pet,packaging,0.383057,202,26,259,80,102.616
30cm,yolo12n,732,762,24.388,25.387,0,5,pet_normal,pet,normal,0.323486,176,213,290,409,101.547
30cm,yolo12n,732,762,24.388,25.387,1,7,pet_packaging,pet,packaging,0.620117,204,26,262,81,101.547
30cm,yolo12n,733,763,24.421,25.421,0,5,pet_normal,pet,normal,0.312988,170,233,291,409,101.288
30cm,yolo12n,733,763,24.421,25.421,1,7,pet_packaging,pet,packaging,0.344971,204,25,264,88,101.288
30cm,yolo12n,734,764,24.455,25.454,,,,,,,,,,,104.528
30cm,yolo12n,735,765,24.488,25.487,,,,,,,,,,,100.538
30cm,yolo12n,736,766,24.521,25.521,,,,,,,,,,,101.16
30cm,yolo12n,737,767,24.555,25.554,,,,,,,,,,,101.147
30cm,yolo12n,738,768,24.588,25.587,0,4,glass_packaging,glass,packaging,0.250977,528,0,616,162,103.287
30cm,yolo12n,739,769,24.621,25.621,,,,,,,,,,,101.511
30cm,yolo12n,740,770,24.654,25.654,,,,,,,,,,,101.491
30cm,yolo12n,741,771,24.688,25.687,,,,,,,,,,,101.353
30cm,yolo12n,742,772,24.721,25.721,,,,,,,,,,,104.075
30cm,yolo12n,743,773,24.754,25.754,,,,,,,,,,,100.887
30cm,yolo12n,744,774,24.788,25.787,,,,,,,,,,,100.818
30cm,yolo12n,745,775,24.821,25.821,0,2,glass_normal,glass,normal,0.307861,281,294,595,408,103.18
30cm,yolo12n,746,776,24.854,25.854,0,9,plastic_normal,plastic,normal,0.27002,363,216,478,279,101.483
30cm,yolo12n,747,777,24.888,25.887,,,,,,,,,,,101.604
30cm,yolo12n,748,778,24.921,25.921,,,,,,,,,,,101.489
30cm,yolo12n,749,779,24.954,25.954,,,,,,,,,,,100.994
30cm,yolo12n,750,780,24.988,25.987,,,,,,,,,,,103.885
30cm,yolo12n,751,781,25.021,26.02,,,,,,,,,,,100.877
30cm,yolo12n,752,782,25.054,26.054,,,,,,,,,,,103.693
30cm,yolo12n,753,783,25.088,26.087,,,,,,,,,,,104.797
30cm,yolo12n,754,784,25.121,26.12,,,,,,,,,,,101.232
30cm,yolo12n,755,785,25.154,26.154,0,5,pet_normal,pet,normal,0.329102,249,242,523,309,101.076
30cm,yolo12n,755,785,25.154,26.154,1,7,pet_packaging,pet,packaging,0.343262,248,243,521,308,101.076
30cm,yolo12n,756,786,25.188,26.187,0,7,pet_packaging,pet,packaging,0.318848,314,249,523,310,101.566
30cm,yolo12n,757,787,25.221,26.22,0,7,pet_packaging,pet,packaging,0.428711,259,242,520,313,101.553
30cm,yolo12n,758,788,25.254,26.254,0,7,pet_packaging,pet,packaging,0.658691,261,238,519,312,103.646
30cm,yolo12n,758,788,25.254,26.254,1,8,pet_dirty_packaging,pet,dirty_packaging,0.416992,261,239,514,312,103.646
30cm,yolo12n,759,789,25.287,26.287,0,7,pet_packaging,pet,packaging,0.635742,263,239,513,310,101.734
30cm,yolo12n,760,790,25.321,26.32,0,7,pet_packaging,pet,packaging,0.591309,267,247,515,313,102.683
30cm,yolo12n,761,791,25.354,26.354,0,7,pet_packaging,pet,packaging,0.574219,268,252,521,312,104.939
30cm,yolo12n,762,792,25.387,26.387,0,7,pet_packaging,pet,packaging,0.534668,271,258,528,313,101.636
30cm,yolo12n,762,792,25.387,26.387,1,8,pet_dirty_packaging,pet,dirty_packaging,0.324219,270,258,517,312,101.636
30cm,yolo12n,763,793,25.421,26.42,0,7,pet_packaging,pet,packaging,0.586426,273,249,530,317,101.197
30cm,yolo12n,763,793,25.421,26.42,1,8,pet_dirty_packaging,pet,dirty_packaging,0.415771,275,249,529,318,101.197
30cm,yolo12n,764,794,25.454,26.454,0,7,pet_packaging,pet,packaging,0.614258,273,240,531,319,101.284
30cm,yolo12n,764,794,25.454,26.454,1,8,pet_dirty_packaging,pet,dirty_packaging,0.421631,277,240,528,317,101.284
30cm,yolo12n,765,795,25.487,26.487,0,4,glass_packaging,glass,packaging,0.371582,566,111,639,323,103.105
30cm,yolo12n,765,795,25.487,26.487,1,7,pet_packaging,pet,packaging,0.59668,272,236,531,320,103.105
30cm,yolo12n,766,796,25.521,26.52,0,7,pet_packaging,pet,packaging,0.562012,269,234,532,324,104.085
30cm,yolo12n,767,797,25.554,26.554,0,7,pet_packaging,pet,packaging,0.503906,268,235,536,323,101.11
30cm,yolo12n,767,797,25.554,26.554,1,8,pet_dirty_packaging,pet,dirty_packaging,0.439697,268,235,535,322,101.11
30cm,yolo12n,768,798,25.587,26.587,0,4,glass_packaging,glass,packaging,0.684082,529,0,637,313,101.336
30cm,yolo12n,768,798,25.587,26.587,1,7,pet_packaging,pet,packaging,0.575684,267,237,539,320,101.336
30cm,yolo12n,769,799,25.621,26.62,0,4,glass_packaging,glass,packaging,0.434326,529,0,636,297,104.071
30cm,yolo12n,769,799,25.621,26.62,1,7,pet_packaging,pet,packaging,0.538574,267,246,540,323,104.071
30cm,yolo12n,770,800,25.654,26.653,0,4,glass_packaging,glass,packaging,0.361572,528,0,635,302,100.945
30cm,yolo12n,770,800,25.654,26.653,1,7,pet_packaging,pet,packaging,0.583496,264,261,540,324,100.945
30cm,yolo12n,771,801,25.687,26.687,0,4,glass_packaging,glass,packaging,0.400879,528,0,637,305,101.097
30cm,yolo12n,771,801,25.687,26.687,1,7,pet_packaging,pet,packaging,0.557129,262,263,542,324,101.097
30cm,yolo12n,772,802,25.721,26.72,0,4,glass_packaging,glass,packaging,0.463623,528,0,636,305,100.761
30cm,yolo12n,772,802,25.721,26.72,1,7,pet_packaging,pet,packaging,0.591797,260,267,544,326,100.761
30cm,yolo12n,773,803,25.754,26.753,0,4,glass_packaging,glass,packaging,0.542969,527,0,636,304,100.62
30cm,yolo12n,773,803,25.754,26.753,1,7,pet_packaging,pet,packaging,0.604004,259,266,545,326,100.62
30cm,yolo12n,774,804,25.787,26.787,0,4,glass_packaging,glass,packaging,0.381348,527,0,635,304,103.504
30cm,yolo12n,774,804,25.787,26.787,1,7,pet_packaging,pet,packaging,0.452148,259,263,546,327,103.504
30cm,yolo12n,775,805,25.821,26.82,0,4,glass_packaging,glass,packaging,0.47168,527,0,635,304,101.093
30cm,yolo12n,775,805,25.821,26.82,1,7,pet_packaging,pet,packaging,0.460938,256,261,543,329,101.093
30cm,yolo12n,775,805,25.821,26.82,2,8,pet_dirty_packaging,pet,dirty_packaging,0.441162,255,261,543,329,101.093
30cm,yolo12n,776,806,25.854,26.853,0,4,glass_packaging,glass,packaging,0.423584,527,0,635,305,100.644
30cm,yolo12n,776,806,25.854,26.853,1,7,pet_packaging,pet,packaging,0.488525,254,260,540,328,100.644
30cm,yolo12n,777,807,25.887,26.887,0,4,glass_packaging,glass,packaging,0.505859,528,0,638,311,103.836
30cm,yolo12n,777,807,25.887,26.887,1,7,pet_packaging,pet,packaging,0.589844,253,264,536,329,103.836
30cm,yolo12n,777,807,25.887,26.887,2,8,pet_dirty_packaging,pet,dirty_packaging,0.391846,253,265,538,331,103.836
30cm,yolo12n,778,808,25.921,26.92,0,4,glass_packaging,glass,packaging,0.544922,527,0,636,310,103.141
30cm,yolo12n,778,808,25.921,26.92,1,7,pet_packaging,pet,packaging,0.700684,253,267,535,330,103.141
30cm,yolo12n,779,809,25.954,26.953,0,4,glass_packaging,glass,packaging,0.521973,526,0,637,310,101.294
30cm,yolo12n,779,809,25.954,26.953,1,7,pet_packaging,pet,packaging,0.591797,253,263,535,331,101.294
30cm,yolo12n,780,810,25.987,26.987,0,4,glass_packaging,glass,packaging,0.498047,527,0,637,310,101.893
30cm,yolo12n,780,810,25.987,26.987,1,7,pet_packaging,pet,packaging,0.64209,252,259,531,331,101.893
30cm,yolo12n,781,811,26.02,27.02,0,4,glass_packaging,glass,packaging,0.407227,527,0,636,310,101.484
30cm,yolo12n,781,811,26.02,27.02,1,7,pet_packaging,pet,packaging,0.696289,252,260,527,331,101.484
30cm,yolo12n,782,812,26.054,27.053,0,4,glass_packaging,glass,packaging,0.318359,527,0,636,309,100.936
30cm,yolo12n,782,812,26.054,27.053,1,7,pet_packaging,pet,packaging,0.723633,253,262,522,330,100.936
30cm,yolo12n,783,813,26.087,27.087,0,4,glass_packaging,glass,packaging,0.360596,527,0,637,309,100.746
30cm,yolo12n,783,813,26.087,27.087,1,7,pet_packaging,pet,packaging,0.743164,254,263,519,330,100.746
30cm,yolo12n,784,814,26.12,27.12,0,4,glass_packaging,glass,packaging,0.330078,527,0,636,310,101.489
30cm,yolo12n,784,814,26.12,27.12,1,7,pet_packaging,pet,packaging,0.720703,253,260,515,330,101.489
30cm,yolo12n,785,815,26.154,27.153,0,4,glass_packaging,glass,packaging,0.530762,527,0,637,309,104.953
30cm,yolo12n,785,815,26.154,27.153,1,7,pet_packaging,pet,packaging,0.750488,254,259,511,331,104.953
30cm,yolo12n,786,816,26.187,27.187,0,7,pet_packaging,pet,packaging,0.741211,257,260,507,331,100.648
30cm,yolo12n,787,817,26.22,27.22,0,7,pet_packaging,pet,packaging,0.720703,262,261,504,331,100.669
30cm,yolo12n,788,818,26.254,27.253,0,4,glass_packaging,glass,packaging,0.394043,526,0,620,178,101.63
30cm,yolo12n,788,818,26.254,27.253,1,7,pet_packaging,pet,packaging,0.681152,280,261,502,330,101.63
30cm,yolo12n,789,819,26.287,27.286,0,4,glass_packaging,glass,packaging,0.510254,526,1,621,203,101.0
30cm,yolo12n,789,819,26.287,27.286,1,7,pet_packaging,pet,packaging,0.710449,255,262,502,331,101.0
30cm,yolo12n,790,820,26.32,27.32,0,4,glass_packaging,glass,packaging,0.604004,527,0,636,231,100.732
30cm,yolo12n,790,820,26.32,27.32,1,7,pet_packaging,pet,packaging,0.422607,272,260,500,328,100.732
30cm,yolo12n,791,821,26.354,27.353,0,4,glass_packaging,glass,packaging,0.544434,527,0,636,230,101.13
30cm,yolo12n,792,822,26.387,27.386,0,4,glass_packaging,glass,packaging,0.464355,527,0,624,218,103.121
30cm,yolo12n,793,823,26.42,27.42,0,4,glass_packaging,glass,packaging,0.544922,527,0,623,215,104.619
30cm,yolo12n,794,824,26.454,27.453,0,4,glass_packaging,glass,packaging,0.587402,526,0,628,221,101.606
30cm,yolo12n,795,825,26.487,27.486,0,4,glass_packaging,glass,packaging,0.63916,527,0,633,226,101.994
30cm,yolo12n,796,826,26.52,27.52,0,4,glass_packaging,glass,packaging,0.538574,526,0,634,225,101.315
30cm,yolo12n,797,827,26.554,27.553,0,4,glass_packaging,glass,packaging,0.460938,527,0,633,222,101.01
30cm,yolo12n,798,828,26.587,27.586,0,4,glass_packaging,glass,packaging,0.440186,525,0,630,217,100.934
30cm,yolo12n,799,829,26.62,27.62,0,4,glass_packaging,glass,packaging,0.577637,526,0,624,217,108.671
30cm,yolo12n,800,830,26.653,27.653,0,4,glass_packaging,glass,packaging,0.594238,526,0,624,217,102.006
30cm,yolo12n,801,831,26.687,27.686,0,4,glass_packaging,glass,packaging,0.496338,526,0,631,218,100.791
30cm,yolo12n,802,832,26.72,27.72,0,4,glass_packaging,glass,packaging,0.503906,526,0,633,225,100.9
30cm,yolo12n,803,833,26.753,27.753,0,4,glass_packaging,glass,packaging,0.623047,526,0,638,231,101.113
30cm,yolo12n,804,834,26.787,27.786,0,4,glass_packaging,glass,packaging,0.803223,526,0,639,237,100.854
30cm,yolo12n,805,835,26.82,27.82,0,4,glass_packaging,glass,packaging,0.788086,526,0,639,243,101.4
30cm,yolo12n,806,836,26.853,27.853,0,4,glass_packaging,glass,packaging,0.74707,525,0,638,240,101.085
30cm,yolo12n,807,837,26.887,27.886,0,4,glass_packaging,glass,packaging,0.696777,526,0,638,244,103.648
30cm,yolo12n,808,838,26.92,27.92,0,4,glass_packaging,glass,packaging,0.646973,526,0,637,235,101.475
30cm,yolo12n,809,839,26.953,27.953,0,4,glass_packaging,glass,packaging,0.580566,527,0,638,243,101.135
30cm,yolo12n,810,840,26.987,27.986,0,4,glass_packaging,glass,packaging,0.614746,527,0,638,239,100.291
30cm,yolo12n,811,841,27.02,28.019,0,4,glass_packaging,glass,packaging,0.66748,527,0,638,249,100.838
30cm,yolo12n,812,842,27.053,28.053,0,4,glass_packaging,glass,packaging,0.627441,527,0,638,264,101.506
30cm,yolo12n,813,843,27.087,28.086,0,4,glass_packaging,glass,packaging,0.623535,527,0,638,269,102.028
30cm,yolo12n,814,844,27.12,28.119,0,4,glass_packaging,glass,packaging,0.654297,528,0,639,290,101.005
30cm,yolo12n,814,844,27.12,28.119,1,7,pet_packaging,pet,packaging,0.336182,255,269,363,348,101.005
30cm,yolo12n,815,845,27.153,28.153,0,4,glass_packaging,glass,packaging,0.652344,527,0,637,287,103.582
30cm,yolo12n,816,846,27.187,28.186,0,4,glass_packaging,glass,packaging,0.69873,527,0,638,283,100.674
30cm,yolo12n,816,846,27.187,28.186,1,7,pet_packaging,pet,packaging,0.34082,254,264,364,350,100.674
30cm,yolo12n,817,847,27.22,28.219,0,4,glass_packaging,glass,packaging,0.661133,526,0,638,287,100.821
30cm,yolo12n,818,848,27.253,28.253,0,4,glass_packaging,glass,packaging,0.541504,525,0,638,281,104.592
30cm,yolo12n,819,849,27.286,28.286,0,4,glass_packaging,glass,packaging,0.605469,527,0,637,285,102.186
30cm,yolo12n,820,850,27.32,28.319,0,4,glass_packaging,glass,packaging,0.583496,527,0,637,289,101.516
30cm,yolo12n,821,851,27.353,28.353,0,4,glass_packaging,glass,packaging,0.655273,528,0,638,294,101.171
30cm,yolo12n,822,852,27.386,28.386,0,4,glass_packaging,glass,packaging,0.624512,527,0,638,290,101.659
30cm,yolo12n,823,853,27.42,28.419,0,4,glass_packaging,glass,packaging,0.695312,527,0,638,280,103.809
30cm,yolo12n,824,854,27.453,28.453,0,4,glass_packaging,glass,packaging,0.651367,527,0,638,274,100.759
30cm,yolo12n,825,855,27.486,28.486,0,4,glass_packaging,glass,packaging,0.540039,527,0,638,283,101.024
30cm,yolo12n,826,856,27.52,28.519,0,4,glass_packaging,glass,packaging,0.65918,527,0,638,272,104.859
30cm,yolo12n,827,857,27.553,28.553,0,4,glass_packaging,glass,packaging,0.524902,526,0,638,269,102.26
30cm,yolo12n,828,858,27.586,28.586,0,4,glass_packaging,glass,packaging,0.581055,527,0,638,268,101.43
30cm,yolo12n,829,859,27.62,28.619,0,4,glass_packaging,glass,packaging,0.45166,526,0,636,261,100.537
30cm,yolo12n,830,860,27.653,28.652,0,4,glass_packaging,glass,packaging,0.523438,527,0,638,272,101.255
30cm,yolo12n,831,861,27.686,28.686,0,4,glass_packaging,glass,packaging,0.429688,527,0,638,279,103.216
30cm,yolo12n,832,862,27.72,28.719,0,4,glass_packaging,glass,packaging,0.442139,527,0,638,274,99.938
30cm,yolo12n,833,863,27.753,28.752,0,4,glass_packaging,glass,packaging,0.567871,527,0,638,280,102.061
30cm,yolo12n,834,864,27.786,28.786,0,2,glass_normal,glass,normal,0.411621,251,96,367,429,103.998
30cm,yolo12n,834,864,27.786,28.786,1,4,glass_packaging,glass,packaging,0.543457,527,0,638,286,103.998
30cm,yolo12n,835,865,27.82,28.819,0,4,glass_packaging,glass,packaging,0.410156,526,0,638,278,100.606
30cm,yolo12n,836,866,27.853,28.852,0,4,glass_packaging,glass,packaging,0.445068,526,0,636,234,101.692
30cm,yolo12n,836,866,27.853,28.852,1,4,glass_packaging,glass,packaging,0.270508,241,96,357,432,101.692
30cm,yolo12n,837,867,27.886,28.886,0,2,glass_normal,glass,normal,0.660156,239,95,352,433,101.54
30cm,yolo12n,837,867,27.886,28.886,1,4,glass_packaging,glass,packaging,0.339844,525,0,629,225,101.54
30cm,yolo12n,838,868,27.92,28.919,0,4,glass_packaging,glass,packaging,0.4646,526,0,624,210,100.514
30cm,yolo12n,838,868,27.92,28.919,1,4,glass_packaging,glass,packaging,0.391602,239,95,352,433,100.514
30cm,yolo12n,839,869,27.953,28.952,0,2,glass_normal,glass,normal,0.286621,239,95,351,433,101.234
30cm,yolo12n,839,869,27.953,28.952,1,4,glass_packaging,glass,packaging,0.416504,526,0,632,202,101.234
30cm,yolo12n,839,869,27.953,28.952,2,4,glass_packaging,glass,packaging,0.416504,239,95,351,433,101.234
30cm,yolo12n,840,870,27.986,28.986,0,0,can_normal,can,normal,0.27124,239,95,351,433,102.536
30cm,yolo12n,840,870,27.986,28.986,1,4,glass_packaging,glass,packaging,0.369629,239,95,350,433,102.536
30cm,yolo12n,840,870,27.986,28.986,2,4,glass_packaging,glass,packaging,0.331787,526,0,627,184,102.536
30cm,yolo12n,841,871,28.019,29.019,0,0,can_normal,can,normal,0.331787,239,96,351,433,100.98
30cm,yolo12n,841,871,28.019,29.019,1,4,glass_packaging,glass,packaging,0.500977,239,95,351,433,100.98
30cm,yolo12n,842,872,28.053,29.052,0,0,can_normal,can,normal,0.369873,239,96,351,434,103.923
30cm,yolo12n,842,872,28.053,29.052,1,4,glass_packaging,glass,packaging,0.537598,239,96,350,434,103.923
30cm,yolo12n,843,873,28.086,29.086,0,0,can_normal,can,normal,0.408203,239,96,351,433,100.686
30cm,yolo12n,843,873,28.086,29.086,1,4,glass_packaging,glass,packaging,0.441406,239,96,351,433,100.686
30cm,yolo12n,843,873,28.086,29.086,2,4,glass_packaging,glass,packaging,0.280518,524,0,630,182,100.686
30cm,yolo12n,844,874,28.119,29.119,0,0,can_normal,can,normal,0.40625,239,95,351,432,101.466
30cm,yolo12n,844,874,28.119,29.119,1,4,glass_packaging,glass,packaging,0.363281,525,0,623,191,101.466
30cm,yolo12n,844,874,28.119,29.119,2,4,glass_packaging,glass,packaging,0.356689,239,95,350,432,101.466
30cm,yolo12n,845,875,28.153,29.152,0,0,can_normal,can,normal,0.357178,239,96,351,433,101.458
30cm,yolo12n,845,875,28.153,29.152,1,4,glass_packaging,glass,packaging,0.540527,239,95,351,432,101.458
30cm,yolo12n,845,875,28.153,29.152,2,4,glass_packaging,glass,packaging,0.480469,525,0,623,199,101.458
30cm,yolo12n,846,876,28.186,29.186,0,0,can_normal,can,normal,0.30957,239,96,351,433,103.458
30cm,yolo12n,846,876,28.186,29.186,1,4,glass_packaging,glass,packaging,0.584961,239,95,350,432,103.458
30cm,yolo12n,846,876,28.186,29.186,2,4,glass_packaging,glass,packaging,0.49707,524,0,623,204,103.458
30cm,yolo12n,847,877,28.219,29.219,0,0,can_normal,can,normal,0.346436,239,95,351,432,100.866
30cm,yolo12n,847,877,28.219,29.219,1,4,glass_packaging,glass,packaging,0.531738,525,0,625,209,100.866
30cm,yolo12n,847,877,28.219,29.219,2,4,glass_packaging,glass,packaging,0.470947,239,95,351,432,100.866
30cm,yolo12n,848,878,28.253,29.252,0,0,can_normal,can,normal,0.318604,239,96,351,433,103.712
30cm,yolo12n,848,878,28.253,29.252,1,4,glass_packaging,glass,packaging,0.468018,239,95,351,432,103.712
30cm,yolo12n,848,878,28.253,29.252,2,4,glass_packaging,glass,packaging,0.465576,525,0,628,212,103.712
30cm,yolo12n,849,879,28.286,29.286,0,0,can_normal,can,normal,0.256348,239,95,351,432,101.171
30cm,yolo12n,849,879,28.286,29.286,1,4,glass_packaging,glass,packaging,0.526367,524,0,629,215,101.171
30cm,yolo12n,849,879,28.286,29.286,2,4,glass_packaging,glass,packaging,0.394043,239,95,351,433,101.171
30cm,yolo12n,849,879,28.286,29.286,3,5,pet_normal,pet,normal,0.412354,343,281,536,359,101.171
30cm,yolo12n,850,880,28.319,29.319,0,4,glass_packaging,glass,packaging,0.560059,524,0,629,215,101.256
30cm,yolo12n,850,880,28.319,29.319,1,4,glass_packaging,glass,packaging,0.516113,239,95,351,432,101.256
30cm,yolo12n,851,881,28.353,29.352,0,4,glass_packaging,glass,packaging,0.603027,239,95,352,433,100.64
30cm,yolo12n,851,881,28.353,29.352,1,4,glass_packaging,glass,packaging,0.463379,525,0,629,222,100.64
30cm,yolo12n,852,882,28.386,29.385,0,4,glass_packaging,glass,packaging,0.377686,525,0,628,229,100.655
30cm,yolo12n,852,882,28.386,29.385,1,4,glass_packaging,glass,packaging,0.346924,239,94,349,432,100.655
30cm,yolo12n,853,883,28.419,29.419,0,4,glass_packaging,glass,packaging,0.60791,524,0,638,269,102.025
30cm,yolo12n,853,883,28.419,29.419,1,4,glass_packaging,glass,packaging,0.583984,239,96,350,432,102.025
30cm,yolo12n,854,884,28.453,29.452,0,4,glass_packaging,glass,packaging,0.621094,525,0,638,267,101.704
30cm,yolo12n,854,884,28.453,29.452,1,4,glass_packaging,glass,packaging,0.57373,239,90,350,432,101.704
30cm,yolo12n,855,885,28.486,29.485,0,4,glass_packaging,glass,packaging,0.756836,525,0,637,258,102.003
30cm,yolo12n,855,885,28.486,29.485,1,4,glass_packaging,glass,packaging,0.714844,239,95,350,433,102.003
30cm,yolo12n,856,886,28.519,29.519,0,0,can_normal,can,normal,0.253662,239,96,351,433,104.549
30cm,yolo12n,856,886,28.519,29.519,1,4,glass_packaging,glass,packaging,0.759766,525,0,638,261,104.549
30cm,yolo12n,856,886,28.519,29.519,2,4,glass_packaging,glass,packaging,0.714844,239,94,350,432,104.549
30cm,yolo12n,857,887,28.553,29.552,0,0,can_normal,can,normal,0.335205,239,96,351,433,101.518
30cm,yolo12n,857,887,28.553,29.552,1,4,glass_packaging,glass,packaging,0.706055,524,0,638,264,101.518
30cm,yolo12n,857,887,28.553,29.552,2,4,glass_packaging,glass,packaging,0.555176,239,96,350,433,101.518
30cm,yolo12n,858,888,28.586,29.585,0,0,can_normal,can,normal,0.303955,239,95,351,432,102.086
30cm,yolo12n,858,888,28.586,29.585,1,4,glass_packaging,glass,packaging,0.784668,527,0,639,266,102.086
30cm,yolo12n,858,888,28.586,29.585,2,4,glass_packaging,glass,packaging,0.270264,239,95,350,432,102.086
30cm,yolo12n,859,889,28.619,29.619,0,0,can_normal,can,normal,0.290283,239,95,351,431,102.115
30cm,yolo12n,859,889,28.619,29.619,1,4,glass_packaging,glass,packaging,0.778809,525,0,637,267,102.115
30cm,yolo12n,859,889,28.619,29.619,2,4,glass_packaging,glass,packaging,0.285889,239,95,350,432,102.115
30cm,yolo12n,859,889,28.619,29.619,3,7,pet_packaging,pet,packaging,0.290771,349,76,500,367,102.115
30cm,yolo12n,860,890,28.652,29.652,0,0,can_normal,can,normal,0.345215,239,95,351,431,103.521
30cm,yolo12n,860,890,28.652,29.652,1,4,glass_packaging,glass,packaging,0.80127,527,0,638,265,103.521
30cm,yolo12n,860,890,28.652,29.652,2,4,glass_packaging,glass,packaging,0.28418,239,95,351,432,103.521
30cm,yolo12n,860,890,28.652,29.652,3,7,pet_packaging,pet,packaging,0.29834,350,80,496,366,103.521
30cm,yolo12n,861,891,28.686,29.685,0,0,can_normal,can,normal,0.354492,239,95,351,431,101.308
30cm,yolo12n,861,891,28.686,29.685,1,4,glass_packaging,glass,packaging,0.800293,524,0,638,266,101.308
30cm,yolo12n,861,891,28.686,29.685,2,7,pet_packaging,pet,packaging,0.38501,350,81,493,366,101.308
30cm,yolo12n,862,892,28.719,29.719,0,0,can_normal,can,normal,0.334717,239,96,351,432,103.014
30cm,yolo12n,862,892,28.719,29.719,1,4,glass_packaging,glass,packaging,0.814941,526,0,637,266,103.014
30cm,yolo12n,862,892,28.719,29.719,2,4,glass_packaging,glass,packaging,0.395508,239,95,351,432,103.014
30cm,yolo12n,862,892,28.719,29.719,3,7,pet_packaging,pet,packaging,0.390137,347,81,489,368,103.014
30cm,yolo12n,863,893,28.752,29.752,0,4,glass_packaging,glass,packaging,0.620117,239,95,351,432,101.901
30cm,yolo12n,863,893,28.752,29.752,1,4,glass_packaging,glass,packaging,0.605957,525,0,620,189,101.901
30cm,yolo12n,863,893,28.752,29.752,2,7,pet_packaging,pet,packaging,0.322266,348,83,484,368,101.901
30cm,yolo12n,864,894,28.786,29.785,0,0,can_normal,can,normal,0.467041,239,95,351,431,104.481
30cm,yolo12n,864,894,28.786,29.785,1,4,glass_packaging,glass,packaging,0.383545,239,95,351,432,104.481
30cm,yolo12n,864,894,28.786,29.785,2,5,pet_normal,pet,normal,0.263428,348,84,477,366,104.481
30cm,yolo12n,864,894,28.786,29.785,3,7,pet_packaging,pet,packaging,0.288818,347,84,477,366,104.481
30cm,yolo12n,865,895,28.819,29.819,0,0,can_normal,can,normal,0.324707,239,95,351,432,100.355
30cm,yolo12n,865,895,28.819,29.819,1,4,glass_packaging,glass,packaging,0.496826,239,95,351,432,100.355
30cm,yolo12n,865,895,28.819,29.819,2,5,pet_normal,pet,normal,0.253418,347,81,468,367,100.355
30cm,yolo12n,865,895,28.819,29.819,3,7,pet_packaging,pet,packaging,0.251221,346,82,468,367,100.355
30cm,yolo12n,866,896,28.852,29.852,0,0,can_normal,can,normal,0.267334,239,95,351,432,100.417
30cm,yolo12n,866,896,28.852,29.852,1,4,glass_packaging,glass,packaging,0.438721,239,94,351,432,100.417
30cm,yolo12n,866,896,28.852,29.852,2,5,pet_normal,pet,normal,0.353027,347,83,454,366,100.417
30cm,yolo12n,866,896,28.852,29.852,3,7,pet_packaging,pet,packaging,0.287598,346,83,455,368,100.417
30cm,yolo12n,867,897,28.886,29.885,0,0,can_normal,can,normal,0.298584,239,95,351,433,101.38
30cm,yolo12n,867,897,28.886,29.885,1,4,glass_packaging,glass,packaging,0.459961,239,95,350,433,101.38
30cm,yolo12n,867,897,28.886,29.885,2,5,pet_normal,pet,normal,0.414307,347,83,444,367,101.38
30cm,yolo12n,868,898,28.919,29.919,0,0,can_normal,can,normal,0.284424,239,95,351,433,100.574
30cm,yolo12n,868,898,28.919,29.919,1,4,glass_packaging,glass,packaging,0.505371,239,94,350,433,100.574
30cm,yolo12n,868,898,28.919,29.919,2,7,pet_packaging,pet,packaging,0.252686,348,79,464,369,100.574
30cm,yolo12n,869,899,28.952,29.952,0,0,can_normal,can,normal,0.267822,239,94,351,432,101.482
30cm,yolo12n,869,899,28.952,29.952,1,4,glass_packaging,glass,packaging,0.264893,239,93,351,433,101.482
30cm,yolo12n,869,899,28.952,29.952,2,5,pet_normal,pet,normal,0.254639,344,81,459,368,101.482
30cm,yolo12n,869,899,28.952,29.952,3,7,pet_packaging,pet,packaging,0.325439,345,80,460,368,101.482
30cm,yolo12n,870,900,28.986,29.985,0,0,can_normal,can,normal,0.275391,239,94,351,433,101.542
30cm,yolo12n,870,900,28.986,29.985,1,4,glass_packaging,glass,packaging,0.307617,239,93,351,433,101.542
30cm,yolo12n,870,900,28.986,29.985,2,5,pet_normal,pet,normal,0.385254,342,80,448,368,101.542
30cm,yolo12n,871,901,29.019,30.018,0,4,glass_packaging,glass,packaging,0.509766,239,93,350,433,101.312
30cm,yolo12n,872,902,29.052,30.052,0,0,can_normal,can,normal,0.2771,240,95,353,433,104.222
30cm,yolo12n,872,902,29.052,30.052,1,4,glass_packaging,glass,packaging,0.431641,239,95,350,434,104.222
30cm,yolo12n,872,902,29.052,30.052,2,5,pet_normal,pet,normal,0.299805,342,80,438,367,104.222
30cm,yolo12n,873,903,29.086,30.085,0,0,can_normal,can,normal,0.270508,240,95,353,433,101.988
30cm,yolo12n,873,903,29.086,30.085,1,4,glass_packaging,glass,packaging,0.287354,239,95,350,433,101.988
30cm,yolo12n,874,904,29.119,30.118,0,0,can_normal,can,normal,0.303711,240,94,353,433,101.904
30cm,yolo12n,875,905,29.152,30.152,0,0,can_normal,can,normal,0.298584,239,94,351,432,101.881
30cm,yolo12n,876,906,29.186,30.185,0,0,can_normal,can,normal,0.250244,239,94,352,433,101.468
30cm,yolo12n,876,906,29.186,30.185,1,4,glass_packaging,glass,packaging,0.299316,239,93,351,433,101.468
30cm,yolo12n,877,907,29.219,30.218,0,0,can_normal,can,normal,0.268066,239,94,352,433,100.462
30cm,yolo12n,878,908,29.252,30.252,0,0,can_normal,can,normal,0.26123,240,94,352,433,101.6
30cm,yolo12n,878,908,29.252,30.252,1,7,pet_packaging,pet,packaging,0.273682,346,79,432,260,101.6
30cm,yolo12n,879,909,29.286,30.285,0,7,pet_packaging,pet,packaging,0.272949,345,78,444,303,101.202
30cm,yolo12n,880,910,29.319,30.318,0,7,pet_packaging,pet,packaging,0.329102,346,78,445,312,104.796
30cm,yolo12n,881,911,29.352,30.352,0,0,can_normal,can,normal,0.283203,239,94,351,433,101.889
30cm,yolo12n,881,911,29.352,30.352,1,7,pet_packaging,pet,packaging,0.350586,346,78,445,312,101.889
30cm,yolo12n,882,912,29.385,30.385,0,0,can_normal,can,normal,0.289795,239,94,351,433,101.231
30cm,yolo12n,883,913,29.419,30.418,0,0,can_normal,can,normal,0.291504,239,94,351,433,104.917
30cm,yolo12n,883,913,29.419,30.418,1,4,glass_packaging,glass,packaging,0.281982,239,93,350,432,104.917
30cm,yolo12n,884,914,29.452,30.452,0,0,can_normal,can,normal,0.298828,240,94,352,433,100.891
30cm,yolo12n,884,914,29.452,30.452,1,4,glass_packaging,glass,packaging,0.320068,239,91,351,433,100.891
30cm,yolo12n,885,915,29.485,30.485,0,0,can_normal,can,normal,0.31958,239,94,350,433,101.409
30cm,yolo12n,885,915,29.485,30.485,1,4,glass_packaging,glass,packaging,0.323486,239,92,350,432,101.409
30cm,yolo12n,886,916,29.519,30.518,,,,,,,,,,,100.972
30cm,yolo12n,887,917,29.552,30.552,0,7,pet_packaging,pet,packaging,0.27124,343,78,411,365,101.903
30cm,yolo12n,888,918,29.585,30.585,,,,,,,,,,,104.559
30cm,yolo12n,889,919,29.619,30.618,0,7,pet_packaging,pet,packaging,0.261475,343,78,410,369,101.439
30cm,yolo12n,890,920,29.652,30.651,0,7,pet_packaging,pet,packaging,0.28125,341,79,409,367,101.484
30cm,yolo12n,891,921,29.685,30.685,,,,,,,,,,,104.269
30cm,yolo12n,892,922,29.719,30.718,,,,,,,,,,,100.847
30cm,yolo12n,893,923,29.752,30.751,0,7,pet_packaging,pet,packaging,0.297607,344,82,407,280,100.532
30cm,yolo12n,894,924,29.785,30.785,,,,,,,,,,,102.604
30cm,yolo12n,895,925,29.819,30.818,0,5,pet_normal,pet,normal,0.26123,344,82,407,276,101.081
30cm,yolo12n,896,926,29.852,30.851,0,4,glass_packaging,glass,packaging,0.272705,239,90,350,433,101.273
30cm,yolo12n,896,926,29.852,30.851,1,5,pet_normal,pet,normal,0.302002,345,83,408,267,101.273
30cm,yolo12n,896,926,29.852,30.851,2,7,pet_packaging,pet,packaging,0.336182,344,83,407,263,101.273
30cm,yolo12n,897,927,29.885,30.885,0,4,glass_packaging,glass,packaging,0.295654,239,93,349,434,102.465
30cm,yolo12n,897,927,29.885,30.885,1,7,pet_packaging,pet,packaging,0.449219,343,83,403,262,102.465
30cm,yolo12n,898,928,29.919,30.918,0,4,glass_packaging,glass,packaging,0.460449,239,90,355,433,102.209
30cm,yolo12n,898,928,29.919,30.918,1,7,pet_packaging,pet,packaging,0.479248,337,84,399,263,102.209
30cm,yolo12n,899,929,29.952,30.951,0,4,glass_packaging,glass,packaging,0.456299,239,88,396,433,104.376
30cm,yolo12s,0,30,0.0,1.0,0,0,can_normal,can,normal,0.457031,311,146,387,360,208.697
30cm,yolo12s,0,30,0.0,1.0,1,1,can_dirty,can,dirty,0.586914,311,147,387,361,208.697
30cm,yolo12s,0,30,0.0,1.0,2,7,pet_packaging,pet,packaging,0.511719,403,92,489,358,208.697
30cm,yolo12s,0,30,0.0,1.0,3,9,plastic_normal,plastic,normal,0.373047,137,131,260,272,208.697
30cm,yolo12s,1,31,0.033,1.033,0,0,can_normal,can,normal,0.445557,311,146,387,359,205.348
30cm,yolo12s,1,31,0.033,1.033,1,1,can_dirty,can,dirty,0.586914,311,147,387,361,205.348
30cm,yolo12s,1,31,0.033,1.033,2,7,pet_packaging,pet,packaging,0.525391,403,92,489,359,205.348
30cm,yolo12s,1,31,0.033,1.033,3,9,plastic_normal,plastic,normal,0.414795,137,131,260,271,205.348
30cm,yolo12s,2,32,0.067,1.066,0,0,can_normal,can,normal,0.5,311,146,387,360,208.759
30cm,yolo12s,2,32,0.067,1.066,1,1,can_dirty,can,dirty,0.57959,311,147,387,361,208.759
30cm,yolo12s,2,32,0.067,1.066,2,7,pet_packaging,pet,packaging,0.521484,403,92,489,359,208.759
30cm,yolo12s,2,32,0.067,1.066,3,9,plastic_normal,plastic,normal,0.401611,137,131,260,272,208.759
30cm,yolo12s,3,33,0.1,1.099,0,0,can_normal,can,normal,0.492188,311,146,387,360,205.593
30cm,yolo12s,3,33,0.1,1.099,1,1,can_dirty,can,dirty,0.562012,311,146,387,360,205.593
30cm,yolo12s,3,33,0.1,1.099,2,7,pet_packaging,pet,packaging,0.525391,403,92,489,358,205.593
30cm,yolo12s,3,33,0.1,1.099,3,9,plastic_normal,plastic,normal,0.303223,137,131,260,270,205.593
30cm,yolo12s,4,34,0.133,1.133,0,0,can_normal,can,normal,0.460938,311,146,387,360,204.763
30cm,yolo12s,4,34,0.133,1.133,1,1,can_dirty,can,dirty,0.598145,311,147,387,361,204.763
30cm,yolo12s,4,34,0.133,1.133,2,7,pet_packaging,pet,packaging,0.525391,403,92,489,358,204.763
30cm,yolo12s,4,34,0.133,1.133,3,9,plastic_normal,plastic,normal,0.332031,137,131,260,272,204.763
30cm,yolo12s,5,35,0.167,1.166,0,0,can_normal,can,normal,0.490234,311,146,387,360,207.084
30cm,yolo12s,5,35,0.167,1.166,1,1,can_dirty,can,dirty,0.59082,311,147,387,361,207.084
30cm,yolo12s,5,35,0.167,1.166,2,7,pet_packaging,pet,packaging,0.513672,403,92,489,359,207.084
30cm,yolo12s,5,35,0.167,1.166,3,9,plastic_normal,plastic,normal,0.313965,137,131,260,272,207.084
30cm,yolo12s,6,36,0.2,1.199,0,0,can_normal,can,normal,0.482422,311,146,387,360,204.824
30cm,yolo12s,6,36,0.2,1.199,1,1,can_dirty,can,dirty,0.571777,311,147,387,361,204.824
30cm,yolo12s,6,36,0.2,1.199,2,7,pet_packaging,pet,packaging,0.521484,403,92,489,359,204.824
30cm,yolo12s,6,36,0.2,1.199,3,9,plastic_normal,plastic,normal,0.289307,137,131,260,272,204.824
30cm,yolo12s,7,37,0.233,1.233,0,0,can_normal,can,normal,0.490234,311,146,387,360,208.791
30cm,yolo12s,7,37,0.233,1.233,1,1,can_dirty,can,dirty,0.562012,311,146,387,360,208.791
30cm,yolo12s,7,37,0.233,1.233,2,7,pet_packaging,pet,packaging,0.514648,403,94,488,358,208.791
30cm,yolo12s,7,37,0.233,1.233,3,9,plastic_normal,plastic,normal,0.290283,137,131,259,272,208.791
30cm,yolo12s,8,38,0.267,1.266,0,0,can_normal,can,normal,0.476562,311,146,387,360,204.744
30cm,yolo12s,8,38,0.267,1.266,1,1,can_dirty,can,dirty,0.581543,311,147,387,361,204.744
30cm,yolo12s,8,38,0.267,1.266,2,7,pet_packaging,pet,packaging,0.524414,403,94,488,358,204.744
30cm,yolo12s,8,38,0.267,1.266,3,9,plastic_normal,plastic,normal,0.318359,137,131,259,273,204.744
30cm,yolo12s,9,39,0.3,1.299,0,0,can_normal,can,normal,0.474609,311,146,387,360,204.833
30cm,yolo12s,9,39,0.3,1.299,1,1,can_dirty,can,dirty,0.583008,311,146,387,360,204.833
30cm,yolo12s,9,39,0.3,1.299,2,7,pet_packaging,pet,packaging,0.501953,403,92,489,359,204.833
30cm,yolo12s,9,39,0.3,1.299,3,9,plastic_normal,plastic,normal,0.34082,137,131,259,272,204.833
30cm,yolo12s,10,40,0.333,1.333,0,0,can_normal,can,normal,0.480469,311,146,387,360,208.01
30cm,yolo12s,10,40,0.333,1.333,1,1,can_dirty,can,dirty,0.571777,311,147,387,361,208.01
30cm,yolo12s,10,40,0.333,1.333,2,7,pet_packaging,pet,packaging,0.490234,403,92,489,359,208.01
30cm,yolo12s,10,40,0.333,1.333,3,9,plastic_normal,plastic,normal,0.321777,137,131,260,272,208.01
30cm,yolo12s,11,41,0.366,1.366,0,0,can_normal,can,normal,0.484375,311,146,387,360,205.486
30cm,yolo12s,11,41,0.366,1.366,1,1,can_dirty,can,dirty,0.583008,311,147,387,361,205.486
30cm,yolo12s,11,41,0.366,1.366,2,7,pet_packaging,pet,packaging,0.478516,403,92,489,359,205.486
30cm,yolo12s,11,41,0.366,1.366,3,9,plastic_normal,plastic,normal,0.264404,137,131,259,272,205.486
30cm,yolo12s,12,42,0.4,1.399,0,0,can_normal,can,normal,0.484375,311,146,387,360,205.192
30cm,yolo12s,12,42,0.4,1.399,1,1,can_dirty,can,dirty,0.594727,311,146,387,360,205.192
30cm,yolo12s,12,42,0.4,1.399,2,7,pet_packaging,pet,packaging,0.515625,403,92,489,360,205.192
30cm,yolo12s,12,42,0.4,1.399,3,9,plastic_normal,plastic,normal,0.345947,137,131,259,271,205.192
30cm,yolo12s,13,43,0.433,1.433,0,0,can_normal,can,normal,0.484375,311,146,387,360,205.524
30cm,yolo12s,13,43,0.433,1.433,1,1,can_dirty,can,dirty,0.562012,311,146,387,360,205.524
30cm,yolo12s,13,43,0.433,1.433,2,7,pet_packaging,pet,packaging,0.505859,403,92,489,359,205.524
30cm,yolo12s,14,44,0.466,1.466,0,0,can_normal,can,normal,0.476562,311,146,388,360,206.343
30cm,yolo12s,14,44,0.466,1.466,1,1,can_dirty,can,dirty,0.571777,311,147,388,361,206.343
30cm,yolo12s,14,44,0.466,1.466,2,7,pet_packaging,pet,packaging,0.498047,403,92,489,359,206.343
30cm,yolo12s,14,44,0.466,1.466,3,9,plastic_normal,plastic,normal,0.303223,136,131,259,272,206.343
30cm,yolo12s,14,44,0.466,1.466,4,10,plastic_dirty,plastic,dirty,0.586914,529,0,622,204,206.343
30cm,yolo12s,15,45,0.5,1.499,0,0,can_normal,can,normal,0.484375,311,146,388,360,208.454
30cm,yolo12s,15,45,0.5,1.499,1,1,can_dirty,can,dirty,0.562012,311,147,388,361,208.454
30cm,yolo12s,15,45,0.5,1.499,2,7,pet_packaging,pet,packaging,0.494141,403,92,489,360,208.454
30cm,yolo12s,15,45,0.5,1.499,3,9,plastic_normal,plastic,normal,0.289307,137,131,260,273,208.454
30cm,yolo12s,15,45,0.5,1.499,4,10,plastic_dirty,plastic,dirty,0.451416,529,0,623,202,208.454
30cm,yolo12s,16,46,0.533,1.533,0,0,can_normal,can,normal,0.480469,311,146,388,360,209.532
30cm,yolo12s,16,46,0.533,1.533,1,1,can_dirty,can,dirty,0.611328,311,147,387,361,209.532
30cm,yolo12s,16,46,0.533,1.533,2,7,pet_packaging,pet,packaging,0.494141,403,92,489,359,209.532
30cm,yolo12s,16,46,0.533,1.533,3,9,plastic_normal,plastic,normal,0.321777,137,131,259,273,209.532
30cm,yolo12s,16,46,0.533,1.533,4,10,plastic_dirty,plastic,dirty,0.57959,529,0,623,203,209.532
30cm,yolo12s,17,47,0.566,1.566,0,0,can_normal,can,normal,0.482422,311,146,387,360,205.051
30cm,yolo12s,17,47,0.566,1.566,1,1,can_dirty,can,dirty,0.583008,311,147,388,361,205.051
30cm,yolo12s,17,47,0.566,1.566,2,7,pet_packaging,pet,packaging,0.488281,403,92,488,359,205.051
30cm,yolo12s,17,47,0.566,1.566,3,9,plastic_normal,plastic,normal,0.360352,137,131,259,273,205.051
30cm,yolo12s,17,47,0.566,1.566,4,10,plastic_dirty,plastic,dirty,0.613281,529,0,623,201,205.051
30cm,yolo12s,18,48,0.6,1.599,0,0,can_normal,can,normal,0.486328,311,146,388,360,205.384
30cm,yolo12s,18,48,0.6,1.599,1,1,can_dirty,can,dirty,0.583008,311,146,387,360,205.384
30cm,yolo12s,18,48,0.6,1.599,2,7,pet_packaging,pet,packaging,0.488281,403,92,489,359,205.384
30cm,yolo12s,18,48,0.6,1.599,3,9,plastic_normal,plastic,normal,0.328613,137,131,260,273,205.384
30cm,yolo12s,18,48,0.6,1.599,4,10,plastic_dirty,plastic,dirty,0.537109,529,0,622,197,205.384
30cm,yolo12s,19,49,0.633,1.633,0,0,can_normal,can,normal,0.493164,311,146,387,360,208.316
30cm,yolo12s,19,49,0.633,1.633,1,1,can_dirty,can,dirty,0.59082,311,147,387,361,208.316
30cm,yolo12s,19,49,0.633,1.633,2,7,pet_packaging,pet,packaging,0.482422,403,92,489,358,208.316
30cm,yolo12s,19,49,0.633,1.633,3,9,plastic_normal,plastic,normal,0.268066,137,131,259,273,208.316
30cm,yolo12s,19,49,0.633,1.633,4,10,plastic_dirty,plastic,dirty,0.458984,528,0,622,192,208.316
30cm,yolo12s,20,50,0.666,1.666,0,0,can_normal,can,normal,0.435791,311,146,387,360,205.563
30cm,yolo12s,20,50,0.666,1.666,1,1,can_dirty,can,dirty,0.594727,311,147,387,361,205.563
30cm,yolo12s,20,50,0.666,1.666,2,7,pet_packaging,pet,packaging,0.482422,403,92,489,358,205.563
30cm,yolo12s,20,50,0.666,1.666,3,9,plastic_normal,plastic,normal,0.297363,137,131,260,273,205.563
30cm,yolo12s,20,50,0.666,1.666,4,10,plastic_dirty,plastic,dirty,0.40918,529,0,622,188,205.563
30cm,yolo12s,21,51,0.7,1.699,0,0,can_normal,can,normal,0.490234,311,146,388,360,208.012
30cm,yolo12s,21,51,0.7,1.699,1,1,can_dirty,can,dirty,0.602051,311,147,387,361,208.012
30cm,yolo12s,21,51,0.7,1.699,2,7,pet_packaging,pet,packaging,0.477539,403,94,488,358,208.012
30cm,yolo12s,21,51,0.7,1.699,3,9,plastic_normal,plastic,normal,0.318359,137,131,259,272,208.012
30cm,yolo12s,21,51,0.7,1.699,4,10,plastic_dirty,plastic,dirty,0.434082,529,0,624,185,208.012
30cm,yolo12s,22,52,0.733,1.732,0,0,can_normal,can,normal,0.482422,311,146,388,360,206.016
30cm,yolo12s,22,52,0.733,1.732,1,1,can_dirty,can,dirty,0.575684,311,147,387,361,206.016
30cm,yolo12s,22,52,0.733,1.732,2,7,pet_packaging,pet,packaging,0.436768,403,92,489,359,206.016
30cm,yolo12s,22,52,0.733,1.732,3,9,plastic_normal,plastic,normal,0.303955,137,131,259,273,206.016
30cm,yolo12s,22,52,0.733,1.732,4,10,plastic_dirty,plastic,dirty,0.325928,529,0,622,185,206.016
30cm,yolo12s,23,53,0.766,1.766,0,0,can_normal,can,normal,0.429199,311,146,388,360,204.972
30cm,yolo12s,23,53,0.766,1.766,1,1,can_dirty,can,dirty,0.565918,311,147,388,361,204.972
30cm,yolo12s,23,53,0.766,1.766,2,4,glass_packaging,glass,packaging,0.259766,529,0,621,186,204.972
30cm,yolo12s,23,53,0.766,1.766,3,7,pet_packaging,pet,packaging,0.455078,402,92,488,359,204.972
30cm,yolo12s,23,53,0.766,1.766,4,9,plastic_normal,plastic,normal,0.312256,137,131,259,274,204.972
30cm,yolo12s,24,54,0.8,1.799,0,0,can_normal,can,normal,0.491211,310,146,387,360,209.424
30cm,yolo12s,24,54,0.8,1.799,1,1,can_dirty,can,dirty,0.560059,311,147,388,361,209.424
30cm,yolo12s,24,54,0.8,1.799,2,7,pet_packaging,pet,packaging,0.442627,403,94,488,358,209.424
30cm,yolo12s,24,54,0.8,1.799,3,9,plastic_normal,plastic,normal,0.2854,137,131,260,271,209.424
30cm,yolo12s,25,55,0.833,1.832,0,1,can_dirty,can,dirty,0.645996,311,147,388,361,205.565
30cm,yolo12s,25,55,0.833,1.832,1,7,pet_packaging,pet,packaging,0.421631,402,94,488,360,205.565
30cm,yolo12s,25,55,0.833,1.832,2,9,plastic_normal,plastic,normal,0.288574,137,131,260,270,205.565
30cm,yolo12s,26,56,0.866,1.866,0,0,can_normal,can,normal,0.462891,311,146,388,360,208.757
30cm,yolo12s,26,56,0.866,1.866,1,1,can_dirty,can,dirty,0.616699,311,147,388,361,208.757
30cm,yolo12s,26,56,0.866,1.866,2,7,pet_packaging,pet,packaging,0.59375,403,94,488,356,208.757
30cm,yolo12s,26,56,0.866,1.866,3,9,plastic_normal,plastic,normal,0.253906,137,131,260,270,208.757
30cm,yolo12s,27,57,0.9,1.899,0,0,can_normal,can,normal,0.47168,310,146,387,360,205.335
30cm,yolo12s,27,57,0.9,1.899,1,1,can_dirty,can,dirty,0.588867,311,147,388,361,205.335
30cm,yolo12s,27,57,0.9,1.899,2,7,pet_packaging,pet,packaging,0.557129,402,93,489,357,205.335
30cm,yolo12s,27,57,0.9,1.899,3,9,plastic_normal,plastic,normal,0.277588,137,131,260,273,205.335
30cm,yolo12s,28,58,0.933,1.932,0,0,can_normal,can,normal,0.529297,311,146,387,361,205.966
30cm,yolo12s,28,58,0.933,1.932,1,1,can_dirty,can,dirty,0.443604,311,146,386,361,205.966
30cm,yolo12s,28,58,0.933,1.932,2,9,plastic_normal,plastic,normal,0.286133,392,286,489,359,205.966
30cm,yolo12s,28,58,0.933,1.932,3,9,plastic_normal,plastic,normal,0.253906,137,131,259,274,205.966
30cm,yolo12s,29,59,0.966,1.966,0,0,can_normal,can,normal,0.629883,311,146,387,361,208.419
30cm,yolo12s,29,59,0.966,1.966,1,9,plastic_normal,plastic,normal,0.325195,137,131,259,273,208.419
30cm,yolo12s,30,60,1.0,1.999,0,0,can_normal,can,normal,0.743164,310,146,385,361,204.779
30cm,yolo12s,30,60,1.0,1.999,1,9,plastic_normal,plastic,normal,0.399902,137,131,260,273,204.779
30cm,yolo12s,30,60,1.0,1.999,2,10,plastic_dirty,plastic,dirty,0.352295,529,0,638,219,204.779
30cm,yolo12s,31,61,1.033,2.032,0,0,can_normal,can,normal,0.663574,311,147,387,361,205.538
30cm,yolo12s,31,61,1.033,2.032,1,7,pet_packaging,pet,packaging,0.520508,402,93,488,219,205.538
30cm,yolo12s,31,61,1.033,2.032,2,9,plastic_normal,plastic,normal,0.483398,137,131,260,273,205.538
30cm,yolo12s,31,61,1.033,2.032,3,10,plastic_dirty,plastic,dirty,0.390381,529,0,637,224,205.538
30cm,yolo12s,32,62,1.066,2.066,0,0,can_normal,can,normal,0.375732,308,146,387,277,207.07
30cm,yolo12s,32,62,1.066,2.066,1,7,pet_packaging,pet,packaging,0.415771,400,96,484,227,207.07
30cm,yolo12s,32,62,1.066,2.066,2,9,plastic_normal,plastic,normal,0.524414,137,131,260,273,207.07
30cm,yolo12s,32,62,1.066,2.066,3,10,plastic_dirty,plastic,dirty,0.375732,529,0,636,228,207.07
30cm,yolo12s,33,63,1.099,2.099,0,7,pet_packaging,pet,packaging,0.687012,395,100,478,229,205.666
30cm,yolo12s,33,63,1.099,2.099,1,9,plastic_normal,plastic,normal,0.49707,137,131,259,273,205.666
30cm,yolo12s,33,63,1.099,2.099,2,10,plastic_dirty,plastic,dirty,0.317383,529,0,637,235,205.666
30cm,yolo12s,34,64,1.133,2.132,0,7,pet_packaging,pet,packaging,0.63623,387,101,473,235,207.779
30cm,yolo12s,34,64,1.133,2.132,1,9,plastic_normal,plastic,normal,0.450439,137,131,260,273,207.779
30cm,yolo12s,34,64,1.133,2.132,2,10,plastic_dirty,plastic,dirty,0.256836,529,0,638,243,207.779
30cm,yolo12s,35,65,1.166,2.166,0,7,pet_packaging,pet,packaging,0.63623,386,102,468,242,208.781
30cm,yolo12s,35,65,1.166,2.166,1,9,plastic_normal,plastic,normal,0.489258,137,131,259,273,208.781
30cm,yolo12s,36,66,1.199,2.199,0,7,pet_packaging,pet,packaging,0.587891,383,102,465,245,206.361
30cm,yolo12s,36,66,1.199,2.199,1,9,plastic_normal,plastic,normal,0.469727,137,131,260,273,206.361
30cm,yolo12s,36,66,1.199,2.199,2,10,plastic_dirty,plastic,dirty,0.271973,529,0,637,250,206.361
30cm,yolo12s,37,67,1.233,2.232,0,7,pet_packaging,pet,packaging,0.516602,381,102,460,245,204.476
30cm,yolo12s,37,67,1.233,2.232,1,9,plastic_normal,plastic,normal,0.458008,137,131,259,272,204.476
30cm,yolo12s,38,68,1.266,2.266,0,7,pet_packaging,pet,packaging,0.540039,382,105,458,263,208.939
30cm,yolo12s,38,68,1.266,2.266,1,9,plastic_normal,plastic,normal,0.455078,137,131,260,273,208.939
30cm,yolo12s,38,68,1.266,2.266,2,10,plastic_dirty,plastic,dirty,0.421631,529,0,633,234,208.939
30cm,yolo12s,39,69,1.299,2.299,0,7,pet_packaging,pet,packaging,0.541992,382,106,457,266,205.037
30cm,yolo12s,39,69,1.299,2.299,1,9,plastic_normal,plastic,normal,0.389648,137,131,260,273,205.037
30cm,yolo12s,40,70,1.333,2.332,0,7,pet_packaging,pet,packaging,0.632324,383,106,459,269,208.626
30cm,yolo12s,40,70,1.333,2.332,1,9,plastic_normal,plastic,normal,0.404541,137,131,260,273,208.626
30cm,yolo12s,41,71,1.366,2.365,0,7,pet_packaging,pet,packaging,0.623535,382,105,459,271,206.375
30cm,yolo12s,41,71,1.366,2.365,1,9,plastic_normal,plastic,normal,0.519531,137,131,260,272,206.375
30cm,yolo12s,42,72,1.399,2.399,0,7,pet_packaging,pet,packaging,0.539062,383,102,460,269,212.554
30cm,yolo12s,42,72,1.399,2.399,1,9,plastic_normal,plastic,normal,0.510742,137,132,259,273,212.554
30cm,yolo12s,43,73,1.433,2.432,0,7,pet_packaging,pet,packaging,0.459961,384,99,460,267,213.541
30cm,yolo12s,43,73,1.433,2.432,1,9,plastic_normal,plastic,normal,0.543945,137,131,260,273,213.541
30cm,yolo12s,44,74,1.466,2.465,0,9,plastic_normal,plastic,normal,0.536133,137,131,260,272,206.12
30cm,yolo12s,45,75,1.499,2.499,0,9,plastic_normal,plastic,normal,0.546875,137,131,260,273,208.775
30cm,yolo12s,45,75,1.499,2.499,1,10,plastic_dirty,plastic,dirty,0.294922,530,0,639,248,208.775
30cm,yolo12s,46,76,1.533,2.532,0,9,plastic_normal,plastic,normal,0.485352,137,131,259,273,206.647
30cm,yolo12s,47,77,1.566,2.565,0,9,plastic_normal,plastic,normal,0.412109,137,131,259,272,205.474
30cm,yolo12s,48,78,1.599,2.599,0,9,plastic_normal,plastic,normal,0.436768,137,131,259,270,209.463
30cm,yolo12s,49,79,1.633,2.632,0,2,glass_normal,glass,normal,0.370117,136,132,259,273,205.195
30cm,yolo12s,49,79,1.633,2.632,1,9,plastic_normal,plastic,normal,0.281494,137,131,260,273,205.195
30cm,yolo12s,50,80,1.666,2.665,0,2,glass_normal,glass,normal,0.406494,137,131,259,272,207.118
30cm,yolo12s,50,80,1.666,2.665,1,4,glass_packaging,glass,packaging,0.291016,527,0,627,245,207.118
30cm,yolo12s,51,81,1.699,2.699,0,5,pet_normal,pet,normal,0.281494,137,132,259,273,206.302
30cm,yolo12s,51,81,1.699,2.699,1,9,plastic_normal,plastic,normal,0.284668,138,131,260,272,206.302
30cm,yolo12s,52,82,1.732,2.732,0,7,pet_packaging,pet,packaging,0.518555,356,78,472,297,206.627
30cm,yolo12s,52,82,1.732,2.732,1,9,plastic_normal,plastic,normal,0.414795,137,131,259,272,206.627
30cm,yolo12s,53,83,1.766,2.765,0,7,pet_packaging,pet,packaging,0.618652,338,85,537,328,204.674
30cm,yolo12s,53,83,1.766,2.765,1,9,plastic_normal,plastic,normal,0.396973,137,131,259,272,204.674
30cm,yolo12s,54,84,1.799,2.799,0,7,pet_packaging,pet,packaging,0.297363,319,94,635,345,208.716
30cm,yolo12s,54,84,1.799,2.799,1,9,plastic_normal,plastic,normal,0.549805,137,131,260,272,208.716
30cm,yolo12s,55,85,1.832,2.832,0,7,pet_packaging,pet,packaging,0.460938,298,105,623,343,205.559
30cm,yolo12s,55,85,1.832,2.832,1,9,plastic_normal,plastic,normal,0.540039,137,131,259,272,205.559
30cm,yolo12s,56,86,1.866,2.865,0,7,pet_packaging,pet,packaging,0.552734,285,115,638,340,206.923
30cm,yolo12s,56,86,1.866,2.865,1,9,plastic_normal,plastic,normal,0.506836,137,131,260,272,206.923
30cm,yolo12s,57,87,1.899,2.899,0,7,pet_packaging,pet,packaging,0.523438,271,129,636,347,209.531
30cm,yolo12s,57,87,1.899,2.899,1,9,plastic_normal,plastic,normal,0.457031,137,131,260,272,209.531
30cm,yolo12s,58,88,1.932,2.932,0,7,pet_packaging,pet,packaging,0.517578,257,149,639,333,206.916
30cm,yolo12s,58,88,1.932,2.932,1,9,plastic_normal,plastic,normal,0.492188,137,131,260,273,206.916
30cm,yolo12s,59,89,1.966,2.965,0,7,pet_packaging,pet,packaging,0.320801,240,181,639,334,209.069
30cm,yolo12s,59,89,1.966,2.965,1,9,plastic_normal,plastic,normal,0.475586,136,131,259,273,209.069
30cm,yolo12s,60,90,1.999,2.999,0,5,pet_normal,pet,normal,0.255371,230,218,639,338,206.158
30cm,yolo12s,60,90,1.999,2.999,1,9,plastic_normal,plastic,normal,0.429199,136,131,259,275,206.158
30cm,yolo12s,60,90,1.999,2.999,2,10,plastic_dirty,plastic,dirty,0.255371,530,0,631,224,206.158
30cm,yolo12s,61,91,2.032,3.032,0,9,plastic_normal,plastic,normal,0.414062,137,131,260,275,206.191
30cm,yolo12s,61,91,2.032,3.032,1,10,plastic_dirty,plastic,dirty,0.399902,529,0,629,223,206.191
30cm,yolo12s,62,92,2.066,3.065,0,9,plastic_normal,plastic,normal,0.661133,137,131,259,276,208.667
30cm,yolo12s,63,93,2.099,3.098,0,9,plastic_normal,plastic,normal,0.643555,137,131,259,274,206.519
30cm,yolo12s,63,93,2.099,3.098,1,10,plastic_dirty,plastic,dirty,0.384033,529,0,626,216,206.519
30cm,yolo12s,64,94,2.132,3.132,0,9,plastic_normal,plastic,normal,0.415771,137,131,259,274,205.134
30cm,yolo12s,64,94,2.132,3.132,1,10,plastic_dirty,plastic,dirty,0.416748,529,0,624,211,205.134
30cm,yolo12s,65,95,2.166,3.165,0,9,plastic_normal,plastic,normal,0.411133,136,131,259,272,204.993
30cm,yolo12s,65,95,2.166,3.165,1,10,plastic_dirty,plastic,dirty,0.416748,528,0,622,207,204.993
30cm,yolo12s,66,96,2.199,3.198,0,9,plastic_normal,plastic,normal,0.489258,137,131,259,273,206.606
30cm,yolo12s,66,96,2.199,3.198,1,10,plastic_dirty,plastic,dirty,0.392334,529,0,623,204,206.606
30cm,yolo12s,67,97,2.232,3.232,0,9,plastic_normal,plastic,normal,0.311523,137,131,260,272,208.882
30cm,yolo12s,67,97,2.232,3.232,1,10,plastic_dirty,plastic,dirty,0.498047,529,0,623,202,208.882
30cm,yolo12s,68,98,2.266,3.265,0,7,pet_packaging,pet,packaging,0.268066,140,131,260,353,208.487
30cm,yolo12s,68,98,2.266,3.265,1,9,plastic_normal,plastic,normal,0.268066,139,132,259,272,208.487
30cm,yolo12s,68,98,2.266,3.265,2,10,plastic_dirty,plastic,dirty,0.390381,529,0,622,202,208.487
30cm,yolo12s,69,99,2.299,3.298,0,7,pet_packaging,pet,packaging,0.286865,140,131,261,353,206.191
30cm,yolo12s,69,99,2.299,3.298,1,9,plastic_normal,plastic,normal,0.332031,139,133,259,272,206.191
30cm,yolo12s,69,99,2.299,3.298,2,10,plastic_dirty,plastic,dirty,0.42627,529,0,624,204,206.191
30cm,yolo12s,70,100,2.332,3.332,0,9,plastic_normal,plastic,normal,0.568848,138,133,257,272,206.113
30cm,yolo12s,70,100,2.332,3.332,1,10,plastic_dirty,plastic,dirty,0.390381,529,0,623,203,206.113
30cm,yolo12s,71,101,2.365,3.365,0,9,plastic_normal,plastic,normal,0.626953,139,132,258,272,205.305
30cm,yolo12s,71,101,2.365,3.365,1,10,plastic_dirty,plastic,dirty,0.604004,320,224,561,321,205.305
30cm,yolo12s,72,102,2.399,3.398,0,7,pet_packaging,pet,packaging,0.254639,182,272,471,368,208.049
30cm,yolo12s,72,102,2.399,3.398,1,9,plastic_normal,plastic,normal,0.599121,139,133,258,272,208.049
30cm,yolo12s,72,102,2.399,3.398,2,10,plastic_dirty,plastic,dirty,0.428223,319,217,573,296,208.049
30cm,yolo12s,72,102,2.399,3.398,3,10,plastic_dirty,plastic,dirty,0.27832,529,0,622,197,208.049
30cm,yolo12s,73,103,2.432,3.432,0,9,plastic_normal,plastic,normal,0.571777,139,133,258,272,209.058
30cm,yolo12s,73,103,2.432,3.432,1,10,plastic_dirty,plastic,dirty,0.644043,325,207,576,282,209.058
30cm,yolo12s,74,104,2.465,3.465,0,7,pet_packaging,pet,packaging,0.600098,154,270,469,365,205.644
30cm,yolo12s,74,104,2.465,3.465,1,9,plastic_normal,plastic,normal,0.637207,139,133,259,272,205.644
30cm,yolo12s,74,104,2.465,3.465,2,10,plastic_dirty,plastic,dirty,0.686035,329,194,578,274,205.644
30cm,yolo12s,75,105,2.499,3.498,0,7,pet_packaging,pet,packaging,0.554688,155,270,469,367,207.187
30cm,yolo12s,75,105,2.499,3.498,1,9,plastic_normal,plastic,normal,0.580566,138,133,258,272,207.187
30cm,yolo12s,75,105,2.499,3.498,2,10,plastic_dirty,plastic,dirty,0.737305,334,184,576,272,207.187
30cm,yolo12s,76,106,2.532,3.532,0,4,glass_packaging,glass,packaging,0.390381,528,0,622,185,208.56
30cm,yolo12s,76,106,2.532,3.532,1,7,pet_packaging,pet,packaging,0.594727,154,270,468,367,208.56
30cm,yolo12s,76,106,2.532,3.532,2,9,plastic_normal,plastic,normal,0.585938,138,133,258,272,208.56
30cm,yolo12s,76,106,2.532,3.532,3,10,plastic_dirty,plastic,dirty,0.743164,337,174,573,265,208.56
30cm,yolo12s,77,107,2.565,3.565,0,7,pet_packaging,pet,packaging,0.615234,151,269,468,365,205.962
30cm,yolo12s,77,107,2.565,3.565,1,9,plastic_normal,plastic,normal,0.540039,139,133,258,272,205.962
30cm,yolo12s,77,107,2.565,3.565,2,10,plastic_dirty,plastic,dirty,0.622559,337,165,564,257,205.962
30cm,yolo12s,78,108,2.599,3.598,0,7,pet_packaging,pet,packaging,0.637207,155,270,468,365,208.011
30cm,yolo12s,78,108,2.599,3.598,1,9,plastic_normal,plastic,normal,0.486328,138,133,258,272,208.011
30cm,yolo12s,78,108,2.599,3.598,2,10,plastic_dirty,plastic,dirty,0.658203,338,157,555,250,208.011
30cm,yolo12s,79,109,2.632,3.632,0,7,pet_packaging,pet,packaging,0.616699,154,270,468,366,205.642
30cm,yolo12s,79,109,2.632,3.632,1,9,plastic_normal,plastic,normal,0.510742,138,133,258,272,205.642
30cm,yolo12s,79,109,2.632,3.632,2,10,plastic_dirty,plastic,dirty,0.569824,339,149,545,244,205.642
30cm,yolo12s,80,110,2.665,3.665,0,7,pet_packaging,pet,packaging,0.613281,155,270,468,364,206.845
30cm,yolo12s,80,110,2.665,3.665,1,9,plastic_normal,plastic,normal,0.566895,139,133,259,272,206.845
30cm,yolo12s,80,110,2.665,3.665,2,10,plastic_dirty,plastic,dirty,0.539062,343,141,537,237,206.845
30cm,yolo12s,81,111,2.699,3.698,0,7,pet_packaging,pet,packaging,0.57373,154,270,468,363,208.37
30cm,yolo12s,81,111,2.699,3.698,1,9,plastic_normal,plastic,normal,0.606934,139,133,258,272,208.37
30cm,yolo12s,81,111,2.699,3.698,2,10,plastic_dirty,plastic,dirty,0.394287,342,134,528,224,208.37
30cm,yolo12s,82,112,2.732,3.731,0,7,pet_packaging,pet,packaging,0.608398,178,271,468,362,204.764
30cm,yolo12s,82,112,2.732,3.731,1,9,plastic_normal,plastic,normal,0.514648,139,133,258,272,204.764
30cm,yolo12s,82,112,2.732,3.731,2,10,plastic_dirty,plastic,dirty,0.475586,335,128,518,221,204.764
30cm,yolo12s,83,113,2.765,3.765,0,7,pet_packaging,pet,packaging,0.57959,157,270,468,364,205.132
30cm,yolo12s,83,113,2.765,3.765,1,9,plastic_normal,plastic,normal,0.585938,139,133,258,272,205.132
30cm,yolo12s,83,113,2.765,3.765,2,10,plastic_dirty,plastic,dirty,0.482422,329,121,509,213,205.132
30cm,yolo12s,84,114,2.799,3.798,0,7,pet_packaging,pet,packaging,0.552734,156,270,468,365,206.524
30cm,yolo12s,84,114,2.799,3.798,1,9,plastic_normal,plastic,normal,0.551758,139,133,258,272,206.524
30cm,yolo12s,84,114,2.799,3.798,2,10,plastic_dirty,plastic,dirty,0.289307,321,114,497,203,206.524
30cm,yolo12s,85,115,2.832,3.831,0,7,pet_packaging,pet,packaging,0.556641,157,270,468,365,205.198
30cm,yolo12s,85,115,2.832,3.831,1,9,plastic_normal,plastic,normal,0.541992,139,133,258,272,205.198
30cm,yolo12s,86,116,2.865,3.865,0,7,pet_packaging,pet,packaging,0.555664,180,271,466,365,208.089
30cm,yolo12s,86,116,2.865,3.865,1,9,plastic_normal,plastic,normal,0.456055,139,132,259,273,208.089
30cm,yolo12s,87,117,2.899,3.898,0,7,pet_packaging,pet,packaging,0.451416,179,271,467,365,208.155
30cm,yolo12s,87,117,2.899,3.898,1,9,plastic_normal,plastic,normal,0.46582,139,133,258,272,208.155
30cm,yolo12s,88,118,2.932,3.931,0,7,pet_packaging,pet,packaging,0.50293,180,270,467,365,206.993
30cm,yolo12s,88,118,2.932,3.931,1,9,plastic_normal,plastic,normal,0.541992,139,133,259,272,206.993
30cm,yolo12s,89,119,2.965,3.965,0,7,pet_packaging,pet,packaging,0.450439,180,271,467,366,205.137
30cm,yolo12s,89,119,2.965,3.965,1,9,plastic_normal,plastic,normal,0.499023,139,133,259,272,205.137
30cm,yolo12s,90,120,2.999,3.998,0,7,pet_packaging,pet,packaging,0.554688,156,270,468,365,205.572
30cm,yolo12s,90,120,2.999,3.998,1,9,plastic_normal,plastic,normal,0.479492,139,133,258,272,205.572
30cm,yolo12s,91,121,3.032,4.031,0,7,pet_packaging,pet,packaging,0.57666,179,271,467,365,205.199
30cm,yolo12s,91,121,3.032,4.031,1,9,plastic_normal,plastic,normal,0.47168,139,133,258,272,205.199
30cm,yolo12s,92,122,3.065,4.065,0,7,pet_packaging,pet,packaging,0.646973,180,271,466,365,209.98
30cm,yolo12s,92,122,3.065,4.065,1,9,plastic_normal,plastic,normal,0.494141,139,133,258,273,209.98
30cm,yolo12s,93,123,3.098,4.098,0,7,pet_packaging,pet,packaging,0.610352,178,270,465,365,204.667
30cm,yolo12s,93,123,3.098,4.098,1,9,plastic_normal,plastic,normal,0.608398,139,133,250,273,204.667
30cm,yolo12s,94,124,3.132,4.131,0,7,pet_packaging,pet,packaging,0.601074,179,271,466,365,204.887
30cm,yolo12s,94,124,3.132,4.131,1,9,plastic_normal,plastic,normal,0.652344,139,132,249,272,204.887
30cm,yolo12s,95,125,3.165,4.165,0,7,pet_packaging,pet,packaging,0.479492,180,271,466,366,209.039
30cm,yolo12s,95,125,3.165,4.165,1,9,plastic_normal,plastic,normal,0.601074,138,134,249,272,209.039
30cm,yolo12s,96,126,3.198,4.198,0,7,pet_packaging,pet,packaging,0.435059,181,271,464,366,208.742
30cm,yolo12s,96,126,3.198,4.198,1,9,plastic_normal,plastic,normal,0.527344,132,135,247,272,208.742
30cm,yolo12s,97,127,3.232,4.231,0,7,pet_packaging,pet,packaging,0.433105,182,271,467,366,207.56
30cm,yolo12s,97,127,3.232,4.231,1,9,plastic_normal,plastic,normal,0.547852,131,135,245,272,207.56
30cm,yolo12s,98,128,3.265,4.265,0,7,pet_packaging,pet,packaging,0.453369,180,271,452,364,205.595
30cm,yolo12s,98,128,3.265,4.265,1,9,plastic_normal,plastic,normal,0.693359,131,135,244,273,205.595
30cm,yolo12s,99,129,3.298,4.298,0,7,pet_packaging,pet,packaging,0.520508,159,272,425,366,205.866
30cm,yolo12s,99,129,3.298,4.298,1,9,plastic_normal,plastic,normal,0.541992,134,132,249,272,205.866
30cm,yolo12s,100,130,3.332,4.331,0,7,pet_packaging,pet,packaging,0.430176,157,273,402,366,207.926
30cm,yolo12s,100,130,3.332,4.331,1,9,plastic_normal,plastic,normal,0.719238,136,133,247,272,207.926
30cm,yolo12s,101,131,3.365,4.365,0,7,pet_packaging,pet,packaging,0.421631,157,274,376,367,205.289
30cm,yolo12s,101,131,3.365,4.365,1,9,plastic_normal,plastic,normal,0.619629,137,134,248,273,205.289
30cm,yolo12s,102,132,3.398,4.398,0,7,pet_packaging,pet,packaging,0.415771,157,273,360,366,206.004
30cm,yolo12s,102,132,3.398,4.398,1,9,plastic_normal,plastic,normal,0.475586,137,133,251,273,206.004
30cm,yolo12s,103,133,3.432,4.431,0,7,pet_packaging,pet,packaging,0.383057,154,272,343,367,206.832
30cm,yolo12s,104,134,3.465,4.464,0,7,pet_packaging,pet,packaging,0.253174,155,274,332,369,207.055
30cm,yolo12s,104,134,3.465,4.464,1,9,plastic_normal,plastic,normal,0.29834,159,274,331,369,207.055
30cm,yolo12s,105,135,3.498,4.498,0,7,pet_packaging,pet,packaging,0.385742,159,274,321,365,208.864
30cm,yolo12s,106,136,3.532,4.531,0,7,pet_packaging,pet,packaging,0.374756,160,275,309,363,209.558
30cm,yolo12s,106,136,3.532,4.531,1,9,plastic_normal,plastic,normal,0.359375,160,275,308,365,209.558
30cm,yolo12s,107,137,3.565,4.564,0,7,pet_packaging,pet,packaging,0.545898,160,275,302,352,207.089
30cm,yolo12s,108,138,3.598,4.598,0,7,pet_packaging,pet,packaging,0.589844,160,276,289,352,206.471
30cm,yolo12s,109,139,3.632,4.631,0,7,pet_packaging,pet,packaging,0.698242,160,280,289,352,205.698
30cm,yolo12s,110,140,3.665,4.664,0,7,pet_packaging,pet,packaging,0.563965,160,281,288,351,206.456
30cm,yolo12s,110,140,3.665,4.664,1,7,pet_packaging,pet,packaging,0.266602,195,89,294,271,206.456
30cm,yolo12s,111,141,3.698,4.698,0,7,pet_packaging,pet,packaging,0.329346,161,281,292,351,209.281
30cm,yolo12s,111,141,3.698,4.698,1,7,pet_packaging,pet,packaging,0.313232,208,83,291,270,209.281
30cm,yolo12s,112,142,3.731,4.731,0,7,pet_packaging,pet,packaging,0.349609,161,298,273,360,205.797
30cm,yolo12s,113,143,3.765,4.764,,,,,,,,,,,206.801
30cm,yolo12s,114,144,3.798,4.798,0,7,pet_packaging,pet,packaging,0.530273,161,281,344,355,209.925
30cm,yolo12s,115,145,3.831,4.831,,,,,,,,,,,207.834
30cm,yolo12s,116,146,3.865,4.864,0,7,pet_packaging,pet,packaging,0.443604,160,280,381,395,209.528
30cm,yolo12s,117,147,3.898,4.898,0,7,pet_packaging,pet,packaging,0.550781,160,270,419,355,205.914
30cm,yolo12s,118,148,3.931,4.931,0,7,pet_packaging,pet,packaging,0.499023,162,251,281,367,205.716
30cm,yolo12s,119,149,3.965,4.964,0,7,pet_packaging,pet,packaging,0.488281,164,251,280,360,210.615
30cm,yolo12s,119,149,3.965,4.964,1,7,pet_packaging,pet,packaging,0.304932,278,89,393,441,210.615
30cm,yolo12s,120,150,3.998,4.998,0,7,pet_packaging,pet,packaging,0.273682,279,89,392,441,209.606
30cm,yolo12s,121,151,4.031,5.031,0,7,pet_packaging,pet,packaging,0.413086,277,91,392,440,206.248
30cm,yolo12s,122,152,4.065,5.064,0,7,pet_packaging,pet,packaging,0.373779,275,90,391,440,206.015
30cm,yolo12s,123,153,4.098,5.097,,,,,,,,,,,207.247
30cm,yolo12s,124,154,4.131,5.131,,,,,,,,,,,205.186
30cm,yolo12s,125,155,4.165,5.164,,,,,,,,,,,208.409
30cm,yolo12s,126,156,4.198,5.197,,,,,,,,,,,206.323
30cm,yolo12s,127,157,4.231,5.231,,,,,,,,,,,207.374
30cm,yolo12s,128,158,4.265,5.264,,,,,,,,,,,208.522
30cm,yolo12s,129,159,4.298,5.297,,,,,,,,,,,205.724
30cm,yolo12s,130,160,4.331,5.331,0,7,pet_packaging,pet,packaging,0.459961,386,132,466,352,211.853
30cm,yolo12s,130,160,4.331,5.331,1,10,plastic_dirty,plastic,dirty,0.517578,496,205,639,284,211.853
30cm,yolo12s,131,161,4.365,5.364,0,7,pet_packaging,pet,packaging,0.383057,384,127,477,359,206.84
30cm,yolo12s,131,161,4.365,5.364,1,10,plastic_dirty,plastic,dirty,0.535156,503,199,639,284,206.84
30cm,yolo12s,132,162,4.398,5.397,0,10,plastic_dirty,plastic,dirty,0.596191,506,194,639,262,206.651
30cm,yolo12s,133,163,4.431,5.431,0,10,plastic_dirty,plastic,dirty,0.584961,506,189,639,256,208.743
30cm,yolo12s,134,164,4.464,5.464,,,,,,,,,,,205.859
30cm,yolo12s,135,165,4.498,5.497,,,,,,,,,,,209.991
30cm,yolo12s,136,166,4.531,5.531,,,,,,,,,,,206.004
30cm,yolo12s,137,167,4.564,5.564,,,,,,,,,,,205.888
30cm,yolo12s,138,168,4.598,5.597,,,,,,,,,,,209.07
30cm,yolo12s,139,169,4.631,5.631,,,,,,,,,,,207.248
30cm,yolo12s,140,170,4.664,5.664,,,,,,,,,,,206.167
30cm,yolo12s,141,171,4.698,5.697,,,,,,,,,,,205.454
30cm,yolo12s,142,172,4.731,5.73,,,,,,,,,,,205.832
30cm,yolo12s,143,173,4.764,5.764,0,9,plastic_normal,plastic,normal,0.40918,520,119,639,279,208.478
30cm,yolo12s,144,174,4.798,5.797,0,7,pet_packaging,pet,packaging,0.262207,533,117,639,289,211.796
30cm,yolo12s,144,174,4.798,5.797,1,9,plastic_normal,plastic,normal,0.296631,533,117,639,288,211.796
30cm,yolo12s,145,175,4.831,5.83,0,7,pet_packaging,pet,packaging,0.273682,546,116,639,290,206.679
30cm,yolo12s,146,176,4.864,5.864,0,7,pet_packaging,pet,packaging,0.256104,552,116,639,274,207.474
30cm,yolo12s,147,177,4.898,5.897,0,7,pet_packaging,pet,packaging,0.47168,560,116,639,284,207.009
30cm,yolo12s,148,178,4.931,5.93,,,,,,,,,,,206.414
30cm,yolo12s,149,179,4.964,5.964,,,,,,,,,,,208.457
30cm,yolo12s,150,180,4.998,5.997,,,,,,,,,,,206.193
30cm,yolo12s,151,181,5.031,6.03,,,,,,,,,,,206.555
30cm,yolo12s,152,182,5.064,6.064,,,,,,,,,,,209.967
30cm,yolo12s,153,183,5.097,6.097,,,,,,,,,,,207.458
30cm,yolo12s,154,184,5.131,6.13,,,,,,,,,,,210.282
30cm,yolo12s,155,185,5.164,6.164,,,,,,,,,,,206.65
30cm,yolo12s,156,186,5.197,6.197,,,,,,,,,,,206.474
30cm,yolo12s,157,187,5.231,6.23,,,,,,,,,,,208.9
30cm,yolo12s,158,188,5.264,6.264,,,,,,,,,,,206.175
30cm,yolo12s,159,189,5.297,6.297,,,,,,,,,,,210.405
30cm,yolo12s,160,190,5.331,6.33,,,,,,,,,,,206.815
30cm,yolo12s,161,191,5.364,6.364,,,,,,,,,,,206.136
30cm,yolo12s,162,192,5.397,6.397,,,,,,,,,,,208.433
30cm,yolo12s,163,193,5.431,6.43,,,,,,,,,,,206.309
30cm,yolo12s,164,194,5.464,6.463,,,,,,,,,,,204.856
30cm,yolo12s,165,195,5.497,6.497,,,,,,,,,,,205.736
30cm,yolo12s,166,196,5.531,6.53,,,,,,,,,,,206.7
30cm,yolo12s,167,197,5.564,6.563,,,,,,,,,,,209.886
30cm,yolo12s,168,198,5.597,6.597,,,,,,,,,,,210.094
30cm,yolo12s,169,199,5.631,6.63,,,,,,,,,,,206.838
30cm,yolo12s,170,200,5.664,6.663,,,,,,,,,,,207.269
30cm,yolo12s,171,201,5.697,6.697,,,,,,,,,,,208.852
30cm,yolo12s,172,202,5.73,6.73,,,,,,,,,,,208.7
30cm,yolo12s,173,203,5.764,6.763,0,9,plastic_normal,plastic,normal,0.344238,528,0,602,131,208.709
30cm,yolo12s,174,204,5.797,6.797,,,,,,,,,,,206.848
30cm,yolo12s,175,205,5.83,6.83,,,,,,,,,,,208.783
30cm,yolo12s,176,206,5.864,6.863,0,10,plastic_dirty,plastic,dirty,0.366699,529,0,622,186,210.62
30cm,yolo12s,177,207,5.897,6.897,0,10,plastic_dirty,plastic,dirty,0.473633,529,0,622,200,206.078
30cm,yolo12s,178,208,5.93,6.93,0,10,plastic_dirty,plastic,dirty,0.464844,529,0,626,217,210.018
30cm,yolo12s,179,209,5.964,6.963,0,10,plastic_dirty,plastic,dirty,0.26123,532,0,628,222,207.878
30cm,yolo12s,180,210,5.997,6.997,,,,,,,,,,,205.739
30cm,yolo12s,181,211,6.03,7.03,0,10,plastic_dirty,plastic,dirty,0.315674,529,0,633,222,208.405
30cm,yolo12s,182,212,6.064,7.063,0,10,plastic_dirty,plastic,dirty,0.422607,529,0,634,222,207.578
30cm,yolo12s,183,213,6.097,7.096,0,10,plastic_dirty,plastic,dirty,0.329346,530,0,633,222,210.107
30cm,yolo12s,184,214,6.13,7.13,0,10,plastic_dirty,plastic,dirty,0.30249,530,0,636,226,206.973
30cm,yolo12s,185,215,6.164,7.163,,,,,,,,,,,209.903
30cm,yolo12s,186,216,6.197,7.196,0,10,plastic_dirty,plastic,dirty,0.26123,529,0,624,212,208.014
30cm,yolo12s,187,217,6.23,7.23,0,10,plastic_dirty,plastic,dirty,0.262939,528,0,622,196,208.131
30cm,yolo12s,188,218,6.264,7.263,0,0,can_normal,can,normal,0.303955,277,93,396,441,205.54
30cm,yolo12s,188,218,6.264,7.263,1,4,glass_packaging,glass,packaging,0.315674,528,0,618,171,205.54
30cm,yolo12s,189,219,6.297,7.296,0,0,can_normal,can,normal,0.301514,276,92,394,440,207.571
30cm,yolo12s,189,219,6.297,7.296,1,4,glass_packaging,glass,packaging,0.300781,529,0,622,187,207.571
30cm,yolo12s,190,220,6.33,7.33,0,0,can_normal,can,normal,0.317383,276,93,393,441,206.945
30cm,yolo12s,190,220,6.33,7.33,1,10,plastic_dirty,plastic,dirty,0.470703,529,0,622,199,206.945
30cm,yolo12s,191,221,6.364,7.363,0,0,can_normal,can,normal,0.35498,276,93,393,441,211.092
30cm,yolo12s,191,221,6.364,7.363,1,10,plastic_dirty,plastic,dirty,0.311523,529,0,627,220,211.092
30cm,yolo12s,192,222,6.397,7.396,0,0,can_normal,can,normal,0.362061,276,93,393,441,210.088
30cm,yolo12s,193,223,6.43,7.43,0,0,can_normal,can,normal,0.36377,276,93,393,441,205.523
30cm,yolo12s,194,224,6.463,7.463,0,0,can_normal,can,normal,0.357666,276,93,393,441,206.142
30cm,yolo12s,195,225,6.497,7.496,0,0,can_normal,can,normal,0.361084,276,93,394,441,207.02
30cm,yolo12s,196,226,6.53,7.53,0,0,can_normal,can,normal,0.355713,277,93,394,441,206.239
30cm,yolo12s,197,227,6.563,7.563,0,0,can_normal,can,normal,0.358398,277,93,394,441,209.388
30cm,yolo12s,198,228,6.597,7.596,0,0,can_normal,can,normal,0.353027,276,93,393,441,206.833
30cm,yolo12s,199,229,6.63,7.63,0,0,can_normal,can,normal,0.365723,277,92,394,440,207.195
30cm,yolo12s,200,230,6.663,7.663,0,0,can_normal,can,normal,0.342529,276,93,393,441,208.941
30cm,yolo12s,201,231,6.697,7.696,0,0,can_normal,can,normal,0.356689,277,93,394,441,207.182
30cm,yolo12s,202,232,6.73,7.73,0,0,can_normal,can,normal,0.343262,277,93,394,441,210.545
30cm,yolo12s,203,233,6.763,7.763,0,0,can_normal,can,normal,0.345947,277,93,394,441,207.444
30cm,yolo12s,204,234,6.797,7.796,0,0,can_normal,can,normal,0.349609,277,93,394,441,206.404
30cm,yolo12s,205,235,6.83,7.829,0,0,can_normal,can,normal,0.343262,276,93,393,441,209.444
30cm,yolo12s,206,236,6.863,7.863,0,0,can_normal,can,normal,0.338867,277,92,394,440,207.337
30cm,yolo12s,207,237,6.897,7.896,0,0,can_normal,can,normal,0.338867,276,93,393,440,211.54
30cm,yolo12s,208,238,6.93,7.929,0,0,can_normal,can,normal,0.337158,277,92,394,440,207.998
30cm,yolo12s,209,239,6.963,7.963,0,0,can_normal,can,normal,0.344238,277,93,394,441,207.182
30cm,yolo12s,210,240,6.997,7.996,0,0,can_normal,can,normal,0.390381,276,93,393,441,210.047
30cm,yolo12s,211,241,7.03,8.029,0,0,can_normal,can,normal,0.388672,276,93,393,441,208.853
30cm,yolo12s,212,242,7.063,8.063,0,0,can_normal,can,normal,0.365723,277,93,394,441,207.246
30cm,yolo12s,213,243,7.096,8.096,0,0,can_normal,can,normal,0.36377,277,93,393,440,207.126
30cm,yolo12s,214,244,7.13,8.129,0,0,can_normal,can,normal,0.367432,276,93,393,441,206.543
30cm,yolo12s,215,245,7.163,8.163,0,0,can_normal,can,normal,0.313232,276,93,393,441,211.439
30cm,yolo12s,216,246,7.196,8.196,0,0,can_normal,can,normal,0.251709,277,93,394,441,210.085
30cm,yolo12s,216,246,7.196,8.196,1,7,pet_packaging,pet,packaging,0.44165,495,28,639,312,210.085
30cm,yolo12s,217,247,7.23,8.229,,,,,,,,,,,205.459
30cm,yolo12s,218,248,7.263,8.263,0,0,can_normal,can,normal,0.263672,276,93,392,441,207.383
30cm,yolo12s,219,249,7.296,8.296,,,,,,,,,,,210.857
30cm,yolo12s,220,250,7.33,8.329,,,,,,,,,,,207.495
30cm,yolo12s,221,251,7.363,8.363,0,10,plastic_dirty,plastic,dirty,0.265869,529,0,624,209,209.697
30cm,yolo12s,222,252,7.396,8.396,0,0,can_normal,can,normal,0.262207,276,92,389,440,208.21
30cm,yolo12s,222,252,7.396,8.396,1,10,plastic_dirty,plastic,dirty,0.411133,529,0,636,215,208.21
30cm,yolo12s,223,253,7.43,8.429,0,0,can_normal,can,normal,0.310791,276,93,392,440,207.182
30cm,yolo12s,223,253,7.43,8.429,1,10,plastic_dirty,plastic,dirty,0.386719,528,0,634,217,207.182
30cm,yolo12s,224,254,7.463,8.462,0,0,can_normal,can,normal,0.342529,277,93,393,441,210.134
30cm,yolo12s,224,254,7.463,8.462,1,10,plastic_dirty,plastic,dirty,0.325195,530,0,636,217,210.134
30cm,yolo12s,225,255,7.496,8.496,0,0,can_normal,can,normal,0.301514,276,86,394,441,206.833
30cm,yolo12s,226,256,7.53,8.529,0,10,plastic_dirty,plastic,dirty,0.334473,529,0,632,220,210.281
30cm,yolo12s,227,257,7.563,8.562,0,0,can_normal,can,normal,0.255371,276,79,394,440,207.772
30cm,yolo12s,227,257,7.563,8.562,1,10,plastic_dirty,plastic,dirty,0.271973,529,0,633,220,207.772
30cm,yolo12s,228,258,7.596,8.596,0,10,plastic_dirty,plastic,dirty,0.321777,529,0,633,220,207.54
30cm,yolo12s,229,259,7.63,8.629,0,10,plastic_dirty,plastic,dirty,0.279053,530,0,634,219,209.392
30cm,yolo12s,230,260,7.663,8.662,0,0,can_normal,can,normal,0.26123,273,80,394,441,207.273
30cm,yolo12s,231,261,7.696,8.696,0,0,can_normal,can,normal,0.282959,274,81,393,440,218.732
30cm,yolo12s,232,262,7.73,8.729,0,0,can_normal,can,normal,0.257568,273,82,393,441,217.363
30cm,yolo12s,233,263,7.763,8.762,0,0,can_normal,can,normal,0.262939,274,81,393,440,206.848
30cm,yolo12s,234,264,7.796,8.796,0,4,glass_packaging,glass,packaging,0.388672,528,0,621,180,210.109
30cm,yolo12s,235,265,7.829,8.829,,,,,,,,,,,210.314
30cm,yolo12s,236,266,7.863,8.862,,,,,,,,,,,213.118
30cm,yolo12s,237,267,7.896,8.896,,,,,,,,,,,207.001
30cm,yolo12s,238,268,7.929,8.929,,,,,,,,,,,209.163
30cm,yolo12s,239,269,7.963,8.962,,,,,,,,,,,213.658
30cm,yolo12s,240,270,7.996,8.996,,,,,,,,,,,210.033
30cm,yolo12s,241,271,8.029,9.029,,,,,,,,,,,204.992
30cm,yolo12s,242,272,8.063,9.062,,,,,,,,,,,205.823
30cm,yolo12s,243,273,8.096,9.095,,,,,,,,,,,209.621
30cm,yolo12s,244,274,8.129,9.129,,,,,,,,,,,206.583
30cm,yolo12s,245,275,8.163,9.162,,,,,,,,,,,208.865
30cm,yolo12s,246,276,8.196,9.195,,,,,,,,,,,208.025
30cm,yolo12s,247,277,8.229,9.229,,,,,,,,,,,207.689
30cm,yolo12s,248,278,8.263,9.262,,,,,,,,,,,208.761
30cm,yolo12s,249,279,8.296,9.295,,,,,,,,,,,209.023
30cm,yolo12s,250,280,8.329,9.329,,,,,,,,,,,208.082
30cm,yolo12s,251,281,8.363,9.362,,,,,,,,,,,207.213
30cm,yolo12s,252,282,8.396,9.395,,,,,,,,,,,206.885
30cm,yolo12s,253,283,8.429,9.429,0,7,pet_packaging,pet,packaging,0.461914,267,131,347,339,208.918
30cm,yolo12s,254,284,8.462,9.462,0,7,pet_packaging,pet,packaging,0.557129,266,130,364,339,209.345
30cm,yolo12s,255,285,8.496,9.495,0,7,pet_packaging,pet,packaging,0.625,262,132,365,344,206.22
30cm,yolo12s,256,286,8.529,9.529,0,7,pet_packaging,pet,packaging,0.719238,258,134,369,345,207.454
30cm,yolo12s,257,287,8.562,9.562,0,7,pet_packaging,pet,packaging,0.744141,251,137,375,341,211.084
30cm,yolo12s,258,288,8.596,9.595,0,7,pet_packaging,pet,packaging,0.709961,241,143,382,343,206.748
30cm,yolo12s,259,289,8.629,9.629,0,7,pet_packaging,pet,packaging,0.452393,227,152,389,343,212.08
30cm,yolo12s,260,290,8.662,9.662,,,,,,,,,,,205.681
30cm,yolo12s,261,291,8.696,9.695,,,,,,,,,,,206.368
30cm,yolo12s,262,292,8.729,9.729,,,,,,,,,,,208.981
30cm,yolo12s,263,293,8.762,9.762,0,5,pet_normal,pet,normal,0.341553,176,255,408,366,207.712
30cm,yolo12s,263,293,8.762,9.762,1,7,pet_packaging,pet,packaging,0.304932,170,255,408,373,207.712
30cm,yolo12s,264,294,8.796,9.795,0,7,pet_packaging,pet,packaging,0.463867,164,212,415,323,205.501
30cm,yolo12s,265,295,8.829,9.828,0,7,pet_packaging,pet,packaging,0.620605,168,159,420,317,205.392
30cm,yolo12s,266,296,8.862,9.862,0,7,pet_packaging,pet,packaging,0.476562,171,138,423,323,206.393
30cm,yolo12s,267,297,8.896,9.895,0,7,pet_packaging,pet,packaging,0.501953,177,136,429,334,210.895
30cm,yolo12s,268,298,8.929,9.928,0,7,pet_packaging,pet,packaging,0.542969,177,139,437,338,209.078
30cm,yolo12s,269,299,8.962,9.962,0,7,pet_packaging,pet,packaging,0.474609,169,155,443,345,206.367
30cm,yolo12s,270,300,8.996,9.995,,,,,,,,,,,205.883
30cm,yolo12s,271,301,9.029,10.028,0,5,pet_normal,pet,normal,0.359375,219,261,455,327,205.324
30cm,yolo12s,272,302,9.062,10.062,0,7,pet_packaging,pet,packaging,0.44751,152,256,461,389,205.515
30cm,yolo12s,273,303,9.095,10.095,0,5,pet_normal,pet,normal,0.454346,142,240,464,331,209.61
30cm,yolo12s,273,303,9.095,10.095,1,7,pet_packaging,pet,packaging,0.265869,143,239,464,330,209.61
30cm,yolo12s,274,304,9.129,10.128,0,5,pet_normal,pet,normal,0.488281,138,234,470,382,206.2
30cm,yolo12s,275,305,9.162,10.162,0,5,pet_normal,pet,normal,0.728027,134,216,478,379,206.836
30cm,yolo12s,276,306,9.195,10.195,0,5,pet_normal,pet,normal,0.482422,130,215,486,356,209.204
30cm,yolo12s,277,307,9.229,10.228,,,,,,,,,,,205.989
30cm,yolo12s,278,308,9.262,10.262,,,,,,,,,,,208.886
30cm,yolo12s,279,309,9.295,10.295,,,,,,,,,,,206.924
30cm,yolo12s,280,310,9.329,10.328,,,,,,,,,,,207.051
30cm,yolo12s,281,311,9.362,10.362,,,,,,,,,,,208.77
30cm,yolo12s,282,312,9.395,10.395,,,,,,,,,,,207.186
30cm,yolo12s,283,313,9.429,10.428,,,,,,,,,,,206.564
30cm,yolo12s,284,314,9.462,10.461,0,5,pet_normal,pet,normal,0.560059,57,219,553,479,207.584
30cm,yolo12s,285,315,9.495,10.495,,,,,,,,,,,207.16
30cm,yolo12s,286,316,9.529,10.528,,,,,,,,,,,209.9
30cm,yolo12s,287,317,9.562,10.561,,,,,,,,,,,208.677
30cm,yolo12s,288,318,9.595,10.595,,,,,,,,,,,205.37
30cm,yolo12s,289,319,9.629,10.628,0,4,glass_packaging,glass,packaging,0.309814,529,0,616,173,204.879
30cm,yolo12s,290,320,9.662,10.661,,,,,,,,,,,208.956
30cm,yolo12s,291,321,9.695,10.695,,,,,,,,,,,205.86
30cm,yolo12s,292,322,9.729,10.728,0,5,pet_normal,pet,normal,0.271973,129,252,639,479,210.293
30cm,yolo12s,293,323,9.762,10.761,0,5,pet_normal,pet,normal,0.558105,136,261,639,479,207.052
30cm,yolo12s,294,324,9.795,10.795,,,,,,,,,,,207.471
30cm,yolo12s,295,325,9.828,10.828,,,,,,,,,,,209.764
30cm,yolo12s,296,326,9.862,10.861,,,,,,,,,,,206.8
30cm,yolo12s,297,327,9.895,10.895,,,,,,,,,,,209.029
30cm,yolo12s,298,328,9.928,10.928,,,,,,,,,,,207.456
30cm,yolo12s,299,329,9.962,10.961,,,,,,,,,,,206.714
30cm,yolo12s,300,330,9.995,10.995,0,10,plastic_dirty,plastic,dirty,0.375732,529,0,624,207,209.645
30cm,yolo12s,301,331,10.028,11.028,,,,,,,,,,,205.389
30cm,yolo12s,302,332,10.062,11.061,,,,,,,,,,,207.032
30cm,yolo12s,303,333,10.095,11.095,,,,,,,,,,,207.819
30cm,yolo12s,304,334,10.128,11.128,0,4,glass_packaging,glass,packaging,0.270508,531,0,634,216,206.013
30cm,yolo12s,305,335,10.162,11.161,,,,,,,,,,,210.017
30cm,yolo12s,306,336,10.195,11.194,,,,,,,,,,,210.834
30cm,yolo12s,307,337,10.228,11.228,,,,,,,,,,,207.3
30cm,yolo12s,308,338,10.262,11.261,,,,,,,,,,,205.425
30cm,yolo12s,309,339,10.295,11.294,,,,,,,,,,,209.069
30cm,yolo12s,310,340,10.328,11.328,,,,,,,,,,,207.119
30cm,yolo12s,311,341,10.362,11.361,,,,,,,,,,,209.078
30cm,yolo12s,312,342,10.395,11.394,0,7,pet_packaging,pet,packaging,0.550781,238,71,366,357,205.183
30cm,yolo12s,313,343,10.428,11.428,0,7,pet_packaging,pet,packaging,0.268066,238,98,357,358,204.294
30cm,yolo12s,313,343,10.428,11.428,1,8,pet_dirty_packaging,pet,dirty_packaging,0.293457,239,81,358,355,204.294
30cm,yolo12s,313,343,10.428,11.428,2,10,plastic_dirty,plastic,dirty,0.315674,320,81,467,190,204.294
30cm,yolo12s,314,344,10.461,11.461,0,8,pet_dirty_packaging,pet,dirty_packaging,0.2854,241,87,351,359,209.773
30cm,yolo12s,314,344,10.461,11.461,1,9,plastic_normal,plastic,normal,0.306641,255,44,354,109,209.773
30cm,yolo12s,315,345,10.495,11.494,0,0,can_normal,can,normal,0.268066,255,46,346,121,206.414
30cm,yolo12s,315,345,10.495,11.494,1,7,pet_packaging,pet,packaging,0.517578,243,80,352,358,206.414
30cm,yolo12s,315,345,10.495,11.494,2,8,pet_dirty_packaging,pet,dirty_packaging,0.343262,243,75,352,356,206.414
30cm,yolo12s,315,345,10.495,11.494,3,10,plastic_dirty,plastic,dirty,0.294189,317,94,451,204,206.414
30cm,yolo12s,316,346,10.528,11.528,0,7,pet_packaging,pet,packaging,0.560059,247,48,348,357,209.155
30cm,yolo12s,316,346,10.528,11.528,1,8,pet_dirty_packaging,pet,dirty_packaging,0.29834,245,67,348,356,209.155
30cm,yolo12s,317,347,10.561,11.561,0,7,pet_packaging,pet,packaging,0.631836,247,49,342,357,205.948
30cm,yolo12s,318,348,10.595,11.594,0,7,pet_packaging,pet,packaging,0.480469,242,44,338,356,206.447
30cm,yolo12s,319,349,10.628,11.628,0,7,pet_packaging,pet,packaging,0.490234,224,40,334,357,209.385
30cm,yolo12s,320,350,10.661,11.661,0,7,pet_packaging,pet,packaging,0.501953,217,36,332,358,208.468
30cm,yolo12s,321,351,10.695,11.694,0,4,glass_packaging,glass,packaging,0.255371,529,0,628,185,206.804
30cm,yolo12s,321,351,10.695,11.694,1,7,pet_packaging,pet,packaging,0.457031,212,30,334,358,206.804
30cm,yolo12s,321,351,10.695,11.694,2,10,plastic_dirty,plastic,dirty,0.415771,319,174,447,276,206.804
30cm,yolo12s,322,352,10.728,11.728,0,7,pet_packaging,pet,packaging,0.472656,200,24,335,357,205.845
30cm,yolo12s,322,352,10.728,11.728,1,10,plastic_dirty,plastic,dirty,0.515625,310,182,444,285,205.845
30cm,yolo12s,323,353,10.761,11.761,0,7,pet_packaging,pet,packaging,0.615234,179,73,334,358,206.383
30cm,yolo12s,323,353,10.761,11.761,1,10,plastic_dirty,plastic,dirty,0.413086,303,194,440,296,206.383
30cm,yolo12s,323,353,10.761,11.761,2,10,plastic_dirty,plastic,dirty,0.331055,528,0,625,193,206.383
30cm,yolo12s,324,354,10.795,11.794,0,7,pet_packaging,pet,packaging,0.30249,157,66,335,362,205.013
30cm,yolo12s,324,354,10.795,11.794,1,10,plastic_dirty,plastic,dirty,0.38501,527,0,629,197,205.013
30cm,yolo12s,324,354,10.795,11.794,2,10,plastic_dirty,plastic,dirty,0.362061,293,206,435,305,205.013
30cm,yolo12s,325,355,10.828,11.827,0,10,plastic_dirty,plastic,dirty,0.308105,528,0,632,203,208.698
30cm,yolo12s,326,356,10.861,11.861,,,,,,,,,,,208.471
30cm,yolo12s,327,357,10.895,11.894,,,,,,,,,,,204.987
30cm,yolo12s,328,358,10.928,11.927,,,,,,,,,,,209.292
30cm,yolo12s,329,359,10.961,11.961,,,,,,,,,,,207.16
30cm,yolo12s,330,360,10.995,11.994,,,,,,,,,,,210.35
30cm,yolo12s,331,361,11.028,12.027,,,,,,,,,,,205.892
30cm,yolo12s,332,362,11.061,12.061,,,,,,,,,,,205.541
30cm,yolo12s,333,363,11.095,12.094,0,10,plastic_dirty,plastic,dirty,0.395996,529,0,625,199,208.421
30cm,yolo12s,334,364,11.128,12.127,0,10,plastic_dirty,plastic,dirty,0.393311,528,0,622,200,205.462
30cm,yolo12s,335,365,11.161,12.161,0,10,plastic_dirty,plastic,dirty,0.381104,529,0,624,201,209.453
30cm,yolo12s,336,366,11.194,12.194,0,10,plastic_dirty,plastic,dirty,0.275146,528,0,632,202,205.532
30cm,yolo12s,337,367,11.228,12.227,,,,,,,,,,,204.532
30cm,yolo12s,338,368,11.261,12.261,,,,,,,,,,,208.549
30cm,yolo12s,339,369,11.294,12.294,0,4,glass_packaging,glass,packaging,0.269043,528,0,622,177,206.886
30cm,yolo12s,340,370,11.328,12.327,,,,,,,,,,,205.347
30cm,yolo12s,341,371,11.361,12.361,,,,,,,,,,,206.192
30cm,yolo12s,342,372,11.394,12.394,,,,,,,,,,,207.16
30cm,yolo12s,343,373,11.428,12.427,,,,,,,,,,,209.527
30cm,yolo12s,344,374,11.461,12.461,,,,,,,,,,,209.338
30cm,yolo12s,345,375,11.494,12.494,,,,,,,,,,,207.613
30cm,yolo12s,346,376,11.528,12.527,,,,,,,,,,,206.494
30cm,yolo12s,347,377,11.561,12.56,,,,,,,,,,,209.96
30cm,yolo12s,348,378,11.594,12.594,0,2,glass_normal,glass,normal,0.289307,573,80,639,212,206.765
30cm,yolo12s,349,379,11.628,12.627,,,,,,,,,,,208.135
30cm,yolo12s,350,380,11.661,12.66,,,,,,,,,,,207.36
30cm,yolo12s,351,381,11.694,12.694,,,,,,,,,,,206.02
30cm,yolo12s,352,382,11.728,12.727,0,10,plastic_dirty,plastic,dirty,0.288574,531,0,635,257,208.719
30cm,yolo12s,353,383,11.761,12.76,0,10,plastic_dirty,plastic,dirty,0.303223,531,0,636,267,205.364
30cm,yolo12s,354,384,11.794,12.794,,,,,,,,,,,210.894
30cm,yolo12s,355,385,11.827,12.827,,,,,,,,,,,206.857
30cm,yolo12s,356,386,11.861,12.86,0,7,pet_packaging,pet,packaging,0.260498,232,47,381,231,205.749
30cm,yolo12s,356,386,11.861,12.86,1,9,plastic_normal,plastic,normal,0.321777,232,93,382,231,205.749
30cm,yolo12s,357,387,11.894,12.894,0,9,plastic_normal,plastic,normal,0.394287,232,47,382,230,215.331
30cm,yolo12s,358,388,11.927,12.927,0,9,plastic_normal,plastic,normal,0.291016,232,47,382,231,210.359
30cm,yolo12s,359,389,11.961,12.96,0,9,plastic_normal,plastic,normal,0.469727,232,99,382,227,206.801
30cm,yolo12s,360,390,11.994,12.994,,,,,,,,,,,206.626
30cm,yolo12s,361,391,12.027,13.027,,,,,,,,,,,206.54
30cm,yolo12s,362,392,12.061,13.06,0,9,plastic_normal,plastic,normal,0.284668,232,101,381,225,208.606
30cm,yolo12s,363,393,12.094,13.094,,,,,,,,,,,209.527
30cm,yolo12s,364,394,12.127,13.127,,,,,,,,,,,207.84
30cm,yolo12s,365,395,12.161,13.16,0,7,pet_packaging,pet,packaging,0.293457,232,91,382,226,205.592
30cm,yolo12s,366,396,12.194,13.193,0,4,glass_packaging,glass,packaging,0.256836,530,0,628,261,210.048
30cm,yolo12s,367,397,12.227,13.227,,,,,,,,,,,205.541
30cm,yolo12s,368,398,12.261,13.26,,,,,,,,,,,208.899
30cm,yolo12s,369,399,12.294,13.293,,,,,,,,,,,207.134
30cm,yolo12s,370,400,12.327,13.327,,,,,,,,,,,206.118
30cm,yolo12s,371,401,12.361,13.36,,,,,,,,,,,208.092
30cm,yolo12s,372,402,12.394,13.393,,,,,,,,,,,206.214
30cm,yolo12s,373,403,12.427,13.427,,,,,,,,,,,209.172
30cm,yolo12s,374,404,12.461,13.46,,,,,,,,,,,206.102
30cm,yolo12s,375,405,12.494,13.493,,,,,,,,,,,205.374
30cm,yolo12s,376,406,12.527,13.527,0,4,glass_packaging,glass,packaging,0.383057,530,0,628,276,208.615
30cm,yolo12s,377,407,12.56,13.56,,,,,,,,,,,206.558
30cm,yolo12s,378,408,12.594,13.593,,,,,,,,,,,206.1
30cm,yolo12s,379,409,12.627,13.627,,,,,,,,,,,206.522
30cm,yolo12s,380,410,12.66,13.66,,,,,,,,,,,206.97
30cm,yolo12s,381,411,12.694,13.693,,,,,,,,,,,209.585
30cm,yolo12s,382,412,12.727,13.727,,,,,,,,,,,208.834
30cm,yolo12s,383,413,12.76,13.76,,,,,,,,,,,205.154
30cm,yolo12s,384,414,12.794,13.793,,,,,,,,,,,205.987
30cm,yolo12s,385,415,12.827,13.826,,,,,,,,,,,205.82
30cm,yolo12s,386,416,12.86,13.86,,,,,,,,,,,204.875
30cm,yolo12s,387,417,12.894,13.893,,,,,,,,,,,208.7
30cm,yolo12s,388,418,12.927,13.926,,,,,,,,,,,205.036
30cm,yolo12s,389,419,12.96,13.96,0,9,plastic_normal,plastic,normal,0.260498,210,99,368,393,205.377
30cm,yolo12s,390,420,12.994,13.993,,,,,,,,,,,209.286
30cm,yolo12s,391,421,13.027,14.026,,,,,,,,,,,205.254
30cm,yolo12s,392,422,13.06,14.06,0,7,pet_packaging,pet,packaging,0.282959,212,104,367,389,208.773
30cm,yolo12s,393,423,13.094,14.093,,,,,,,,,,,207.343
30cm,yolo12s,394,424,13.127,14.126,0,9,plastic_normal,plastic,normal,0.265137,209,100,365,388,207.261
30cm,yolo12s,395,425,13.16,14.16,,,,,,,,,,,208.356
30cm,yolo12s,396,426,13.193,14.193,,,,,,,,,,,205.276
30cm,yolo12s,397,427,13.227,14.226,,,,,,,,,,,208.406
30cm,yolo12s,398,428,13.26,14.26,,,,,,,,,,,208.038
30cm,yolo12s,399,429,13.293,14.293,,,,,,,,,,,206.967
30cm,yolo12s,400,430,13.327,14.326,0,9,plastic_normal,plastic,normal,0.291748,213,108,360,388,209.092
30cm,yolo12s,401,431,13.36,14.36,0,10,plastic_dirty,plastic,dirty,0.291748,216,150,352,387,205.764
30cm,yolo12s,402,432,13.393,14.393,,,,,,,,,,,206.726
30cm,yolo12s,403,433,13.427,14.426,0,9,plastic_normal,plastic,normal,0.286865,213,152,364,383,205.425
30cm,yolo12s,403,433,13.427,14.426,1,10,plastic_dirty,plastic,dirty,0.32251,215,151,363,385,205.425
30cm,yolo12s,404,434,13.46,14.46,,,,,,,,,,,206.611
30cm,yolo12s,405,435,13.493,14.493,,,,,,,,,,,210.128
30cm,yolo12s,406,436,13.527,14.526,,,,,,,,,,,210.533
30cm,yolo12s,407,437,13.56,14.559,,,,,,,,,,,206.274
30cm,yolo12s,408,438,13.593,14.593,,,,,,,,,,,206.375
30cm,yolo12s,409,439,13.627,14.626,,,,,,,,,,,205.891
30cm,yolo12s,410,440,13.66,14.659,,,,,,,,,,,206.906
30cm,yolo12s,411,441,13.693,14.693,0,7,pet_packaging,pet,packaging,0.276611,212,111,367,379,208.582
30cm,yolo12s,412,442,13.727,14.726,0,7,pet_packaging,pet,packaging,0.403564,212,109,364,380,205.159
30cm,yolo12s,413,443,13.76,14.759,,,,,,,,,,,206.348
30cm,yolo12s,414,444,13.793,14.793,,,,,,,,,,,210.807
30cm,yolo12s,415,445,13.826,14.826,,,,,,,,,,,206.811
30cm,yolo12s,416,446,13.86,14.859,,,,,,,,,,,208.113
30cm,yolo12s,417,447,13.893,14.893,,,,,,,,,,,205.835
30cm,yolo12s,418,448,13.926,14.926,,,,,,,,,,,206.377
30cm,yolo12s,419,449,13.96,14.959,,,,,,,,,,,208.41
30cm,yolo12s,420,450,13.993,14.993,,,,,,,,,,,205.635
30cm,yolo12s,421,451,14.026,15.026,,,,,,,,,,,207.355
30cm,yolo12s,422,452,14.06,15.059,,,,,,,,,,,207.188
30cm,yolo12s,423,453,14.093,15.093,,,,,,,,,,,205.189
30cm,yolo12s,424,454,14.126,15.126,,,,,,,,,,,207.94
30cm,yolo12s,425,455,14.16,15.159,,,,,,,,,,,204.664
30cm,yolo12s,426,456,14.193,15.192,,,,,,,,,,,206.148
30cm,yolo12s,427,457,14.226,15.226,,,,,,,,,,,206.293
30cm,yolo12s,428,458,14.26,15.259,,,,,,,,,,,207.499
30cm,yolo12s,429,459,14.293,15.292,,,,,,,,,,,208.637
30cm,yolo12s,430,460,14.326,15.326,,,,,,,,,,,210.208
30cm,yolo12s,431,461,14.36,15.359,,,,,,,,,,,205.543
30cm,yolo12s,432,462,14.393,15.392,,,,,,,,,,,206.485
30cm,yolo12s,433,463,14.426,15.426,,,,,,,,,,,205.701
30cm,yolo12s,434,464,14.46,15.459,0,7,pet_packaging,pet,packaging,0.42334,369,0,589,103,210.118
30cm,yolo12s,435,465,14.493,15.492,0,7,pet_packaging,pet,packaging,0.578613,368,0,584,108,208.726
30cm,yolo12s,436,466,14.526,15.526,0,7,pet_packaging,pet,packaging,0.425293,366,0,577,97,205.28
30cm,yolo12s,437,467,14.559,15.559,,,,,,,,,,,205.715
30cm,yolo12s,438,468,14.593,15.592,,,,,,,,,,,209.231
30cm,yolo12s,439,469,14.626,15.626,,,,,,,,,,,207.188
30cm,yolo12s,440,470,14.659,15.659,,,,,,,,,,,209.782
30cm,yolo12s,441,471,14.693,15.692,,,,,,,,,,,207.787
30cm,yolo12s,442,472,14.726,15.726,,,,,,,,,,,205.435
30cm,yolo12s,443,473,14.759,15.759,,,,,,,,,,,209.581
30cm,yolo12s,444,474,14.793,15.792,,,,,,,,,,,208.999
30cm,yolo12s,445,475,14.826,15.826,,,,,,,,,,,205.589
30cm,yolo12s,446,476,14.859,15.859,,,,,,,,,,,205.772
30cm,yolo12s,447,477,14.893,15.892,,,,,,,,,,,205.876
30cm,yolo12s,448,478,14.926,15.925,,,,,,,,,,,205.817
30cm,yolo12s,449,479,14.959,15.959,0,7,pet_packaging,pet,packaging,0.449463,268,108,406,384,210.311
30cm,yolo12s,449,479,14.959,15.959,1,9,plastic_normal,plastic,normal,0.319092,357,43,382,75,210.311
30cm,yolo12s,450,480,14.993,15.992,0,7,pet_packaging,pet,packaging,0.469727,263,106,403,387,206.15
30cm,yolo12s,451,481,15.026,16.025,0,7,pet_packaging,pet,packaging,0.321777,262,106,401,387,207.117
30cm,yolo12s,452,482,15.059,16.059,,,,,,,,,,,208.749
30cm,yolo12s,453,483,15.093,16.092,0,6,pet_dirty,pet,dirty,0.282227,259,101,405,388,207.793
30cm,yolo12s,454,484,15.126,16.125,0,6,pet_dirty,pet,dirty,0.36377,254,103,396,389,209.184
30cm,yolo12s,455,485,15.159,16.159,0,6,pet_dirty,pet,dirty,0.351318,252,94,394,390,206.003
30cm,yolo12s,456,486,15.192,16.192,0,6,pet_dirty,pet,dirty,0.308105,239,97,389,389,206.427
30cm,yolo12s,457,487,15.226,16.225,0,6,pet_dirty,pet,dirty,0.360352,236,102,385,389,209.641
30cm,yolo12s,458,488,15.259,16.259,0,6,pet_dirty,pet,dirty,0.299805,237,102,385,388,205.603
30cm,yolo12s,459,489,15.292,16.292,,,,,,,,,,,209.321
30cm,yolo12s,460,490,15.326,16.325,0,10,plastic_dirty,plastic,dirty,0.359375,334,0,574,114,206.107
30cm,yolo12s,461,491,15.359,16.359,0,7,pet_packaging,pet,packaging,0.309814,247,106,390,389,207.388
30cm,yolo12s,461,491,15.359,16.359,1,10,plastic_dirty,plastic,dirty,0.31665,344,0,582,110,207.388
30cm,yolo12s,462,492,15.392,16.392,,,,,,,,,,,210.395
30cm,yolo12s,463,493,15.426,16.425,0,8,pet_dirty_packaging,pet,dirty_packaging,0.251709,369,0,589,106,206.478
30cm,yolo12s,464,494,15.459,16.459,,,,,,,,,,,205.19
30cm,yolo12s,465,495,15.492,16.492,0,6,pet_dirty,pet,dirty,0.350342,246,103,391,391,206.634
30cm,yolo12s,466,496,15.526,16.525,,,,,,,,,,,205.462
30cm,yolo12s,467,497,15.559,16.558,,,,,,,,,,,208.6
30cm,yolo12s,468,498,15.592,16.592,0,6,pet_dirty,pet,dirty,0.358398,246,106,389,390,208.977
30cm,yolo12s,469,499,15.626,16.625,0,6,pet_dirty,pet,dirty,0.345947,247,106,391,391,212.962
30cm,yolo12s,470,500,15.659,16.658,0,6,pet_dirty,pet,dirty,0.371094,247,105,392,391,205.651
30cm,yolo12s,471,501,15.692,16.692,0,6,pet_dirty,pet,dirty,0.266602,247,105,391,390,209.951
30cm,yolo12s,472,502,15.726,16.725,0,6,pet_dirty,pet,dirty,0.257568,244,105,388,390,205.147
30cm,yolo12s,473,503,15.759,16.758,,,,,,,,,,,216.517
30cm,yolo12s,474,504,15.792,16.792,0,7,pet_packaging,pet,packaging,0.306641,245,106,390,391,205.914
30cm,yolo12s,474,504,15.792,16.792,1,10,plastic_dirty,plastic,dirty,0.666992,338,65,506,180,205.914
30cm,yolo12s,475,505,15.826,16.825,0,7,pet_packaging,pet,packaging,0.294189,244,92,390,391,206.342
30cm,yolo12s,475,505,15.826,16.825,1,10,plastic_dirty,plastic,dirty,0.705566,310,76,499,184,206.342
30cm,yolo12s,476,506,15.859,16.858,0,10,plastic_dirty,plastic,dirty,0.46875,307,84,493,188,208.428
30cm,yolo12s,477,507,15.892,16.892,0,7,pet_packaging,pet,packaging,0.275879,236,67,385,388,207.167
30cm,yolo12s,478,508,15.925,16.925,0,7,pet_packaging,pet,packaging,0.488281,234,69,379,388,209.245
30cm,yolo12s,479,509,15.959,16.958,0,7,pet_packaging,pet,packaging,0.494141,234,102,372,386,205.423
30cm,yolo12s,480,510,15.992,16.992,0,7,pet_packaging,pet,packaging,0.574707,234,107,375,386,206.025
30cm,yolo12s,481,511,16.025,17.025,0,7,pet_packaging,pet,packaging,0.450439,234,111,372,386,209.271
30cm,yolo12s,482,512,16.059,17.058,0,7,pet_packaging,pet,packaging,0.429199,237,106,374,384,206.467
30cm,yolo12s,483,513,16.092,17.092,0,7,pet_packaging,pet,packaging,0.511719,243,108,376,384,206.242
30cm,yolo12s,484,514,16.125,17.125,0,7,pet_packaging,pet,packaging,0.494141,246,111,381,384,205.715
30cm,yolo12s,484,514,16.125,17.125,1,10,plastic_dirty,plastic,dirty,0.65918,274,64,484,182,205.715
30cm,yolo12s,485,515,16.159,17.158,0,7,pet_packaging,pet,packaging,0.583008,249,109,387,385,207.632
30cm,yolo12s,485,515,16.159,17.158,1,10,plastic_dirty,plastic,dirty,0.710449,277,57,483,177,207.632
30cm,yolo12s,486,516,16.192,17.191,0,7,pet_packaging,pet,packaging,0.645996,251,106,391,386,209.249
30cm,yolo12s,486,516,16.192,17.191,1,10,plastic_dirty,plastic,dirty,0.757812,281,48,483,171,209.249
30cm,yolo12s,487,517,16.225,17.225,0,6,pet_dirty,pet,dirty,0.342529,248,105,392,387,209.951
30cm,yolo12s,488,518,16.259,17.258,0,6,pet_dirty,pet,dirty,0.263672,250,104,391,388,206.508
30cm,yolo12s,489,519,16.292,17.291,0,6,pet_dirty,pet,dirty,0.338867,239,105,386,388,205.755
30cm,yolo12s,489,519,16.292,17.291,1,7,pet_packaging,pet,packaging,0.272705,238,104,385,386,205.755
30cm,yolo12s,490,520,16.325,17.325,0,6,pet_dirty,pet,dirty,0.323486,240,107,383,387,207.613
30cm,yolo12s,490,520,16.325,17.325,1,7,pet_packaging,pet,packaging,0.44165,239,106,383,386,207.613
30cm,yolo12s,491,521,16.359,17.358,0,6,pet_dirty,pet,dirty,0.395996,245,107,386,387,205.947
30cm,yolo12s,491,521,16.359,17.358,1,7,pet_packaging,pet,packaging,0.269043,242,106,386,386,205.947
30cm,yolo12s,492,522,16.392,17.391,0,6,pet_dirty,pet,dirty,0.345947,245,108,390,387,210.122
30cm,yolo12s,492,522,16.392,17.391,1,7,pet_packaging,pet,packaging,0.475586,244,106,390,388,210.122
30cm,yolo12s,493,523,16.425,17.425,0,6,pet_dirty,pet,dirty,0.393311,244,106,389,388,205.408
30cm,yolo12s,494,524,16.459,17.458,0,6,pet_dirty,pet,dirty,0.294922,243,105,388,389,206.838
30cm,yolo12s,495,525,16.492,17.491,0,6,pet_dirty,pet,dirty,0.335449,238,106,383,388,209.698
30cm,yolo12s,495,525,16.492,17.491,1,7,pet_packaging,pet,packaging,0.371094,237,104,383,389,209.698
30cm,yolo12s,496,526,16.525,17.525,0,6,pet_dirty,pet,dirty,0.345947,238,107,381,387,206.827
30cm,yolo12s,496,526,16.525,17.525,1,7,pet_packaging,pet,packaging,0.2854,237,105,382,388,206.827
30cm,yolo12s,497,527,16.558,17.558,0,6,pet_dirty,pet,dirty,0.266602,243,107,386,387,210.594
30cm,yolo12s,498,528,16.592,17.591,0,6,pet_dirty,pet,dirty,0.288574,244,107,387,388,206.055
30cm,yolo12s,499,529,16.625,17.625,0,6,pet_dirty,pet,dirty,0.287842,241,106,387,388,206.219
30cm,yolo12s,500,530,16.658,17.658,0,6,pet_dirty,pet,dirty,0.290283,238,106,383,388,210.045
30cm,yolo12s,501,531,16.692,17.691,0,6,pet_dirty,pet,dirty,0.31665,238,107,381,388,206.408
30cm,yolo12s,502,532,16.725,17.725,0,6,pet_dirty,pet,dirty,0.309082,240,107,385,387,204.64
30cm,yolo12s,503,533,16.758,17.758,0,6,pet_dirty,pet,dirty,0.327637,242,106,386,388,205.377
30cm,yolo12s,504,534,16.792,17.791,0,6,pet_dirty,pet,dirty,0.357666,239,105,386,388,205.21
30cm,yolo12s,505,535,16.825,17.825,0,6,pet_dirty,pet,dirty,0.303223,238,106,382,388,208.827
30cm,yolo12s,506,536,16.858,17.858,0,6,pet_dirty,pet,dirty,0.259766,239,107,383,388,210.261
30cm,yolo12s,506,536,16.858,17.858,1,7,pet_packaging,pet,packaging,0.282227,238,105,383,390,210.261
30cm,yolo12s,507,537,16.892,17.891,0,6,pet_dirty,pet,dirty,0.337158,240,107,385,389,206.874
30cm,yolo12s,508,538,16.925,17.924,0,6,pet_dirty,pet,dirty,0.265137,239,106,383,390,207.36
30cm,yolo12s,508,538,16.925,17.924,1,7,pet_packaging,pet,packaging,0.313232,237,104,383,391,207.36
30cm,yolo12s,509,539,16.958,17.958,0,6,pet_dirty,pet,dirty,0.269775,239,107,383,388,207.1
30cm,yolo12s,509,539,16.958,17.958,1,7,pet_packaging,pet,packaging,0.378418,237,105,383,390,207.1
30cm,yolo12s,510,540,16.992,17.991,0,6,pet_dirty,pet,dirty,0.282227,240,107,384,389,206.386
30cm,yolo12s,511,541,17.025,18.024,0,6,pet_dirty,pet,dirty,0.392334,239,106,383,389,210.035
30cm,yolo12s,512,542,17.058,18.058,0,6,pet_dirty,pet,dirty,0.323486,238,107,383,389,206.623
30cm,yolo12s,512,542,17.058,18.058,1,7,pet_packaging,pet,packaging,0.30249,236,105,382,390,206.623
30cm,yolo12s,513,543,17.092,18.091,0,6,pet_dirty,pet,dirty,0.36377,239,106,384,389,206.77
30cm,yolo12s,514,544,17.125,18.124,0,6,pet_dirty,pet,dirty,0.369385,238,106,384,389,209.838
30cm,yolo12s,514,544,17.125,18.124,1,7,pet_packaging,pet,packaging,0.342529,237,104,384,389,209.838
30cm,yolo12s,515,545,17.158,18.158,0,6,pet_dirty,pet,dirty,0.326904,239,105,383,390,206.559
30cm,yolo12s,515,545,17.158,18.158,1,7,pet_packaging,pet,packaging,0.408203,237,105,384,391,206.559
30cm,yolo12s,516,546,17.191,18.191,0,6,pet_dirty,pet,dirty,0.420654,239,106,384,390,208.712
30cm,yolo12s,516,546,17.191,18.191,1,7,pet_packaging,pet,packaging,0.286865,237,104,384,391,208.712
30cm,yolo12s,517,547,17.225,18.224,0,6,pet_dirty,pet,dirty,0.487305,239,106,385,390,205.397
30cm,yolo12s,518,548,17.258,18.258,0,6,pet_dirty,pet,dirty,0.493164,239,106,385,390,206.564
30cm,yolo12s,519,549,17.291,18.291,0,6,pet_dirty,pet,dirty,0.490234,239,106,384,390,210.038
30cm,yolo12s,520,550,17.325,18.324,0,6,pet_dirty,pet,dirty,0.520508,239,106,384,390,205.617
30cm,yolo12s,521,551,17.358,18.358,0,6,pet_dirty,pet,dirty,0.562988,240,105,383,390,210.351
30cm,yolo12s,522,552,17.391,18.391,0,6,pet_dirty,pet,dirty,0.553711,241,105,383,390,206.382
30cm,yolo12s,523,553,17.425,18.424,0,6,pet_dirty,pet,dirty,0.560059,241,104,384,390,206.085
30cm,yolo12s,524,554,17.458,18.458,0,6,pet_dirty,pet,dirty,0.543945,239,106,384,390,208.137
30cm,yolo12s,525,555,17.491,18.491,0,6,pet_dirty,pet,dirty,0.524414,239,105,384,389,205.348
30cm,yolo12s,526,556,17.525,18.524,0,6,pet_dirty,pet,dirty,0.493164,239,106,384,390,205.681
30cm,yolo12s,527,557,17.558,18.557,0,5,pet_normal,pet,normal,0.271973,237,105,383,392,205.707
30cm,yolo12s,527,557,17.558,18.557,1,6,pet_dirty,pet,dirty,0.483398,239,106,383,390,205.707
30cm,yolo12s,528,558,17.591,18.591,0,5,pet_normal,pet,normal,0.252441,237,104,384,391,206.065
30cm,yolo12s,528,558,17.591,18.591,1,6,pet_dirty,pet,dirty,0.508789,239,106,384,390,206.065
30cm,yolo12s,529,559,17.625,18.624,0,5,pet_normal,pet,normal,0.265869,237,104,383,391,210.284
30cm,yolo12s,529,559,17.625,18.624,1,6,pet_dirty,pet,dirty,0.514648,239,105,383,389,210.284
30cm,yolo12s,530,560,17.658,18.657,0,5,pet_normal,pet,normal,0.338135,237,104,384,390,209.84
30cm,yolo12s,530,560,17.658,18.657,1,6,pet_dirty,pet,dirty,0.481445,239,106,384,390,209.84
30cm,yolo12s,531,561,17.691,18.691,0,5,pet_normal,pet,normal,0.296631,237,104,384,390,206.708
30cm,yolo12s,531,561,17.691,18.691,1,6,pet_dirty,pet,dirty,0.491211,239,106,384,390,206.708
30cm,yolo12s,532,562,17.725,18.724,0,5,pet_normal,pet,normal,0.264404,237,105,383,392,207.677
30cm,yolo12s,532,562,17.725,18.724,1,6,pet_dirty,pet,dirty,0.47168,239,106,384,390,207.677
30cm,yolo12s,533,563,17.758,18.757,0,6,pet_dirty,pet,dirty,0.526367,239,106,383,390,207.892
30cm,yolo12s,534,564,17.791,18.791,0,6,pet_dirty,pet,dirty,0.532227,241,106,384,390,205.807
30cm,yolo12s,535,565,17.825,18.824,0,6,pet_dirty,pet,dirty,0.550781,242,104,383,390,209.133
30cm,yolo12s,536,566,17.858,18.857,0,6,pet_dirty,pet,dirty,0.558105,242,105,384,390,206.916
30cm,yolo12s,537,567,17.891,18.891,0,6,pet_dirty,pet,dirty,0.549805,242,105,384,390,207.354
30cm,yolo12s,538,568,17.924,18.924,0,6,pet_dirty,pet,dirty,0.507812,243,104,386,390,209.011
30cm,yolo12s,539,569,17.958,18.957,0,6,pet_dirty,pet,dirty,0.518555,244,105,385,390,206.73
30cm,yolo12s,539,569,17.958,18.957,1,10,plastic_dirty,plastic,dirty,0.583008,307,24,469,163,206.73
30cm,yolo12s,540,570,17.991,18.991,0,6,pet_dirty,pet,dirty,0.431152,240,105,384,390,208.643
30cm,yolo12s,541,571,18.024,19.024,0,6,pet_dirty,pet,dirty,0.388672,240,104,384,389,206.76
30cm,yolo12s,542,572,18.058,19.057,0,7,pet_packaging,pet,packaging,0.527344,239,105,384,388,206.484
30cm,yolo12s,543,573,18.091,19.091,0,7,pet_packaging,pet,packaging,0.407227,237,105,382,392,209.121
30cm,yolo12s,544,574,18.124,19.124,0,7,pet_packaging,pet,packaging,0.532227,242,144,382,395,206.098
30cm,yolo12s,545,575,18.158,19.157,0,7,pet_packaging,pet,packaging,0.301514,242,142,381,397,205.902
30cm,yolo12s,546,576,18.191,19.191,0,7,pet_packaging,pet,packaging,0.290283,236,100,385,395,205.591
30cm,yolo12s,547,577,18.224,19.224,,,,,,,,,,,205.152
30cm,yolo12s,548,578,18.258,19.257,,,,,,,,,,,208.032
30cm,yolo12s,549,579,18.291,19.29,0,7,pet_packaging,pet,packaging,0.560059,254,100,385,394,208.761
30cm,yolo12s,550,580,18.324,19.324,,,,,,,,,,,206.393
30cm,yolo12s,551,581,18.358,19.357,,,,,,,,,,,206.49
30cm,yolo12s,552,582,18.391,19.39,,,,,,,,,,,205.985
30cm,yolo12s,553,583,18.424,19.424,,,,,,,,,,,209.282
30cm,yolo12s,554,584,18.458,19.457,,,,,,,,,,,210.037
30cm,yolo12s,555,585,18.491,19.49,,,,,,,,,,,206.949
30cm,yolo12s,556,586,18.524,19.524,,,,,,,,,,,206.552
30cm,yolo12s,557,587,18.557,19.557,,,,,,,,,,,208.506
30cm,yolo12s,558,588,18.591,19.59,,,,,,,,,,,206.704
30cm,yolo12s,559,589,18.624,19.624,,,,,,,,,,,209.64
30cm,yolo12s,560,590,18.657,19.657,,,,,,,,,,,206.11
30cm,yolo12s,561,591,18.691,19.69,,,,,,,,,,,206.839
30cm,yolo12s,562,592,18.724,19.724,,,,,,,,,,,208.782
30cm,yolo12s,563,593,18.757,19.757,,,,,,,,,,,206.197
30cm,yolo12s,564,594,18.791,19.79,,,,,,,,,,,209.281
30cm,yolo12s,565,595,18.824,19.824,,,,,,,,,,,206.844
30cm,yolo12s,566,596,18.857,19.857,,,,,,,,,,,207.202
30cm,yolo12s,567,597,18.891,19.89,,,,,,,,,,,208.53
30cm,yolo12s,568,598,18.924,19.923,,,,,,,,,,,206.005
30cm,yolo12s,569,599,18.957,19.957,,,,,,,,,,,206.033
30cm,yolo12s,570,600,18.991,19.99,,,,,,,,,,,205.923
30cm,yolo12s,571,601,19.024,20.023,,,,,,,,,,,206.527
30cm,yolo12s,572,602,19.057,20.057,,,,,,,,,,,208.538
30cm,yolo12s,573,603,19.091,20.09,,,,,,,,,,,208.955
30cm,yolo12s,574,604,19.124,20.123,,,,,,,,,,,205.788
30cm,yolo12s,575,605,19.157,20.157,,,,,,,,,,,205.476
30cm,yolo12s,576,606,19.191,20.19,,,,,,,,,,,205.381
30cm,yolo12s,577,607,19.224,20.223,,,,,,,,,,,206.087
30cm,yolo12s,578,608,19.257,20.257,,,,,,,,,,,208.795
30cm,yolo12s,579,609,19.29,20.29,,,,,,,,,,,206.906
30cm,yolo12s,580,610,19.324,20.323,,,,,,,,,,,205.646
30cm,yolo12s,581,611,19.357,20.357,,,,,,,,,,,210.477
30cm,yolo12s,582,612,19.39,20.39,0,9,plastic_normal,plastic,normal,0.303223,306,320,401,390,207.95
30cm,yolo12s,583,613,19.424,20.423,,,,,,,,,,,210.74
30cm,yolo12s,584,614,19.457,20.457,0,7,pet_packaging,pet,packaging,0.27832,281,98,416,388,206.39
30cm,yolo12s,584,614,19.457,20.457,1,9,plastic_normal,plastic,normal,0.334473,282,101,411,388,206.39
30cm,yolo12s,584,614,19.457,20.457,2,10,plastic_dirty,plastic,dirty,0.410156,400,142,527,216,206.39
30cm,yolo12s,585,615,19.49,20.49,0,7,pet_packaging,pet,packaging,0.416748,279,107,410,394,207.985
30cm,yolo12s,586,616,19.524,20.523,0,7,pet_packaging,pet,packaging,0.422607,277,107,410,290,208.532
30cm,yolo12s,586,616,19.524,20.523,1,9,plastic_normal,plastic,normal,0.263672,277,106,409,290,208.532
30cm,yolo12s,587,617,19.557,20.556,0,7,pet_packaging,pet,packaging,0.410156,276,106,412,290,206.469
30cm,yolo12s,587,617,19.557,20.556,1,9,plastic_normal,plastic,normal,0.274414,276,106,412,290,206.469
30cm,yolo12s,588,618,19.59,20.59,0,7,pet_packaging,pet,packaging,0.380371,277,106,422,290,206.792
30cm,yolo12s,589,619,19.624,20.623,0,7,pet_packaging,pet,packaging,0.385742,276,107,423,291,206.427
30cm,yolo12s,589,619,19.624,20.623,1,10,plastic_dirty,plastic,dirty,0.291016,354,85,528,207,206.427
30cm,yolo12s,590,620,19.657,20.656,0,7,pet_packaging,pet,packaging,0.407227,276,106,424,290,206.922
30cm,yolo12s,590,620,19.657,20.656,1,10,plastic_dirty,plastic,dirty,0.617676,354,77,531,204,206.922
30cm,yolo12s,591,621,19.69,20.69,0,7,pet_packaging,pet,packaging,0.452393,277,105,424,291,209.295
30cm,yolo12s,591,621,19.69,20.69,1,10,plastic_dirty,plastic,dirty,0.546875,307,69,535,200,209.295
30cm,yolo12s,592,622,19.724,20.723,0,7,pet_packaging,pet,packaging,0.38208,276,102,424,291,209.89
30cm,yolo12s,592,622,19.724,20.723,1,10,plastic_dirty,plastic,dirty,0.57373,353,65,537,196,209.89
30cm,yolo12s,593,623,19.757,20.756,0,7,pet_packaging,pet,packaging,0.398926,277,100,425,291,208.582
30cm,yolo12s,593,623,19.757,20.756,1,10,plastic_dirty,plastic,dirty,0.268066,357,61,542,192,208.582
30cm,yolo12s,594,624,19.79,20.79,0,5,pet_normal,pet,normal,0.345215,277,100,425,292,207.422
30cm,yolo12s,594,624,19.79,20.79,1,7,pet_packaging,pet,packaging,0.369385,277,98,424,291,207.422
30cm,yolo12s,594,624,19.79,20.79,2,10,plastic_dirty,plastic,dirty,0.390381,358,53,546,186,207.422
30cm,yolo12s,595,625,19.824,20.823,0,5,pet_normal,pet,normal,0.371094,276,105,424,290,207.413
30cm,yolo12s,595,625,19.824,20.823,1,7,pet_packaging,pet,packaging,0.325928,276,105,424,291,207.413
30cm,yolo12s,596,626,19.857,20.856,0,5,pet_normal,pet,normal,0.360352,276,101,425,290,205.775
30cm,yolo12s,597,627,19.89,20.89,0,5,pet_normal,pet,normal,0.460938,277,105,426,290,209.372
30cm,yolo12s,598,628,19.923,20.923,0,5,pet_normal,pet,normal,0.484375,276,105,424,290,207.62
30cm,yolo12s,599,629,19.957,20.956,0,5,pet_normal,pet,normal,0.581543,276,105,425,290,206.877
30cm,yolo12s,600,630,19.99,20.99,0,5,pet_normal,pet,normal,0.558105,276,105,424,290,209.47
30cm,yolo12s,601,631,20.023,21.023,0,5,pet_normal,pet,normal,0.521484,277,106,425,291,206.304
30cm,yolo12s,602,632,20.057,21.056,0,5,pet_normal,pet,normal,0.515625,277,106,425,291,209.427
30cm,yolo12s,603,633,20.09,21.09,0,5,pet_normal,pet,normal,0.455078,276,106,424,290,205.505
30cm,yolo12s,604,634,20.123,21.123,0,5,pet_normal,pet,normal,0.351318,277,106,425,291,205.434
30cm,yolo12s,604,634,20.123,21.123,1,9,plastic_normal,plastic,normal,0.259766,277,105,425,291,205.434
30cm,yolo12s,605,635,20.157,21.156,0,5,pet_normal,pet,normal,0.388672,277,105,425,290,209.237
30cm,yolo12s,606,636,20.19,21.19,0,5,pet_normal,pet,normal,0.439697,276,106,425,291,205.728
30cm,yolo12s,606,636,20.19,21.19,1,9,plastic_normal,plastic,normal,0.265137,277,105,426,292,205.728
30cm,yolo12s,607,637,20.223,21.223,0,5,pet_normal,pet,normal,0.511719,276,105,425,290,209.921
30cm,yolo12s,607,637,20.223,21.223,1,9,plastic_normal,plastic,normal,0.286133,276,105,425,291,209.921
30cm,yolo12s,608,638,20.257,21.256,0,5,pet_normal,pet,normal,0.539062,276,106,425,291,206.339
30cm,yolo12s,608,638,20.257,21.256,1,9,plastic_normal,plastic,normal,0.253906,277,104,425,291,206.339
30cm,yolo12s,609,639,20.29,21.289,0,5,pet_normal,pet,normal,0.453369,276,106,425,290,208.711
30cm,yolo12s,610,640,20.323,21.323,0,5,pet_normal,pet,normal,0.353027,277,105,426,290,208.85
30cm,yolo12s,610,640,20.323,21.323,1,7,pet_packaging,pet,packaging,0.282959,277,105,425,292,208.85
30cm,yolo12s,611,641,20.357,21.356,0,7,pet_packaging,pet,packaging,0.250244,277,106,425,291,206.279
30cm,yolo12s,611,641,20.357,21.356,1,9,plastic_normal,plastic,normal,0.288574,276,105,425,291,206.279
30cm,yolo12s,612,642,20.39,21.389,0,7,pet_packaging,pet,packaging,0.369385,276,105,425,291,206.598
30cm,yolo12s,613,643,20.423,21.423,0,7,pet_packaging,pet,packaging,0.326904,274,104,423,291,206.512
30cm,yolo12s,614,644,20.457,21.456,0,7,pet_packaging,pet,packaging,0.287842,275,104,422,290,207.026
30cm,yolo12s,614,644,20.457,21.456,1,10,plastic_dirty,plastic,dirty,0.313965,531,0,637,229,207.026
30cm,yolo12s,614,644,20.457,21.456,2,10,plastic_dirty,plastic,dirty,0.268066,399,167,566,301,207.026
30cm,yolo12s,615,645,20.49,21.489,0,7,pet_packaging,pet,packaging,0.369385,272,105,423,291,208.704
30cm,yolo12s,615,645,20.49,21.489,1,9,plastic_normal,plastic,normal,0.256104,273,105,424,291,208.704
30cm,yolo12s,615,645,20.49,21.489,2,10,plastic_dirty,plastic,dirty,0.39502,531,0,638,232,208.704
30cm,yolo12s,616,646,20.523,21.523,0,7,pet_packaging,pet,packaging,0.373047,273,105,421,291,209.814
30cm,yolo12s,616,646,20.523,21.523,1,10,plastic_dirty,plastic,dirty,0.325928,531,0,638,236,209.814
30cm,yolo12s,617,647,20.556,21.556,0,7,pet_packaging,pet,packaging,0.265137,273,106,422,291,208.801
30cm,yolo12s,617,647,20.556,21.556,1,10,plastic_dirty,plastic,dirty,0.332031,531,0,637,237,208.801
30cm,yolo12s,618,648,20.59,21.589,0,7,pet_packaging,pet,packaging,0.29834,273,106,422,291,207.487
30cm,yolo12s,618,648,20.59,21.589,1,10,plastic_dirty,plastic,dirty,0.276611,531,0,637,237,207.487
30cm,yolo12s,619,649,20.623,21.623,0,9,plastic_normal,plastic,normal,0.330322,275,106,422,290,209.545
30cm,yolo12s,619,649,20.623,21.623,1,9,plastic_normal,plastic,normal,0.258301,288,274,404,397,209.545
30cm,yolo12s,620,650,20.656,21.656,0,7,pet_packaging,pet,packaging,0.251709,273,106,421,289,205.917
30cm,yolo12s,620,650,20.656,21.656,1,9,plastic_normal,plastic,normal,0.393311,288,274,404,397,205.917
30cm,yolo12s,620,650,20.656,21.656,2,9,plastic_normal,plastic,normal,0.279053,274,107,421,290,205.917
30cm,yolo12s,620,650,20.656,21.656,3,10,plastic_dirty,plastic,dirty,0.600098,375,217,527,331,205.917
30cm,yolo12s,621,651,20.69,21.689,0,9,plastic_normal,plastic,normal,0.280518,288,276,404,398,211.395
30cm,yolo12s,621,651,20.69,21.689,1,10,plastic_dirty,plastic,dirty,0.594727,366,222,517,335,211.395
30cm,yolo12s,622,652,20.723,21.723,0,7,pet_packaging,pet,packaging,0.461914,273,107,421,290,206.373
30cm,yolo12s,623,653,20.756,21.756,0,7,pet_packaging,pet,packaging,0.36377,272,107,417,289,205.926
30cm,yolo12s,624,654,20.79,21.789,0,7,pet_packaging,pet,packaging,0.539062,273,107,420,288,209.334
30cm,yolo12s,625,655,20.823,21.823,0,7,pet_packaging,pet,packaging,0.493164,274,104,423,293,206.673
30cm,yolo12s,626,656,20.856,21.856,0,7,pet_packaging,pet,packaging,0.617676,275,102,427,293,209.797
30cm,yolo12s,627,657,20.89,21.889,0,7,pet_packaging,pet,packaging,0.516602,277,102,432,296,205.956
30cm,yolo12s,628,658,20.923,21.922,0,10,plastic_dirty,plastic,dirty,0.369385,531,0,637,238,205.563
30cm,yolo12s,629,659,20.956,21.956,0,10,plastic_dirty,plastic,dirty,0.344238,531,0,638,239,210.82
30cm,yolo12s,630,660,20.99,21.989,0,10,plastic_dirty,plastic,dirty,0.32251,531,0,638,241,206.678
30cm,yolo12s,631,661,21.023,22.022,0,10,plastic_dirty,plastic,dirty,0.300781,531,0,639,243,205.913
30cm,yolo12s,632,662,21.056,22.056,,,,,,,,,,,206.356
30cm,yolo12s,633,663,21.09,22.089,0,10,plastic_dirty,plastic,dirty,0.448486,531,0,637,247,208.108
30cm,yolo12s,634,664,21.123,22.122,0,9,plastic_normal,plastic,normal,0.369385,368,281,485,381,209.62
30cm,yolo12s,634,664,21.123,22.122,1,10,plastic_dirty,plastic,dirty,0.377441,531,0,638,247,209.62
30cm,yolo12s,635,665,21.156,22.156,0,7,pet_packaging,pet,packaging,0.346924,361,118,504,291,210.242
30cm,yolo12s,635,665,21.156,22.156,1,9,plastic_normal,plastic,normal,0.418701,373,281,491,379,210.242
30cm,yolo12s,635,665,21.156,22.156,2,10,plastic_dirty,plastic,dirty,0.283691,531,0,636,247,210.242
30cm,yolo12s,636,666,21.19,22.189,0,7,pet_packaging,pet,packaging,0.275879,365,120,507,285,207.345
30cm,yolo12s,636,666,21.19,22.189,1,9,plastic_normal,plastic,normal,0.438721,379,278,494,378,207.345
30cm,yolo12s,636,666,21.19,22.189,2,9,plastic_normal,plastic,normal,0.428223,366,120,508,285,207.345
30cm,yolo12s,637,667,21.223,22.222,0,9,plastic_normal,plastic,normal,0.591797,369,122,509,284,206.381
30cm,yolo12s,637,667,21.223,22.222,1,9,plastic_normal,plastic,normal,0.483398,380,276,494,377,206.381
30cm,yolo12s,637,667,21.223,22.222,2,10,plastic_dirty,plastic,dirty,0.324219,531,0,639,250,206.381
30cm,yolo12s,638,668,21.256,22.256,0,9,plastic_normal,plastic,normal,0.46582,369,123,508,284,206.462
30cm,yolo12s,638,668,21.256,22.256,1,9,plastic_normal,plastic,normal,0.338867,380,277,494,377,206.462
30cm,yolo12s,639,669,21.289,22.289,0,9,plastic_normal,plastic,normal,0.443604,367,122,506,285,206.802
30cm,yolo12s,640,670,21.323,22.322,0,9,plastic_normal,plastic,normal,0.595703,364,121,504,281,209.128
30cm,yolo12s,641,671,21.356,22.356,,,,,,,,,,,206.004
30cm,yolo12s,642,672,21.389,22.389,,,,,,,,,,,207.197
30cm,yolo12s,643,673,21.423,22.422,,,,,,,,,,,208.6
30cm,yolo12s,644,674,21.456,22.456,,,,,,,,,,,205.504
30cm,yolo12s,645,675,21.489,22.489,,,,,,,,,,,209.012
30cm,yolo12s,646,676,21.523,22.522,0,10,plastic_dirty,plastic,dirty,0.320801,529,0,635,234,207.08
30cm,yolo12s,647,677,21.556,22.556,0,10,plastic_dirty,plastic,dirty,0.281494,529,0,635,231,207.987
30cm,yolo12s,648,678,21.589,22.589,0,10,plastic_dirty,plastic,dirty,0.398926,529,0,637,228,209.757
30cm,yolo12s,649,679,21.623,22.622,0,10,plastic_dirty,plastic,dirty,0.494141,529,0,639,224,205.279
30cm,yolo12s,650,680,21.656,22.655,0,10,plastic_dirty,plastic,dirty,0.439697,529,0,638,217,205.712
30cm,yolo12s,651,681,21.689,22.689,0,10,plastic_dirty,plastic,dirty,0.487305,529,0,637,214,207.178
30cm,yolo12s,652,682,21.723,22.722,0,7,pet_packaging,pet,packaging,0.461914,200,0,324,223,206.108
30cm,yolo12s,652,682,21.723,22.722,1,9,plastic_normal,plastic,normal,0.307373,297,118,428,235,206.108
30cm,yolo12s,652,682,21.723,22.722,2,10,plastic_dirty,plastic,dirty,0.543945,529,0,639,214,206.108
30cm,yolo12s,653,683,21.756,22.755,0,7,pet_packaging,pet,packaging,0.376709,199,0,321,231,209.665
30cm,yolo12s,653,683,21.756,22.755,1,9,plastic_normal,plastic,normal,0.479492,313,117,423,239,209.665
30cm,yolo12s,653,683,21.756,22.755,2,10,plastic_dirty,plastic,dirty,0.380371,529,0,637,216,209.665
30cm,yolo12s,654,684,21.789,22.789,0,5,pet_normal,pet,normal,0.317383,200,0,323,229,208.977
30cm,yolo12s,654,684,21.789,22.789,1,7,pet_packaging,pet,packaging,0.356689,200,0,324,229,208.977
30cm,yolo12s,654,684,21.789,22.789,2,9,plastic_normal,plastic,normal,0.434082,308,117,422,240,208.977
30cm,yolo12s,654,684,21.789,22.789,3,10,plastic_dirty,plastic,dirty,0.269043,529,0,637,221,208.977
30cm,yolo12s,655,685,21.823,22.822,0,10,plastic_dirty,plastic,dirty,0.287842,529,0,638,225,207.633
30cm,yolo12s,656,686,21.856,22.855,0,5,pet_normal,pet,normal,0.327637,206,1,327,242,207.167
30cm,yolo12s,657,687,21.889,22.889,0,5,pet_normal,pet,normal,0.462891,207,1,329,238,209.18
30cm,yolo12s,657,687,21.889,22.889,1,9,plastic_normal,plastic,normal,0.284668,318,118,431,240,209.18
30cm,yolo12s,658,688,21.922,22.922,0,5,pet_normal,pet,normal,0.462891,207,1,328,228,206.639
30cm,yolo12s,659,689,21.956,22.955,0,5,pet_normal,pet,normal,0.412109,207,1,328,216,209.563
30cm,yolo12s,660,690,21.989,22.989,0,5,pet_normal,pet,normal,0.454346,206,1,328,435,207.517
30cm,yolo12s,660,690,21.989,22.989,1,6,pet_dirty,pet,dirty,0.34082,207,6,361,436,207.517
30cm,yolo12s,661,691,22.022,23.022,0,5,pet_normal,pet,normal,0.482422,206,2,330,440,206.234
30cm,yolo12s,661,691,22.022,23.022,1,6,pet_dirty,pet,dirty,0.458008,206,5,330,439,206.234
30cm,yolo12s,661,691,22.022,23.022,2,7,pet_packaging,pet,packaging,0.259033,322,117,421,286,206.234
30cm,yolo12s,661,691,22.022,23.022,3,9,plastic_normal,plastic,normal,0.351318,322,118,421,287,206.234
30cm,yolo12s,662,692,22.056,23.055,0,5,pet_normal,pet,normal,0.450439,206,3,331,435,209.698
30cm,yolo12s,662,692,22.056,23.055,1,5,pet_normal,pet,normal,0.399902,320,118,430,286,209.698
30cm,yolo12s,662,692,22.056,23.055,2,6,pet_dirty,pet,dirty,0.476562,206,19,333,437,209.698
30cm,yolo12s,662,692,22.056,23.055,3,7,pet_packaging,pet,packaging,0.257568,320,118,430,286,209.698
30cm,yolo12s,663,693,22.089,23.089,0,4,glass_packaging,glass,packaging,0.315674,530,0,622,208,206.795
30cm,yolo12s,663,693,22.089,23.089,1,5,pet_normal,pet,normal,0.393311,206,3,330,441,206.795
30cm,yolo12s,663,693,22.089,23.089,2,6,pet_dirty,pet,dirty,0.503906,206,13,333,438,206.795
30cm,yolo12s,663,693,22.089,23.089,3,7,pet_packaging,pet,packaging,0.378418,322,118,427,286,206.795
30cm,yolo12s,663,693,22.089,23.089,4,10,plastic_dirty,plastic,dirty,0.403564,401,229,531,336,206.795
30cm,yolo12s,664,694,22.122,23.122,0,5,pet_normal,pet,normal,0.399902,206,2,330,440,206.564
30cm,yolo12s,664,694,22.122,23.122,1,6,pet_dirty,pet,dirty,0.49707,206,9,332,437,206.564
30cm,yolo12s,664,694,22.122,23.122,2,7,pet_packaging,pet,packaging,0.38208,322,118,430,287,206.564
30cm,yolo12s,665,695,22.156,23.155,0,5,pet_normal,pet,normal,0.390381,206,2,330,436,206.834
30cm,yolo12s,665,695,22.156,23.155,1,6,pet_dirty,pet,dirty,0.485352,206,13,333,437,206.834
30cm,yolo12s,665,695,22.156,23.155,2,9,plastic_normal,plastic,normal,0.280518,322,118,431,287,206.834
30cm,yolo12s,665,695,22.156,23.155,3,10,plastic_dirty,plastic,dirty,0.515625,402,215,567,324,206.834
30cm,yolo12s,666,696,22.189,23.189,0,5,pet_normal,pet,normal,0.383057,206,2,330,440,205.866
30cm,yolo12s,666,696,22.189,23.189,1,6,pet_dirty,pet,dirty,0.50293,206,12,332,438,205.866
30cm,yolo12s,666,696,22.189,23.189,2,7,pet_packaging,pet,packaging,0.345947,322,118,429,285,205.866
30cm,yolo12s,667,697,22.222,23.222,0,5,pet_normal,pet,normal,0.458984,206,3,330,436,209.281
30cm,yolo12s,667,697,22.222,23.222,1,5,pet_normal,pet,normal,0.300781,322,118,430,284,209.281
30cm,yolo12s,667,697,22.222,23.222,2,6,pet_dirty,pet,dirty,0.47168,206,13,332,437,209.281
30cm,yolo12s,667,697,22.222,23.222,3,7,pet_packaging,pet,packaging,0.338867,323,118,430,284,209.281
30cm,yolo12s,668,698,22.256,23.255,0,5,pet_normal,pet,normal,0.443604,206,2,331,436,210.783
30cm,yolo12s,668,698,22.256,23.255,1,5,pet_normal,pet,normal,0.30249,321,118,430,286,210.783
30cm,yolo12s,668,698,22.256,23.255,2,6,pet_dirty,pet,dirty,0.483398,206,13,333,437,210.783
30cm,yolo12s,668,698,22.256,23.255,3,7,pet_packaging,pet,packaging,0.299072,322,118,430,286,210.783
30cm,yolo12s,669,699,22.289,23.288,0,5,pet_normal,pet,normal,0.42627,206,2,330,435,206.427
30cm,yolo12s,669,699,22.289,23.288,1,6,pet_dirty,pet,dirty,0.482422,206,26,335,438,206.427
30cm,yolo12s,669,699,22.289,23.288,2,7,pet_packaging,pet,packaging,0.306641,321,118,430,286,206.427
30cm,yolo12s,670,700,22.322,23.322,0,5,pet_normal,pet,normal,0.464844,206,3,330,435,205.576
30cm,yolo12s,670,700,22.322,23.322,1,6,pet_dirty,pet,dirty,0.464844,207,18,335,437,205.576
30cm,yolo12s,670,700,22.322,23.322,2,7,pet_packaging,pet,packaging,0.328613,321,118,429,286,205.576
30cm,yolo12s,671,701,22.356,23.355,0,5,pet_normal,pet,normal,0.464844,206,2,330,436,207.89
30cm,yolo12s,671,701,22.356,23.355,1,5,pet_normal,pet,normal,0.312256,320,118,429,286,207.89
30cm,yolo12s,671,701,22.356,23.355,2,6,pet_dirty,pet,dirty,0.457031,206,16,333,437,207.89
30cm,yolo12s,671,701,22.356,23.355,3,7,pet_packaging,pet,packaging,0.274414,321,118,429,286,207.89
30cm,yolo12s,672,702,22.389,23.388,0,5,pet_normal,pet,normal,0.449463,206,2,331,435,208.25
30cm,yolo12s,672,702,22.389,23.388,1,5,pet_normal,pet,normal,0.354004,321,118,430,286,208.25
30cm,yolo12s,672,702,22.389,23.388,2,6,pet_dirty,pet,dirty,0.46582,206,14,333,437,208.25
30cm,yolo12s,673,703,22.422,23.422,0,5,pet_normal,pet,normal,0.449463,206,4,330,436,209.301
30cm,yolo12s,673,703,22.422,23.422,1,5,pet_normal,pet,normal,0.32251,321,118,429,286,209.301
30cm,yolo12s,673,703,22.422,23.422,2,6,pet_dirty,pet,dirty,0.472656,206,16,333,438,209.301
30cm,yolo12s,674,704,22.456,23.455,0,5,pet_normal,pet,normal,0.46875,206,3,330,436,206.092
30cm,yolo12s,674,704,22.456,23.455,1,5,pet_normal,pet,normal,0.350342,321,118,430,286,206.092
30cm,yolo12s,674,704,22.456,23.455,2,6,pet_dirty,pet,dirty,0.467773,206,14,333,436,206.092
30cm,yolo12s,674,704,22.456,23.455,3,9,plastic_normal,plastic,normal,0.274414,321,118,429,284,206.092
30cm,yolo12s,675,705,22.489,23.488,0,5,pet_normal,pet,normal,0.437744,206,2,330,436,206.831
30cm,yolo12s,675,705,22.489,23.488,1,5,pet_normal,pet,normal,0.424316,320,118,429,286,206.831
30cm,yolo12s,675,705,22.489,23.488,2,6,pet_dirty,pet,dirty,0.484375,206,10,332,437,206.831
30cm,yolo12s,676,706,22.522,23.522,0,5,pet_normal,pet,normal,0.455078,206,2,330,436,210.039
30cm,yolo12s,676,706,22.522,23.522,1,5,pet_normal,pet,normal,0.413086,320,118,429,286,210.039
30cm,yolo12s,676,706,22.522,23.522,2,6,pet_dirty,pet,dirty,0.482422,206,15,333,438,210.039
30cm,yolo12s,677,707,22.556,23.555,0,5,pet_normal,pet,normal,0.466797,320,118,429,286,207.288
30cm,yolo12s,677,707,22.556,23.555,1,5,pet_normal,pet,normal,0.445557,206,3,330,437,207.288
30cm,yolo12s,677,707,22.556,23.555,2,6,pet_dirty,pet,dirty,0.478516,206,14,333,438,207.288
30cm,yolo12s,678,708,22.589,23.588,0,5,pet_normal,pet,normal,0.462891,206,3,330,438,209.14
30cm,yolo12s,678,708,22.589,23.588,1,5,pet_normal,pet,normal,0.449463,320,118,430,287,209.14
30cm,yolo12s,678,708,22.589,23.588,2,6,pet_dirty,pet,dirty,0.466797,206,22,337,439,209.14
30cm,yolo12s,679,709,22.622,23.622,0,5,pet_normal,pet,normal,0.486328,206,2,330,437,205.832
30cm,yolo12s,679,709,22.622,23.622,1,5,pet_normal,pet,normal,0.457031,320,118,430,286,205.832
30cm,yolo12s,679,709,22.622,23.622,2,6,pet_dirty,pet,dirty,0.456055,206,24,337,438,205.832
30cm,yolo12s,680,710,22.655,23.655,0,5,pet_normal,pet,normal,0.488281,206,3,330,439,206.449
30cm,yolo12s,680,710,22.655,23.655,1,5,pet_normal,pet,normal,0.449463,319,118,429,286,206.449
30cm,yolo12s,680,710,22.655,23.655,2,6,pet_dirty,pet,dirty,0.457031,206,28,337,439,206.449
30cm,yolo12s,681,711,22.689,23.688,0,5,pet_normal,pet,normal,0.470703,206,3,330,438,209.163
30cm,yolo12s,681,711,22.689,23.688,1,5,pet_normal,pet,normal,0.453369,319,118,429,286,209.163
30cm,yolo12s,681,711,22.689,23.688,2,6,pet_dirty,pet,dirty,0.464844,206,21,337,438,209.163
30cm,yolo12s,682,712,22.722,23.722,0,4,glass_packaging,glass,packaging,0.275146,531,0,639,209,206.16
30cm,yolo12s,682,712,22.722,23.722,1,5,pet_normal,pet,normal,0.430176,320,118,429,286,206.16
30cm,yolo12s,682,712,22.722,23.722,2,5,pet_normal,pet,normal,0.42627,206,3,331,437,206.16
30cm,yolo12s,682,712,22.722,23.722,3,6,pet_dirty,pet,dirty,0.493164,206,17,334,438,206.16
30cm,yolo12s,683,713,22.755,23.755,0,5,pet_normal,pet,normal,0.5,320,118,430,285,207.148
30cm,yolo12s,683,713,22.755,23.755,1,5,pet_normal,pet,normal,0.445557,206,3,330,437,207.148
30cm,yolo12s,683,713,22.755,23.755,2,6,pet_dirty,pet,dirty,0.482422,206,17,334,437,207.148
30cm,yolo12s,684,714,22.789,23.788,0,5,pet_normal,pet,normal,0.488281,320,118,429,287,206.945
30cm,yolo12s,684,714,22.789,23.788,1,5,pet_normal,pet,normal,0.454346,206,3,329,436,206.945
30cm,yolo12s,684,714,22.789,23.788,2,6,pet_dirty,pet,dirty,0.475586,206,28,335,437,206.945
30cm,yolo12s,685,715,22.822,23.822,0,5,pet_normal,pet,normal,0.46875,206,2,329,435,207.361
30cm,yolo12s,685,715,22.822,23.822,1,5,pet_normal,pet,normal,0.428223,319,118,429,286,207.361
30cm,yolo12s,685,715,22.822,23.822,2,6,pet_dirty,pet,dirty,0.443604,206,39,351,437,207.361
30cm,yolo12s,686,716,22.855,23.855,0,5,pet_normal,pet,normal,0.474609,206,3,329,436,209.705
30cm,yolo12s,686,716,22.855,23.855,1,5,pet_normal,pet,normal,0.40918,319,118,429,286,209.705
30cm,yolo12s,686,716,22.855,23.855,2,6,pet_dirty,pet,dirty,0.429199,207,6,336,437,209.705
30cm,yolo12s,687,717,22.889,23.888,0,5,pet_normal,pet,normal,0.47168,206,3,329,434,208.991
30cm,yolo12s,687,717,22.889,23.888,1,5,pet_normal,pet,normal,0.286133,319,118,429,286,208.991
30cm,yolo12s,687,717,22.889,23.888,2,6,pet_dirty,pet,dirty,0.432129,206,6,336,434,208.991
30cm,yolo12s,688,718,22.922,23.921,0,5,pet_normal,pet,normal,0.457031,206,2,328,433,207.171
30cm,yolo12s,688,718,22.922,23.921,1,6,pet_dirty,pet,dirty,0.44458,207,6,346,434,207.171
30cm,yolo12s,689,719,22.955,23.955,0,5,pet_normal,pet,normal,0.44165,206,2,328,434,206.447
30cm,yolo12s,689,719,22.955,23.955,1,6,pet_dirty,pet,dirty,0.435791,207,6,363,435,206.447
30cm,yolo12s,690,720,22.989,23.988,0,5,pet_normal,pet,normal,0.457031,206,2,328,432,209.236
30cm,yolo12s,690,720,22.989,23.988,1,6,pet_dirty,pet,dirty,0.421631,207,5,346,434,209.236
30cm,yolo12s,691,721,23.022,24.021,0,5,pet_normal,pet,normal,0.454346,206,3,328,433,206.444
30cm,yolo12s,691,721,23.022,24.021,1,6,pet_dirty,pet,dirty,0.433105,207,5,333,434,206.444
30cm,yolo12s,691,721,23.022,24.021,2,9,plastic_normal,plastic,normal,0.275146,320,119,427,285,206.444
30cm,yolo12s,692,722,23.055,24.055,0,5,pet_normal,pet,normal,0.485352,206,4,328,433,211.173
30cm,yolo12s,692,722,23.055,24.055,1,6,pet_dirty,pet,dirty,0.421631,206,6,328,432,211.173
30cm,yolo12s,692,722,23.055,24.055,2,9,plastic_normal,plastic,normal,0.33374,320,119,422,285,211.173
30cm,yolo12s,693,723,23.089,24.088,0,5,pet_normal,pet,normal,0.507812,206,4,327,433,205.689
30cm,yolo12s,693,723,23.089,24.088,1,6,pet_dirty,pet,dirty,0.376709,207,36,394,433,205.689
30cm,yolo12s,693,723,23.089,24.088,2,9,plastic_normal,plastic,normal,0.375732,321,119,421,285,205.689
30cm,yolo12s,694,724,23.122,24.121,0,5,pet_normal,pet,normal,0.480469,206,4,328,433,208.049
30cm,yolo12s,694,724,23.122,24.121,1,6,pet_dirty,pet,dirty,0.419678,207,37,376,433,208.049
30cm,yolo12s,694,724,23.122,24.121,2,9,plastic_normal,plastic,normal,0.338867,320,119,421,284,208.049
30cm,yolo12s,695,725,23.155,24.155,0,5,pet_normal,pet,normal,0.46875,206,4,328,434,209.733
30cm,yolo12s,695,725,23.155,24.155,1,6,pet_dirty,pet,dirty,0.414062,206,50,365,434,209.733
30cm,yolo12s,696,726,23.189,24.188,0,5,pet_normal,pet,normal,0.474609,206,3,328,433,208.985
30cm,yolo12s,696,726,23.189,24.188,1,6,pet_dirty,pet,dirty,0.419678,206,4,329,434,208.985
30cm,yolo12s,697,727,23.222,24.221,0,5,pet_normal,pet,normal,0.484375,206,3,328,433,210.551
30cm,yolo12s,697,727,23.222,24.221,1,6,pet_dirty,pet,dirty,0.402588,206,4,329,434,210.551
30cm,yolo12s,698,728,23.255,24.255,0,5,pet_normal,pet,normal,0.481445,206,4,327,433,208.692
30cm,yolo12s,698,728,23.255,24.255,1,6,pet_dirty,pet,dirty,0.385742,206,5,331,434,208.692
30cm,yolo12s,699,729,23.288,24.288,0,5,pet_normal,pet,normal,0.507812,206,3,328,433,206.453
30cm,yolo12s,699,729,23.288,24.288,1,6,pet_dirty,pet,dirty,0.362061,207,44,350,434,206.453
30cm,yolo12s,700,730,23.322,24.321,0,5,pet_normal,pet,normal,0.489258,206,3,329,433,210.422
30cm,yolo12s,700,730,23.322,24.321,1,6,pet_dirty,pet,dirty,0.413086,206,37,342,435,210.422
30cm,yolo12s,701,731,23.355,24.355,0,5,pet_normal,pet,normal,0.481445,206,4,329,433,209.091
30cm,yolo12s,701,731,23.355,24.355,1,6,pet_dirty,pet,dirty,0.425293,207,46,343,435,209.091
30cm,yolo12s,701,731,23.355,24.355,2,9,plastic_normal,plastic,normal,0.279053,325,278,412,382,209.091
30cm,yolo12s,702,732,23.388,24.388,0,5,pet_normal,pet,normal,0.449463,206,3,329,432,206.07
30cm,yolo12s,702,732,23.388,24.388,1,6,pet_dirty,pet,dirty,0.461914,207,5,332,433,206.07
30cm,yolo12s,703,733,23.422,24.421,0,5,pet_normal,pet,normal,0.474609,206,4,329,433,207.161
30cm,yolo12s,703,733,23.422,24.421,1,6,pet_dirty,pet,dirty,0.450439,207,5,330,434,207.161
30cm,yolo12s,704,734,23.455,24.455,0,5,pet_normal,pet,normal,0.474609,206,2,329,435,207.421
30cm,yolo12s,704,734,23.455,24.455,1,6,pet_dirty,pet,dirty,0.452393,207,22,331,436,207.421
30cm,yolo12s,704,734,23.455,24.455,2,9,plastic_normal,plastic,normal,0.288574,321,118,431,285,207.421
30cm,yolo12s,705,735,23.488,24.488,0,5,pet_normal,pet,normal,0.460938,206,3,329,435,206.094
30cm,yolo12s,705,735,23.488,24.488,1,6,pet_dirty,pet,dirty,0.479492,206,36,330,436,206.094
30cm,yolo12s,706,736,23.522,24.521,0,5,pet_normal,pet,normal,0.440674,206,2,329,435,210.347
30cm,yolo12s,706,736,23.522,24.521,1,6,pet_dirty,pet,dirty,0.477539,206,45,330,436,210.347
30cm,yolo12s,706,736,23.522,24.521,2,9,plastic_normal,plastic,normal,0.307373,321,118,418,282,210.347
30cm,yolo12s,707,737,23.555,24.555,0,5,pet_normal,pet,normal,0.456055,206,3,329,438,207.153
30cm,yolo12s,707,737,23.555,24.555,1,6,pet_dirty,pet,dirty,0.446533,206,39,330,439,207.153
30cm,yolo12s,708,738,23.588,24.588,0,5,pet_normal,pet,normal,0.458984,206,4,330,438,207.616
30cm,yolo12s,708,738,23.588,24.588,1,6,pet_dirty,pet,dirty,0.44458,206,37,330,441,207.616
30cm,yolo12s,709,739,23.622,24.621,0,4,glass_packaging,glass,packaging,0.32251,531,0,637,263,208.425
30cm,yolo12s,709,739,23.622,24.621,1,5,pet_normal,pet,normal,0.445557,206,2,329,439,208.425
30cm,yolo12s,709,739,23.622,24.621,2,5,pet_normal,pet,normal,0.253906,320,118,419,285,208.425
30cm,yolo12s,709,739,23.622,24.621,3,6,pet_dirty,pet,dirty,0.469727,206,5,329,439,208.425
30cm,yolo12s,710,740,23.655,24.654,0,5,pet_normal,pet,normal,0.472656,206,2,330,435,211.378
30cm,yolo12s,710,740,23.655,24.654,1,6,pet_dirty,pet,dirty,0.442627,207,7,421,435,211.378
30cm,yolo12s,711,741,23.688,24.688,0,5,pet_normal,pet,normal,0.418701,206,2,329,436,209.553
30cm,yolo12s,711,741,23.688,24.688,1,6,pet_dirty,pet,dirty,0.463867,206,7,426,435,209.553
30cm,yolo12s,712,742,23.722,24.721,0,5,pet_normal,pet,normal,0.295898,206,2,327,437,209.047
30cm,yolo12s,712,742,23.722,24.721,1,6,pet_dirty,pet,dirty,0.485352,206,5,398,436,209.047
30cm,yolo12s,712,742,23.722,24.721,2,9,plastic_normal,plastic,normal,0.330322,324,118,430,267,209.047
30cm,yolo12s,713,743,23.755,24.754,0,5,pet_normal,pet,normal,0.252441,203,2,327,326,206.418
30cm,yolo12s,713,743,23.755,24.754,1,9,plastic_normal,plastic,normal,0.291748,318,118,429,285,206.418
30cm,yolo12s,714,744,23.788,24.788,0,9,plastic_normal,plastic,normal,0.442627,315,118,429,286,210.01
30cm,yolo12s,715,745,23.822,24.821,0,9,plastic_normal,plastic,normal,0.514648,314,118,430,287,207.653
30cm,yolo12s,716,746,23.855,24.854,0,7,pet_packaging,pet,packaging,0.38208,191,16,314,409,207.68
30cm,yolo12s,716,746,23.855,24.854,1,9,plastic_normal,plastic,normal,0.412109,307,118,429,287,207.68
30cm,yolo12s,717,747,23.888,24.888,0,9,plastic_normal,plastic,normal,0.481445,301,118,429,286,208.107
30cm,yolo12s,718,748,23.921,24.921,0,9,plastic_normal,plastic,normal,0.453369,298,118,430,286,209.3
30cm,yolo12s,719,749,23.955,24.954,0,9,plastic_normal,plastic,normal,0.454346,295,118,430,286,208.336
30cm,yolo12s,720,750,23.988,24.988,0,5,pet_normal,pet,normal,0.27832,179,22,296,414,210.563
30cm,yolo12s,720,750,23.988,24.988,1,7,pet_packaging,pet,packaging,0.32251,179,22,296,414,210.563
30cm,yolo12s,720,750,23.988,24.988,2,9,plastic_normal,plastic,normal,0.562988,294,118,430,285,210.563
30cm,yolo12s,721,751,24.021,25.021,0,5,pet_normal,pet,normal,0.275879,180,21,296,411,207.772
30cm,yolo12s,721,751,24.021,25.021,1,7,pet_packaging,pet,packaging,0.368408,179,22,295,413,207.772
30cm,yolo12s,721,751,24.021,25.021,2,9,plastic_normal,plastic,normal,0.52832,294,118,429,286,207.772
30cm,yolo12s,722,752,24.055,25.054,0,7,pet_packaging,pet,packaging,0.488281,180,21,295,413,206.483
30cm,yolo12s,722,752,24.055,25.054,1,9,plastic_normal,plastic,normal,0.584961,296,118,430,286,206.483
30cm,yolo12s,723,753,24.088,25.088,0,7,pet_packaging,pet,packaging,0.476562,179,22,294,413,211.48
30cm,yolo12s,723,753,24.088,25.088,1,9,plastic_normal,plastic,normal,0.585938,295,118,430,286,211.48
30cm,yolo12s,724,754,24.121,25.121,0,5,pet_normal,pet,normal,0.267334,177,22,293,411,206.955
30cm,yolo12s,724,754,24.121,25.121,1,7,pet_packaging,pet,packaging,0.390381,177,23,292,413,206.955
30cm,yolo12s,724,754,24.121,25.121,2,9,plastic_normal,plastic,normal,0.692871,295,117,430,285,206.955
30cm,yolo12s,725,755,24.155,25.154,0,5,pet_normal,pet,normal,0.36377,176,24,291,411,210.075
30cm,yolo12s,725,755,24.155,25.154,1,6,pet_dirty,pet,dirty,0.282227,176,25,291,411,210.075
30cm,yolo12s,725,755,24.155,25.154,2,9,plastic_normal,plastic,normal,0.700195,294,117,430,285,210.075
30cm,yolo12s,726,756,24.188,25.188,0,5,pet_normal,pet,normal,0.355713,177,24,291,413,207.309
30cm,yolo12s,726,756,24.188,25.188,1,6,pet_dirty,pet,dirty,0.275879,177,25,290,411,207.309
30cm,yolo12s,726,756,24.188,25.188,2,9,plastic_normal,plastic,normal,0.569824,294,117,430,286,207.309
30cm,yolo12s,727,757,24.221,25.221,0,5,pet_normal,pet,normal,0.361084,179,25,292,412,207.528
30cm,yolo12s,727,757,24.221,25.221,1,6,pet_dirty,pet,dirty,0.431152,178,25,290,410,207.528
30cm,yolo12s,727,757,24.221,25.221,2,9,plastic_normal,plastic,normal,0.265137,293,118,429,316,207.528
30cm,yolo12s,728,758,24.255,25.254,0,5,pet_normal,pet,normal,0.506836,178,24,292,411,209.031
30cm,yolo12s,729,759,24.288,25.287,0,7,pet_packaging,pet,packaging,0.620605,176,26,290,409,207.919
30cm,yolo12s,730,760,24.321,25.321,0,7,pet_packaging,pet,packaging,0.394287,166,26,286,408,207.403
30cm,yolo12s,731,761,24.355,25.354,0,9,plastic_normal,plastic,normal,0.377441,201,26,260,80,208.062
30cm,yolo12s,732,762,24.388,25.387,0,7,pet_packaging,pet,packaging,0.299805,177,222,290,408,207.168
30cm,yolo12s,733,763,24.421,25.421,0,7,pet_packaging,pet,packaging,0.335449,170,231,289,408,208.717
30cm,yolo12s,734,764,24.455,25.454,0,7,pet_packaging,pet,packaging,0.516602,144,25,285,240,209.729
30cm,yolo12s,735,765,24.488,25.487,,,,,,,,,,,207.045
30cm,yolo12s,736,766,24.521,25.521,,,,,,,,,,,206.537
30cm,yolo12s,737,767,24.555,25.554,0,7,pet_packaging,pet,packaging,0.516602,201,328,408,414,210.099
30cm,yolo12s,737,767,24.555,25.554,1,7,pet_packaging,pet,packaging,0.504883,194,46,297,184,210.099
30cm,yolo12s,738,768,24.588,25.587,0,7,pet_packaging,pet,packaging,0.402588,193,43,292,183,208.742
30cm,yolo12s,739,769,24.621,25.621,,,,,,,,,,,211.492
30cm,yolo12s,740,770,24.654,25.654,,,,,,,,,,,206.835
30cm,yolo12s,741,771,24.688,25.687,,,,,,,,,,,207.974
30cm,yolo12s,742,772,24.721,25.721,,,,,,,,,,,210.424
30cm,yolo12s,743,773,24.754,25.754,0,9,plastic_normal,plastic,normal,0.457031,280,295,599,411,208.083
30cm,yolo12s,744,774,24.788,25.787,0,9,plastic_normal,plastic,normal,0.44458,280,295,597,410,206.025
30cm,yolo12s,745,775,24.821,25.821,0,9,plastic_normal,plastic,normal,0.514648,280,294,595,408,205.954
30cm,yolo12s,746,776,24.854,25.854,,,,,,,,,,,206.96
30cm,yolo12s,747,777,24.888,25.887,0,9,plastic_normal,plastic,normal,0.42627,281,293,590,404,210.965
30cm,yolo12s,748,778,24.921,25.921,0,9,plastic_normal,plastic,normal,0.307373,282,293,586,402,210.678
30cm,yolo12s,749,779,24.954,25.954,,,,,,,,,,,205.897
30cm,yolo12s,750,780,24.988,25.987,,,,,,,,,,,207.186
30cm,yolo12s,751,781,25.021,26.02,,,,,,,,,,,207.951
30cm,yolo12s,752,782,25.054,26.054,0,9,plastic_normal,plastic,normal,0.34082,280,295,599,411,208.402
30cm,yolo12s,753,783,25.088,26.087,,,,,,,,,,,209.572
30cm,yolo12s,754,784,25.121,26.12,0,9,plastic_normal,plastic,normal,0.313232,278,298,398,410,207.09
30cm,yolo12s,755,785,25.154,26.154,0,7,pet_packaging,pet,packaging,0.457031,248,245,517,306,208.044
30cm,yolo12s,755,785,25.154,26.154,1,9,plastic_normal,plastic,normal,0.360352,277,298,398,412,208.044
30cm,yolo12s,756,786,25.188,26.187,0,7,pet_packaging,pet,packaging,0.493164,337,250,523,306,209.449
30cm,yolo12s,756,786,25.188,26.187,1,9,plastic_normal,plastic,normal,0.478516,276,299,401,416,209.449
30cm,yolo12s,756,786,25.188,26.187,2,9,plastic_normal,plastic,normal,0.402588,277,299,610,421,209.449
30cm,yolo12s,756,786,25.188,26.187,3,9,plastic_normal,plastic,normal,0.282227,447,0,595,131,209.449
30cm,yolo12s,757,787,25.221,26.22,0,7,pet_packaging,pet,packaging,0.495117,260,240,522,312,207.459
30cm,yolo12s,757,787,25.221,26.22,1,9,plastic_normal,plastic,normal,0.450439,275,300,403,417,207.459
30cm,yolo12s,758,788,25.254,26.254,0,7,pet_packaging,pet,packaging,0.526367,264,238,519,312,209.677
30cm,yolo12s,758,788,25.254,26.254,1,8,pet_dirty_packaging,pet,dirty_packaging,0.401611,262,239,513,313,209.677
30cm,yolo12s,758,788,25.254,26.254,2,9,plastic_normal,plastic,normal,0.27124,275,301,405,420,209.677
30cm,yolo12s,759,789,25.287,26.287,0,7,pet_packaging,pet,packaging,0.709961,266,238,513,309,208.497
30cm,yolo12s,759,789,25.287,26.287,1,9,plastic_normal,plastic,normal,0.314941,274,302,405,424,208.497
30cm,yolo12s,760,790,25.321,26.32,0,7,pet_packaging,pet,packaging,0.595703,269,249,515,313,206.346
30cm,yolo12s,761,791,25.354,26.354,0,7,pet_packaging,pet,packaging,0.561035,270,252,523,311,208.948
30cm,yolo12s,762,792,25.387,26.387,0,7,pet_packaging,pet,packaging,0.526367,271,257,528,312,207.796
30cm,yolo12s,762,792,25.387,26.387,1,9,plastic_normal,plastic,normal,0.504883,271,305,409,435,207.796
30cm,yolo12s,763,793,25.421,26.42,0,7,pet_packaging,pet,packaging,0.612305,273,249,528,315,206.776
30cm,yolo12s,763,793,25.421,26.42,1,9,plastic_normal,plastic,normal,0.391357,272,305,409,438,206.776
30cm,yolo12s,764,794,25.454,26.454,0,7,pet_packaging,pet,packaging,0.582031,275,240,530,314,206.683
30cm,yolo12s,765,795,25.487,26.487,0,7,pet_packaging,pet,packaging,0.597168,273,236,530,316,206.919
30cm,yolo12s,765,795,25.487,26.487,1,9,plastic_normal,plastic,normal,0.557129,267,308,413,445,206.919
30cm,yolo12s,766,796,25.521,26.52,0,7,pet_packaging,pet,packaging,0.599121,271,235,533,319,210.553
30cm,yolo12s,766,796,25.521,26.52,1,9,plastic_normal,plastic,normal,0.484375,266,309,415,449,210.553
30cm,yolo12s,767,797,25.554,26.554,0,7,pet_packaging,pet,packaging,0.616211,269,235,536,317,210.235
30cm,yolo12s,767,797,25.554,26.554,1,9,plastic_normal,plastic,normal,0.60498,264,310,418,456,210.235
30cm,yolo12s,768,798,25.587,26.587,0,7,pet_packaging,pet,packaging,0.613281,267,237,538,321,207.668
30cm,yolo12s,769,799,25.621,26.62,0,7,pet_packaging,pet,packaging,0.632324,269,245,538,320,205.834
30cm,yolo12s,770,800,25.654,26.653,0,7,pet_packaging,pet,packaging,0.639648,264,261,541,326,212.0
30cm,yolo12s,771,801,25.687,26.687,0,7,pet_packaging,pet,packaging,0.565918,262,264,543,325,207.099
30cm,yolo12s,772,802,25.721,26.72,0,7,pet_packaging,pet,packaging,0.585938,263,267,543,325,210.311
30cm,yolo12s,773,803,25.754,26.753,0,7,pet_packaging,pet,packaging,0.583984,263,267,544,327,206.881
30cm,yolo12s,774,804,25.787,26.787,0,7,pet_packaging,pet,packaging,0.62793,259,265,546,328,208.432
30cm,yolo12s,775,805,25.821,26.82,0,7,pet_packaging,pet,packaging,0.577637,255,262,542,331,211.14
30cm,yolo12s,776,806,25.854,26.853,0,7,pet_packaging,pet,packaging,0.567871,254,261,540,330,207.746
30cm,yolo12s,777,807,25.887,26.887,0,7,pet_packaging,pet,packaging,0.635254,254,264,537,330,206.369
30cm,yolo12s,778,808,25.921,26.92,0,7,pet_packaging,pet,packaging,0.583984,260,268,534,330,207.501
30cm,yolo12s,779,809,25.954,26.953,0,7,pet_packaging,pet,packaging,0.694336,254,264,535,331,206.951
30cm,yolo12s,780,810,25.987,26.987,0,7,pet_packaging,pet,packaging,0.674805,253,260,529,331,209.646
30cm,yolo12s,781,811,26.02,27.02,0,7,pet_packaging,pet,packaging,0.671387,252,260,528,330,210.198
30cm,yolo12s,782,812,26.054,27.053,0,7,pet_packaging,pet,packaging,0.688477,254,264,523,330,206.887
30cm,yolo12s,783,813,26.087,27.087,0,7,pet_packaging,pet,packaging,0.680176,255,265,518,329,205.933
30cm,yolo12s,784,814,26.12,27.12,0,7,pet_packaging,pet,packaging,0.722656,260,262,515,329,208.082
30cm,yolo12s,785,815,26.154,27.153,0,7,pet_packaging,pet,packaging,0.776855,254,260,510,329,205.436
30cm,yolo12s,786,816,26.187,27.187,0,7,pet_packaging,pet,packaging,0.708008,259,260,507,329,210.869
30cm,yolo12s,787,817,26.22,27.22,0,7,pet_packaging,pet,packaging,0.706543,257,262,505,330,206.356
30cm,yolo12s,788,818,26.254,27.253,0,4,glass_packaging,glass,packaging,0.368408,527,0,619,178,205.569
30cm,yolo12s,788,818,26.254,27.253,1,7,pet_packaging,pet,packaging,0.698242,255,263,502,332,205.569
30cm,yolo12s,789,819,26.287,27.286,0,7,pet_packaging,pet,packaging,0.711426,255,264,502,330,209.079
30cm,yolo12s,790,820,26.32,27.32,0,7,pet_packaging,pet,packaging,0.664551,255,257,503,330,207.294
30cm,yolo12s,791,821,26.354,27.353,0,7,pet_packaging,pet,packaging,0.540039,255,240,505,330,209.443
30cm,yolo12s,792,822,26.387,27.386,0,7,pet_packaging,pet,packaging,0.595703,254,266,507,325,205.815
30cm,yolo12s,793,823,26.42,27.42,0,7,pet_packaging,pet,packaging,0.610352,256,268,504,323,206.533
30cm,yolo12s,794,824,26.454,27.453,0,9,plastic_normal,plastic,normal,0.279053,257,266,510,320,210.207
30cm,yolo12s,795,825,26.487,27.486,0,4,glass_packaging,glass,packaging,0.255371,530,0,630,223,207.054
30cm,yolo12s,795,825,26.487,27.486,1,9,plastic_normal,plastic,normal,0.540039,264,310,419,456,207.054
30cm,yolo12s,795,825,26.487,27.486,2,9,plastic_normal,plastic,normal,0.291748,254,256,519,321,207.054
30cm,yolo12s,796,826,26.52,27.52,0,9,plastic_normal,plastic,normal,0.574707,267,309,414,447,210.304
30cm,yolo12s,797,827,26.554,27.553,0,7,pet_packaging,pet,packaging,0.262939,253,257,496,335,207.003
30cm,yolo12s,797,827,26.554,27.553,1,9,plastic_normal,plastic,normal,0.678223,272,307,416,438,207.003
30cm,yolo12s,798,828,26.587,27.586,0,7,pet_packaging,pet,packaging,0.304932,253,256,491,332,208.112
30cm,yolo12s,798,828,26.587,27.586,1,9,plastic_normal,plastic,normal,0.463867,272,305,410,429,208.112
30cm,yolo12s,799,829,26.62,27.62,0,7,pet_packaging,pet,packaging,0.565918,254,260,499,324,208.717
30cm,yolo12s,800,830,26.653,27.653,0,7,pet_packaging,pet,packaging,0.483398,253,256,498,317,209.357
30cm,yolo12s,801,831,26.687,27.686,0,7,pet_packaging,pet,packaging,0.385742,251,259,505,319,205.767
30cm,yolo12s,802,832,26.72,27.72,,,,,,,,,,,207.048
30cm,yolo12s,803,833,26.753,27.753,,,,,,,,,,,207.784
30cm,yolo12s,804,834,26.787,27.786,0,4,glass_packaging,glass,packaging,0.268066,530,0,639,238,205.711
30cm,yolo12s,805,835,26.82,27.82,0,4,glass_packaging,glass,packaging,0.290283,529,0,639,243,208.785
30cm,yolo12s,806,836,26.853,27.853,0,4,glass_packaging,glass,packaging,0.484375,529,0,633,241,208.201
30cm,yolo12s,807,837,26.887,27.886,0,4,glass_packaging,glass,packaging,0.327637,529,0,638,244,205.868
30cm,yolo12s,808,838,26.92,27.92,0,4,glass_packaging,glass,packaging,0.319092,529,0,635,235,208.758
30cm,yolo12s,809,839,26.953,27.953,0,4,glass_packaging,glass,packaging,0.354004,529,0,636,238,206.979
30cm,yolo12s,810,840,26.987,27.986,,,,,,,,,,,210.349
30cm,yolo12s,811,841,27.02,28.019,,,,,,,,,,,207.077
30cm,yolo12s,812,842,27.053,28.053,,,,,,,,,,,206.441
30cm,yolo12s,813,843,27.087,28.086,0,7,pet_packaging,pet,packaging,0.470703,254,276,363,347,209.054
30cm,yolo12s,814,844,27.12,28.119,0,7,pet_packaging,pet,packaging,0.442627,255,269,366,348,207.524
30cm,yolo12s,815,845,27.153,28.153,0,7,pet_packaging,pet,packaging,0.427246,255,267,371,349,210.609
30cm,yolo12s,816,846,27.187,28.186,0,7,pet_packaging,pet,packaging,0.395996,254,267,363,349,205.916
30cm,yolo12s,816,846,27.187,28.186,1,10,plastic_dirty,plastic,dirty,0.374756,314,106,461,333,205.916
30cm,yolo12s,817,847,27.22,28.219,0,7,pet_packaging,pet,packaging,0.345947,254,269,356,350,206.667
30cm,yolo12s,818,848,27.253,28.253,0,7,pet_packaging,pet,packaging,0.294922,254,268,353,349,209.787
30cm,yolo12s,819,849,27.286,28.286,,,,,,,,,,,207.145
30cm,yolo12s,820,850,27.32,28.319,,,,,,,,,,,206.999
30cm,yolo12s,821,851,27.353,28.353,,,,,,,,,,,206.664
30cm,yolo12s,822,852,27.386,28.386,,,,,,,,,,,208.33
30cm,yolo12s,823,853,27.42,28.419,,,,,,,,,,,209.357
30cm,yolo12s,824,854,27.453,28.453,,,,,,,,,,,208.638
30cm,yolo12s,825,855,27.486,28.486,,,,,,,,,,,206.347
30cm,yolo12s,826,856,27.52,28.519,,,,,,,,,,,207.605
30cm,yolo12s,827,857,27.553,28.553,,,,,,,,,,,210.246
30cm,yolo12s,828,858,27.586,28.586,,,,,,,,,,,206.231
30cm,yolo12s,829,859,27.62,28.619,0,10,plastic_dirty,plastic,dirty,0.364746,372,257,573,368,208.805
30cm,yolo12s,830,860,27.653,28.652,0,10,plastic_dirty,plastic,dirty,0.44751,365,253,570,370,207.714
30cm,yolo12s,831,861,27.686,28.686,,,,,,,,,,,206.432
30cm,yolo12s,832,862,27.72,28.719,,,,,,,,,,,209.18
30cm,yolo12s,833,863,27.753,28.752,,,,,,,,,,,206.261
30cm,yolo12s,834,864,27.786,28.786,,,,,,,,,,,210.62
30cm,yolo12s,835,865,27.82,28.819,0,9,plastic_normal,plastic,normal,0.325195,247,97,361,428,205.913
30cm,yolo12s,836,866,27.853,28.852,0,9,plastic_normal,plastic,normal,0.326904,241,97,357,435,206.385
30cm,yolo12s,836,866,27.853,28.852,1,10,plastic_dirty,plastic,dirty,0.392334,316,245,549,380,206.385
30cm,yolo12s,837,867,27.886,28.886,0,9,plastic_normal,plastic,normal,0.412109,236,96,353,432,208.85
30cm,yolo12s,838,868,27.92,28.919,0,9,plastic_normal,plastic,normal,0.320068,238,96,352,432,206.764
30cm,yolo12s,839,869,27.953,28.952,,,,,,,,,,,207.731
30cm,yolo12s,840,870,27.986,28.986,,,,,,,,,,,206.034
30cm,yolo12s,841,871,28.019,29.019,0,9,plastic_normal,plastic,normal,0.436768,338,266,540,356,205.352
30cm,yolo12s,842,872,28.053,29.052,0,9,plastic_normal,plastic,normal,0.472656,341,266,540,358,209.825
30cm,yolo12s,843,873,28.086,29.086,0,9,plastic_normal,plastic,normal,0.378418,337,267,540,360,209.794
30cm,yolo12s,844,874,28.119,29.119,0,7,pet_packaging,pet,packaging,0.304932,337,268,541,362,206.346
30cm,yolo12s,844,874,28.119,29.119,1,9,plastic_normal,plastic,normal,0.494141,337,267,544,360,206.346
30cm,yolo12s,845,875,28.153,29.152,0,7,pet_packaging,pet,packaging,0.306641,338,268,543,364,206.953
30cm,yolo12s,845,875,28.153,29.152,1,9,plastic_normal,plastic,normal,0.325928,337,268,544,364,206.953
30cm,yolo12s,846,876,28.186,29.186,0,10,plastic_dirty,plastic,dirty,0.26123,348,204,591,279,209.594
30cm,yolo12s,847,877,28.219,29.219,,,,,,,,,,,208.124
30cm,yolo12s,848,878,28.253,29.252,0,9,plastic_normal,plastic,normal,0.273682,342,264,463,326,210.084
30cm,yolo12s,849,879,28.286,29.286,0,7,pet_packaging,pet,packaging,0.332031,344,267,534,358,206.524
30cm,yolo12s,850,880,28.319,29.319,0,7,pet_packaging,pet,packaging,0.254639,346,238,535,359,208.508
30cm,yolo12s,851,881,28.353,29.352,,,,,,,,,,,210.316
30cm,yolo12s,852,882,28.386,29.385,,,,,,,,,,,206.949
30cm,yolo12s,853,883,28.419,29.419,0,7,pet_packaging,pet,packaging,0.259033,342,133,552,330,209.222
30cm,yolo12s,853,883,28.419,29.419,1,10,plastic_dirty,plastic,dirty,0.299072,343,140,553,329,209.222
30cm,yolo12s,854,884,28.453,29.452,0,7,pet_packaging,pet,packaging,0.572754,343,86,493,329,207.385
30cm,yolo12s,855,885,28.486,29.485,,,,,,,,,,,207.668
30cm,yolo12s,856,886,28.519,29.519,,,,,,,,,,,209.494
30cm,yolo12s,857,887,28.553,29.552,0,7,pet_packaging,pet,packaging,0.546875,347,89,499,367,205.861
30cm,yolo12s,858,888,28.586,29.585,0,7,pet_packaging,pet,packaging,0.569824,349,74,502,368,207.945
30cm,yolo12s,859,889,28.619,29.619,0,7,pet_packaging,pet,packaging,0.615234,349,74,501,368,206.402
30cm,yolo12s,860,890,28.652,29.652,0,7,pet_packaging,pet,packaging,0.592773,350,77,497,366,207.409
30cm,yolo12s,861,891,28.686,29.685,0,7,pet_packaging,pet,packaging,0.631836,350,79,493,366,209.323
30cm,yolo12s,862,892,28.719,29.719,0,7,pet_packaging,pet,packaging,0.67041,348,83,490,368,212.68
30cm,yolo12s,863,893,28.752,29.752,0,4,glass_packaging,glass,packaging,0.273682,528,0,622,188,207.403
30cm,yolo12s,863,893,28.752,29.752,1,7,pet_packaging,pet,packaging,0.684082,348,84,486,367,207.403
30cm,yolo12s,864,894,28.786,29.785,0,7,pet_packaging,pet,packaging,0.680664,347,85,477,364,207.005
30cm,yolo12s,865,895,28.819,29.819,0,7,pet_packaging,pet,packaging,0.686035,346,84,468,365,207.269
30cm,yolo12s,866,896,28.852,29.852,0,7,pet_packaging,pet,packaging,0.629883,346,84,455,368,209.512
30cm,yolo12s,867,897,28.886,29.885,0,7,pet_packaging,pet,packaging,0.620605,344,82,443,368,209.438
30cm,yolo12s,868,898,28.919,29.919,0,7,pet_packaging,pet,packaging,0.556641,345,80,439,365,207.268
30cm,yolo12s,869,899,28.952,29.952,0,7,pet_packaging,pet,packaging,0.544922,344,81,439,365,206.281
30cm,yolo12s,870,900,28.986,29.985,0,7,pet_packaging,pet,packaging,0.501953,343,82,435,366,211.709
30cm,yolo12s,871,901,29.019,30.018,0,7,pet_packaging,pet,packaging,0.363037,346,80,439,345,206.338
30cm,yolo12s,872,902,29.052,30.052,0,7,pet_packaging,pet,packaging,0.53125,342,82,434,365,209.822
30cm,yolo12s,873,903,29.086,30.085,0,7,pet_packaging,pet,packaging,0.479492,342,81,431,364,207.191
30cm,yolo12s,873,903,29.086,30.085,1,9,plastic_normal,plastic,normal,0.262939,427,60,639,252,207.191
30cm,yolo12s,874,904,29.119,30.118,0,7,pet_packaging,pet,packaging,0.436768,344,81,429,363,207.515
30cm,yolo12s,875,905,29.152,30.152,0,7,pet_packaging,pet,packaging,0.384033,344,80,429,361,209.243
30cm,yolo12s,876,906,29.186,30.185,0,7,pet_packaging,pet,packaging,0.291748,343,80,431,365,206.649
30cm,yolo12s,877,907,29.219,30.218,,,,,,,,,,,205.9
30cm,yolo12s,878,908,29.252,30.252,0,7,pet_packaging,pet,packaging,0.290283,344,80,428,358,207.638
30cm,yolo12s,878,908,29.252,30.252,1,9,plastic_normal,plastic,normal,0.255371,425,68,639,251,207.638
30cm,yolo12s,879,909,29.286,30.285,0,7,pet_packaging,pet,packaging,0.265869,345,80,429,365,207.008
30cm,yolo12s,880,910,29.319,30.318,0,7,pet_packaging,pet,packaging,0.364746,346,80,428,361,209.607
30cm,yolo12s,881,911,29.352,30.352,0,7,pet_packaging,pet,packaging,0.254639,345,81,427,365,210.446
30cm,yolo12s,881,911,29.352,30.352,1,9,plastic_normal,plastic,normal,0.323486,429,73,639,276,210.446
30cm,yolo12s,882,912,29.385,30.385,0,9,plastic_normal,plastic,normal,0.380371,428,74,639,274,207.093
30cm,yolo12s,883,913,29.419,30.418,,,,,,,,,,,207.928
30cm,yolo12s,884,914,29.452,30.452,,,,,,,,,,,207.808
30cm,yolo12s,885,915,29.485,30.485,,,,,,,,,,,206.613
30cm,yolo12s,886,916,29.519,30.518,,,,,,,,,,,210.731
30cm,yolo12s,887,917,29.552,30.552,0,7,pet_packaging,pet,packaging,0.306641,341,80,412,360,207.374
30cm,yolo12s,887,917,29.552,30.552,1,9,plastic_normal,plastic,normal,0.332764,431,79,635,273,207.374
30cm,yolo12s,888,918,29.585,30.585,0,7,pet_packaging,pet,packaging,0.279053,343,80,411,365,206.296
30cm,yolo12s,888,918,29.585,30.585,1,9,plastic_normal,plastic,normal,0.252441,432,80,636,280,206.296
30cm,yolo12s,889,919,29.619,30.618,0,7,pet_packaging,pet,packaging,0.326904,342,80,409,364,210.081
30cm,yolo12s,889,919,29.619,30.618,1,9,plastic_normal,plastic,normal,0.60498,429,81,631,279,210.081
30cm,yolo12s,890,920,29.652,30.651,0,7,pet_packaging,pet,packaging,0.328613,342,67,410,368,208.307
30cm,yolo12s,890,920,29.652,30.651,1,9,plastic_normal,plastic,normal,0.454346,429,80,635,280,208.307
30cm,yolo12s,891,921,29.685,30.685,0,7,pet_packaging,pet,packaging,0.269775,342,81,409,364,210.713
30cm,yolo12s,891,921,29.685,30.685,1,9,plastic_normal,plastic,normal,0.402588,429,80,635,282,210.713
30cm,yolo12s,892,922,29.719,30.718,0,7,pet_packaging,pet,packaging,0.353027,343,82,408,366,206.806
30cm,yolo12s,893,923,29.752,30.751,0,7,pet_packaging,pet,packaging,0.385742,344,83,407,362,207.277
30cm,yolo12s,894,924,29.785,30.785,0,7,pet_packaging,pet,packaging,0.306641,344,83,407,369,210.101
30cm,yolo12s,895,925,29.819,30.818,0,7,pet_packaging,pet,packaging,0.260498,342,83,406,370,206.755
30cm,yolo12s,896,926,29.852,30.851,0,9,plastic_normal,plastic,normal,0.301514,434,81,638,265,206.947
30cm,yolo12s,897,927,29.885,30.885,0,7,pet_packaging,pet,packaging,0.265869,344,82,403,263,207.081
30cm,yolo12s,897,927,29.885,30.885,1,9,plastic_normal,plastic,normal,0.321777,434,80,639,253,207.081
30cm,yolo12s,898,928,29.919,30.918,0,7,pet_packaging,pet,packaging,0.308105,337,83,398,264,207.214
30cm,yolo12s,898,928,29.919,30.918,1,9,plastic_normal,plastic,normal,0.473633,434,81,638,251,207.214
30cm,yolo12s,899,929,29.952,30.951,0,9,plastic_normal,plastic,normal,0.284668,429,82,639,266,210.025
30cm,yolo26n,0,30,0.0,1.0,0,1,can_dirty,can,dirty,0.414307,311,147,388,360,46.347
30cm,yolo26n,0,30,0.0,1.0,1,7,pet_packaging,pet,packaging,0.390625,403,93,490,357,46.347
30cm,yolo26n,0,30,0.0,1.0,2,7,pet_packaging,pet,packaging,0.379883,137,132,259,356,46.347
30cm,yolo26n,1,31,0.033,1.033,0,1,can_dirty,can,dirty,0.407227,311,147,387,361,47.125
30cm,yolo26n,1,31,0.033,1.033,1,7,pet_packaging,pet,packaging,0.381348,138,133,260,356,47.125
30cm,yolo26n,1,31,0.033,1.033,2,7,pet_packaging,pet,packaging,0.378418,403,93,490,356,47.125
30cm,yolo26n,2,32,0.067,1.066,0,1,can_dirty,can,dirty,0.416016,311,147,388,360,48.268
30cm,yolo26n,2,32,0.067,1.066,1,7,pet_packaging,pet,packaging,0.370117,137,132,259,356,48.268
30cm,yolo26n,2,32,0.067,1.066,2,7,pet_packaging,pet,packaging,0.335693,403,92,489,358,48.268
30cm,yolo26n,3,33,0.1,1.099,0,1,can_dirty,can,dirty,0.387207,311,147,388,361,51.163
30cm,yolo26n,3,33,0.1,1.099,1,7,pet_packaging,pet,packaging,0.381104,138,132,260,355,51.163
30cm,yolo26n,3,33,0.1,1.099,2,7,pet_packaging,pet,packaging,0.34668,403,92,489,358,51.163
30cm,yolo26n,4,34,0.133,1.133,0,1,can_dirty,can,dirty,0.409668,311,147,388,361,48.438
30cm,yolo26n,4,34,0.133,1.133,1,7,pet_packaging,pet,packaging,0.383789,138,133,260,356,48.438
30cm,yolo26n,4,34,0.133,1.133,2,7,pet_packaging,pet,packaging,0.353516,403,92,489,359,48.438
30cm,yolo26n,5,35,0.167,1.166,0,1,can_dirty,can,dirty,0.479492,310,147,387,360,48.62
30cm,yolo26n,5,35,0.167,1.166,1,7,pet_packaging,pet,packaging,0.369629,138,132,261,356,48.62
30cm,yolo26n,5,35,0.167,1.166,2,7,pet_packaging,pet,packaging,0.362549,403,92,489,359,48.62
30cm,yolo26n,6,36,0.2,1.199,0,1,can_dirty,can,dirty,0.482178,311,147,388,360,48.082
30cm,yolo26n,6,36,0.2,1.199,1,7,pet_packaging,pet,packaging,0.36377,137,132,260,356,48.082
30cm,yolo26n,6,36,0.2,1.199,2,7,pet_packaging,pet,packaging,0.335205,403,92,489,358,48.082
30cm,yolo26n,7,37,0.233,1.233,0,1,can_dirty,can,dirty,0.437256,311,147,388,360,47.981
30cm,yolo26n,7,37,0.233,1.233,1,7,pet_packaging,pet,packaging,0.352783,138,132,260,356,47.981
30cm,yolo26n,7,37,0.233,1.233,2,7,pet_packaging,pet,packaging,0.312256,403,92,489,358,47.981
30cm,yolo26n,8,38,0.267,1.266,0,1,can_dirty,can,dirty,0.460938,311,147,387,360,48.164
30cm,yolo26n,8,38,0.267,1.266,1,7,pet_packaging,pet,packaging,0.361328,137,132,260,356,48.164
30cm,yolo26n,8,38,0.267,1.266,2,7,pet_packaging,pet,packaging,0.296143,403,92,489,359,48.164
30cm,yolo26n,9,39,0.3,1.299,0,1,can_dirty,can,dirty,0.468262,311,147,387,360,47.907
30cm,yolo26n,9,39,0.3,1.299,1,7,pet_packaging,pet,packaging,0.375488,137,132,260,356,47.907
30cm,yolo26n,9,39,0.3,1.299,2,7,pet_packaging,pet,packaging,0.352539,403,92,489,358,47.907
30cm,yolo26n,10,40,0.333,1.333,0,1,can_dirty,can,dirty,0.454346,311,147,388,361,48.263
30cm,yolo26n,10,40,0.333,1.333,1,7,pet_packaging,pet,packaging,0.386719,137,132,260,356,48.263
30cm,yolo26n,10,40,0.333,1.333,2,7,pet_packaging,pet,packaging,0.349854,403,92,489,358,48.263
30cm,yolo26n,11,41,0.366,1.366,0,1,can_dirty,can,dirty,0.440674,311,147,388,360,48.309
30cm,yolo26n,11,41,0.366,1.366,1,7,pet_packaging,pet,packaging,0.409668,137,132,259,356,48.309
30cm,yolo26n,11,41,0.366,1.366,2,7,pet_packaging,pet,packaging,0.318359,403,92,490,358,48.309
30cm,yolo26n,12,42,0.4,1.399,0,1,can_dirty,can,dirty,0.482422,311,147,388,360,48.32
30cm,yolo26n,12,42,0.4,1.399,1,5,pet_normal,pet,normal,0.253418,401,91,489,359,48.32
30cm,yolo26n,12,42,0.4,1.399,2,7,pet_packaging,pet,packaging,0.391113,137,132,260,356,48.32
30cm,yolo26n,12,42,0.4,1.399,3,7,pet_packaging,pet,packaging,0.279053,403,92,489,359,48.32
30cm,yolo26n,13,43,0.433,1.433,0,1,can_dirty,can,dirty,0.46875,311,147,388,361,48.054
30cm,yolo26n,13,43,0.433,1.433,1,5,pet_normal,pet,normal,0.282471,400,92,490,359,48.054
30cm,yolo26n,13,43,0.433,1.433,2,7,pet_packaging,pet,packaging,0.379395,137,132,259,356,48.054
30cm,yolo26n,14,44,0.466,1.466,0,1,can_dirty,can,dirty,0.468018,311,147,388,361,47.993
30cm,yolo26n,14,44,0.466,1.466,1,7,pet_packaging,pet,packaging,0.376953,137,132,260,356,47.993
30cm,yolo26n,14,44,0.466,1.466,2,7,pet_packaging,pet,packaging,0.320068,403,92,489,359,47.993
30cm,yolo26n,15,45,0.5,1.499,0,1,can_dirty,can,dirty,0.447021,310,146,387,361,48.521
30cm,yolo26n,15,45,0.5,1.499,1,7,pet_packaging,pet,packaging,0.409668,137,132,260,356,48.521
30cm,yolo26n,15,45,0.5,1.499,2,7,pet_packaging,pet,packaging,0.323486,403,92,490,359,48.521
30cm,yolo26n,16,46,0.533,1.533,0,1,can_dirty,can,dirty,0.432129,311,147,388,361,52.354
30cm,yolo26n,16,46,0.533,1.533,1,7,pet_packaging,pet,packaging,0.376953,137,132,260,356,52.354
30cm,yolo26n,16,46,0.533,1.533,2,7,pet_packaging,pet,packaging,0.302002,403,92,489,359,52.354
30cm,yolo26n,17,47,0.566,1.566,0,1,can_dirty,can,dirty,0.439941,311,147,388,360,47.831
30cm,yolo26n,17,47,0.566,1.566,1,7,pet_packaging,pet,packaging,0.372559,137,132,260,356,47.831
30cm,yolo26n,17,47,0.566,1.566,2,7,pet_packaging,pet,packaging,0.333252,403,92,489,358,47.831
30cm,yolo26n,18,48,0.6,1.599,0,1,can_dirty,can,dirty,0.336914,310,146,387,362,48.157
30cm,yolo26n,18,48,0.6,1.599,1,7,pet_packaging,pet,packaging,0.369385,138,132,260,356,48.157
30cm,yolo26n,18,48,0.6,1.599,2,7,pet_packaging,pet,packaging,0.364014,403,92,489,358,48.157
30cm,yolo26n,19,49,0.633,1.633,0,1,can_dirty,can,dirty,0.35498,310,146,387,361,49.929
30cm,yolo26n,19,49,0.633,1.633,1,7,pet_packaging,pet,packaging,0.387939,402,92,488,358,49.929
30cm,yolo26n,19,49,0.633,1.633,2,7,pet_packaging,pet,packaging,0.35376,137,132,259,356,49.929
30cm,yolo26n,20,50,0.666,1.666,0,1,can_dirty,can,dirty,0.358643,310,146,387,361,47.918
30cm,yolo26n,20,50,0.666,1.666,1,7,pet_packaging,pet,packaging,0.353271,137,132,260,356,47.918
30cm,yolo26n,20,50,0.666,1.666,2,7,pet_packaging,pet,packaging,0.351562,400,92,489,358,47.918
30cm,yolo26n,21,51,0.7,1.699,0,1,can_dirty,can,dirty,0.423096,310,147,387,361,47.815
30cm,yolo26n,21,51,0.7,1.699,1,7,pet_packaging,pet,packaging,0.41626,400,92,488,359,47.815
30cm,yolo26n,21,51,0.7,1.699,2,7,pet_packaging,pet,packaging,0.34668,138,132,260,356,47.815
30cm,yolo26n,22,52,0.733,1.732,0,1,can_dirty,can,dirty,0.452393,310,147,387,360,47.74
30cm,yolo26n,22,52,0.733,1.732,1,7,pet_packaging,pet,packaging,0.437012,401,92,489,359,47.74
30cm,yolo26n,22,52,0.733,1.732,2,7,pet_packaging,pet,packaging,0.381104,137,132,259,356,47.74
30cm,yolo26n,23,53,0.766,1.766,0,1,can_dirty,can,dirty,0.419922,310,146,387,361,48.368
30cm,yolo26n,23,53,0.766,1.766,1,7,pet_packaging,pet,packaging,0.445557,403,92,490,359,48.368
30cm,yolo26n,23,53,0.766,1.766,2,7,pet_packaging,pet,packaging,0.365479,137,132,260,356,48.368
30cm,yolo26n,24,54,0.8,1.799,0,1,can_dirty,can,dirty,0.452393,310,146,387,361,48.334
30cm,yolo26n,24,54,0.8,1.799,1,7,pet_packaging,pet,packaging,0.484619,402,92,489,359,48.334
30cm,yolo26n,24,54,0.8,1.799,2,7,pet_packaging,pet,packaging,0.368408,137,132,260,356,48.334
30cm,yolo26n,25,55,0.833,1.832,0,1,can_dirty,can,dirty,0.469971,310,146,387,362,47.521
30cm,yolo26n,25,55,0.833,1.832,1,7,pet_packaging,pet,packaging,0.41333,400,92,488,361,47.521
30cm,yolo26n,25,55,0.833,1.832,2,7,pet_packaging,pet,packaging,0.344238,137,132,260,356,47.521
30cm,yolo26n,26,56,0.866,1.866,0,1,can_dirty,can,dirty,0.413086,310,146,387,361,47.586
30cm,yolo26n,26,56,0.866,1.866,1,7,pet_packaging,pet,packaging,0.396484,401,92,488,360,47.586
30cm,yolo26n,26,56,0.866,1.866,2,7,pet_packaging,pet,packaging,0.35498,137,132,260,356,47.586
30cm,yolo26n,27,57,0.9,1.899,0,1,can_dirty,can,dirty,0.415283,310,146,387,362,48.088
30cm,yolo26n,27,57,0.9,1.899,1,7,pet_packaging,pet,packaging,0.357666,137,132,260,356,48.088
30cm,yolo26n,28,58,0.933,1.932,0,1,can_dirty,can,dirty,0.404297,310,146,385,361,48.386
30cm,yolo26n,28,58,0.933,1.932,1,7,pet_packaging,pet,packaging,0.366699,137,132,259,357,48.386
30cm,yolo26n,29,59,0.966,1.966,0,1,can_dirty,can,dirty,0.310791,310,146,385,361,52.115
30cm,yolo26n,29,59,0.966,1.966,1,7,pet_packaging,pet,packaging,0.370361,137,132,259,356,52.115
30cm,yolo26n,30,60,1.0,1.999,0,7,pet_packaging,pet,packaging,0.328857,137,133,260,357,48.711
30cm,yolo26n,31,61,1.033,2.032,0,7,pet_packaging,pet,packaging,0.480469,399,93,487,219,48.168
30cm,yolo26n,31,61,1.033,2.032,1,7,pet_packaging,pet,packaging,0.356934,138,132,261,356,48.168
30cm,yolo26n,32,62,1.066,2.066,0,7,pet_packaging,pet,packaging,0.320557,138,132,261,356,48.179
30cm,yolo26n,32,62,1.066,2.066,1,7,pet_packaging,pet,packaging,0.305664,400,97,482,227,48.179
30cm,yolo26n,33,63,1.099,2.099,0,7,pet_packaging,pet,packaging,0.418701,390,100,478,227,48.353
30cm,yolo26n,33,63,1.099,2.099,1,7,pet_packaging,pet,packaging,0.322266,138,132,261,356,48.353
30cm,yolo26n,34,64,1.133,2.132,0,7,pet_packaging,pet,packaging,0.47998,387,102,473,235,48.241
30cm,yolo26n,34,64,1.133,2.132,1,7,pet_packaging,pet,packaging,0.311279,137,132,260,356,48.241
30cm,yolo26n,35,65,1.166,2.166,0,7,pet_packaging,pet,packaging,0.365234,385,102,466,236,48.759
30cm,yolo26n,36,66,1.199,2.199,0,7,pet_packaging,pet,packaging,0.478516,383,102,462,244,49.53
30cm,yolo26n,36,66,1.199,2.199,1,7,pet_packaging,pet,packaging,0.305176,137,133,260,357,49.53
30cm,yolo26n,37,67,1.233,2.232,0,7,pet_packaging,pet,packaging,0.44873,382,103,459,243,50.996
30cm,yolo26n,37,67,1.233,2.232,1,7,pet_packaging,pet,packaging,0.281982,137,132,260,356,50.996
30cm,yolo26n,38,68,1.266,2.266,0,7,pet_packaging,pet,packaging,0.574707,381,104,457,255,48.918
30cm,yolo26n,38,68,1.266,2.266,1,7,pet_packaging,pet,packaging,0.274902,137,132,260,356,48.918
30cm,yolo26n,39,69,1.299,2.299,0,7,pet_packaging,pet,packaging,0.516113,380,106,455,258,48.035
30cm,yolo26n,39,69,1.299,2.299,1,7,pet_packaging,pet,packaging,0.268799,137,132,260,356,48.035
30cm,yolo26n,40,70,1.333,2.332,0,7,pet_packaging,pet,packaging,0.574219,382,106,457,261,48.047
30cm,yolo26n,40,70,1.333,2.332,1,7,pet_packaging,pet,packaging,0.300049,137,132,260,356,48.047
30cm,yolo26n,41,71,1.366,2.365,0,7,pet_packaging,pet,packaging,0.569824,383,104,459,261,47.748
30cm,yolo26n,41,71,1.366,2.365,1,7,pet_packaging,pet,packaging,0.315918,137,132,259,356,47.748
30cm,yolo26n,42,72,1.399,2.399,0,7,pet_packaging,pet,packaging,0.524414,383,102,459,261,47.898
30cm,yolo26n,42,72,1.399,2.399,1,7,pet_packaging,pet,packaging,0.296143,138,132,260,356,47.898
30cm,yolo26n,43,73,1.433,2.432,0,7,pet_packaging,pet,packaging,0.294678,137,132,260,356,47.817
30cm,yolo26n,44,74,1.466,2.465,0,7,pet_packaging,pet,packaging,0.266357,137,132,260,357,48.359
30cm,yolo26n,45,75,1.499,2.499,0,7,pet_packaging,pet,packaging,0.305664,138,132,260,356,48.077
30cm,yolo26n,46,76,1.533,2.532,0,7,pet_packaging,pet,packaging,0.324463,138,132,260,356,48.065
30cm,yolo26n,47,77,1.566,2.565,0,7,pet_packaging,pet,packaging,0.294678,138,132,260,356,47.234
30cm,yolo26n,48,78,1.599,2.599,0,7,pet_packaging,pet,packaging,0.263916,138,133,259,356,47.4
30cm,yolo26n,49,79,1.633,2.632,,,,,,,,,,,47.584
30cm,yolo26n,50,80,1.666,2.665,,,,,,,,,,,50.947
30cm,yolo26n,51,81,1.699,2.699,,,,,,,,,,,48.526
30cm,yolo26n,52,82,1.732,2.732,0,7,pet_packaging,pet,packaging,0.305176,138,133,260,356,48.441
30cm,yolo26n,53,83,1.766,2.765,0,7,pet_packaging,pet,packaging,0.333496,138,132,260,356,48.606
30cm,yolo26n,54,84,1.799,2.799,0,7,pet_packaging,pet,packaging,0.36499,137,132,259,356,51.292
30cm,yolo26n,55,85,1.832,2.832,0,7,pet_packaging,pet,packaging,0.365234,137,132,259,356,48.658
30cm,yolo26n,55,85,1.832,2.832,1,7,pet_packaging,pet,packaging,0.303711,296,103,633,344,48.658
30cm,yolo26n,56,86,1.866,2.865,0,7,pet_packaging,pet,packaging,0.33374,137,132,259,356,48.194
30cm,yolo26n,57,87,1.899,2.899,0,7,pet_packaging,pet,packaging,0.308594,137,132,259,356,50.342
30cm,yolo26n,58,88,1.932,2.932,0,7,pet_packaging,pet,packaging,0.287354,137,132,259,356,48.047
30cm,yolo26n,59,89,1.966,2.965,,,,,,,,,,,48.66
30cm,yolo26n,60,90,1.999,2.999,,,,,,,,,,,48.387
30cm,yolo26n,61,91,2.032,3.032,,,,,,,,,,,47.648
30cm,yolo26n,62,92,2.066,3.065,,,,,,,,,,,47.411
30cm,yolo26n,63,93,2.099,3.098,0,10,plastic_dirty,plastic,dirty,0.292725,528,0,638,211,50.012
30cm,yolo26n,64,94,2.132,3.132,,,,,,,,,,,48.168
30cm,yolo26n,65,95,2.166,3.165,,,,,,,,,,,48.539
30cm,yolo26n,66,96,2.199,3.198,,,,,,,,,,,47.83
30cm,yolo26n,67,97,2.232,3.232,,,,,,,,,,,51.147
30cm,yolo26n,68,98,2.266,3.265,0,7,pet_packaging,pet,packaging,0.351807,139,134,260,353,49.439
30cm,yolo26n,69,99,2.299,3.298,0,7,pet_packaging,pet,packaging,0.324951,139,135,260,353,48.051
30cm,yolo26n,70,100,2.332,3.332,,,,,,,,,,,48.618
30cm,yolo26n,71,101,2.365,3.365,,,,,,,,,,,47.936
30cm,yolo26n,72,102,2.399,3.398,,,,,,,,,,,48.004
30cm,yolo26n,73,103,2.432,3.432,0,9,plastic_normal,plastic,normal,0.282959,138,133,257,272,47.892
30cm,yolo26n,74,104,2.465,3.465,,,,,,,,,,,47.918
30cm,yolo26n,75,105,2.499,3.498,,,,,,,,,,,47.735
30cm,yolo26n,76,106,2.532,3.532,,,,,,,,,,,52.065
30cm,yolo26n,77,107,2.565,3.565,,,,,,,,,,,47.808
30cm,yolo26n,78,108,2.599,3.598,0,10,plastic_dirty,plastic,dirty,0.364014,338,156,554,251,47.649
30cm,yolo26n,79,109,2.632,3.632,0,10,plastic_dirty,plastic,dirty,0.44458,339,149,544,245,49.461
30cm,yolo26n,80,110,2.665,3.665,0,10,plastic_dirty,plastic,dirty,0.344238,342,141,536,238,51.349
30cm,yolo26n,81,111,2.699,3.698,,,,,,,,,,,48.454
30cm,yolo26n,82,112,2.732,3.731,0,7,pet_packaging,pet,packaging,0.302979,138,135,259,353,48.191
30cm,yolo26n,83,113,2.765,3.765,,,,,,,,,,,48.427
30cm,yolo26n,84,114,2.799,3.798,0,7,pet_packaging,pet,packaging,0.295654,138,134,259,353,48.017
30cm,yolo26n,84,114,2.799,3.798,1,9,plastic_normal,plastic,normal,0.280029,157,270,467,366,48.017
30cm,yolo26n,85,115,2.832,3.831,,,,,,,,,,,48.388
30cm,yolo26n,86,116,2.865,3.865,0,9,plastic_normal,plastic,normal,0.300293,158,270,467,366,47.968
30cm,yolo26n,87,117,2.899,3.898,0,9,plastic_normal,plastic,normal,0.296143,156,270,466,363,47.742
30cm,yolo26n,88,118,2.932,3.931,0,7,pet_packaging,pet,packaging,0.258057,138,134,258,354,47.708
30cm,yolo26n,89,119,2.965,3.965,,,,,,,,,,,51.022
30cm,yolo26n,90,120,2.999,3.998,,,,,,,,,,,49.687
30cm,yolo26n,91,121,3.032,4.031,0,9,plastic_normal,plastic,normal,0.303955,157,270,467,366,48.118
30cm,yolo26n,92,122,3.065,4.065,0,9,plastic_normal,plastic,normal,0.477295,157,270,467,367,47.809
30cm,yolo26n,92,122,3.065,4.065,1,9,plastic_normal,plastic,normal,0.300537,138,135,257,273,47.809
30cm,yolo26n,93,123,3.098,4.098,0,9,plastic_normal,plastic,normal,0.518555,157,270,467,365,51.009
30cm,yolo26n,94,124,3.132,4.131,0,9,plastic_normal,plastic,normal,0.32373,154,270,467,365,48.068
30cm,yolo26n,95,125,3.165,4.165,0,9,plastic_normal,plastic,normal,0.290771,154,270,466,366,47.558
30cm,yolo26n,96,126,3.198,4.198,,,,,,,,,,,48.176
30cm,yolo26n,97,127,3.232,4.231,,,,,,,,,,,47.992
30cm,yolo26n,98,128,3.265,4.265,0,9,plastic_normal,plastic,normal,0.401611,153,271,450,363,47.689
30cm,yolo26n,99,129,3.298,4.298,0,9,plastic_normal,plastic,normal,0.425049,158,271,424,366,48.108
30cm,yolo26n,100,130,3.332,4.331,,,,,,,,,,,48.597
30cm,yolo26n,101,131,3.365,4.365,,,,,,,,,,,48.113
30cm,yolo26n,102,132,3.398,4.398,0,9,plastic_normal,plastic,normal,0.26709,147,272,359,368,51.584
30cm,yolo26n,103,133,3.432,4.431,,,,,,,,,,,48.426
30cm,yolo26n,104,134,3.465,4.464,0,9,plastic_normal,plastic,normal,0.348145,147,272,335,365,47.948
30cm,yolo26n,105,135,3.498,4.498,0,9,plastic_normal,plastic,normal,0.297363,156,274,322,366,48.547
30cm,yolo26n,106,136,3.532,4.531,,,,,,,,,,,52.196
30cm,yolo26n,107,137,3.565,4.564,,,,,,,,,,,49.04
30cm,yolo26n,108,138,3.598,4.598,,,,,,,,,,,48.393
30cm,yolo26n,109,139,3.632,4.631,,,,,,,,,,,47.584
30cm,yolo26n,110,140,3.665,4.664,,,,,,,,,,,48.381
30cm,yolo26n,111,141,3.698,4.698,,,,,,,,,,,48.891
30cm,yolo26n,112,142,3.731,4.731,,,,,,,,,,,48.711
30cm,yolo26n,113,143,3.765,4.764,,,,,,,,,,,48.409
30cm,yolo26n,114,144,3.798,4.798,,,,,,,,,,,48.701
30cm,yolo26n,115,145,3.831,4.831,,,,,,,,,,,47.512
30cm,yolo26n,116,146,3.865,4.864,,,,,,,,,,,49.914
30cm,yolo26n,117,147,3.898,4.898,,,,,,,,,,,47.658
30cm,yolo26n,118,148,3.931,4.931,,,,,,,,,,,48.583
30cm,yolo26n,119,149,3.965,4.964,,,,,,,,,,,47.896
30cm,yolo26n,120,150,3.998,4.998,,,,,,,,,,,48.414
30cm,yolo26n,121,151,4.031,5.031,,,,,,,,,,,47.685
30cm,yolo26n,122,152,4.065,5.064,,,,,,,,,,,47.221
30cm,yolo26n,123,153,4.098,5.097,,,,,,,,,,,48.358
30cm,yolo26n,124,154,4.131,5.131,0,1,can_dirty,can,dirty,0.27002,276,95,392,441,48.604
30cm,yolo26n,125,155,4.165,5.164,,,,,,,,,,,48.535
30cm,yolo26n,126,156,4.198,5.197,,,,,,,,,,,48.462
30cm,yolo26n,127,157,4.231,5.231,,,,,,,,,,,51.004
30cm,yolo26n,128,158,4.265,5.264,,,,,,,,,,,48.138
30cm,yolo26n,129,159,4.298,5.297,0,1,can_dirty,can,dirty,0.255615,276,103,391,441,48.116
30cm,yolo26n,130,160,4.331,5.331,,,,,,,,,,,47.752
30cm,yolo26n,131,161,4.365,5.364,,,,,,,,,,,48.232
30cm,yolo26n,132,162,4.398,5.397,,,,,,,,,,,48.709
30cm,yolo26n,133,163,4.431,5.431,0,1,can_dirty,can,dirty,0.295654,275,93,393,441,48.133
30cm,yolo26n,134,164,4.464,5.464,,,,,,,,,,,47.638
30cm,yolo26n,135,165,4.498,5.497,0,1,can_dirty,can,dirty,0.327881,276,92,396,442,48.552
30cm,yolo26n,136,166,4.531,5.531,0,1,can_dirty,can,dirty,0.420166,276,94,395,442,49.061
30cm,yolo26n,137,167,4.564,5.564,0,1,can_dirty,can,dirty,0.414307,276,94,396,442,48.488
30cm,yolo26n,138,168,4.598,5.597,0,1,can_dirty,can,dirty,0.338867,276,93,397,442,47.889
30cm,yolo26n,139,169,4.631,5.631,0,1,can_dirty,can,dirty,0.326416,276,93,397,442,47.779
30cm,yolo26n,140,170,4.664,5.664,0,1,can_dirty,can,dirty,0.334961,276,93,397,442,51.06
30cm,yolo26n,141,171,4.698,5.697,0,1,can_dirty,can,dirty,0.287354,276,94,396,441,48.298
30cm,yolo26n,142,172,4.731,5.73,0,1,can_dirty,can,dirty,0.261963,276,93,397,442,48.012
30cm,yolo26n,143,173,4.764,5.764,,,,,,,,,,,49.128
30cm,yolo26n,144,174,4.798,5.797,,,,,,,,,,,48.115
30cm,yolo26n,145,175,4.831,5.83,,,,,,,,,,,47.315
30cm,yolo26n,146,176,4.864,5.864,,,,,,,,,,,47.521
30cm,yolo26n,147,177,4.898,5.897,0,1,can_dirty,can,dirty,0.273682,276,93,397,441,48.186
30cm,yolo26n,148,178,4.931,5.93,0,1,can_dirty,can,dirty,0.273193,276,93,396,442,47.928
30cm,yolo26n,149,179,4.964,5.964,0,1,can_dirty,can,dirty,0.254395,276,93,397,442,47.954
30cm,yolo26n,149,179,4.964,5.964,1,7,pet_packaging,pet,packaging,0.25415,574,120,639,278,47.954
30cm,yolo26n,150,180,4.998,5.997,,,,,,,,,,,47.767
30cm,yolo26n,151,181,5.031,6.03,,,,,,,,,,,48.207
30cm,yolo26n,152,182,5.064,6.064,,,,,,,,,,,48.067
30cm,yolo26n,153,183,5.097,6.097,,,,,,,,,,,47.333
30cm,yolo26n,154,184,5.131,6.13,,,,,,,,,,,47.522
30cm,yolo26n,155,185,5.164,6.164,,,,,,,,,,,47.68
30cm,yolo26n,156,186,5.197,6.197,,,,,,,,,,,47.889
30cm,yolo26n,157,187,5.231,6.23,,,,,,,,,,,47.898
30cm,yolo26n,158,188,5.264,6.264,,,,,,,,,,,51.64
30cm,yolo26n,159,189,5.297,6.297,,,,,,,,,,,48.33
30cm,yolo26n,160,190,5.331,6.33,,,,,,,,,,,49.008
30cm,yolo26n,161,191,5.364,6.364,,,,,,,,,,,47.599
30cm,yolo26n,162,192,5.397,6.397,,,,,,,,,,,47.841
30cm,yolo26n,163,193,5.431,6.43,,,,,,,,,,,48.031
30cm,yolo26n,164,194,5.464,6.463,,,,,,,,,,,48.148
30cm,yolo26n,165,195,5.497,6.497,,,,,,,,,,,48.849
30cm,yolo26n,166,196,5.531,6.53,,,,,,,,,,,48.936
30cm,yolo26n,167,197,5.564,6.563,,,,,,,,,,,47.958
30cm,yolo26n,168,198,5.597,6.597,,,,,,,,,,,47.911
30cm,yolo26n,169,199,5.631,6.63,,,,,,,,,,,47.975
30cm,yolo26n,170,200,5.664,6.663,,,,,,,,,,,47.405
30cm,yolo26n,171,201,5.697,6.697,0,1,can_dirty,can,dirty,0.283203,276,93,397,441,50.995
30cm,yolo26n,172,202,5.73,6.73,,,,,,,,,,,48.655
30cm,yolo26n,173,203,5.764,6.763,,,,,,,,,,,48.457
30cm,yolo26n,174,204,5.797,6.797,0,1,can_dirty,can,dirty,0.299316,276,93,397,441,48.191
30cm,yolo26n,175,205,5.83,6.83,0,1,can_dirty,can,dirty,0.28833,276,93,397,441,48.324
30cm,yolo26n,176,206,5.864,6.863,0,1,can_dirty,can,dirty,0.397217,276,93,397,441,47.916
30cm,yolo26n,177,207,5.897,6.897,0,1,can_dirty,can,dirty,0.374268,276,93,397,442,48.028
30cm,yolo26n,178,208,5.93,6.93,0,1,can_dirty,can,dirty,0.361328,276,92,397,441,48.063
30cm,yolo26n,179,209,5.964,6.963,0,1,can_dirty,can,dirty,0.250977,276,93,396,442,47.988
30cm,yolo26n,180,210,5.997,6.997,0,1,can_dirty,can,dirty,0.351562,276,92,397,441,51.202
30cm,yolo26n,181,211,6.03,7.03,0,1,can_dirty,can,dirty,0.352539,276,92,396,441,47.916
30cm,yolo26n,182,212,6.064,7.063,0,1,can_dirty,can,dirty,0.392822,275,92,396,441,47.757
30cm,yolo26n,183,213,6.097,7.096,0,1,can_dirty,can,dirty,0.26709,276,92,397,441,47.485
30cm,yolo26n,184,214,6.13,7.13,,,,,,,,,,,51.121
30cm,yolo26n,185,215,6.164,7.163,0,4,glass_packaging,glass,packaging,0.453125,275,95,397,441,48.405
30cm,yolo26n,186,216,6.197,7.196,0,4,glass_packaging,glass,packaging,0.742676,275,95,396,441,48.479
30cm,yolo26n,187,217,6.23,7.23,0,4,glass_packaging,glass,packaging,0.688477,275,96,397,441,48.442
30cm,yolo26n,188,218,6.264,7.263,0,4,glass_packaging,glass,packaging,0.333252,276,95,398,442,48.185
30cm,yolo26n,189,219,6.297,7.296,0,4,glass_packaging,glass,packaging,0.512695,276,95,398,441,48.809
30cm,yolo26n,190,220,6.33,7.33,0,4,glass_packaging,glass,packaging,0.740723,276,96,398,441,48.352
30cm,yolo26n,191,221,6.364,7.363,0,4,glass_packaging,glass,packaging,0.746094,275,95,397,441,48.43
30cm,yolo26n,191,221,6.364,7.363,1,10,plastic_dirty,plastic,dirty,0.469482,529,1,626,220,48.43
30cm,yolo26n,192,222,6.397,7.396,0,4,glass_packaging,glass,packaging,0.760742,275,95,397,441,48.311
30cm,yolo26n,192,222,6.397,7.396,1,10,plastic_dirty,plastic,dirty,0.266846,529,4,639,253,48.311
30cm,yolo26n,193,223,6.43,7.43,0,4,glass_packaging,glass,packaging,0.751465,275,95,397,442,47.258
30cm,yolo26n,193,223,6.43,7.43,1,10,plastic_dirty,plastic,dirty,0.255127,529,4,639,253,47.258
30cm,yolo26n,194,224,6.463,7.463,0,4,glass_packaging,glass,packaging,0.744629,275,95,397,441,47.793
30cm,yolo26n,195,225,6.497,7.496,0,4,glass_packaging,glass,packaging,0.76416,275,95,397,441,47.794
30cm,yolo26n,196,226,6.53,7.53,0,4,glass_packaging,glass,packaging,0.763672,275,95,397,441,47.897
30cm,yolo26n,196,226,6.53,7.53,1,10,plastic_dirty,plastic,dirty,0.274414,530,5,639,254,47.897
30cm,yolo26n,197,227,6.563,7.563,0,4,glass_packaging,glass,packaging,0.759277,276,95,398,442,51.27
30cm,yolo26n,198,228,6.597,7.596,0,4,glass_packaging,glass,packaging,0.771484,275,95,397,442,48.993
30cm,yolo26n,199,229,6.63,7.63,0,4,glass_packaging,glass,packaging,0.771973,275,95,397,441,48.008
30cm,yolo26n,200,230,6.663,7.663,0,4,glass_packaging,glass,packaging,0.769043,276,92,397,441,47.493
30cm,yolo26n,201,231,6.697,7.696,0,4,glass_packaging,glass,packaging,0.775879,276,96,398,442,47.806
30cm,yolo26n,202,232,6.73,7.73,0,4,glass_packaging,glass,packaging,0.766113,275,95,397,442,48.065
30cm,yolo26n,203,233,6.763,7.763,0,4,glass_packaging,glass,packaging,0.743164,275,95,397,441,48.128
30cm,yolo26n,204,234,6.797,7.796,0,4,glass_packaging,glass,packaging,0.759766,275,96,397,442,47.964
30cm,yolo26n,205,235,6.83,7.829,0,4,glass_packaging,glass,packaging,0.763184,275,95,397,441,48.181
30cm,yolo26n,206,236,6.863,7.863,0,4,glass_packaging,glass,packaging,0.783203,275,95,397,441,50.865
30cm,yolo26n,206,236,6.863,7.863,1,10,plastic_dirty,plastic,dirty,0.267578,529,4,639,254,50.865
30cm,yolo26n,207,237,6.897,7.896,0,4,glass_packaging,glass,packaging,0.762695,275,95,397,441,47.69
30cm,yolo26n,208,238,6.93,7.929,0,4,glass_packaging,glass,packaging,0.775879,275,95,397,441,48.267
30cm,yolo26n,208,238,6.93,7.929,1,10,plastic_dirty,plastic,dirty,0.257568,530,5,639,254,48.267
30cm,yolo26n,209,239,6.963,7.963,0,4,glass_packaging,glass,packaging,0.777832,275,95,397,441,49.606
30cm,yolo26n,210,240,6.997,7.996,0,4,glass_packaging,glass,packaging,0.730957,276,95,397,441,51.205
30cm,yolo26n,211,241,7.03,8.029,0,4,glass_packaging,glass,packaging,0.744629,275,96,397,442,48.645
30cm,yolo26n,212,242,7.063,8.063,0,4,glass_packaging,glass,packaging,0.728027,276,95,398,442,48.884
30cm,yolo26n,213,243,7.096,8.096,0,4,glass_packaging,glass,packaging,0.709961,276,95,397,442,48.847
30cm,yolo26n,214,244,7.13,8.129,0,4,glass_packaging,glass,packaging,0.759766,276,92,396,441,48.309
30cm,yolo26n,215,245,7.163,8.163,0,4,glass_packaging,glass,packaging,0.787109,276,92,396,441,48.175
30cm,yolo26n,216,246,7.196,8.196,0,4,glass_packaging,glass,packaging,0.79834,276,92,397,441,48.059
30cm,yolo26n,217,247,7.23,8.229,0,4,glass_packaging,glass,packaging,0.791504,275,96,397,442,48.224
30cm,yolo26n,218,248,7.263,8.263,0,4,glass_packaging,glass,packaging,0.650391,275,95,396,442,47.719
30cm,yolo26n,219,249,7.296,8.296,0,4,glass_packaging,glass,packaging,0.600586,275,95,393,442,51.539
30cm,yolo26n,220,250,7.33,8.329,0,4,glass_packaging,glass,packaging,0.342041,275,95,391,442,49.561
30cm,yolo26n,221,251,7.363,8.363,0,1,can_dirty,can,dirty,0.27002,275,90,390,441,47.99
30cm,yolo26n,222,252,7.396,8.396,0,1,can_dirty,can,dirty,0.298828,276,93,391,441,48.6
30cm,yolo26n,223,253,7.43,8.429,0,1,can_dirty,can,dirty,0.344971,276,94,391,442,51.78
30cm,yolo26n,224,254,7.463,8.462,0,1,can_dirty,can,dirty,0.389404,276,82,394,442,48.862
30cm,yolo26n,225,255,7.496,8.496,0,1,can_dirty,can,dirty,0.392822,276,82,395,442,48.269
30cm,yolo26n,226,256,7.53,8.529,0,1,can_dirty,can,dirty,0.388916,275,81,396,442,48.015
30cm,yolo26n,227,257,7.563,8.562,0,1,can_dirty,can,dirty,0.45752,276,80,396,442,47.951
30cm,yolo26n,228,258,7.596,8.596,0,1,can_dirty,can,dirty,0.367676,272,82,396,442,48.208
30cm,yolo26n,229,259,7.63,8.629,0,1,can_dirty,can,dirty,0.452637,273,88,396,442,47.516
30cm,yolo26n,230,260,7.663,8.662,0,1,can_dirty,can,dirty,0.430664,272,83,394,442,47.841
30cm,yolo26n,231,261,7.696,8.696,0,1,can_dirty,can,dirty,0.321777,274,82,395,442,49.367
30cm,yolo26n,232,262,7.73,8.729,,,,,,,,,,,50.781
30cm,yolo26n,233,263,7.763,8.762,0,1,can_dirty,can,dirty,0.26123,274,82,394,442,48.673
30cm,yolo26n,234,264,7.796,8.796,,,,,,,,,,,48.728
30cm,yolo26n,235,265,7.829,8.829,,,,,,,,,,,48.606
30cm,yolo26n,236,266,7.863,8.862,0,4,glass_packaging,glass,packaging,0.533203,273,92,396,442,51.555
30cm,yolo26n,237,267,7.896,8.896,0,4,glass_packaging,glass,packaging,0.585449,272,80,397,441,48.522
30cm,yolo26n,238,268,7.929,8.929,0,4,glass_packaging,glass,packaging,0.655762,270,84,397,442,48.022
30cm,yolo26n,239,269,7.963,8.962,0,4,glass_packaging,glass,packaging,0.61084,272,94,397,441,48.255
30cm,yolo26n,240,270,7.996,8.996,0,4,glass_packaging,glass,packaging,0.628906,273,94,397,442,48.129
30cm,yolo26n,241,271,8.029,9.029,0,4,glass_packaging,glass,packaging,0.666016,273,90,398,443,48.186
30cm,yolo26n,242,272,8.063,9.062,0,4,glass_packaging,glass,packaging,0.669922,273,81,396,442,48.27
30cm,yolo26n,243,273,8.096,9.095,0,4,glass_packaging,glass,packaging,0.654785,274,81,397,442,47.843
30cm,yolo26n,244,274,8.129,9.129,0,4,glass_packaging,glass,packaging,0.697754,274,96,397,442,47.831
30cm,yolo26n,245,275,8.163,9.162,0,4,glass_packaging,glass,packaging,0.717773,273,97,397,442,47.89
30cm,yolo26n,246,276,8.196,9.195,0,4,glass_packaging,glass,packaging,0.65918,273,97,397,442,53.728
30cm,yolo26n,247,277,8.229,9.229,0,4,glass_packaging,glass,packaging,0.363037,275,105,397,442,47.975
30cm,yolo26n,248,278,8.263,9.262,,,,,,,,,,,47.969
30cm,yolo26n,249,279,8.296,9.295,,,,,,,,,,,50.825
30cm,yolo26n,250,280,8.329,9.329,,,,,,,,,,,47.738
30cm,yolo26n,251,281,8.363,9.362,,,,,,,,,,,47.886
30cm,yolo26n,252,282,8.396,9.395,,,,,,,,,,,49.6
30cm,yolo26n,253,283,8.429,9.429,,,,,,,,,,,46.948
30cm,yolo26n,254,284,8.462,9.462,0,5,pet_normal,pet,normal,0.27124,266,130,362,338,47.901
30cm,yolo26n,255,285,8.496,9.495,0,7,pet_packaging,pet,packaging,0.254883,262,132,365,343,47.906
30cm,yolo26n,256,286,8.529,9.529,,,,,,,,,,,48.548
30cm,yolo26n,257,287,8.562,9.562,,,,,,,,,,,48.356
30cm,yolo26n,258,288,8.596,9.595,0,5,pet_normal,pet,normal,0.26416,242,143,384,343,47.974
30cm,yolo26n,259,289,8.629,9.629,,,,,,,,,,,48.442
30cm,yolo26n,260,290,8.662,9.662,,,,,,,,,,,48.387
30cm,yolo26n,261,291,8.696,9.695,,,,,,,,,,,48.253
30cm,yolo26n,262,292,8.729,9.729,,,,,,,,,,,48.297
30cm,yolo26n,263,293,8.762,9.762,0,5,pet_normal,pet,normal,0.346436,168,257,407,375,47.563
30cm,yolo26n,264,294,8.796,9.795,,,,,,,,,,,48.295
30cm,yolo26n,265,295,8.829,9.828,,,,,,,,,,,47.485
30cm,yolo26n,266,296,8.862,9.862,,,,,,,,,,,47.248
30cm,yolo26n,267,297,8.896,9.895,,,,,,,,,,,48.275
30cm,yolo26n,268,298,8.929,9.928,,,,,,,,,,,48.786
30cm,yolo26n,269,299,8.962,9.962,,,,,,,,,,,47.833
30cm,yolo26n,270,300,8.996,9.995,,,,,,,,,,,51.252
30cm,yolo26n,271,301,9.029,10.028,0,5,pet_normal,pet,normal,0.564941,165,262,454,400,47.464
30cm,yolo26n,272,302,9.062,10.062,0,5,pet_normal,pet,normal,0.460693,153,256,458,388,47.707
30cm,yolo26n,273,303,9.095,10.095,0,5,pet_normal,pet,normal,0.470703,144,240,464,368,47.769
30cm,yolo26n,274,304,9.129,10.128,0,5,pet_normal,pet,normal,0.525391,141,240,468,387,48.314
30cm,yolo26n,275,305,9.162,10.162,0,5,pet_normal,pet,normal,0.530273,134,215,477,379,48.095
30cm,yolo26n,276,306,9.195,10.195,0,5,pet_normal,pet,normal,0.631836,132,215,487,388,47.893
30cm,yolo26n,277,307,9.229,10.228,,,,,,,,,,,47.623
30cm,yolo26n,278,308,9.262,10.262,0,5,pet_normal,pet,normal,0.295654,109,230,506,417,48.245
30cm,yolo26n,279,309,9.295,10.295,,,,,,,,,,,48.655
30cm,yolo26n,280,310,9.329,10.328,,,,,,,,,,,48.107
30cm,yolo26n,281,311,9.362,10.362,,,,,,,,,,,48.49
30cm,yolo26n,282,312,9.395,10.395,,,,,,,,,,,47.875
30cm,yolo26n,283,313,9.429,10.428,,,,,,,,,,,51.475
30cm,yolo26n,284,314,9.462,10.461,,,,,,,,,,,49.402
30cm,yolo26n,285,315,9.495,10.495,,,,,,,,,,,48.319
30cm,yolo26n,286,316,9.529,10.528,,,,,,,,,,,47.891
30cm,yolo26n,287,317,9.562,10.561,,,,,,,,,,,52.098
30cm,yolo26n,288,318,9.595,10.595,,,,,,,,,,,48.37
30cm,yolo26n,289,319,9.629,10.628,,,,,,,,,,,47.681
30cm,yolo26n,290,320,9.662,10.661,,,,,,,,,,,48.571
30cm,yolo26n,291,321,9.695,10.695,0,5,pet_normal,pet,normal,0.329834,126,247,625,479,48.328
30cm,yolo26n,292,322,9.729,10.728,0,5,pet_normal,pet,normal,0.311035,133,252,605,479,48.225
30cm,yolo26n,293,323,9.762,10.761,,,,,,,,,,,48.647
30cm,yolo26n,294,324,9.795,10.795,,,,,,,,,,,48.367
30cm,yolo26n,295,325,9.828,10.828,,,,,,,,,,,48.174
30cm,yolo26n,296,326,9.862,10.861,,,,,,,,,,,48.055
30cm,yolo26n,297,327,9.895,10.895,,,,,,,,,,,48.19
30cm,yolo26n,298,328,9.928,10.928,,,,,,,,,,,48.051
30cm,yolo26n,299,329,9.962,10.961,,,,,,,,,,,47.765
30cm,yolo26n,300,330,9.995,10.995,,,,,,,,,,,48.333
30cm,yolo26n,301,331,10.028,11.028,,,,,,,,,,,47.145
30cm,yolo26n,302,332,10.062,11.061,,,,,,,,,,,48.484
30cm,yolo26n,303,333,10.095,11.095,,,,,,,,,,,47.463
30cm,yolo26n,304,334,10.128,11.128,,,,,,,,,,,48.344
30cm,yolo26n,305,335,10.162,11.161,,,,,,,,,,,49.174
30cm,yolo26n,306,336,10.195,11.194,,,,,,,,,,,47.989
30cm,yolo26n,307,337,10.228,11.228,,,,,,,,,,,48.403
30cm,yolo26n,308,338,10.262,11.261,,,,,,,,,,,51.444
30cm,yolo26n,309,339,10.295,11.294,,,,,,,,,,,48.565
30cm,yolo26n,310,340,10.328,11.328,,,,,,,,,,,48.362
30cm,yolo26n,311,341,10.362,11.361,,,,,,,,,,,48.207
30cm,yolo26n,312,342,10.395,11.394,,,,,,,,,,,52.003
30cm,yolo26n,313,343,10.428,11.428,,,,,,,,,,,47.587
30cm,yolo26n,314,344,10.461,11.461,,,,,,,,,,,47.853
30cm,yolo26n,315,345,10.495,11.494,,,,,,,,,,,47.881
30cm,yolo26n,316,346,10.528,11.528,0,7,pet_packaging,pet,packaging,0.300049,244,48,344,356,49.842
30cm,yolo26n,317,347,10.561,11.561,0,7,pet_packaging,pet,packaging,0.336914,245,47,342,355,48.339
30cm,yolo26n,318,348,10.595,11.594,0,7,pet_packaging,pet,packaging,0.306885,241,43,337,357,48.222
30cm,yolo26n,319,349,10.628,11.628,,,,,,,,,,,48.228
30cm,yolo26n,320,350,10.661,11.661,,,,,,,,,,,48.099
30cm,yolo26n,321,351,10.695,11.694,0,7,pet_packaging,pet,packaging,0.261719,215,29,334,359,50.924
30cm,yolo26n,322,352,10.728,11.728,,,,,,,,,,,48.391
30cm,yolo26n,323,353,10.761,11.761,,,,,,,,,,,48.125
30cm,yolo26n,324,354,10.795,11.794,,,,,,,,,,,48.204
30cm,yolo26n,325,355,10.828,11.827,,,,,,,,,,,47.347
30cm,yolo26n,326,356,10.861,11.861,,,,,,,,,,,47.216
30cm,yolo26n,327,357,10.895,11.894,,,,,,,,,,,47.469
30cm,yolo26n,328,358,10.928,11.927,,,,,,,,,,,47.633
30cm,yolo26n,329,359,10.961,11.961,,,,,,,,,,,48.041
30cm,yolo26n,330,360,10.995,11.994,0,5,pet_normal,pet,normal,0.258789,107,227,428,330,48.707
30cm,yolo26n,331,361,11.028,12.027,0,7,pet_packaging,pet,packaging,0.260498,102,227,433,351,48.342
30cm,yolo26n,332,362,11.061,12.061,,,,,,,,,,,48.196
30cm,yolo26n,333,363,11.095,12.094,,,,,,,,,,,48.857
30cm,yolo26n,334,364,11.128,12.127,,,,,,,,,,,50.622
30cm,yolo26n,335,365,11.161,12.161,,,,,,,,,,,48.201
30cm,yolo26n,336,366,11.194,12.194,,,,,,,,,,,48.33
30cm,yolo26n,337,367,11.228,12.227,,,,,,,,,,,47.72
30cm,yolo26n,338,368,11.261,12.261,,,,,,,,,,,51.131
30cm,yolo26n,339,369,11.294,12.294,,,,,,,,,,,47.446
30cm,yolo26n,340,370,11.328,12.327,,,,,,,,,,,47.481
30cm,yolo26n,341,371,11.361,12.361,,,,,,,,,,,47.379
30cm,yolo26n,342,372,11.394,12.394,,,,,,,,,,,47.37
30cm,yolo26n,343,373,11.428,12.427,,,,,,,,,,,47.51
30cm,yolo26n,344,374,11.461,12.461,,,,,,,,,,,48.694
30cm,yolo26n,345,375,11.494,12.494,,,,,,,,,,,48.371
30cm,yolo26n,346,376,11.528,12.527,,,,,,,,,,,48.408
30cm,yolo26n,347,377,11.561,12.56,,,,,,,,,,,48.419
30cm,yolo26n,348,378,11.594,12.594,,,,,,,,,,,49.295
30cm,yolo26n,349,379,11.628,12.627,,,,,,,,,,,47.56
30cm,yolo26n,350,380,11.661,12.66,,,,,,,,,,,47.431
30cm,yolo26n,351,381,11.694,12.694,,,,,,,,,,,50.926
30cm,yolo26n,352,382,11.728,12.727,,,,,,,,,,,47.077
30cm,yolo26n,353,383,11.761,12.76,,,,,,,,,,,47.829
30cm,yolo26n,354,384,11.794,12.794,,,,,,,,,,,48.424
30cm,yolo26n,355,385,11.827,12.827,,,,,,,,,,,52.437
30cm,yolo26n,356,386,11.861,12.86,,,,,,,,,,,47.457
30cm,yolo26n,357,387,11.894,12.894,,,,,,,,,,,47.862
30cm,yolo26n,358,388,11.927,12.927,,,,,,,,,,,47.815
30cm,yolo26n,359,389,11.961,12.96,,,,,,,,,,,48.892
30cm,yolo26n,360,390,11.994,12.994,,,,,,,,,,,48.258
30cm,yolo26n,361,391,12.027,13.027,,,,,,,,,,,47.496
30cm,yolo26n,362,392,12.061,13.06,,,,,,,,,,,48.219
30cm,yolo26n,363,393,12.094,13.094,0,4,glass_packaging,glass,packaging,0.263672,231,98,384,394,48.294
30cm,yolo26n,364,394,12.127,13.127,,,,,,,,,,,50.922
30cm,yolo26n,365,395,12.161,13.16,,,,,,,,,,,48.365
30cm,yolo26n,366,396,12.194,13.193,,,,,,,,,,,48.174
30cm,yolo26n,367,397,12.227,13.227,,,,,,,,,,,47.604
30cm,yolo26n,368,398,12.261,13.26,,,,,,,,,,,48.689
30cm,yolo26n,369,399,12.294,13.293,,,,,,,,,,,48.012
30cm,yolo26n,370,400,12.327,13.327,,,,,,,,,,,48.632
30cm,yolo26n,371,401,12.361,13.36,,,,,,,,,,,48.073
30cm,yolo26n,372,402,12.394,13.393,,,,,,,,,,,50.842
30cm,yolo26n,373,403,12.427,13.427,,,,,,,,,,,46.986
30cm,yolo26n,374,404,12.461,13.46,,,,,,,,,,,52.775
30cm,yolo26n,375,405,12.494,13.493,,,,,,,,,,,47.147
30cm,yolo26n,376,406,12.527,13.527,,,,,,,,,,,47.903
30cm,yolo26n,377,407,12.56,13.56,,,,,,,,,,,47.209
30cm,yolo26n,378,408,12.594,13.593,,,,,,,,,,,47.932
30cm,yolo26n,379,409,12.627,13.627,,,,,,,,,,,48.255
30cm,yolo26n,380,410,12.66,13.66,,,,,,,,,,,48.575
30cm,yolo26n,381,411,12.694,13.693,,,,,,,,,,,48.212
30cm,yolo26n,382,412,12.727,13.727,,,,,,,,,,,47.639
30cm,yolo26n,383,413,12.76,13.76,,,,,,,,,,,47.837
30cm,yolo26n,384,414,12.794,13.793,0,4,glass_packaging,glass,packaging,0.342041,232,106,385,394,48.203
30cm,yolo26n,385,415,12.827,13.826,0,4,glass_packaging,glass,packaging,0.291016,231,105,383,393,48.515
30cm,yolo26n,386,416,12.86,13.86,0,4,glass_packaging,glass,packaging,0.322998,231,105,383,393,47.854
30cm,yolo26n,387,417,12.894,13.893,0,4,glass_packaging,glass,packaging,0.352051,231,106,383,394,47.82
30cm,yolo26n,388,418,12.927,13.926,,,,,,,,,,,48.071
30cm,yolo26n,389,419,12.96,13.96,,,,,,,,,,,47.629
30cm,yolo26n,390,420,12.994,13.993,,,,,,,,,,,50.941
30cm,yolo26n,391,421,13.027,14.026,,,,,,,,,,,48.006
30cm,yolo26n,392,422,13.06,14.06,,,,,,,,,,,47.317
30cm,yolo26n,393,423,13.094,14.093,,,,,,,,,,,47.536
30cm,yolo26n,394,424,13.127,14.126,,,,,,,,,,,47.773
30cm,yolo26n,395,425,13.16,14.16,,,,,,,,,,,48.075
30cm,yolo26n,396,426,13.193,14.193,0,4,glass_packaging,glass,packaging,0.251709,215,97,367,390,48.488
30cm,yolo26n,397,427,13.227,14.226,0,4,glass_packaging,glass,packaging,0.272217,217,107,368,390,48.224
30cm,yolo26n,398,428,13.26,14.26,,,,,,,,,,,47.458
30cm,yolo26n,399,429,13.293,14.293,,,,,,,,,,,47.839
30cm,yolo26n,400,430,13.327,14.326,,,,,,,,,,,47.849
30cm,yolo26n,401,431,13.36,14.36,,,,,,,,,,,47.916
30cm,yolo26n,402,432,13.393,14.393,0,10,plastic_dirty,plastic,dirty,0.268066,214,111,362,384,47.822
30cm,yolo26n,403,433,13.427,14.426,,,,,,,,,,,52.233
30cm,yolo26n,404,434,13.46,14.46,,,,,,,,,,,48.31
30cm,yolo26n,405,435,13.493,14.493,,,,,,,,,,,47.999
30cm,yolo26n,406,436,13.527,14.526,,,,,,,,,,,47.204
30cm,yolo26n,407,437,13.56,14.559,,,,,,,,,,,47.446
30cm,yolo26n,408,438,13.593,14.593,,,,,,,,,,,48.089
30cm,yolo26n,409,439,13.627,14.626,0,9,plastic_normal,plastic,normal,0.317139,237,111,375,227,47.932
30cm,yolo26n,410,440,13.66,14.659,,,,,,,,,,,48.533
30cm,yolo26n,411,441,13.693,14.693,,,,,,,,,,,48.358
30cm,yolo26n,412,442,13.727,14.726,0,7,pet_packaging,pet,packaging,0.251221,228,113,363,378,51.089
30cm,yolo26n,413,443,13.76,14.759,,,,,,,,,,,47.699
30cm,yolo26n,414,444,13.793,14.793,,,,,,,,,,,48.337
30cm,yolo26n,415,445,13.826,14.826,,,,,,,,,,,48.126
30cm,yolo26n,416,446,13.86,14.859,,,,,,,,,,,51.038
30cm,yolo26n,417,447,13.893,14.893,,,,,,,,,,,47.906
30cm,yolo26n,418,448,13.926,14.926,,,,,,,,,,,48.855
30cm,yolo26n,419,449,13.96,14.959,,,,,,,,,,,48.133
30cm,yolo26n,420,450,13.993,14.993,,,,,,,,,,,48.005
30cm,yolo26n,421,451,14.026,15.026,,,,,,,,,,,48.291
30cm,yolo26n,422,452,14.06,15.059,,,,,,,,,,,47.996
30cm,yolo26n,423,453,14.093,15.093,,,,,,,,,,,47.986
30cm,yolo26n,424,454,14.126,15.126,,,,,,,,,,,48.803
30cm,yolo26n,425,455,14.16,15.159,,,,,,,,,,,50.79
30cm,yolo26n,426,456,14.193,15.192,,,,,,,,,,,48.65
30cm,yolo26n,427,457,14.226,15.226,,,,,,,,,,,48.414
30cm,yolo26n,428,458,14.26,15.259,,,,,,,,,,,47.92
30cm,yolo26n,429,459,14.293,15.292,,,,,,,,,,,51.519
30cm,yolo26n,430,460,14.326,15.326,,,,,,,,,,,47.669
30cm,yolo26n,431,461,14.36,15.359,,,,,,,,,,,47.647
30cm,yolo26n,432,462,14.393,15.392,,,,,,,,,,,48.369
30cm,yolo26n,433,463,14.426,15.426,,,,,,,,,,,47.313
30cm,yolo26n,434,464,14.46,15.459,,,,,,,,,,,48.072
30cm,yolo26n,435,465,14.493,15.492,0,7,pet_packaging,pet,packaging,0.287109,369,0,583,112,49.491
30cm,yolo26n,436,466,14.526,15.526,,,,,,,,,,,48.31
30cm,yolo26n,437,467,14.559,15.559,,,,,,,,,,,47.98
30cm,yolo26n,438,468,14.593,15.592,,,,,,,,,,,48.01
30cm,yolo26n,439,469,14.626,15.626,,,,,,,,,,,48.564
30cm,yolo26n,440,470,14.659,15.659,,,,,,,,,,,48.743
30cm,yolo26n,441,471,14.693,15.692,,,,,,,,,,,48.275
30cm,yolo26n,442,472,14.726,15.726,,,,,,,,,,,48.324
30cm,yolo26n,443,473,14.759,15.759,,,,,,,,,,,47.966
30cm,yolo26n,444,474,14.793,15.792,,,,,,,,,,,48.113
30cm,yolo26n,445,475,14.826,15.826,,,,,,,,,,,48.208
30cm,yolo26n,446,476,14.859,15.859,,,,,,,,,,,47.923
30cm,yolo26n,447,477,14.893,15.892,,,,,,,,,,,48.41
30cm,yolo26n,448,478,14.926,15.925,,,,,,,,,,,47.823
30cm,yolo26n,449,479,14.959,15.959,,,,,,,,,,,47.938
30cm,yolo26n,450,480,14.993,15.992,,,,,,,,,,,51.529
30cm,yolo26n,451,481,15.026,16.025,,,,,,,,,,,48.618
30cm,yolo26n,452,482,15.059,16.059,,,,,,,,,,,48.608
30cm,yolo26n,453,483,15.093,16.092,,,,,,,,,,,48.178
30cm,yolo26n,454,484,15.126,16.125,,,,,,,,,,,48.132
30cm,yolo26n,455,485,15.159,16.159,,,,,,,,,,,48.38
30cm,yolo26n,456,486,15.192,16.192,,,,,,,,,,,49.366
30cm,yolo26n,457,487,15.226,16.225,,,,,,,,,,,47.328
30cm,yolo26n,458,488,15.259,16.259,,,,,,,,,,,47.862
30cm,yolo26n,459,489,15.292,16.292,,,,,,,,,,,47.713
30cm,yolo26n,460,490,15.326,16.325,,,,,,,,,,,47.399
30cm,yolo26n,461,491,15.359,16.359,,,,,,,,,,,47.78
30cm,yolo26n,462,492,15.392,16.392,0,7,pet_packaging,pet,packaging,0.274658,248,108,388,390,48.335
30cm,yolo26n,462,492,15.392,16.392,1,7,pet_packaging,pet,packaging,0.269287,358,0,587,110,48.335
30cm,yolo26n,462,492,15.392,16.392,2,8,pet_dirty_packaging,pet,dirty_packaging,0.265869,358,0,588,109,48.335
30cm,yolo26n,463,493,15.426,16.425,0,7,pet_packaging,pet,packaging,0.307373,246,108,388,392,50.695
30cm,yolo26n,463,493,15.426,16.425,1,7,pet_packaging,pet,packaging,0.275879,369,0,590,109,50.695
30cm,yolo26n,464,494,15.459,16.459,0,7,pet_packaging,pet,packaging,0.272705,382,0,593,113,48.31
30cm,yolo26n,465,495,15.492,16.492,0,7,pet_packaging,pet,packaging,0.267822,395,0,590,120,48.349
30cm,yolo26n,466,496,15.526,16.525,,,,,,,,,,,47.461
30cm,yolo26n,467,497,15.559,16.558,,,,,,,,,,,49.532
30cm,yolo26n,468,498,15.592,16.592,,,,,,,,,,,47.333
30cm,yolo26n,469,499,15.626,16.625,,,,,,,,,,,46.362
30cm,yolo26n,470,500,15.659,16.658,,,,,,,,,,,48.253
30cm,yolo26n,471,501,15.692,16.692,,,,,,,,,,,47.644
30cm,yolo26n,472,502,15.726,16.725,,,,,,,,,,,47.693
30cm,yolo26n,473,503,15.759,16.758,,,,,,,,,,,47.673
30cm,yolo26n,474,504,15.792,16.792,0,10,plastic_dirty,plastic,dirty,0.421875,273,64,508,181,46.922
30cm,yolo26n,475,505,15.826,16.825,0,7,pet_packaging,pet,packaging,0.253418,244,90,392,389,47.739
30cm,yolo26n,475,505,15.826,16.825,1,10,plastic_dirty,plastic,dirty,0.385254,311,75,497,182,47.739
30cm,yolo26n,476,506,15.859,16.858,,,,,,,,,,,47.819
30cm,yolo26n,477,507,15.892,16.892,,,,,,,,,,,47.486
30cm,yolo26n,478,508,15.925,16.925,0,7,pet_packaging,pet,packaging,0.265869,235,70,371,386,49.226
30cm,yolo26n,479,509,15.959,16.958,0,7,pet_packaging,pet,packaging,0.257324,234,99,370,385,47.534
30cm,yolo26n,480,510,15.992,16.992,,,,,,,,,,,48.55
30cm,yolo26n,481,511,16.025,17.025,,,,,,,,,,,50.691
30cm,yolo26n,482,512,16.059,17.058,,,,,,,,,,,48.174
30cm,yolo26n,483,513,16.092,17.092,0,7,pet_packaging,pet,packaging,0.317627,238,109,377,382,47.438
30cm,yolo26n,484,514,16.125,17.125,0,7,pet_packaging,pet,packaging,0.265381,242,111,382,383,47.811
30cm,yolo26n,485,515,16.159,17.158,0,7,pet_packaging,pet,packaging,0.338379,246,110,387,385,47.722
30cm,yolo26n,486,516,16.192,17.191,0,7,pet_packaging,pet,packaging,0.34375,248,108,392,387,48.177
30cm,yolo26n,487,517,16.225,17.225,0,7,pet_packaging,pet,packaging,0.27124,245,104,391,388,48.726
30cm,yolo26n,488,518,16.259,17.258,0,7,pet_packaging,pet,packaging,0.330322,242,104,389,387,47.336
30cm,yolo26n,489,519,16.292,17.291,0,7,pet_packaging,pet,packaging,0.358154,239,105,385,387,48.779
30cm,yolo26n,490,520,16.325,17.325,0,7,pet_packaging,pet,packaging,0.35376,239,109,382,386,47.554
30cm,yolo26n,491,521,16.359,17.358,0,7,pet_packaging,pet,packaging,0.335449,243,109,385,386,48.663
30cm,yolo26n,492,522,16.392,17.391,0,7,pet_packaging,pet,packaging,0.353027,244,108,387,387,48.105
30cm,yolo26n,493,523,16.425,17.425,0,7,pet_packaging,pet,packaging,0.273193,244,107,388,388,47.411
30cm,yolo26n,494,524,16.459,17.458,0,7,pet_packaging,pet,packaging,0.402588,240,105,386,389,51.886
30cm,yolo26n,495,525,16.492,17.491,0,7,pet_packaging,pet,packaging,0.386475,238,105,385,389,47.876
30cm,yolo26n,496,526,16.525,17.525,0,7,pet_packaging,pet,packaging,0.348389,238,107,383,388,48.43
30cm,yolo26n,497,527,16.558,17.558,0,7,pet_packaging,pet,packaging,0.348389,241,108,385,388,47.864
30cm,yolo26n,498,528,16.592,17.591,0,7,pet_packaging,pet,packaging,0.314209,243,106,387,388,48.298
30cm,yolo26n,499,529,16.625,17.625,0,7,pet_packaging,pet,packaging,0.365479,240,105,385,389,47.66
30cm,yolo26n,500,530,16.658,17.658,0,7,pet_packaging,pet,packaging,0.435303,238,105,384,389,49.094
30cm,yolo26n,501,531,16.692,17.691,0,7,pet_packaging,pet,packaging,0.359863,237,107,382,388,47.99
30cm,yolo26n,502,532,16.725,17.725,0,7,pet_packaging,pet,packaging,0.405273,240,108,384,389,47.769
30cm,yolo26n,503,533,16.758,17.758,,,,,,,,,,,47.701
30cm,yolo26n,504,534,16.792,17.791,0,7,pet_packaging,pet,packaging,0.405762,239,105,385,390,47.666
30cm,yolo26n,505,535,16.825,17.825,0,7,pet_packaging,pet,packaging,0.375732,238,106,383,390,47.686
30cm,yolo26n,506,536,16.858,17.858,0,7,pet_packaging,pet,packaging,0.429932,240,108,384,390,48.154
30cm,yolo26n,507,537,16.892,17.891,0,7,pet_packaging,pet,packaging,0.335938,239,107,383,389,51.982
30cm,yolo26n,508,538,16.925,17.924,0,7,pet_packaging,pet,packaging,0.407227,237,105,383,390,48.146
30cm,yolo26n,509,539,16.958,17.958,0,7,pet_packaging,pet,packaging,0.460693,239,108,384,390,47.646
30cm,yolo26n,510,540,16.992,17.991,0,7,pet_packaging,pet,packaging,0.367432,240,108,384,390,47.842
30cm,yolo26n,511,541,17.025,18.024,0,7,pet_packaging,pet,packaging,0.330078,238,106,383,390,47.913
30cm,yolo26n,512,542,17.058,18.058,0,7,pet_packaging,pet,packaging,0.320312,238,107,384,390,48.15
30cm,yolo26n,513,543,17.092,18.091,0,7,pet_packaging,pet,packaging,0.320557,239,105,386,389,47.282
30cm,yolo26n,514,544,17.125,18.124,0,7,pet_packaging,pet,packaging,0.330078,238,106,385,390,48.33
30cm,yolo26n,515,545,17.158,18.158,0,7,pet_packaging,pet,packaging,0.314209,238,106,385,390,48.074
30cm,yolo26n,516,546,17.191,18.191,0,7,pet_packaging,pet,packaging,0.291992,238,106,384,390,46.815
30cm,yolo26n,517,547,17.225,18.224,0,7,pet_packaging,pet,packaging,0.313477,238,107,384,390,47.164
30cm,yolo26n,518,548,17.258,18.258,0,7,pet_packaging,pet,packaging,0.255615,238,107,383,390,47.882
30cm,yolo26n,519,549,17.291,18.291,0,7,pet_packaging,pet,packaging,0.285156,238,108,384,390,47.462
30cm,yolo26n,520,550,17.325,18.324,0,7,pet_packaging,pet,packaging,0.2771,238,109,384,390,50.76
30cm,yolo26n,521,551,17.358,18.358,0,5,pet_normal,pet,normal,0.257324,237,107,384,388,48.349
30cm,yolo26n,522,552,17.391,18.391,0,7,pet_packaging,pet,packaging,0.296387,238,108,383,390,47.963
30cm,yolo26n,523,553,17.425,18.424,0,7,pet_packaging,pet,packaging,0.285889,238,108,384,390,48.272
30cm,yolo26n,524,554,17.458,18.458,0,7,pet_packaging,pet,packaging,0.262939,239,108,385,390,48.663
30cm,yolo26n,525,555,17.491,18.491,0,7,pet_packaging,pet,packaging,0.295898,238,107,384,390,48.682
30cm,yolo26n,526,556,17.525,18.524,0,7,pet_packaging,pet,packaging,0.30835,238,107,385,390,47.578
30cm,yolo26n,527,557,17.558,18.557,,,,,,,,,,,47.919
30cm,yolo26n,528,558,17.591,18.591,0,7,pet_packaging,pet,packaging,0.302734,238,108,383,390,48.152
30cm,yolo26n,529,559,17.625,18.624,0,7,pet_packaging,pet,packaging,0.330566,238,107,384,390,47.411
30cm,yolo26n,530,560,17.658,18.657,0,7,pet_packaging,pet,packaging,0.359375,238,107,384,390,47.529
30cm,yolo26n,531,561,17.691,18.691,0,7,pet_packaging,pet,packaging,0.305908,238,107,384,390,47.693
30cm,yolo26n,532,562,17.725,18.724,0,7,pet_packaging,pet,packaging,0.288818,238,106,385,390,47.574
30cm,yolo26n,533,563,17.758,18.757,0,7,pet_packaging,pet,packaging,0.328369,238,107,383,390,51.945
30cm,yolo26n,534,564,17.791,18.791,0,7,pet_packaging,pet,packaging,0.365967,239,109,384,390,47.569
30cm,yolo26n,535,565,17.825,18.824,0,7,pet_packaging,pet,packaging,0.271973,239,108,384,390,48.096
30cm,yolo26n,536,566,17.858,18.857,,,,,,,,,,,48.151
30cm,yolo26n,537,567,17.891,18.891,,,,,,,,,,,47.808
30cm,yolo26n,538,568,17.924,18.924,0,7,pet_packaging,pet,packaging,0.267334,240,106,385,390,47.657
30cm,yolo26n,539,569,17.958,18.957,0,7,pet_packaging,pet,packaging,0.269775,240,108,384,390,47.948
30cm,yolo26n,540,570,17.991,18.991,,,,,,,,,,,47.642
30cm,yolo26n,541,571,18.024,19.024,,,,,,,,,,,47.273
30cm,yolo26n,542,572,18.058,19.057,0,7,pet_packaging,pet,packaging,0.294434,239,108,385,390,51.333
30cm,yolo26n,543,573,18.091,19.091,,,,,,,,,,,48.256
30cm,yolo26n,544,574,18.124,19.124,,,,,,,,,,,47.707
30cm,yolo26n,545,575,18.158,19.157,,,,,,,,,,,48.223
30cm,yolo26n,546,576,18.191,19.191,,,,,,,,,,,51.1
30cm,yolo26n,547,577,18.224,19.224,,,,,,,,,,,47.763
30cm,yolo26n,548,578,18.258,19.257,,,,,,,,,,,47.837
30cm,yolo26n,549,579,18.291,19.29,,,,,,,,,,,48.107
30cm,yolo26n,550,580,18.324,19.324,,,,,,,,,,,48.019
30cm,yolo26n,551,581,18.358,19.357,,,,,,,,,,,48.167
30cm,yolo26n,552,582,18.391,19.39,,,,,,,,,,,48.231
30cm,yolo26n,553,583,18.424,19.424,,,,,,,,,,,48.814
30cm,yolo26n,554,584,18.458,19.457,,,,,,,,,,,48.305
30cm,yolo26n,555,585,18.491,19.49,,,,,,,,,,,50.565
30cm,yolo26n,556,586,18.524,19.524,,,,,,,,,,,47.888
30cm,yolo26n,557,587,18.557,19.557,,,,,,,,,,,47.789
30cm,yolo26n,558,588,18.591,19.59,,,,,,,,,,,47.788
30cm,yolo26n,559,589,18.624,19.624,,,,,,,,,,,50.868
30cm,yolo26n,560,590,18.657,19.657,,,,,,,,,,,47.997
30cm,yolo26n,561,591,18.691,19.69,,,,,,,,,,,47.627
30cm,yolo26n,562,592,18.724,19.724,,,,,,,,,,,47.642
30cm,yolo26n,563,593,18.757,19.757,,,,,,,,,,,48.35
30cm,yolo26n,564,594,18.791,19.79,,,,,,,,,,,48.108
30cm,yolo26n,565,595,18.824,19.824,,,,,,,,,,,47.658
30cm,yolo26n,566,596,18.857,19.857,,,,,,,,,,,47.426
30cm,yolo26n,567,597,18.891,19.89,,,,,,,,,,,47.472
30cm,yolo26n,568,598,18.924,19.923,,,,,,,,,,,50.576
30cm,yolo26n,569,599,18.957,19.957,,,,,,,,,,,47.188
30cm,yolo26n,570,600,18.991,19.99,,,,,,,,,,,47.572
30cm,yolo26n,571,601,19.024,20.023,,,,,,,,,,,47.434
30cm,yolo26n,572,602,19.057,20.057,,,,,,,,,,,48.08
30cm,yolo26n,573,603,19.091,20.09,,,,,,,,,,,47.454
30cm,yolo26n,574,604,19.124,20.123,,,,,,,,,,,47.807
30cm,yolo26n,575,605,19.157,20.157,,,,,,,,,,,48.059
30cm,yolo26n,576,606,19.191,20.19,,,,,,,,,,,47.898
30cm,yolo26n,577,607,19.224,20.223,,,,,,,,,,,47.812
30cm,yolo26n,578,608,19.257,20.257,,,,,,,,,,,47.466
30cm,yolo26n,579,609,19.29,20.29,,,,,,,,,,,48.208
30cm,yolo26n,580,610,19.324,20.323,,,,,,,,,,,47.848
30cm,yolo26n,581,611,19.357,20.357,,,,,,,,,,,51.694
30cm,yolo26n,582,612,19.39,20.39,,,,,,,,,,,48.416
30cm,yolo26n,583,613,19.424,20.423,,,,,,,,,,,48.436
30cm,yolo26n,584,614,19.457,20.457,,,,,,,,,,,48.203
30cm,yolo26n,585,615,19.49,20.49,,,,,,,,,,,48.444
30cm,yolo26n,586,616,19.524,20.523,,,,,,,,,,,48.359
30cm,yolo26n,587,617,19.557,20.556,,,,,,,,,,,49.508
30cm,yolo26n,588,618,19.59,20.59,,,,,,,,,,,47.765
30cm,yolo26n,589,619,19.624,20.623,0,10,plastic_dirty,plastic,dirty,0.346191,352,85,529,208,47.354
30cm,yolo26n,590,620,19.657,20.656,0,10,plastic_dirty,plastic,dirty,0.538574,300,75,531,206,48.254
30cm,yolo26n,591,621,19.69,20.69,0,10,plastic_dirty,plastic,dirty,0.478516,309,69,534,200,48.423
30cm,yolo26n,591,621,19.69,20.69,1,10,plastic_dirty,plastic,dirty,0.265381,276,105,420,397,48.423
30cm,yolo26n,592,622,19.724,20.723,0,9,plastic_normal,plastic,normal,0.319336,276,102,424,397,47.893
30cm,yolo26n,592,622,19.724,20.723,1,10,plastic_dirty,plastic,dirty,0.287109,277,102,425,397,47.893
30cm,yolo26n,593,623,19.757,20.756,0,9,plastic_normal,plastic,normal,0.250244,276,98,424,397,47.751
30cm,yolo26n,593,623,19.757,20.756,1,10,plastic_dirty,plastic,dirty,0.267334,321,59,542,192,47.751
30cm,yolo26n,594,624,19.79,20.79,,,,,,,,,,,50.74
30cm,yolo26n,595,625,19.824,20.823,,,,,,,,,,,48.253
30cm,yolo26n,596,626,19.857,20.856,,,,,,,,,,,48.158
30cm,yolo26n,597,627,19.89,20.89,,,,,,,,,,,48.488
30cm,yolo26n,598,628,19.923,20.923,,,,,,,,,,,52.64
30cm,yolo26n,599,629,19.957,20.956,,,,,,,,,,,47.736
30cm,yolo26n,600,630,19.99,20.99,,,,,,,,,,,48.017
30cm,yolo26n,601,631,20.023,21.023,,,,,,,,,,,47.452
30cm,yolo26n,602,632,20.057,21.056,,,,,,,,,,,47.666
30cm,yolo26n,603,633,20.09,21.09,0,10,plastic_dirty,plastic,dirty,0.25293,277,106,424,397,47.388
30cm,yolo26n,604,634,20.123,21.123,,,,,,,,,,,47.322
30cm,yolo26n,605,635,20.157,21.156,0,10,plastic_dirty,plastic,dirty,0.285156,277,106,424,397,47.641
30cm,yolo26n,606,636,20.19,21.19,0,10,plastic_dirty,plastic,dirty,0.28418,277,106,424,397,47.741
30cm,yolo26n,607,637,20.223,21.223,0,10,plastic_dirty,plastic,dirty,0.298584,277,106,424,398,51.059
30cm,yolo26n,608,638,20.257,21.256,0,10,plastic_dirty,plastic,dirty,0.276855,277,105,425,396,48.906
30cm,yolo26n,609,639,20.29,21.289,0,10,plastic_dirty,plastic,dirty,0.265137,277,106,425,397,49.468
30cm,yolo26n,610,640,20.323,21.323,,,,,,,,,,,48.272
30cm,yolo26n,611,641,20.357,21.356,0,10,plastic_dirty,plastic,dirty,0.274902,277,105,425,397,48.111
30cm,yolo26n,612,642,20.39,21.389,,,,,,,,,,,47.059
30cm,yolo26n,613,643,20.423,21.423,,,,,,,,,,,47.256
30cm,yolo26n,614,644,20.457,21.456,,,,,,,,,,,47.991
30cm,yolo26n,615,645,20.49,21.489,,,,,,,,,,,47.794
30cm,yolo26n,616,646,20.523,21.523,,,,,,,,,,,47.947
30cm,yolo26n,617,647,20.556,21.556,,,,,,,,,,,47.727
30cm,yolo26n,618,648,20.59,21.589,,,,,,,,,,,47.688
30cm,yolo26n,619,649,20.623,21.623,,,,,,,,,,,47.849
30cm,yolo26n,620,650,20.656,21.656,,,,,,,,,,,49.156
30cm,yolo26n,621,651,20.69,21.689,,,,,,,,,,,47.909
30cm,yolo26n,622,652,20.723,21.723,,,,,,,,,,,47.717
30cm,yolo26n,623,653,20.756,21.756,,,,,,,,,,,47.196
30cm,yolo26n,624,654,20.79,21.789,,,,,,,,,,,47.884
30cm,yolo26n,625,655,20.823,21.823,,,,,,,,,,,50.99
30cm,yolo26n,626,656,20.856,21.856,0,7,pet_packaging,pet,packaging,0.259521,276,102,425,397,47.6
30cm,yolo26n,627,657,20.89,21.889,,,,,,,,,,,47.693
30cm,yolo26n,628,658,20.923,21.922,,,,,,,,,,,47.542
30cm,yolo26n,629,659,20.956,21.956,,,,,,,,,,,47.654
30cm,yolo26n,630,660,20.99,21.989,,,,,,,,,,,48.012
30cm,yolo26n,631,661,21.023,22.022,,,,,,,,,,,48.393
30cm,yolo26n,632,662,21.056,22.056,,,,,,,,,,,47.957
30cm,yolo26n,633,663,21.09,22.089,,,,,,,,,,,48.514
30cm,yolo26n,634,664,21.123,22.122,,,,,,,,,,,47.732
30cm,yolo26n,635,665,21.156,22.156,0,10,plastic_dirty,plastic,dirty,0.323242,463,238,638,357,48.472
30cm,yolo26n,636,666,21.19,22.189,0,10,plastic_dirty,plastic,dirty,0.291504,465,238,639,356,48.232
30cm,yolo26n,637,667,21.223,22.222,,,,,,,,,,,48.17
30cm,yolo26n,638,668,21.256,22.256,,,,,,,,,,,51.111
30cm,yolo26n,639,669,21.289,22.289,0,7,pet_packaging,pet,packaging,0.408447,368,122,506,289,48.554
30cm,yolo26n,640,670,21.323,22.322,,,,,,,,,,,48.576
30cm,yolo26n,641,671,21.356,22.356,,,,,,,,,,,48.437
30cm,yolo26n,642,672,21.389,22.389,,,,,,,,,,,49.53
30cm,yolo26n,643,673,21.423,22.422,,,,,,,,,,,48.248
30cm,yolo26n,644,674,21.456,22.456,,,,,,,,,,,47.744
30cm,yolo26n,645,675,21.489,22.489,,,,,,,,,,,48.368
30cm,yolo26n,646,676,21.523,22.522,,,,,,,,,,,47.806
30cm,yolo26n,647,677,21.556,22.556,,,,,,,,,,,47.899
30cm,yolo26n,648,678,21.589,22.589,,,,,,,,,,,47.863
30cm,yolo26n,649,679,21.623,22.622,,,,,,,,,,,48.052
30cm,yolo26n,650,680,21.656,22.655,,,,,,,,,,,47.986
30cm,yolo26n,651,681,21.689,22.689,,,,,,,,,,,51.82
30cm,yolo26n,652,682,21.723,22.722,,,,,,,,,,,48.006
30cm,yolo26n,653,683,21.756,22.755,,,,,,,,,,,48.152
30cm,yolo26n,654,684,21.789,22.789,,,,,,,,,,,47.659
30cm,yolo26n,655,685,21.823,22.822,0,10,plastic_dirty,plastic,dirty,0.321289,529,5,639,224,47.61
30cm,yolo26n,656,686,21.856,22.855,,,,,,,,,,,47.587
30cm,yolo26n,657,687,21.889,22.889,,,,,,,,,,,48.253
30cm,yolo26n,658,688,21.922,22.922,,,,,,,,,,,47.928
30cm,yolo26n,659,689,21.956,22.955,,,,,,,,,,,49.139
30cm,yolo26n,660,690,21.989,22.989,0,9,plastic_normal,plastic,normal,0.258545,324,118,424,182,48.899
30cm,yolo26n,661,691,22.022,23.022,0,9,plastic_normal,plastic,normal,0.279297,322,118,422,284,48.763
30cm,yolo26n,662,692,22.056,23.055,0,7,pet_packaging,pet,packaging,0.302246,321,120,428,284,48.299
30cm,yolo26n,663,693,22.089,23.089,,,,,,,,,,,48.647
30cm,yolo26n,664,694,22.122,23.122,0,7,pet_packaging,pet,packaging,0.373535,322,120,428,283,48.152
30cm,yolo26n,665,695,22.156,23.155,,,,,,,,,,,47.899
30cm,yolo26n,666,696,22.189,23.189,,,,,,,,,,,47.544
30cm,yolo26n,667,697,22.222,23.222,0,7,pet_packaging,pet,packaging,0.272217,322,122,429,284,48.33
30cm,yolo26n,668,698,22.256,23.255,,,,,,,,,,,47.734
30cm,yolo26n,669,699,22.289,23.288,,,,,,,,,,,47.876
30cm,yolo26n,670,700,22.322,23.322,,,,,,,,,,,47.94
30cm,yolo26n,671,701,22.356,23.355,,,,,,,,,,,48.737
30cm,yolo26n,672,702,22.389,23.388,,,,,,,,,,,51.094
30cm,yolo26n,673,703,22.422,23.422,,,,,,,,,,,47.823
30cm,yolo26n,674,704,22.456,23.455,,,,,,,,,,,49.639
30cm,yolo26n,675,705,22.489,23.488,,,,,,,,,,,47.797
30cm,yolo26n,676,706,22.522,23.522,,,,,,,,,,,47.938
30cm,yolo26n,677,707,22.556,23.555,,,,,,,,,,,48.043
30cm,yolo26n,678,708,22.589,23.588,,,,,,,,,,,47.82
30cm,yolo26n,679,709,22.622,23.622,,,,,,,,,,,48.139
30cm,yolo26n,680,710,22.655,23.655,,,,,,,,,,,47.361
30cm,yolo26n,681,711,22.689,23.688,,,,,,,,,,,47.21
30cm,yolo26n,682,712,22.722,23.722,,,,,,,,,,,47.861
30cm,yolo26n,683,713,22.755,23.755,,,,,,,,,,,47.872
30cm,yolo26n,684,714,22.789,23.788,,,,,,,,,,,47.927
30cm,yolo26n,685,715,22.822,23.822,,,,,,,,,,,48.217
30cm,yolo26n,686,716,22.855,23.855,,,,,,,,,,,47.392
30cm,yolo26n,687,717,22.889,23.888,,,,,,,,,,,47.848
30cm,yolo26n,688,718,22.922,23.921,,,,,,,,,,,47.8
30cm,yolo26n,689,719,22.955,23.955,,,,,,,,,,,47.294
30cm,yolo26n,690,720,22.989,23.988,0,9,plastic_normal,plastic,normal,0.270752,320,120,432,286,47.784
30cm,yolo26n,691,721,23.022,24.021,,,,,,,,,,,47.853
30cm,yolo26n,692,722,23.055,24.055,0,9,plastic_normal,plastic,normal,0.259521,320,120,423,285,47.633
30cm,yolo26n,693,723,23.089,24.088,0,9,plastic_normal,plastic,normal,0.296387,320,121,421,285,48.015
30cm,yolo26n,694,724,23.122,24.121,0,9,plastic_normal,plastic,normal,0.25415,320,121,421,284,48.341
30cm,yolo26n,695,725,23.155,24.155,,,,,,,,,,,48.751
30cm,yolo26n,696,726,23.189,24.188,,,,,,,,,,,50.574
30cm,yolo26n,697,727,23.222,24.221,,,,,,,,,,,48.52
30cm,yolo26n,698,728,23.255,24.255,,,,,,,,,,,51.658
30cm,yolo26n,699,729,23.288,24.288,,,,,,,,,,,48.444
30cm,yolo26n,700,730,23.322,24.321,,,,,,,,,,,48.968
30cm,yolo26n,701,731,23.355,24.355,,,,,,,,,,,48.538
30cm,yolo26n,702,732,23.388,24.388,,,,,,,,,,,48.215
30cm,yolo26n,703,733,23.422,24.421,,,,,,,,,,,47.353
30cm,yolo26n,704,734,23.455,24.455,,,,,,,,,,,47.519
30cm,yolo26n,705,735,23.488,24.488,,,,,,,,,,,48.466
30cm,yolo26n,706,736,23.522,24.521,,,,,,,,,,,48.279
30cm,yolo26n,707,737,23.555,24.555,,,,,,,,,,,52.393
30cm,yolo26n,708,738,23.588,24.588,,,,,,,,,,,47.365
30cm,yolo26n,709,739,23.622,24.621,,,,,,,,,,,46.765
30cm,yolo26n,710,740,23.655,24.654,,,,,,,,,,,47.353
30cm,yolo26n,711,741,23.688,24.688,,,,,,,,,,,51.161
30cm,yolo26n,712,742,23.722,24.721,0,10,plastic_dirty,plastic,dirty,0.3479,530,7,639,262,47.919
30cm,yolo26n,713,743,23.755,24.754,,,,,,,,,,,48.324
30cm,yolo26n,714,744,23.788,24.788,0,9,plastic_normal,plastic,normal,0.262207,313,119,429,276,48.313
30cm,yolo26n,715,745,23.822,24.821,0,9,plastic_normal,plastic,normal,0.27124,311,120,429,281,47.943
30cm,yolo26n,716,746,23.855,24.854,,,,,,,,,,,47.917
30cm,yolo26n,717,747,23.888,24.888,0,9,plastic_normal,plastic,normal,0.285889,302,119,429,280,48.205
30cm,yolo26n,718,748,23.921,24.921,,,,,,,,,,,48.537
30cm,yolo26n,719,749,23.955,24.954,,,,,,,,,,,47.998
30cm,yolo26n,720,750,23.988,24.988,,,,,,,,,,,49.003
30cm,yolo26n,721,751,24.021,25.021,,,,,,,,,,,48.073
30cm,yolo26n,722,752,24.055,25.054,,,,,,,,,,,47.963
30cm,yolo26n,723,753,24.088,25.088,,,,,,,,,,,48.035
30cm,yolo26n,724,754,24.121,25.121,,,,,,,,,,,50.95
30cm,yolo26n,725,755,24.155,25.154,0,9,plastic_normal,plastic,normal,0.273682,294,118,431,297,48.096
30cm,yolo26n,726,756,24.188,25.188,0,9,plastic_normal,plastic,normal,0.259521,293,119,429,294,47.686
30cm,yolo26n,727,757,24.221,25.221,,,,,,,,,,,48.113
30cm,yolo26n,728,758,24.255,25.254,,,,,,,,,,,53.559
30cm,yolo26n,729,759,24.288,25.287,,,,,,,,,,,48.372
30cm,yolo26n,730,760,24.321,25.321,0,7,pet_packaging,pet,packaging,0.277344,275,304,637,441,48.321
30cm,yolo26n,731,761,24.355,25.354,,,,,,,,,,,48.433
30cm,yolo26n,732,762,24.388,25.387,0,7,pet_packaging,pet,packaging,0.253174,273,303,634,436,48.142
30cm,yolo26n,733,763,24.421,25.421,,,,,,,,,,,47.591
30cm,yolo26n,734,764,24.455,25.454,0,7,pet_packaging,pet,packaging,0.347168,143,26,285,234,47.6
30cm,yolo26n,735,765,24.488,25.487,,,,,,,,,,,48.496
30cm,yolo26n,736,766,24.521,25.521,,,,,,,,,,,47.557
30cm,yolo26n,737,767,24.555,25.554,,,,,,,,,,,47.617
30cm,yolo26n,738,768,24.588,25.587,,,,,,,,,,,47.832
30cm,yolo26n,739,769,24.621,25.621,,,,,,,,,,,47.973
30cm,yolo26n,740,770,24.654,25.654,,,,,,,,,,,48.241
30cm,yolo26n,741,771,24.688,25.687,,,,,,,,,,,48.427
30cm,yolo26n,742,772,24.721,25.721,,,,,,,,,,,47.647
30cm,yolo26n,743,773,24.754,25.754,,,,,,,,,,,48.393
30cm,yolo26n,744,774,24.788,25.787,,,,,,,,,,,48.146
30cm,yolo26n,745,775,24.821,25.821,,,,,,,,,,,47.478
30cm,yolo26n,746,776,24.854,25.854,,,,,,,,,,,48.076
30cm,yolo26n,747,777,24.888,25.887,,,,,,,,,,,47.981
30cm,yolo26n,748,778,24.921,25.921,,,,,,,,,,,47.859
30cm,yolo26n,749,779,24.954,25.954,,,,,,,,,,,52.775
30cm,yolo26n,750,780,24.988,25.987,,,,,,,,,,,47.793
30cm,yolo26n,751,781,25.021,26.02,,,,,,,,,,,47.928
30cm,yolo26n,752,782,25.054,26.054,0,7,pet_packaging,pet,packaging,0.274902,281,294,595,412,47.833
30cm,yolo26n,753,783,25.088,26.087,0,7,pet_packaging,pet,packaging,0.338867,279,297,598,416,47.706
30cm,yolo26n,754,784,25.121,26.12,0,10,plastic_dirty,plastic,dirty,0.305908,446,0,637,130,48.705
30cm,yolo26n,755,785,25.154,26.154,0,10,plastic_dirty,plastic,dirty,0.315674,446,0,636,132,48.049
30cm,yolo26n,756,786,25.188,26.187,0,7,pet_packaging,pet,packaging,0.272217,278,297,614,423,48.068
30cm,yolo26n,756,786,25.188,26.187,1,10,plastic_dirty,plastic,dirty,0.415771,447,0,634,132,48.068
30cm,yolo26n,757,787,25.221,26.22,0,7,pet_packaging,pet,packaging,0.362061,278,299,618,425,47.651
30cm,yolo26n,758,788,25.254,26.254,0,7,pet_packaging,pet,packaging,0.389893,277,300,624,428,48.069
30cm,yolo26n,758,788,25.254,26.254,1,7,pet_packaging,pet,packaging,0.386963,263,237,517,314,48.069
30cm,yolo26n,759,789,25.287,26.287,0,5,pet_normal,pet,normal,0.294678,266,237,513,314,48.483
30cm,yolo26n,759,789,25.287,26.287,1,7,pet_packaging,pet,packaging,0.401855,276,301,630,432,48.483
30cm,yolo26n,760,790,25.321,26.32,0,7,pet_packaging,pet,packaging,0.335938,275,301,630,435,49.718
30cm,yolo26n,760,790,25.321,26.32,1,7,pet_packaging,pet,packaging,0.255859,267,244,514,319,49.718
30cm,yolo26n,761,791,25.354,26.354,0,5,pet_normal,pet,normal,0.274414,275,251,519,310,48.066
30cm,yolo26n,761,791,25.354,26.354,1,7,pet_packaging,pet,packaging,0.370117,273,302,633,439,48.066
30cm,yolo26n,762,792,25.387,26.387,0,7,pet_packaging,pet,packaging,0.457031,272,303,634,441,51.736
30cm,yolo26n,762,792,25.387,26.387,1,7,pet_packaging,pet,packaging,0.305664,271,259,526,313,51.736
30cm,yolo26n,763,793,25.421,26.42,0,7,pet_packaging,pet,packaging,0.367676,271,305,635,445,47.261
30cm,yolo26n,763,793,25.421,26.42,1,7,pet_packaging,pet,packaging,0.29541,272,248,527,316,47.261
30cm,yolo26n,764,794,25.454,26.454,0,7,pet_packaging,pet,packaging,0.354248,268,305,636,449,47.251
30cm,yolo26n,764,794,25.454,26.454,1,7,pet_packaging,pet,packaging,0.321777,273,239,529,318,47.251
30cm,yolo26n,765,795,25.487,26.487,0,7,pet_packaging,pet,packaging,0.276123,266,307,637,453,48.09
30cm,yolo26n,766,796,25.521,26.52,,,,,,,,,,,51.379
30cm,yolo26n,767,797,25.554,26.554,0,7,pet_packaging,pet,packaging,0.323975,268,233,533,324,48.259
30cm,yolo26n,768,798,25.587,26.587,0,7,pet_packaging,pet,packaging,0.365479,269,236,539,324,48.587
30cm,yolo26n,768,798,25.587,26.587,1,8,pet_dirty_packaging,pet,dirty_packaging,0.324463,268,236,540,325,48.587
30cm,yolo26n,769,799,25.621,26.62,0,7,pet_packaging,pet,packaging,0.406006,269,245,540,324,48.073
30cm,yolo26n,770,800,25.654,26.653,0,7,pet_packaging,pet,packaging,0.492432,264,260,537,324,48.588
30cm,yolo26n,771,801,25.687,26.687,0,7,pet_packaging,pet,packaging,0.473877,261,264,539,326,48.101
30cm,yolo26n,772,802,25.721,26.72,0,7,pet_packaging,pet,packaging,0.461426,260,266,542,326,48.364
30cm,yolo26n,773,803,25.754,26.753,0,7,pet_packaging,pet,packaging,0.414062,259,266,543,326,48.773
30cm,yolo26n,774,804,25.787,26.787,0,5,pet_normal,pet,normal,0.328125,258,264,545,328,48.45
30cm,yolo26n,775,805,25.821,26.82,0,5,pet_normal,pet,normal,0.267822,255,261,540,331,47.085
30cm,yolo26n,776,806,25.854,26.853,0,5,pet_normal,pet,normal,0.258301,254,261,536,331,47.637
30cm,yolo26n,777,807,25.887,26.887,,,,,,,,,,,48.236
30cm,yolo26n,778,808,25.921,26.92,0,9,plastic_normal,plastic,normal,0.469482,254,267,535,331,47.774
30cm,yolo26n,779,809,25.954,26.953,0,5,pet_normal,pet,normal,0.567871,254,263,534,330,50.841
30cm,yolo26n,780,810,25.987,26.987,0,5,pet_normal,pet,normal,0.481934,252,260,530,332,48.472
30cm,yolo26n,781,811,26.02,27.02,0,9,plastic_normal,plastic,normal,0.501465,252,260,526,333,49.091
30cm,yolo26n,782,812,26.054,27.053,0,5,pet_normal,pet,normal,0.361572,253,263,521,332,47.345
30cm,yolo26n,783,813,26.087,27.087,0,5,pet_normal,pet,normal,0.442627,254,264,517,331,47.529
30cm,yolo26n,784,814,26.12,27.12,0,5,pet_normal,pet,normal,0.463867,253,261,515,332,47.912
30cm,yolo26n,785,815,26.154,27.153,0,5,pet_normal,pet,normal,0.507812,253,260,510,334,47.86
30cm,yolo26n,786,816,26.187,27.187,0,5,pet_normal,pet,normal,0.544922,254,259,506,334,47.602
30cm,yolo26n,787,817,26.22,27.22,0,5,pet_normal,pet,normal,0.397949,254,262,503,335,47.58
30cm,yolo26n,788,818,26.254,27.253,0,5,pet_normal,pet,normal,0.469482,255,262,502,335,48.215
30cm,yolo26n,789,819,26.287,27.286,0,5,pet_normal,pet,normal,0.414062,254,262,500,338,48.565
30cm,yolo26n,790,820,26.32,27.32,,,,,,,,,,,47.829
30cm,yolo26n,791,821,26.354,27.353,,,,,,,,,,,47.91
30cm,yolo26n,792,822,26.387,27.386,,,,,,,,,,,53.191
30cm,yolo26n,793,823,26.42,27.42,,,,,,,,,,,47.83
30cm,yolo26n,794,824,26.454,27.453,,,,,,,,,,,48.063
30cm,yolo26n,795,825,26.487,27.486,,,,,,,,,,,48.671
30cm,yolo26n,796,826,26.52,27.52,,,,,,,,,,,47.978
30cm,yolo26n,797,827,26.554,27.553,,,,,,,,,,,48.03
30cm,yolo26n,798,828,26.587,27.586,0,7,pet_packaging,pet,packaging,0.306641,271,302,635,444,47.943
30cm,yolo26n,799,829,26.62,27.62,,,,,,,,,,,48.132
30cm,yolo26n,800,830,26.653,27.653,0,7,pet_packaging,pet,packaging,0.258301,274,299,631,434,48.336
30cm,yolo26n,801,831,26.687,27.686,,,,,,,,,,,47.831
30cm,yolo26n,802,832,26.72,27.72,,,,,,,,,,,47.859
30cm,yolo26n,803,833,26.753,27.753,0,10,plastic_dirty,plastic,dirty,0.252686,527,0,639,231,48.824
30cm,yolo26n,804,834,26.787,27.786,0,10,plastic_dirty,plastic,dirty,0.263916,527,1,639,237,48.063
30cm,yolo26n,805,835,26.82,27.82,0,10,plastic_dirty,plastic,dirty,0.459229,527,0,639,243,51.324
30cm,yolo26n,806,836,26.853,27.853,0,10,plastic_dirty,plastic,dirty,0.341797,527,0,639,236,47.972
30cm,yolo26n,807,837,26.887,27.886,,,,,,,,,,,47.388
30cm,yolo26n,808,838,26.92,27.92,,,,,,,,,,,47.824
30cm,yolo26n,809,839,26.953,27.953,,,,,,,,,,,47.668
30cm,yolo26n,810,840,26.987,27.986,,,,,,,,,,,47.79
30cm,yolo26n,811,841,27.02,28.019,,,,,,,,,,,47.452
30cm,yolo26n,812,842,27.053,28.053,,,,,,,,,,,47.456
30cm,yolo26n,813,843,27.087,28.086,,,,,,,,,,,48.376
30cm,yolo26n,814,844,27.12,28.119,,,,,,,,,,,47.476
30cm,yolo26n,815,845,27.153,28.153,,,,,,,,,,,48.094
30cm,yolo26n,816,846,27.187,28.186,,,,,,,,,,,47.965
30cm,yolo26n,817,847,27.22,28.219,,,,,,,,,,,47.787
30cm,yolo26n,818,848,27.253,28.253,0,7,pet_packaging,pet,packaging,0.341064,253,268,352,349,50.868
30cm,yolo26n,818,848,27.253,28.253,1,10,plastic_dirty,plastic,dirty,0.263428,423,265,639,408,50.868
30cm,yolo26n,819,849,27.286,28.286,,,,,,,,,,,47.564
30cm,yolo26n,820,850,27.32,28.319,,,,,,,,,,,47.903
30cm,yolo26n,821,851,27.353,28.353,,,,,,,,,,,47.802
30cm,yolo26n,822,852,27.386,28.386,,,,,,,,,,,48.377
30cm,yolo26n,823,853,27.42,28.419,0,10,plastic_dirty,plastic,dirty,0.302002,393,261,639,410,48.306
30cm,yolo26n,824,854,27.453,28.453,0,10,plastic_dirty,plastic,dirty,0.284668,389,261,639,409,48.685
30cm,yolo26n,825,855,27.486,28.486,,,,,,,,,,,48.441
30cm,yolo26n,826,856,27.52,28.519,,,,,,,,,,,48.609
30cm,yolo26n,827,857,27.553,28.553,,,,,,,,,,,50.668
30cm,yolo26n,828,858,27.586,28.586,,,,,,,,,,,48.337
30cm,yolo26n,829,859,27.62,28.619,,,,,,,,,,,47.282
30cm,yolo26n,830,860,27.653,28.652,,,,,,,,,,,47.81
30cm,yolo26n,831,861,27.686,28.686,,,,,,,,,,,50.944
30cm,yolo26n,832,862,27.72,28.719,,,,,,,,,,,47.615
30cm,yolo26n,833,863,27.753,28.752,,,,,,,,,,,47.999
30cm,yolo26n,834,864,27.786,28.786,,,,,,,,,,,47.835
30cm,yolo26n,835,865,27.82,28.819,,,,,,,,,,,48.379
30cm,yolo26n,836,866,27.853,28.852,0,10,plastic_dirty,plastic,dirty,0.270264,526,3,638,235,48.002
30cm,yolo26n,837,867,27.886,28.886,0,4,glass_packaging,glass,packaging,0.404541,239,95,352,432,48.014
30cm,yolo26n,838,868,27.92,28.919,0,4,glass_packaging,glass,packaging,0.809082,239,95,352,431,47.848
30cm,yolo26n,839,869,27.953,28.952,0,4,glass_packaging,glass,packaging,0.625,239,95,352,431,49.085
30cm,yolo26n,840,870,27.986,28.986,0,4,glass_packaging,glass,packaging,0.592285,238,95,351,431,50.854
30cm,yolo26n,841,871,28.019,29.019,0,4,glass_packaging,glass,packaging,0.757324,238,94,351,431,47.678
30cm,yolo26n,842,872,28.053,29.052,0,4,glass_packaging,glass,packaging,0.802246,238,95,351,432,47.547
30cm,yolo26n,843,873,28.086,29.086,0,4,glass_packaging,glass,packaging,0.785156,238,95,351,431,48.254
30cm,yolo26n,844,874,28.119,29.119,0,4,glass_packaging,glass,packaging,0.700195,238,95,351,432,52.003
30cm,yolo26n,845,875,28.153,29.152,0,4,glass_packaging,glass,packaging,0.774902,238,95,351,432,48.174
30cm,yolo26n,846,876,28.186,29.186,0,4,glass_packaging,glass,packaging,0.792969,238,95,351,432,47.517
30cm,yolo26n,847,877,28.219,29.219,0,4,glass_packaging,glass,packaging,0.681152,238,95,350,432,48.238
30cm,yolo26n,848,878,28.253,29.252,0,4,glass_packaging,glass,packaging,0.580566,239,95,351,431,48.186
30cm,yolo26n,849,879,28.286,29.286,0,4,glass_packaging,glass,packaging,0.632812,238,95,351,432,48.054
30cm,yolo26n,850,880,28.319,29.319,0,4,glass_packaging,glass,packaging,0.542969,238,96,350,432,47.654
30cm,yolo26n,851,881,28.353,29.352,0,4,glass_packaging,glass,packaging,0.661133,238,94,349,431,48.143
30cm,yolo26n,852,882,28.386,29.385,0,4,glass_packaging,glass,packaging,0.532227,238,95,349,432,47.952
30cm,yolo26n,853,883,28.419,29.419,0,4,glass_packaging,glass,packaging,0.617676,238,100,349,432,47.167
30cm,yolo26n,854,884,28.453,29.452,0,4,glass_packaging,glass,packaging,0.61377,238,93,350,431,47.904
30cm,yolo26n,855,885,28.486,29.485,0,4,glass_packaging,glass,packaging,0.770996,238,94,350,431,48.543
30cm,yolo26n,856,886,28.519,29.519,0,4,glass_packaging,glass,packaging,0.795898,238,95,350,432,48.086
30cm,yolo26n,857,887,28.553,29.552,0,4,glass_packaging,glass,packaging,0.603027,238,96,350,432,52.273
30cm,yolo26n,858,888,28.586,29.585,0,4,glass_packaging,glass,packaging,0.538086,238,97,350,432,47.622
30cm,yolo26n,858,888,28.586,29.585,1,7,pet_packaging,pet,packaging,0.291504,346,71,503,370,47.622
30cm,yolo26n,858,888,28.586,29.585,2,10,plastic_dirty,plastic,dirty,0.268799,447,225,639,369,47.622
30cm,yolo26n,859,889,28.619,29.619,0,4,glass_packaging,glass,packaging,0.286621,238,97,349,432,47.353
30cm,yolo26n,859,889,28.619,29.619,1,7,pet_packaging,pet,packaging,0.402588,347,73,502,369,47.353
30cm,yolo26n,859,889,28.619,29.619,2,10,plastic_dirty,plastic,dirty,0.272461,446,231,639,369,47.353
30cm,yolo26n,860,890,28.652,29.652,0,4,glass_packaging,glass,packaging,0.308594,238,97,350,431,47.749
30cm,yolo26n,860,890,28.652,29.652,1,7,pet_packaging,pet,packaging,0.328613,347,78,498,369,47.749
30cm,yolo26n,861,891,28.686,29.685,0,4,glass_packaging,glass,packaging,0.312256,238,97,350,432,48.449
30cm,yolo26n,861,891,28.686,29.685,1,7,pet_packaging,pet,packaging,0.30127,347,80,493,369,48.449
30cm,yolo26n,861,891,28.686,29.685,2,10,plastic_dirty,plastic,dirty,0.309326,442,232,639,368,48.449
30cm,yolo26n,862,892,28.719,29.719,0,4,glass_packaging,glass,packaging,0.294922,238,97,350,432,47.65
30cm,yolo26n,862,892,28.719,29.719,1,7,pet_packaging,pet,packaging,0.343018,347,82,490,371,47.65
30cm,yolo26n,862,892,28.719,29.719,2,8,pet_dirty_packaging,pet,dirty_packaging,0.367432,347,81,489,369,47.65
30cm,yolo26n,862,892,28.719,29.719,3,10,plastic_dirty,plastic,dirty,0.349365,439,231,638,368,47.65
30cm,yolo26n,863,893,28.752,29.752,0,4,glass_packaging,glass,packaging,0.260254,238,97,350,432,47.728
30cm,yolo26n,863,893,28.752,29.752,1,7,pet_packaging,pet,packaging,0.310547,346,85,484,369,47.728
30cm,yolo26n,863,893,28.752,29.752,2,8,pet_dirty_packaging,pet,dirty_packaging,0.331543,347,84,485,368,47.728
30cm,yolo26n,864,894,28.786,29.785,0,7,pet_packaging,pet,packaging,0.372314,346,85,476,367,48.08
30cm,yolo26n,865,895,28.819,29.819,0,4,glass_packaging,glass,packaging,0.30127,238,97,350,432,47.633
30cm,yolo26n,865,895,28.819,29.819,1,7,pet_packaging,pet,packaging,0.276611,346,83,467,367,47.633
30cm,yolo26n,866,896,28.852,29.852,0,4,glass_packaging,glass,packaging,0.371338,238,97,350,432,48.016
30cm,yolo26n,866,896,28.852,29.852,1,7,pet_packaging,pet,packaging,0.302979,347,83,456,366,48.016
30cm,yolo26n,867,897,28.886,29.885,,,,,,,,,,,47.572
30cm,yolo26n,868,898,28.919,29.919,,,,,,,,,,,48.372
30cm,yolo26n,869,899,28.952,29.952,,,,,,,,,,,47.627
30cm,yolo26n,870,900,28.986,29.985,,,,,,,,,,,50.802
30cm,yolo26n,871,901,29.019,30.018,0,4,glass_packaging,glass,packaging,0.486816,238,97,349,432,47.889
30cm,yolo26n,872,902,29.052,30.052,0,4,glass_packaging,glass,packaging,0.294434,238,98,348,432,47.924
30cm,yolo26n,873,903,29.086,30.085,0,4,glass_packaging,glass,packaging,0.262939,238,98,349,432,48.027
30cm,yolo26n,874,904,29.119,30.118,0,4,glass_packaging,glass,packaging,0.425049,238,97,349,431,48.308
30cm,yolo26n,875,905,29.152,30.152,0,4,glass_packaging,glass,packaging,0.2771,238,97,349,432,48.179
30cm,yolo26n,875,905,29.152,30.152,1,7,pet_packaging,pet,packaging,0.424072,345,81,429,251,48.179
30cm,yolo26n,876,906,29.186,30.185,0,4,glass_packaging,glass,packaging,0.260986,238,98,349,432,47.783
30cm,yolo26n,876,906,29.186,30.185,1,7,pet_packaging,pet,packaging,0.4104,346,80,429,255,47.783
30cm,yolo26n,877,907,29.219,30.218,0,4,glass_packaging,glass,packaging,0.299072,238,97,349,431,48.528
30cm,yolo26n,877,907,29.219,30.218,1,7,pet_packaging,pet,packaging,0.409668,346,81,431,257,48.528
30cm,yolo26n,877,907,29.219,30.218,2,9,plastic_normal,plastic,normal,0.250977,428,66,637,263,48.528
30cm,yolo26n,878,908,29.252,30.252,0,7,pet_packaging,pet,packaging,0.465088,345,79,429,252,47.851
30cm,yolo26n,879,909,29.286,30.285,0,7,pet_packaging,pet,packaging,0.375244,347,79,429,261,47.56
30cm,yolo26n,880,910,29.319,30.318,0,4,glass_packaging,glass,packaging,0.293945,238,98,349,432,47.527
30cm,yolo26n,880,910,29.319,30.318,1,7,pet_packaging,pet,packaging,0.371338,346,79,427,260,47.527
30cm,yolo26n,881,911,29.352,30.352,0,4,glass_packaging,glass,packaging,0.290039,238,98,349,433,48.065
30cm,yolo26n,881,911,29.352,30.352,1,7,pet_packaging,pet,packaging,0.445068,347,79,427,255,48.065
30cm,yolo26n,882,912,29.385,30.385,0,4,glass_packaging,glass,packaging,0.334717,238,98,349,432,48.041
30cm,yolo26n,882,912,29.385,30.385,1,7,pet_packaging,pet,packaging,0.304443,346,79,425,255,48.041
30cm,yolo26n,882,912,29.385,30.385,2,9,plastic_normal,plastic,normal,0.419189,426,74,639,275,48.041
30cm,yolo26n,883,913,29.419,30.418,0,4,glass_packaging,glass,packaging,0.425049,238,98,349,432,47.317
30cm,yolo26n,883,913,29.419,30.418,1,7,pet_packaging,pet,packaging,0.304443,346,79,422,255,47.317
30cm,yolo26n,884,914,29.452,30.452,0,4,glass_packaging,glass,packaging,0.286621,238,99,349,432,48.161
30cm,yolo26n,884,914,29.452,30.452,1,7,pet_packaging,pet,packaging,0.283203,346,79,421,258,48.161
30cm,yolo26n,885,915,29.485,30.485,0,4,glass_packaging,glass,packaging,0.355469,238,99,349,432,53.089
30cm,yolo26n,885,915,29.485,30.485,1,6,pet_dirty,pet,dirty,0.275391,345,79,416,259,53.089
30cm,yolo26n,886,916,29.519,30.518,0,4,glass_packaging,glass,packaging,0.264404,238,98,349,432,53.475
30cm,yolo26n,886,916,29.519,30.518,1,7,pet_packaging,pet,packaging,0.273682,345,80,413,262,53.475
30cm,yolo26n,887,917,29.552,30.552,0,4,glass_packaging,glass,packaging,0.3125,238,99,350,432,47.108
30cm,yolo26n,888,918,29.585,30.585,0,9,plastic_normal,plastic,normal,0.298584,430,81,637,272,47.575
30cm,yolo26n,889,919,29.619,30.618,0,9,plastic_normal,plastic,normal,0.35083,432,81,637,275,47.852
30cm,yolo26n,890,920,29.652,30.651,0,4,glass_packaging,glass,packaging,0.296143,238,97,349,432,48.559
30cm,yolo26n,891,921,29.685,30.685,0,4,glass_packaging,glass,packaging,0.475586,238,96,349,431,51.334
30cm,yolo26n,892,922,29.719,30.718,0,4,glass_packaging,glass,packaging,0.383789,238,98,348,432,47.811
30cm,yolo26n,893,923,29.752,30.751,0,4,glass_packaging,glass,packaging,0.538086,238,97,348,431,47.751
30cm,yolo26n,894,924,29.785,30.785,0,4,glass_packaging,glass,packaging,0.620117,238,97,348,432,48.253
30cm,yolo26n,895,925,29.819,30.818,0,4,glass_packaging,glass,packaging,0.562988,238,97,348,432,47.337
30cm,yolo26n,896,926,29.852,30.851,0,4,glass_packaging,glass,packaging,0.481445,238,98,348,433,47.172
30cm,yolo26n,896,926,29.852,30.851,1,7,pet_packaging,pet,packaging,0.252686,345,85,406,257,47.172
30cm,yolo26n,897,927,29.885,30.885,0,4,glass_packaging,glass,packaging,0.580566,238,98,348,433,47.59
30cm,yolo26n,898,928,29.919,30.918,0,4,glass_packaging,glass,packaging,0.680664,238,97,348,433,48.639
30cm,yolo26n,899,929,29.952,30.951,0,4,glass_packaging,glass,packaging,0.579102,238,99,348,433,48.977
30cm,yolo26s,0,30,0.0,1.0,0,0,can_normal,can,normal,0.65332,311,148,388,360,109.124
30cm,yolo26s,0,30,0.0,1.0,1,7,pet_packaging,pet,packaging,0.500977,403,93,488,359,109.124
30cm,yolo26s,1,31,0.033,1.033,0,0,can_normal,can,normal,0.645996,311,148,388,360,108.357
30cm,yolo26s,1,31,0.033,1.033,1,7,pet_packaging,pet,packaging,0.521484,403,92,488,359,108.357
30cm,yolo26s,2,32,0.067,1.066,0,0,can_normal,can,normal,0.647949,311,148,388,360,110.373
30cm,yolo26s,2,32,0.067,1.066,1,7,pet_packaging,pet,packaging,0.53418,402,92,487,358,110.373
30cm,yolo26s,3,33,0.1,1.099,0,0,can_normal,can,normal,0.645996,311,148,388,360,108.639
30cm,yolo26s,3,33,0.1,1.099,1,7,pet_packaging,pet,packaging,0.543945,403,92,488,358,108.639
30cm,yolo26s,4,34,0.133,1.133,0,0,can_normal,can,normal,0.62793,311,148,388,360,109.405
30cm,yolo26s,4,34,0.133,1.133,1,7,pet_packaging,pet,packaging,0.540039,403,92,488,358,109.405
30cm,yolo26s,4,34,0.133,1.133,2,7,pet_packaging,pet,packaging,0.253174,138,134,260,357,109.405
30cm,yolo26s,5,35,0.167,1.166,0,0,can_normal,can,normal,0.629883,311,148,388,360,111.122
30cm,yolo26s,5,35,0.167,1.166,1,7,pet_packaging,pet,packaging,0.551758,403,92,488,358,111.122
30cm,yolo26s,6,36,0.2,1.199,0,0,can_normal,can,normal,0.642578,311,148,388,360,108.499
30cm,yolo26s,6,36,0.2,1.199,1,7,pet_packaging,pet,packaging,0.530273,402,93,488,359,108.499
30cm,yolo26s,6,36,0.2,1.199,2,7,pet_packaging,pet,packaging,0.286865,138,134,259,356,108.499
30cm,yolo26s,7,37,0.233,1.233,0,0,can_normal,can,normal,0.631836,311,148,388,360,109.301
30cm,yolo26s,7,37,0.233,1.233,1,7,pet_packaging,pet,packaging,0.561035,403,92,488,358,109.301
30cm,yolo26s,8,38,0.267,1.266,0,0,can_normal,can,normal,0.660156,311,148,388,360,108.782
30cm,yolo26s,8,38,0.267,1.266,1,7,pet_packaging,pet,packaging,0.566895,403,92,488,358,108.782
30cm,yolo26s,9,39,0.3,1.299,0,0,can_normal,can,normal,0.649414,311,148,388,360,108.429
30cm,yolo26s,9,39,0.3,1.299,1,7,pet_packaging,pet,packaging,0.538086,403,92,488,358,108.429
30cm,yolo26s,10,40,0.333,1.333,0,0,can_normal,can,normal,0.660156,311,148,388,360,108.163
30cm,yolo26s,10,40,0.333,1.333,1,7,pet_packaging,pet,packaging,0.547852,403,92,488,358,108.163
30cm,yolo26s,11,41,0.366,1.366,0,0,can_normal,can,normal,0.645996,311,148,388,360,108.778
30cm,yolo26s,11,41,0.366,1.366,1,7,pet_packaging,pet,packaging,0.530273,403,92,488,359,108.778
30cm,yolo26s,12,42,0.4,1.399,0,0,can_normal,can,normal,0.629883,311,148,388,360,108.74
30cm,yolo26s,12,42,0.4,1.399,1,7,pet_packaging,pet,packaging,0.553711,402,93,488,359,108.74
30cm,yolo26s,13,43,0.433,1.433,0,0,can_normal,can,normal,0.637207,311,148,388,360,109.687
30cm,yolo26s,13,43,0.433,1.433,1,7,pet_packaging,pet,packaging,0.582031,403,92,488,358,109.687
30cm,yolo26s,13,43,0.433,1.433,2,7,pet_packaging,pet,packaging,0.274414,138,129,261,355,109.687
30cm,yolo26s,14,44,0.466,1.466,0,0,can_normal,can,normal,0.656738,311,148,388,360,108.798
30cm,yolo26s,14,44,0.466,1.466,1,7,pet_packaging,pet,packaging,0.595703,403,92,488,359,108.798
30cm,yolo26s,14,44,0.466,1.466,2,7,pet_packaging,pet,packaging,0.296631,137,132,260,356,108.798
30cm,yolo26s,15,45,0.5,1.499,0,0,can_normal,can,normal,0.647949,311,148,388,359,111.404
30cm,yolo26s,15,45,0.5,1.499,1,7,pet_packaging,pet,packaging,0.617676,403,92,488,359,111.404
30cm,yolo26s,16,46,0.533,1.533,0,0,can_normal,can,normal,0.642578,311,148,388,360,108.68
30cm,yolo26s,16,46,0.533,1.533,1,7,pet_packaging,pet,packaging,0.614258,403,92,488,359,108.68
30cm,yolo26s,17,47,0.566,1.566,0,0,can_normal,can,normal,0.62793,311,148,388,360,107.784
30cm,yolo26s,17,47,0.566,1.566,1,7,pet_packaging,pet,packaging,0.610352,403,92,488,359,107.784
30cm,yolo26s,18,48,0.6,1.599,0,0,can_normal,can,normal,0.62793,311,148,388,360,107.471
30cm,yolo26s,18,48,0.6,1.599,1,7,pet_packaging,pet,packaging,0.617676,403,92,488,359,107.471
30cm,yolo26s,19,49,0.633,1.633,0,0,can_normal,can,normal,0.645996,311,148,388,360,109.05
30cm,yolo26s,19,49,0.633,1.633,1,7,pet_packaging,pet,packaging,0.626953,403,92,488,359,109.05
30cm,yolo26s,19,49,0.633,1.633,2,7,pet_packaging,pet,packaging,0.284668,138,134,259,357,109.05
30cm,yolo26s,20,50,0.666,1.666,0,0,can_normal,can,normal,0.665527,311,148,388,360,107.893
30cm,yolo26s,20,50,0.666,1.666,1,7,pet_packaging,pet,packaging,0.646973,403,92,488,359,107.893
30cm,yolo26s,21,51,0.7,1.699,0,0,can_normal,can,normal,0.635254,311,148,388,360,106.711
30cm,yolo26s,21,51,0.7,1.699,1,7,pet_packaging,pet,packaging,0.652344,403,92,488,358,106.711
30cm,yolo26s,22,52,0.733,1.732,0,0,can_normal,can,normal,0.633301,311,148,388,360,108.158
30cm,yolo26s,22,52,0.733,1.732,1,7,pet_packaging,pet,packaging,0.630859,403,92,488,358,108.158
30cm,yolo26s,23,53,0.766,1.766,0,0,can_normal,can,normal,0.594727,311,148,388,360,111.147
30cm,yolo26s,23,53,0.766,1.766,1,7,pet_packaging,pet,packaging,0.632324,403,92,488,358,111.147
30cm,yolo26s,23,53,0.766,1.766,2,7,pet_packaging,pet,packaging,0.275879,137,132,260,356,111.147
30cm,yolo26s,24,54,0.8,1.799,0,0,can_normal,can,normal,0.631836,311,148,388,360,108.907
30cm,yolo26s,24,54,0.8,1.799,1,7,pet_packaging,pet,packaging,0.610352,403,92,488,359,108.907
30cm,yolo26s,24,54,0.8,1.799,2,7,pet_packaging,pet,packaging,0.326904,137,133,260,356,108.907
30cm,yolo26s,25,55,0.833,1.832,0,0,can_normal,can,normal,0.624512,311,148,388,360,107.865
30cm,yolo26s,25,55,0.833,1.832,1,7,pet_packaging,pet,packaging,0.589844,402,92,488,360,107.865
30cm,yolo26s,26,56,0.866,1.866,0,0,can_normal,can,normal,0.620605,311,148,388,360,109.806
30cm,yolo26s,26,56,0.866,1.866,1,7,pet_packaging,pet,packaging,0.574707,402,92,488,359,109.806
30cm,yolo26s,27,57,0.9,1.899,0,0,can_normal,can,normal,0.567871,311,148,388,360,107.456
30cm,yolo26s,27,57,0.9,1.899,1,7,pet_packaging,pet,packaging,0.484375,401,92,488,360,107.456
30cm,yolo26s,28,58,0.933,1.932,0,0,can_normal,can,normal,0.546875,311,148,387,360,111.424
30cm,yolo26s,28,58,0.933,1.932,1,7,pet_packaging,pet,packaging,0.27124,138,132,261,356,111.424
30cm,yolo26s,28,58,0.933,1.932,2,9,plastic_normal,plastic,normal,0.290283,402,283,488,358,111.424
30cm,yolo26s,29,59,0.966,1.966,0,0,can_normal,can,normal,0.611328,311,147,387,361,108.999
30cm,yolo26s,29,59,0.966,1.966,1,7,pet_packaging,pet,packaging,0.279053,138,133,260,355,108.999
30cm,yolo26s,30,60,1.0,1.999,0,0,can_normal,can,normal,0.572754,312,147,388,360,108.283
30cm,yolo26s,31,61,1.033,2.032,0,0,can_normal,can,normal,0.546875,311,147,388,360,110.651
30cm,yolo26s,31,61,1.033,2.032,1,7,pet_packaging,pet,packaging,0.533203,402,93,487,218,110.651
30cm,yolo26s,31,61,1.033,2.032,2,7,pet_packaging,pet,packaging,0.332031,137,132,260,355,110.651
30cm,yolo26s,32,62,1.066,2.066,0,0,can_normal,can,normal,0.365723,307,146,388,362,108.855
30cm,yolo26s,32,62,1.066,2.066,1,7,pet_packaging,pet,packaging,0.644043,400,98,483,227,108.855
30cm,yolo26s,32,62,1.066,2.066,2,7,pet_packaging,pet,packaging,0.406494,137,132,260,355,108.855
30cm,yolo26s,33,63,1.099,2.099,0,0,can_normal,can,normal,0.354004,303,283,384,361,108.22
30cm,yolo26s,33,63,1.099,2.099,1,7,pet_packaging,pet,packaging,0.631836,395,100,478,228,108.22
30cm,yolo26s,33,63,1.099,2.099,2,7,pet_packaging,pet,packaging,0.362061,137,131,260,356,108.22
30cm,yolo26s,34,64,1.133,2.132,0,7,pet_packaging,pet,packaging,0.609375,388,102,473,236,107.886
30cm,yolo26s,34,64,1.133,2.132,1,7,pet_packaging,pet,packaging,0.325195,137,130,260,356,107.886
30cm,yolo26s,35,65,1.166,2.166,0,7,pet_packaging,pet,packaging,0.563965,385,102,468,237,108.964
30cm,yolo26s,35,65,1.166,2.166,1,7,pet_packaging,pet,packaging,0.317383,137,132,260,355,108.964
30cm,yolo26s,36,66,1.199,2.199,0,7,pet_packaging,pet,packaging,0.533203,383,102,463,243,111.769
30cm,yolo26s,36,66,1.199,2.199,1,7,pet_packaging,pet,packaging,0.27124,137,131,260,356,111.769
30cm,yolo26s,37,67,1.233,2.232,0,7,pet_packaging,pet,packaging,0.507812,380,103,459,243,108.274
30cm,yolo26s,38,68,1.266,2.266,0,7,pet_packaging,pet,packaging,0.501953,380,105,457,252,107.979
30cm,yolo26s,38,68,1.266,2.266,1,7,pet_packaging,pet,packaging,0.312256,137,133,260,355,107.979
30cm,yolo26s,39,69,1.299,2.299,0,7,pet_packaging,pet,packaging,0.633301,382,106,456,264,109.239
30cm,yolo26s,39,69,1.299,2.299,1,7,pet_packaging,pet,packaging,0.301514,137,133,260,355,109.239
30cm,yolo26s,40,70,1.333,2.332,0,7,pet_packaging,pet,packaging,0.642578,383,107,457,265,108.793
30cm,yolo26s,40,70,1.333,2.332,1,7,pet_packaging,pet,packaging,0.315674,137,132,260,355,108.793
30cm,yolo26s,41,71,1.366,2.365,0,0,can_normal,can,normal,0.275879,311,146,386,251,107.888
30cm,yolo26s,41,71,1.366,2.365,1,7,pet_packaging,pet,packaging,0.616699,384,106,459,268,107.888
30cm,yolo26s,41,71,1.366,2.365,2,7,pet_packaging,pet,packaging,0.29248,137,133,260,355,107.888
30cm,yolo26s,42,72,1.399,2.399,0,7,pet_packaging,pet,packaging,0.629883,384,103,460,265,108.814
30cm,yolo26s,43,73,1.433,2.432,0,0,can_normal,can,normal,0.542969,314,146,386,245,107.901
30cm,yolo26s,43,73,1.433,2.432,1,7,pet_packaging,pet,packaging,0.554688,385,99,460,262,107.901
30cm,yolo26s,43,73,1.433,2.432,2,7,pet_packaging,pet,packaging,0.256104,137,134,260,356,107.901
30cm,yolo26s,44,74,1.466,2.465,0,7,pet_packaging,pet,packaging,0.289307,386,97,459,259,111.445
30cm,yolo26s,44,74,1.466,2.465,1,7,pet_packaging,pet,packaging,0.254639,137,133,260,355,111.445
30cm,yolo26s,45,75,1.499,2.499,0,7,pet_packaging,pet,packaging,0.346924,394,94,460,257,109.631
30cm,yolo26s,46,76,1.533,2.532,0,7,pet_packaging,pet,packaging,0.267334,400,89,460,243,111.02
30cm,yolo26s,47,77,1.566,2.565,,,,,,,,,,,107.342
30cm,yolo26s,48,78,1.599,2.599,,,,,,,,,,,107.275
30cm,yolo26s,49,79,1.633,2.632,,,,,,,,,,,108.042
30cm,yolo26s,50,80,1.666,2.665,0,2,glass_normal,glass,normal,0.250977,137,131,259,267,107.764
30cm,yolo26s,51,81,1.699,2.699,,,,,,,,,,,108.072
30cm,yolo26s,52,82,1.732,2.732,,,,,,,,,,,109.335
30cm,yolo26s,53,83,1.766,2.765,0,5,pet_normal,pet,normal,0.283691,337,85,549,332,108.469
30cm,yolo26s,53,83,1.766,2.765,1,7,pet_packaging,pet,packaging,0.446533,336,85,532,330,108.469
30cm,yolo26s,54,84,1.799,2.799,0,7,pet_packaging,pet,packaging,0.36377,318,93,620,348,111.874
30cm,yolo26s,55,85,1.832,2.832,0,7,pet_packaging,pet,packaging,0.387695,299,106,616,344,108.664
30cm,yolo26s,56,86,1.866,2.865,0,7,pet_packaging,pet,packaging,0.397949,284,115,639,330,109.099
30cm,yolo26s,57,87,1.899,2.899,0,7,pet_packaging,pet,packaging,0.360352,271,128,636,325,121.495
30cm,yolo26s,58,88,1.932,2.932,,,,,,,,,,,108.304
30cm,yolo26s,59,89,1.966,2.965,0,5,pet_normal,pet,normal,0.294922,245,181,639,334,111.41
30cm,yolo26s,60,90,1.999,2.999,0,7,pet_packaging,pet,packaging,0.355713,137,132,259,274,109.196
30cm,yolo26s,61,91,2.032,3.032,,,,,,,,,,,108.108
30cm,yolo26s,62,92,2.066,3.065,0,9,plastic_normal,plastic,normal,0.281494,137,132,259,275,110.864
30cm,yolo26s,63,93,2.099,3.098,,,,,,,,,,,108.954
30cm,yolo26s,64,94,2.132,3.132,,,,,,,,,,,107.954
30cm,yolo26s,65,95,2.166,3.165,,,,,,,,,,,108.555
30cm,yolo26s,66,96,2.199,3.198,,,,,,,,,,,107.947
30cm,yolo26s,67,97,2.232,3.232,0,7,pet_packaging,pet,packaging,0.34082,137,132,260,273,110.456
30cm,yolo26s,68,98,2.266,3.265,,,,,,,,,,,107.969
30cm,yolo26s,69,99,2.299,3.298,0,9,plastic_normal,plastic,normal,0.503906,139,134,258,272,108.859
30cm,yolo26s,70,100,2.332,3.332,0,7,pet_packaging,pet,packaging,0.421631,158,273,469,370,107.265
30cm,yolo26s,70,100,2.332,3.332,1,9,plastic_normal,plastic,normal,0.546875,138,134,257,272,107.265
30cm,yolo26s,71,101,2.365,3.365,0,7,pet_packaging,pet,packaging,0.435059,159,273,470,370,109.248
30cm,yolo26s,71,101,2.365,3.365,1,9,plastic_normal,plastic,normal,0.519531,138,134,257,272,109.248
30cm,yolo26s,72,102,2.399,3.398,0,7,pet_packaging,pet,packaging,0.401611,158,272,467,367,108.048
30cm,yolo26s,72,102,2.399,3.398,1,9,plastic_normal,plastic,normal,0.476562,139,134,258,272,108.048
30cm,yolo26s,73,103,2.432,3.432,0,7,pet_packaging,pet,packaging,0.406494,158,272,468,367,108.095
30cm,yolo26s,73,103,2.432,3.432,1,9,plastic_normal,plastic,normal,0.421631,138,134,257,272,108.095
30cm,yolo26s,74,104,2.465,3.465,0,7,pet_packaging,pet,packaging,0.453369,159,271,468,365,108.593
30cm,yolo26s,74,104,2.465,3.465,1,9,plastic_normal,plastic,normal,0.44751,138,134,257,272,108.593
30cm,yolo26s,75,105,2.499,3.498,0,7,pet_packaging,pet,packaging,0.512695,158,271,468,368,111.361
30cm,yolo26s,75,105,2.499,3.498,1,9,plastic_normal,plastic,normal,0.539062,138,134,258,272,111.361
30cm,yolo26s,76,106,2.532,3.532,0,7,pet_packaging,pet,packaging,0.504883,159,271,469,369,109.492
30cm,yolo26s,76,106,2.532,3.532,1,9,plastic_normal,plastic,normal,0.376709,138,134,257,272,109.492
30cm,yolo26s,77,107,2.565,3.565,0,7,pet_packaging,pet,packaging,0.489258,159,271,469,366,112.412
30cm,yolo26s,77,107,2.565,3.565,1,9,plastic_normal,plastic,normal,0.374756,138,133,258,271,112.412
30cm,yolo26s,78,108,2.599,3.598,0,7,pet_packaging,pet,packaging,0.493164,159,270,469,367,110.164
30cm,yolo26s,78,108,2.599,3.598,1,9,plastic_normal,plastic,normal,0.339844,138,133,258,271,110.164
30cm,yolo26s,79,109,2.632,3.632,0,7,pet_packaging,pet,packaging,0.514648,158,270,468,368,108.555
30cm,yolo26s,79,109,2.632,3.632,1,9,plastic_normal,plastic,normal,0.320801,138,134,258,272,108.555
30cm,yolo26s,80,110,2.665,3.665,0,7,pet_packaging,pet,packaging,0.52832,159,270,469,365,109.669
30cm,yolo26s,80,110,2.665,3.665,1,9,plastic_normal,plastic,normal,0.507812,139,134,258,272,109.669
30cm,yolo26s,81,111,2.699,3.698,0,7,pet_packaging,pet,packaging,0.495117,158,270,466,365,109.28
30cm,yolo26s,81,111,2.699,3.698,1,9,plastic_normal,plastic,normal,0.384033,139,133,258,271,109.28
30cm,yolo26s,82,112,2.732,3.731,0,7,pet_packaging,pet,packaging,0.532227,159,270,467,364,108.813
30cm,yolo26s,82,112,2.732,3.731,1,9,plastic_normal,plastic,normal,0.435791,139,134,258,272,108.813
30cm,yolo26s,82,112,2.732,3.731,2,10,plastic_dirty,plastic,dirty,0.293457,334,128,518,222,108.813
30cm,yolo26s,83,113,2.765,3.765,0,7,pet_packaging,pet,packaging,0.538086,158,270,467,366,109.012
30cm,yolo26s,83,113,2.765,3.765,1,9,plastic_normal,plastic,normal,0.53125,139,134,258,272,109.012
30cm,yolo26s,84,114,2.799,3.798,0,7,pet_packaging,pet,packaging,0.50293,157,270,466,366,110.036
30cm,yolo26s,84,114,2.799,3.798,1,9,plastic_normal,plastic,normal,0.5,139,134,258,272,110.036
30cm,yolo26s,85,115,2.832,3.831,0,7,pet_packaging,pet,packaging,0.506836,159,270,467,365,111.381
30cm,yolo26s,85,115,2.832,3.831,1,9,plastic_normal,plastic,normal,0.584961,139,134,258,272,111.381
30cm,yolo26s,86,116,2.865,3.865,0,7,pet_packaging,pet,packaging,0.545898,159,270,468,365,108.703
30cm,yolo26s,86,116,2.865,3.865,1,9,plastic_normal,plastic,normal,0.558105,138,134,257,272,108.703
30cm,yolo26s,87,117,2.899,3.898,0,7,pet_packaging,pet,packaging,0.524414,159,270,467,365,108.147
30cm,yolo26s,87,117,2.899,3.898,1,9,plastic_normal,plastic,normal,0.577637,139,134,258,272,108.147
30cm,yolo26s,88,118,2.932,3.931,0,7,pet_packaging,pet,packaging,0.50293,158,270,467,366,108.857
30cm,yolo26s,88,118,2.932,3.931,1,9,plastic_normal,plastic,normal,0.586914,139,134,258,272,108.857
30cm,yolo26s,89,119,2.965,3.965,0,7,pet_packaging,pet,packaging,0.460938,159,270,468,367,108.238
30cm,yolo26s,89,119,2.965,3.965,1,9,plastic_normal,plastic,normal,0.565918,139,134,258,272,108.238
30cm,yolo26s,89,119,2.965,3.965,2,10,plastic_dirty,plastic,dirty,0.281494,212,60,434,182,108.238
30cm,yolo26s,90,120,2.999,3.998,0,7,pet_packaging,pet,packaging,0.438721,159,270,467,365,112.732
30cm,yolo26s,90,120,2.999,3.998,1,9,plastic_normal,plastic,normal,0.523438,138,134,257,272,112.732
30cm,yolo26s,91,121,3.032,4.031,0,7,pet_packaging,pet,packaging,0.416748,159,271,467,366,108.748
30cm,yolo26s,91,121,3.032,4.031,1,9,plastic_normal,plastic,normal,0.525391,138,134,257,272,108.748
30cm,yolo26s,92,122,3.065,4.065,0,7,pet_packaging,pet,packaging,0.405518,158,270,467,365,109.4
30cm,yolo26s,92,122,3.065,4.065,1,9,plastic_normal,plastic,normal,0.620605,139,135,258,273,109.4
30cm,yolo26s,93,123,3.098,4.098,0,7,pet_packaging,pet,packaging,0.410156,158,270,468,365,113.077
30cm,yolo26s,93,123,3.098,4.098,1,9,plastic_normal,plastic,normal,0.647949,139,134,250,272,113.077
30cm,yolo26s,94,124,3.132,4.131,0,7,pet_packaging,pet,packaging,0.378418,157,270,466,364,109.995
30cm,yolo26s,94,124,3.132,4.131,1,9,plastic_normal,plastic,normal,0.651367,139,134,249,272,109.995
30cm,yolo26s,95,125,3.165,4.165,0,7,pet_packaging,pet,packaging,0.366699,158,270,466,368,110.259
30cm,yolo26s,95,125,3.165,4.165,1,9,plastic_normal,plastic,normal,0.65332,138,136,248,273,110.259
30cm,yolo26s,96,126,3.198,4.198,0,7,pet_packaging,pet,packaging,0.412109,158,270,467,365,109.622
30cm,yolo26s,96,126,3.198,4.198,1,9,plastic_normal,plastic,normal,0.668945,133,136,247,272,109.622
30cm,yolo26s,97,127,3.232,4.231,0,7,pet_packaging,pet,packaging,0.36377,158,270,466,365,109.818
30cm,yolo26s,97,127,3.232,4.231,1,9,plastic_normal,plastic,normal,0.679199,131,136,244,272,109.818
30cm,yolo26s,98,128,3.265,4.265,0,7,pet_packaging,pet,packaging,0.338867,158,271,449,365,112.712
30cm,yolo26s,98,128,3.265,4.265,1,9,plastic_normal,plastic,normal,0.615234,132,136,243,272,112.712
30cm,yolo26s,99,129,3.298,4.298,0,7,pet_packaging,pet,packaging,0.427246,159,272,424,367,109.473
30cm,yolo26s,99,129,3.298,4.298,1,9,plastic_normal,plastic,normal,0.600098,134,134,245,272,109.473
30cm,yolo26s,100,130,3.332,4.331,0,7,pet_packaging,pet,packaging,0.389648,156,273,397,367,109.221
30cm,yolo26s,100,130,3.332,4.331,1,9,plastic_normal,plastic,normal,0.592773,137,136,246,273,109.221
30cm,yolo26s,101,131,3.365,4.365,0,7,pet_packaging,pet,packaging,0.345947,152,272,376,369,110.664
30cm,yolo26s,101,131,3.365,4.365,1,9,plastic_normal,plastic,normal,0.562012,137,136,247,273,110.664
30cm,yolo26s,102,132,3.398,4.398,0,7,pet_packaging,pet,packaging,0.342529,156,272,361,367,108.844
30cm,yolo26s,102,132,3.398,4.398,1,9,plastic_normal,plastic,normal,0.42627,138,135,250,273,108.844
30cm,yolo26s,103,133,3.432,4.431,0,7,pet_packaging,pet,packaging,0.38501,159,273,346,367,110.7
30cm,yolo26s,104,134,3.465,4.464,0,7,pet_packaging,pet,packaging,0.350342,159,274,336,368,109.643
30cm,yolo26s,105,135,3.498,4.498,,,,,,,,,,,109.722
30cm,yolo26s,106,136,3.532,4.531,0,7,pet_packaging,pet,packaging,0.350342,160,275,309,369,109.707
30cm,yolo26s,106,136,3.532,4.531,1,9,plastic_normal,plastic,normal,0.32251,162,275,310,369,109.707
30cm,yolo26s,107,137,3.565,4.564,0,7,pet_packaging,pet,packaging,0.474609,160,276,301,354,110.363
30cm,yolo26s,108,138,3.598,4.598,0,7,pet_packaging,pet,packaging,0.274414,160,279,284,352,113.571
30cm,yolo26s,109,139,3.632,4.631,,,,,,,,,,,107.934
30cm,yolo26s,110,140,3.665,4.664,0,7,pet_packaging,pet,packaging,0.346924,160,283,290,354,109.45
30cm,yolo26s,111,141,3.698,4.698,,,,,,,,,,,109.783
30cm,yolo26s,112,142,3.731,4.731,,,,,,,,,,,109.421
30cm,yolo26s,113,143,3.765,4.764,,,,,,,,,,,111.625
30cm,yolo26s,114,144,3.798,4.798,,,,,,,,,,,109.314
30cm,yolo26s,115,145,3.831,4.831,,,,,,,,,,,110.16
30cm,yolo26s,116,146,3.865,4.864,0,7,pet_packaging,pet,packaging,0.262207,160,280,367,401,112.71
30cm,yolo26s,117,147,3.898,4.898,,,,,,,,,,,110.332
30cm,yolo26s,118,148,3.931,4.931,,,,,,,,,,,110.534
30cm,yolo26s,119,149,3.965,4.964,0,7,pet_packaging,pet,packaging,0.435791,164,254,280,354,110.004
30cm,yolo26s,120,150,3.998,4.998,0,7,pet_packaging,pet,packaging,0.294189,168,250,280,354,109.904
30cm,yolo26s,121,151,4.031,5.031,0,0,can_normal,can,normal,0.269775,276,93,393,443,112.705
30cm,yolo26s,121,151,4.031,5.031,1,1,can_dirty,can,dirty,0.309814,276,92,392,440,112.705
30cm,yolo26s,121,151,4.031,5.031,2,7,pet_packaging,pet,packaging,0.256836,175,274,280,347,112.705
30cm,yolo26s,122,152,4.065,5.064,0,0,can_normal,can,normal,0.291748,276,93,392,441,109.806
30cm,yolo26s,122,152,4.065,5.064,1,1,can_dirty,can,dirty,0.295898,276,92,392,439,109.806
30cm,yolo26s,123,153,4.098,5.097,0,0,can_normal,can,normal,0.282227,277,93,392,442,115.508
30cm,yolo26s,123,153,4.098,5.097,1,1,can_dirty,can,dirty,0.271973,276,92,391,440,115.508
30cm,yolo26s,124,154,4.131,5.131,,,,,,,,,,,110.287
30cm,yolo26s,125,155,4.165,5.164,0,7,pet_packaging,pet,packaging,0.373047,203,276,390,441,110.98
30cm,yolo26s,126,156,4.198,5.197,0,7,pet_packaging,pet,packaging,0.408203,204,278,389,441,110.078
30cm,yolo26s,127,157,4.231,5.231,,,,,,,,,,,109.297
30cm,yolo26s,128,158,4.265,5.264,,,,,,,,,,,110.977
30cm,yolo26s,129,159,4.298,5.297,0,1,can_dirty,can,dirty,0.357666,277,95,392,440,110.495
30cm,yolo26s,130,160,4.331,5.331,,,,,,,,,,,109.296
30cm,yolo26s,131,161,4.365,5.364,,,,,,,,,,,113.054
30cm,yolo26s,132,162,4.398,5.397,0,0,can_normal,can,normal,0.301514,276,95,391,440,110.244
30cm,yolo26s,133,163,4.431,5.431,0,0,can_normal,can,normal,0.36377,276,93,393,437,109.597
30cm,yolo26s,133,163,4.431,5.431,1,1,can_dirty,can,dirty,0.399902,276,94,392,440,109.597
30cm,yolo26s,134,164,4.464,5.464,0,0,can_normal,can,normal,0.378418,276,93,394,437,111.871
30cm,yolo26s,134,164,4.464,5.464,1,1,can_dirty,can,dirty,0.357666,276,93,394,440,111.871
30cm,yolo26s,135,165,4.498,5.497,0,0,can_normal,can,normal,0.458008,276,93,395,437,111.519
30cm,yolo26s,135,165,4.498,5.497,1,1,can_dirty,can,dirty,0.401611,275,92,394,441,111.519
30cm,yolo26s,136,166,4.531,5.531,0,0,can_normal,can,normal,0.452393,277,93,397,437,113.848
30cm,yolo26s,136,166,4.531,5.531,1,1,can_dirty,can,dirty,0.379395,276,93,396,440,113.848
30cm,yolo26s,137,167,4.564,5.564,0,0,can_normal,can,normal,0.499023,276,92,396,437,110.554
30cm,yolo26s,137,167,4.564,5.564,1,1,can_dirty,can,dirty,0.422607,276,92,396,440,110.554
30cm,yolo26s,138,168,4.598,5.597,0,0,can_normal,can,normal,0.416748,277,93,397,438,110.41
30cm,yolo26s,138,168,4.598,5.597,1,1,can_dirty,can,dirty,0.449463,276,92,396,440,110.41
30cm,yolo26s,139,169,4.631,5.631,0,0,can_normal,can,normal,0.469727,277,93,397,438,110.343
30cm,yolo26s,139,169,4.631,5.631,1,1,can_dirty,can,dirty,0.44165,276,92,396,440,110.343
30cm,yolo26s,140,170,4.664,5.664,0,0,can_normal,can,normal,0.451416,277,93,397,437,109.701
30cm,yolo26s,140,170,4.664,5.664,1,1,can_dirty,can,dirty,0.484375,276,92,396,440,109.701
30cm,yolo26s,141,171,4.698,5.697,0,0,can_normal,can,normal,0.495117,276,92,397,437,110.585
30cm,yolo26s,141,171,4.698,5.697,1,1,can_dirty,can,dirty,0.5,276,92,397,440,110.585
30cm,yolo26s,142,172,4.731,5.73,0,0,can_normal,can,normal,0.53125,276,93,397,437,110.775
30cm,yolo26s,142,172,4.731,5.73,1,1,can_dirty,can,dirty,0.451416,276,93,397,441,110.775
30cm,yolo26s,143,173,4.764,5.764,0,0,can_normal,can,normal,0.490234,276,93,396,437,109.64
30cm,yolo26s,143,173,4.764,5.764,1,1,can_dirty,can,dirty,0.509766,276,92,396,440,109.64
30cm,yolo26s,144,174,4.798,5.797,0,0,can_normal,can,normal,0.467773,277,92,397,437,112.381
30cm,yolo26s,144,174,4.798,5.797,1,1,can_dirty,can,dirty,0.515625,276,92,397,440,112.381
30cm,yolo26s,145,175,4.831,5.83,0,0,can_normal,can,normal,0.459961,277,92,398,437,108.616
30cm,yolo26s,145,175,4.831,5.83,1,1,can_dirty,can,dirty,0.511719,276,92,396,440,108.616
30cm,yolo26s,146,176,4.864,5.864,0,0,can_normal,can,normal,0.486328,276,93,397,437,113.395
30cm,yolo26s,146,176,4.864,5.864,1,1,can_dirty,can,dirty,0.460938,276,92,397,440,113.395
30cm,yolo26s,147,177,4.898,5.897,0,0,can_normal,can,normal,0.47168,276,93,396,437,110.312
30cm,yolo26s,147,177,4.898,5.897,1,1,can_dirty,can,dirty,0.488281,276,92,396,440,110.312
30cm,yolo26s,148,178,4.931,5.93,0,0,can_normal,can,normal,0.475586,276,93,396,437,110.704
30cm,yolo26s,148,178,4.931,5.93,1,1,can_dirty,can,dirty,0.474609,276,92,396,440,110.704
30cm,yolo26s,149,179,4.964,5.964,0,0,can_normal,can,normal,0.478516,276,92,396,437,109.849
30cm,yolo26s,149,179,4.964,5.964,1,1,can_dirty,can,dirty,0.507812,276,92,396,440,109.849
30cm,yolo26s,150,180,4.998,5.997,0,0,can_normal,can,normal,0.484375,276,93,396,437,110.135
30cm,yolo26s,150,180,4.998,5.997,1,1,can_dirty,can,dirty,0.46875,276,92,396,439,110.135
30cm,yolo26s,151,181,5.031,6.03,0,0,can_normal,can,normal,0.434082,276,93,396,437,109.436
30cm,yolo26s,151,181,5.031,6.03,1,1,can_dirty,can,dirty,0.539062,276,92,396,440,109.436
30cm,yolo26s,152,182,5.064,6.064,0,0,can_normal,can,normal,0.485352,277,93,397,437,109.342
30cm,yolo26s,152,182,5.064,6.064,1,1,can_dirty,can,dirty,0.490234,276,92,396,440,109.342
30cm,yolo26s,153,183,5.097,6.097,0,0,can_normal,can,normal,0.493164,277,93,397,437,109.764
30cm,yolo26s,153,183,5.097,6.097,1,1,can_dirty,can,dirty,0.5,277,92,397,440,109.764
30cm,yolo26s,154,184,5.131,6.13,0,0,can_normal,can,normal,0.541992,277,93,397,437,112.665
30cm,yolo26s,154,184,5.131,6.13,1,1,can_dirty,can,dirty,0.44751,276,92,396,440,112.665
30cm,yolo26s,155,185,5.164,6.164,0,0,can_normal,can,normal,0.561035,277,92,397,436,109.235
30cm,yolo26s,155,185,5.164,6.164,1,1,can_dirty,can,dirty,0.416748,277,93,397,440,109.235
30cm,yolo26s,156,186,5.197,6.197,0,0,can_normal,can,normal,0.570801,277,92,397,437,109.953
30cm,yolo26s,156,186,5.197,6.197,1,1,can_dirty,can,dirty,0.396973,277,93,397,440,109.953
30cm,yolo26s,157,187,5.231,6.23,0,0,can_normal,can,normal,0.582031,277,92,397,436,108.587
30cm,yolo26s,158,188,5.264,6.264,0,0,can_normal,can,normal,0.551758,277,92,397,437,110.274
30cm,yolo26s,158,188,5.264,6.264,1,1,can_dirty,can,dirty,0.407227,277,92,397,440,110.274
30cm,yolo26s,159,189,5.297,6.297,0,0,can_normal,can,normal,0.585938,277,92,397,436,113.036
30cm,yolo26s,160,190,5.331,6.33,0,0,can_normal,can,normal,0.551758,277,92,397,436,110.391
30cm,yolo26s,160,190,5.331,6.33,1,1,can_dirty,can,dirty,0.424316,277,93,397,441,110.391
30cm,yolo26s,161,191,5.364,6.364,0,0,can_normal,can,normal,0.582031,277,92,397,436,112.056
30cm,yolo26s,161,191,5.364,6.364,1,1,can_dirty,can,dirty,0.405518,277,92,397,440,112.056
30cm,yolo26s,162,192,5.397,6.397,0,0,can_normal,can,normal,0.564941,277,92,397,436,113.193
30cm,yolo26s,162,192,5.397,6.397,1,1,can_dirty,can,dirty,0.411133,276,91,397,440,113.193
30cm,yolo26s,163,193,5.431,6.43,0,0,can_normal,can,normal,0.582031,277,92,397,436,110.165
30cm,yolo26s,163,193,5.431,6.43,1,1,can_dirty,can,dirty,0.38501,276,91,396,440,110.165
30cm,yolo26s,164,194,5.464,6.463,0,0,can_normal,can,normal,0.589844,277,92,397,436,110.251
30cm,yolo26s,165,195,5.497,6.497,0,0,can_normal,can,normal,0.59375,277,92,397,436,110.448
30cm,yolo26s,165,195,5.497,6.497,1,1,can_dirty,can,dirty,0.385742,276,91,396,440,110.448
30cm,yolo26s,166,196,5.531,6.53,0,0,can_normal,can,normal,0.60498,277,92,397,436,109.625
30cm,yolo26s,167,197,5.564,6.563,0,0,can_normal,can,normal,0.601074,277,92,397,437,112.507
30cm,yolo26s,168,198,5.597,6.597,0,0,can_normal,can,normal,0.610352,277,92,397,437,109.658
30cm,yolo26s,169,199,5.631,6.63,0,0,can_normal,can,normal,0.582031,277,92,396,437,109.385
30cm,yolo26s,169,199,5.631,6.63,1,1,can_dirty,can,dirty,0.403564,277,92,397,440,109.385
30cm,yolo26s,170,200,5.664,6.663,0,0,can_normal,can,normal,0.608398,277,93,396,438,114.461
30cm,yolo26s,171,201,5.697,6.697,0,0,can_normal,can,normal,0.597168,277,92,397,437,110.8
30cm,yolo26s,172,202,5.73,6.73,0,0,can_normal,can,normal,0.603027,277,92,396,438,110.811
30cm,yolo26s,173,203,5.764,6.763,0,0,can_normal,can,normal,0.591797,276,93,396,437,109.925
30cm,yolo26s,174,204,5.797,6.797,0,0,can_normal,can,normal,0.578613,276,93,396,437,111.064
30cm,yolo26s,175,205,5.83,6.83,0,0,can_normal,can,normal,0.589844,277,92,397,436,113.864
30cm,yolo26s,175,205,5.83,6.83,1,1,can_dirty,can,dirty,0.404541,276,92,396,440,113.864
30cm,yolo26s,176,206,5.864,6.863,0,0,can_normal,can,normal,0.555664,277,93,397,437,111.318
30cm,yolo26s,176,206,5.864,6.863,1,1,can_dirty,can,dirty,0.430176,276,92,396,440,111.318
30cm,yolo26s,177,207,5.897,6.897,0,0,can_normal,can,normal,0.49707,277,93,396,437,111.216
30cm,yolo26s,177,207,5.897,6.897,1,1,can_dirty,can,dirty,0.443604,276,92,396,440,111.216
30cm,yolo26s,178,208,5.93,6.93,0,0,can_normal,can,normal,0.530273,277,92,397,436,109.342
30cm,yolo26s,178,208,5.93,6.93,1,1,can_dirty,can,dirty,0.437744,276,92,396,440,109.342
30cm,yolo26s,179,209,5.964,6.963,0,0,can_normal,can,normal,0.493164,276,92,395,437,110.361
30cm,yolo26s,179,209,5.964,6.963,1,1,can_dirty,can,dirty,0.395996,276,92,396,440,110.361
30cm,yolo26s,180,210,5.997,6.997,0,0,can_normal,can,normal,0.401611,276,93,395,437,110.846
30cm,yolo26s,180,210,5.997,6.997,1,1,can_dirty,can,dirty,0.460938,276,92,395,440,110.846
30cm,yolo26s,181,211,6.03,7.03,0,0,can_normal,can,normal,0.376709,273,93,395,440,109.707
30cm,yolo26s,182,212,6.064,7.063,0,0,can_normal,can,normal,0.451416,268,93,395,439,110.761
30cm,yolo26s,182,212,6.064,7.063,1,1,can_dirty,can,dirty,0.38501,260,92,396,440,110.761
30cm,yolo26s,183,213,6.097,7.096,0,0,can_normal,can,normal,0.525391,272,92,396,438,110.546
30cm,yolo26s,184,214,6.13,7.13,0,0,can_normal,can,normal,0.44751,276,93,396,437,109.538
30cm,yolo26s,184,214,6.13,7.13,1,1,can_dirty,can,dirty,0.496094,276,92,396,440,109.538
30cm,yolo26s,185,215,6.164,7.163,0,0,can_normal,can,normal,0.467773,275,92,396,437,113.282
30cm,yolo26s,185,215,6.164,7.163,1,1,can_dirty,can,dirty,0.5,275,92,396,440,113.282
30cm,yolo26s,186,216,6.197,7.196,0,0,can_normal,can,normal,0.483398,276,92,395,437,109.819
30cm,yolo26s,186,216,6.197,7.196,1,1,can_dirty,can,dirty,0.490234,276,92,394,440,109.819
30cm,yolo26s,187,217,6.23,7.23,0,0,can_normal,can,normal,0.541016,276,93,396,437,112.234
30cm,yolo26s,187,217,6.23,7.23,1,1,can_dirty,can,dirty,0.401611,276,92,396,440,112.234
30cm,yolo26s,188,218,6.264,7.263,0,0,can_normal,can,normal,0.553711,276,93,397,437,111.255
30cm,yolo26s,188,218,6.264,7.263,1,1,can_dirty,can,dirty,0.401611,276,93,397,440,111.255
30cm,yolo26s,189,219,6.297,7.296,0,0,can_normal,can,normal,0.603027,277,93,396,438,111.236
30cm,yolo26s,190,220,6.33,7.33,0,0,can_normal,can,normal,0.585938,276,92,395,437,114.141
30cm,yolo26s,191,221,6.364,7.363,0,0,can_normal,can,normal,0.621582,276,92,396,437,110.042
30cm,yolo26s,192,222,6.397,7.396,0,0,can_normal,can,normal,0.601074,276,93,396,437,111.413
30cm,yolo26s,193,223,6.43,7.43,0,0,can_normal,can,normal,0.617676,277,93,396,438,114.827
30cm,yolo26s,194,224,6.463,7.463,0,0,can_normal,can,normal,0.603027,277,92,397,437,109.868
30cm,yolo26s,195,225,6.497,7.496,0,0,can_normal,can,normal,0.589844,277,92,396,437,110.207
30cm,yolo26s,196,226,6.53,7.53,0,0,can_normal,can,normal,0.587891,277,92,396,437,110.099
30cm,yolo26s,197,227,6.563,7.563,0,0,can_normal,can,normal,0.572754,276,92,395,437,109.694
30cm,yolo26s,198,228,6.597,7.596,0,0,can_normal,can,normal,0.585938,277,92,396,437,113.534
30cm,yolo26s,199,229,6.63,7.63,0,0,can_normal,can,normal,0.603027,277,92,396,437,110.269
30cm,yolo26s,200,230,6.663,7.663,0,0,can_normal,can,normal,0.59375,277,92,396,437,117.304
30cm,yolo26s,201,231,6.697,7.696,0,0,can_normal,can,normal,0.589844,277,92,396,437,109.066
30cm,yolo26s,202,232,6.73,7.73,0,0,can_normal,can,normal,0.591797,277,92,397,437,110.424
30cm,yolo26s,203,233,6.763,7.763,0,0,can_normal,can,normal,0.606934,277,93,396,437,110.174
30cm,yolo26s,204,234,6.797,7.796,0,0,can_normal,can,normal,0.585938,277,92,397,436,109.828
30cm,yolo26s,205,235,6.83,7.829,0,0,can_normal,can,normal,0.597168,277,93,396,438,109.186
30cm,yolo26s,206,236,6.863,7.863,0,0,can_normal,can,normal,0.628906,277,92,396,437,115.011
30cm,yolo26s,207,237,6.897,7.896,0,0,can_normal,can,normal,0.637695,277,92,396,437,110.973
30cm,yolo26s,208,238,6.93,7.929,0,0,can_normal,can,normal,0.625,277,92,396,437,113.952
30cm,yolo26s,209,239,6.963,7.963,0,0,can_normal,can,normal,0.616211,277,92,396,436,110.591
30cm,yolo26s,210,240,6.997,7.996,0,0,can_normal,can,normal,0.574707,277,92,396,437,110.786
30cm,yolo26s,211,241,7.03,8.029,0,0,can_normal,can,normal,0.59375,277,92,397,436,111.036
30cm,yolo26s,212,242,7.063,8.063,0,0,can_normal,can,normal,0.60498,277,92,396,436,110.693
30cm,yolo26s,213,243,7.096,8.096,0,0,can_normal,can,normal,0.580566,277,93,396,437,111.65
30cm,yolo26s,214,244,7.13,8.129,0,0,can_normal,can,normal,0.537109,277,93,397,437,109.753
30cm,yolo26s,215,245,7.163,8.163,0,0,can_normal,can,normal,0.580566,276,92,396,436,111.003
30cm,yolo26s,216,246,7.196,8.196,0,0,can_normal,can,normal,0.601074,277,92,397,436,114.802
30cm,yolo26s,217,247,7.23,8.229,0,0,can_normal,can,normal,0.574707,277,92,398,436,111.051
30cm,yolo26s,218,248,7.263,8.263,0,0,can_normal,can,normal,0.47168,277,93,397,438,111.591
30cm,yolo26s,218,248,7.263,8.263,1,1,can_dirty,can,dirty,0.434082,277,92,396,440,111.591
30cm,yolo26s,219,249,7.296,8.296,0,0,can_normal,can,normal,0.474609,276,93,394,439,112.458
30cm,yolo26s,219,249,7.296,8.296,1,1,can_dirty,can,dirty,0.44165,276,91,394,440,112.458
30cm,yolo26s,220,250,7.33,8.329,0,0,can_normal,can,normal,0.520508,276,93,392,437,111.209
30cm,yolo26s,220,250,7.33,8.329,1,1,can_dirty,can,dirty,0.396973,276,91,392,440,111.209
30cm,yolo26s,221,251,7.363,8.363,0,0,can_normal,can,normal,0.458008,276,93,392,437,112.822
30cm,yolo26s,221,251,7.363,8.363,1,1,can_dirty,can,dirty,0.445557,276,90,391,440,112.822
30cm,yolo26s,222,252,7.396,8.396,0,0,can_normal,can,normal,0.436768,277,91,393,437,110.484
30cm,yolo26s,222,252,7.396,8.396,1,1,can_dirty,can,dirty,0.44165,276,90,391,440,110.484
30cm,yolo26s,223,253,7.43,8.429,0,0,can_normal,can,normal,0.33374,277,92,393,437,110.846
30cm,yolo26s,223,253,7.43,8.429,1,1,can_dirty,can,dirty,0.541016,277,92,393,440,110.846
30cm,yolo26s,224,254,7.463,8.462,0,0,can_normal,can,normal,0.354004,276,93,394,436,115.365
30cm,yolo26s,224,254,7.463,8.462,1,1,can_dirty,can,dirty,0.57373,277,93,395,440,115.365
30cm,yolo26s,225,255,7.496,8.496,0,0,can_normal,can,normal,0.36377,275,80,395,436,111.139
30cm,yolo26s,225,255,7.496,8.496,1,1,can_dirty,can,dirty,0.542969,275,81,395,439,111.139
30cm,yolo26s,226,256,7.53,8.529,0,0,can_normal,can,normal,0.31665,267,76,394,437,111.085
30cm,yolo26s,226,256,7.53,8.529,1,1,can_dirty,can,dirty,0.472656,268,76,394,440,111.085
30cm,yolo26s,227,257,7.563,8.562,0,0,can_normal,can,normal,0.309814,264,75,395,436,111.035
30cm,yolo26s,227,257,7.563,8.562,1,1,can_dirty,can,dirty,0.496094,266,76,395,440,111.035
30cm,yolo26s,228,258,7.596,8.596,0,0,can_normal,can,normal,0.329346,263,74,395,437,109.628
30cm,yolo26s,228,258,7.596,8.596,1,1,can_dirty,can,dirty,0.464844,266,76,396,440,109.628
30cm,yolo26s,229,259,7.63,8.629,0,0,can_normal,can,normal,0.325928,263,75,395,436,111.629
30cm,yolo26s,229,259,7.63,8.629,1,1,can_dirty,can,dirty,0.515625,264,76,395,439,111.629
30cm,yolo26s,230,260,7.663,8.662,0,0,can_normal,can,normal,0.297363,265,78,395,436,109.302
30cm,yolo26s,230,260,7.663,8.662,1,1,can_dirty,can,dirty,0.511719,266,80,395,440,109.302
30cm,yolo26s,231,261,7.696,8.696,0,0,can_normal,can,normal,0.308105,267,79,395,436,111.501
30cm,yolo26s,231,261,7.696,8.696,1,1,can_dirty,can,dirty,0.488281,269,81,395,440,111.501
30cm,yolo26s,232,262,7.73,8.729,0,0,can_normal,can,normal,0.34082,266,79,394,437,112.207
30cm,yolo26s,232,262,7.73,8.729,1,1,can_dirty,can,dirty,0.439697,268,81,394,440,112.207
30cm,yolo26s,233,263,7.763,8.762,0,0,can_normal,can,normal,0.276611,266,79,394,439,110.393
30cm,yolo26s,233,263,7.763,8.762,1,1,can_dirty,can,dirty,0.46875,269,79,394,440,110.393
30cm,yolo26s,234,264,7.796,8.796,0,0,can_normal,can,normal,0.338135,269,85,393,441,109.955
30cm,yolo26s,234,264,7.796,8.796,1,1,can_dirty,can,dirty,0.370117,267,77,393,440,109.955
30cm,yolo26s,235,265,7.829,8.829,0,0,can_normal,can,normal,0.374756,268,83,394,441,110.2
30cm,yolo26s,236,266,7.863,8.862,0,0,can_normal,can,normal,0.448486,266,79,397,441,111.22
30cm,yolo26s,236,266,7.863,8.862,1,10,plastic_dirty,plastic,dirty,0.254639,260,72,396,437,111.22
30cm,yolo26s,237,267,7.896,8.896,0,0,can_normal,can,normal,0.452393,266,77,397,440,109.856
30cm,yolo26s,237,267,7.896,8.896,1,10,plastic_dirty,plastic,dirty,0.276611,259,71,397,437,109.856
30cm,yolo26s,238,268,7.929,8.929,0,0,can_normal,can,normal,0.418701,264,71,396,440,111.281
30cm,yolo26s,239,269,7.963,8.962,0,0,can_normal,can,normal,0.404541,264,73,396,440,114.119
30cm,yolo26s,240,270,7.996,8.996,0,0,can_normal,can,normal,0.389648,262,76,396,440,109.786
30cm,yolo26s,241,271,8.029,9.029,0,0,can_normal,can,normal,0.414062,266,84,397,440,109.416
30cm,yolo26s,242,272,8.063,9.062,0,0,can_normal,can,normal,0.453369,268,77,397,439,110.649
30cm,yolo26s,243,273,8.096,9.095,0,0,can_normal,can,normal,0.35498,269,85,396,440,109.586
30cm,yolo26s,244,274,8.129,9.129,0,0,can_normal,can,normal,0.418701,266,79,396,440,112.852
30cm,yolo26s,245,275,8.163,9.162,0,0,can_normal,can,normal,0.413086,262,93,397,437,111.653
30cm,yolo26s,246,276,8.196,9.195,,,,,,,,,,,110.026
30cm,yolo26s,247,277,8.229,9.229,,,,,,,,,,,113.975
30cm,yolo26s,248,278,8.263,9.262,,,,,,,,,,,110.605
30cm,yolo26s,249,279,8.296,9.295,,,,,,,,,,,110.585
30cm,yolo26s,250,280,8.329,9.329,,,,,,,,,,,111.034
30cm,yolo26s,251,281,8.363,9.362,0,10,plastic_dirty,plastic,dirty,0.420654,272,71,533,191,111.597
30cm,yolo26s,252,282,8.396,9.395,,,,,,,,,,,113.363
30cm,yolo26s,253,283,8.429,9.429,0,5,pet_normal,pet,normal,0.291748,267,131,348,340,109.893
30cm,yolo26s,253,283,8.429,9.429,1,7,pet_packaging,pet,packaging,0.361084,266,132,347,338,109.893
30cm,yolo26s,253,283,8.429,9.429,2,8,pet_dirty_packaging,pet,dirty_packaging,0.336426,266,132,347,339,109.893
30cm,yolo26s,254,284,8.462,9.462,0,5,pet_normal,pet,normal,0.274414,266,130,363,340,109.986
30cm,yolo26s,254,284,8.462,9.462,1,7,pet_packaging,pet,packaging,0.282227,266,132,363,339,109.986
30cm,yolo26s,255,285,8.496,9.495,,,,,,,,,,,110.262
30cm,yolo26s,256,286,8.529,9.529,,,,,,,,,,,111.092
30cm,yolo26s,257,287,8.562,9.562,0,7,pet_packaging,pet,packaging,0.256836,250,137,374,352,110.644
30cm,yolo26s,258,288,8.596,9.595,0,7,pet_packaging,pet,packaging,0.308105,241,142,381,342,111.245
30cm,yolo26s,259,289,8.629,9.629,0,5,pet_normal,pet,normal,0.31665,227,153,390,357,109.619
30cm,yolo26s,260,290,8.662,9.662,,,,,,,,,,,109.592
30cm,yolo26s,261,291,8.696,9.695,,,,,,,,,,,110.022
30cm,yolo26s,262,292,8.729,9.729,,,,,,,,,,,113.542
30cm,yolo26s,263,293,8.762,9.762,0,5,pet_normal,pet,normal,0.520508,170,257,409,373,110.664
30cm,yolo26s,264,294,8.796,9.795,0,7,pet_packaging,pet,packaging,0.445557,181,217,415,322,112.173
30cm,yolo26s,265,295,8.829,9.828,0,7,pet_packaging,pet,packaging,0.499023,170,162,419,320,109.036
30cm,yolo26s,266,296,8.862,9.862,0,7,pet_packaging,pet,packaging,0.272705,171,139,423,321,109.923
30cm,yolo26s,267,297,8.896,9.895,,,,,,,,,,,113.481
30cm,yolo26s,268,298,8.929,9.928,0,7,pet_packaging,pet,packaging,0.332031,176,139,435,338,110.421
30cm,yolo26s,269,299,8.962,9.962,0,5,pet_normal,pet,normal,0.49707,171,160,444,348,109.879
30cm,yolo26s,270,300,8.996,9.995,0,5,pet_normal,pet,normal,0.587891,165,223,448,386,111.399
30cm,yolo26s,271,301,9.029,10.028,0,5,pet_normal,pet,normal,0.282227,210,263,455,328,110.605
30cm,yolo26s,272,302,9.062,10.062,0,5,pet_normal,pet,normal,0.420654,153,256,460,335,110.818
30cm,yolo26s,273,303,9.095,10.095,0,5,pet_normal,pet,normal,0.452393,145,240,462,329,110.948
30cm,yolo26s,274,304,9.129,10.128,0,5,pet_normal,pet,normal,0.504883,140,238,469,379,109.951
30cm,yolo26s,275,305,9.162,10.162,0,5,pet_normal,pet,normal,0.74707,134,215,477,378,112.99
30cm,yolo26s,276,306,9.195,10.195,0,5,pet_normal,pet,normal,0.545898,132,215,485,385,109.338
30cm,yolo26s,277,307,9.229,10.228,0,5,pet_normal,pet,normal,0.301514,124,229,492,394,114.411
30cm,yolo26s,278,308,9.262,10.262,0,5,pet_normal,pet,normal,0.31665,120,230,506,440,110.18
30cm,yolo26s,279,309,9.295,10.295,,,,,,,,,,,110.345
30cm,yolo26s,280,310,9.329,10.328,,,,,,,,,,,110.999
30cm,yolo26s,281,311,9.362,10.362,,,,,,,,,,,109.812
30cm,yolo26s,282,312,9.395,10.395,,,,,,,,,,,112.908
30cm,yolo26s,283,313,9.429,10.428,0,10,plastic_dirty,plastic,dirty,0.275146,570,49,639,271,112.353
30cm,yolo26s,284,314,9.462,10.461,0,5,pet_normal,pet,normal,0.282227,46,220,564,479,111.517
30cm,yolo26s,285,315,9.495,10.495,,,,,,,,,,,114.25
30cm,yolo26s,286,316,9.529,10.528,0,5,pet_normal,pet,normal,0.384033,69,231,598,479,109.507
30cm,yolo26s,287,317,9.562,10.561,,,,,,,,,,,111.051
30cm,yolo26s,288,318,9.595,10.595,0,5,pet_normal,pet,normal,0.265137,85,213,629,479,110.523
30cm,yolo26s,289,319,9.629,10.628,,,,,,,,,,,110.905
30cm,yolo26s,290,320,9.662,10.661,0,5,pet_normal,pet,normal,0.442627,93,245,634,479,113.424
30cm,yolo26s,291,321,9.695,10.695,0,5,pet_normal,pet,normal,0.517578,105,248,632,479,110.1
30cm,yolo26s,292,322,9.729,10.728,0,5,pet_normal,pet,normal,0.580566,134,252,639,479,113.605
30cm,yolo26s,293,323,9.762,10.761,0,5,pet_normal,pet,normal,0.470703,136,260,639,479,116.952
30cm,yolo26s,294,324,9.795,10.795,,,,,,,,,,,120.737
30cm,yolo26s,295,325,9.828,10.828,,,,,,,,,,,109.526
30cm,yolo26s,296,326,9.862,10.861,,,,,,,,,,,109.482
30cm,yolo26s,297,327,9.895,10.895,,,,,,,,,,,113.116
30cm,yolo26s,298,328,9.928,10.928,,,,,,,,,,,108.865
30cm,yolo26s,299,329,9.962,10.961,,,,,,,,,,,110.487
30cm,yolo26s,300,330,9.995,10.995,,,,,,,,,,,114.291
30cm,yolo26s,301,331,10.028,11.028,,,,,,,,,,,108.777
30cm,yolo26s,302,332,10.062,11.061,,,,,,,,,,,112.577
30cm,yolo26s,303,333,10.095,11.095,,,,,,,,,,,110.829
30cm,yolo26s,304,334,10.128,11.128,,,,,,,,,,,110.442
30cm,yolo26s,305,335,10.162,11.161,,,,,,,,,,,113.927
30cm,yolo26s,306,336,10.195,11.194,,,,,,,,,,,110.073
30cm,yolo26s,307,337,10.228,11.228,,,,,,,,,,,110.495
30cm,yolo26s,308,338,10.262,11.261,,,,,,,,,,,111.148
30cm,yolo26s,309,339,10.295,11.294,0,9,plastic_normal,plastic,normal,0.296631,282,57,525,223,110.893
30cm,yolo26s,310,340,10.328,11.328,,,,,,,,,,,110.688
30cm,yolo26s,311,341,10.362,11.361,,,,,,,,,,,110.103
30cm,yolo26s,312,342,10.395,11.394,,,,,,,,,,,110.192
30cm,yolo26s,313,343,10.428,11.428,0,9,plastic_normal,plastic,normal,0.484375,256,41,364,97,108.486
30cm,yolo26s,314,344,10.461,11.461,0,7,pet_packaging,pet,packaging,0.35498,241,81,350,359,109.779
30cm,yolo26s,314,344,10.461,11.461,1,8,pet_dirty_packaging,pet,dirty_packaging,0.405518,241,80,350,359,109.779
30cm,yolo26s,314,344,10.461,11.461,2,9,plastic_normal,plastic,normal,0.611328,256,44,353,109,109.779
30cm,yolo26s,315,345,10.495,11.494,0,7,pet_packaging,pet,packaging,0.373779,242,74,346,356,112.673
30cm,yolo26s,315,345,10.495,11.494,1,8,pet_dirty_packaging,pet,dirty_packaging,0.379395,243,76,347,357,112.673
30cm,yolo26s,315,345,10.495,11.494,2,9,plastic_normal,plastic,normal,0.287842,254,46,346,120,112.673
30cm,yolo26s,315,345,10.495,11.494,3,9,plastic_normal,plastic,normal,0.262939,317,94,450,204,112.673
30cm,yolo26s,315,345,10.495,11.494,4,10,plastic_dirty,plastic,dirty,0.282959,318,94,451,204,112.673
30cm,yolo26s,316,346,10.528,11.528,0,7,pet_packaging,pet,packaging,0.417725,244,49,347,353,111.228
30cm,yolo26s,316,346,10.528,11.528,1,8,pet_dirty_packaging,pet,dirty_packaging,0.432129,245,52,348,357,111.228
30cm,yolo26s,317,347,10.561,11.561,0,7,pet_packaging,pet,packaging,0.289307,246,49,342,353,110.877
30cm,yolo26s,318,348,10.595,11.594,0,7,pet_packaging,pet,packaging,0.365723,241,44,337,356,111.022
30cm,yolo26s,319,349,10.628,11.628,0,7,pet_packaging,pet,packaging,0.362061,232,41,335,356,110.971
30cm,yolo26s,319,349,10.628,11.628,1,8,pet_dirty_packaging,pet,dirty_packaging,0.269043,232,44,335,357,110.971
30cm,yolo26s,320,350,10.661,11.661,0,7,pet_packaging,pet,packaging,0.374756,222,35,332,356,114.426
30cm,yolo26s,320,350,10.661,11.661,1,8,pet_dirty_packaging,pet,dirty_packaging,0.326904,222,39,333,358,114.426
30cm,yolo26s,321,351,10.695,11.694,0,7,pet_packaging,pet,packaging,0.320068,214,31,334,357,112.327
30cm,yolo26s,321,351,10.695,11.694,1,10,plastic_dirty,plastic,dirty,0.259033,317,173,446,275,112.327
30cm,yolo26s,322,352,10.728,11.728,0,7,pet_packaging,pet,packaging,0.455078,199,25,335,357,110.322
30cm,yolo26s,323,353,10.761,11.761,,,,,,,,,,,113.003
30cm,yolo26s,324,354,10.795,11.794,,,,,,,,,,,109.372
30cm,yolo26s,325,355,10.828,11.827,,,,,,,,,,,110.046
30cm,yolo26s,326,356,10.861,11.861,,,,,,,,,,,109.667
30cm,yolo26s,327,357,10.895,11.894,,,,,,,,,,,110.511
30cm,yolo26s,328,358,10.928,11.927,,,,,,,,,,,114.145
30cm,yolo26s,329,359,10.961,11.961,,,,,,,,,,,110.783
30cm,yolo26s,330,360,10.995,11.994,,,,,,,,,,,114.284
30cm,yolo26s,331,361,11.028,12.027,,,,,,,,,,,110.085
30cm,yolo26s,332,362,11.061,12.061,,,,,,,,,,,111.647
30cm,yolo26s,333,363,11.095,12.094,,,,,,,,,,,111.554
30cm,yolo26s,334,364,11.128,12.127,,,,,,,,,,,112.545
30cm,yolo26s,335,365,11.161,12.161,,,,,,,,,,,111.139
30cm,yolo26s,336,366,11.194,12.194,,,,,,,,,,,109.242
30cm,yolo26s,337,367,11.228,12.227,,,,,,,,,,,110.377
30cm,yolo26s,338,368,11.261,12.261,,,,,,,,,,,113.605
30cm,yolo26s,339,369,11.294,12.294,,,,,,,,,,,109.78
30cm,yolo26s,340,370,11.328,12.327,,,,,,,,,,,111.4
30cm,yolo26s,341,371,11.361,12.361,,,,,,,,,,,110.33
30cm,yolo26s,342,372,11.394,12.394,,,,,,,,,,,110.277
30cm,yolo26s,343,373,11.428,12.427,,,,,,,,,,,113.852
30cm,yolo26s,344,374,11.461,12.461,,,,,,,,,,,111.071
30cm,yolo26s,345,375,11.494,12.494,,,,,,,,,,,111.32
30cm,yolo26s,346,376,11.528,12.527,,,,,,,,,,,114.862
30cm,yolo26s,347,377,11.561,12.56,,,,,,,,,,,110.614
30cm,yolo26s,348,378,11.594,12.594,,,,,,,,,,,111.136
30cm,yolo26s,349,379,11.628,12.627,,,,,,,,,,,109.542
30cm,yolo26s,350,380,11.661,12.66,,,,,,,,,,,110.104
30cm,yolo26s,351,381,11.694,12.694,0,2,glass_normal,glass,normal,0.37207,495,238,639,436,114.294
30cm,yolo26s,352,382,11.728,12.727,0,2,glass_normal,glass,normal,0.284668,474,246,639,442,110.776
30cm,yolo26s,353,383,11.761,12.76,,,,,,,,,,,112.509
30cm,yolo26s,354,384,11.794,12.794,,,,,,,,,,,110.944
30cm,yolo26s,355,385,11.827,12.827,,,,,,,,,,,111.71
30cm,yolo26s,356,386,11.861,12.86,,,,,,,,,,,112.055
30cm,yolo26s,357,387,11.894,12.894,0,9,plastic_normal,plastic,normal,0.449463,232,104,381,226,111.464
30cm,yolo26s,358,388,11.927,12.927,0,2,glass_normal,glass,normal,0.271973,471,262,639,443,111.167
30cm,yolo26s,358,388,11.927,12.927,1,9,plastic_normal,plastic,normal,0.336426,232,103,381,230,111.167
30cm,yolo26s,359,389,11.961,12.96,0,9,plastic_normal,plastic,normal,0.42627,234,104,382,227,110.828
30cm,yolo26s,360,390,11.994,12.994,0,9,plastic_normal,plastic,normal,0.466797,233,104,381,227,110.725
30cm,yolo26s,361,391,12.027,13.027,0,9,plastic_normal,plastic,normal,0.361084,232,104,380,224,114.536
30cm,yolo26s,362,392,12.061,13.06,0,4,glass_packaging,glass,packaging,0.299072,232,106,381,394,111.397
30cm,yolo26s,362,392,12.061,13.06,1,9,plastic_normal,plastic,normal,0.453369,234,103,380,225,111.397
30cm,yolo26s,362,392,12.061,13.06,2,10,plastic_dirty,plastic,dirty,0.291016,231,101,380,393,111.397
30cm,yolo26s,363,393,12.094,13.094,0,4,glass_packaging,glass,packaging,0.723145,232,104,384,394,111.029
30cm,yolo26s,364,394,12.127,13.127,0,4,glass_packaging,glass,packaging,0.507812,232,103,383,394,111.022
30cm,yolo26s,364,394,12.127,13.127,1,10,plastic_dirty,plastic,dirty,0.38501,231,102,381,393,111.022
30cm,yolo26s,365,395,12.161,13.16,0,4,glass_packaging,glass,packaging,0.496094,232,104,383,394,111.241
30cm,yolo26s,365,395,12.161,13.16,1,10,plastic_dirty,plastic,dirty,0.377441,231,104,381,393,111.241
30cm,yolo26s,366,396,12.194,13.193,0,4,glass_packaging,glass,packaging,0.29248,232,104,383,394,113.67
30cm,yolo26s,366,396,12.194,13.193,1,10,plastic_dirty,plastic,dirty,0.457031,230,102,381,393,113.67
30cm,yolo26s,367,397,12.227,13.227,0,4,glass_packaging,glass,packaging,0.702637,232,103,382,393,110.129
30cm,yolo26s,367,397,12.227,13.227,1,10,plastic_dirty,plastic,dirty,0.381104,232,102,382,393,110.129
30cm,yolo26s,368,398,12.261,13.26,0,4,glass_packaging,glass,packaging,0.663574,231,103,381,394,111.126
30cm,yolo26s,368,398,12.261,13.26,1,10,plastic_dirty,plastic,dirty,0.391357,231,101,382,392,111.126
30cm,yolo26s,369,399,12.294,13.293,0,4,glass_packaging,glass,packaging,0.642578,232,104,382,394,111.365
30cm,yolo26s,369,399,12.294,13.293,1,10,plastic_dirty,plastic,dirty,0.360352,231,102,381,393,111.365
30cm,yolo26s,370,400,12.327,13.327,0,4,glass_packaging,glass,packaging,0.689453,232,104,382,394,110.792
30cm,yolo26s,370,400,12.327,13.327,1,10,plastic_dirty,plastic,dirty,0.386719,232,103,382,393,110.792
30cm,yolo26s,371,401,12.361,13.36,0,4,glass_packaging,glass,packaging,0.65332,232,104,382,394,110.609
30cm,yolo26s,371,401,12.361,13.36,1,10,plastic_dirty,plastic,dirty,0.395996,231,103,381,393,110.609
30cm,yolo26s,372,402,12.394,13.393,0,4,glass_packaging,glass,packaging,0.569824,232,104,382,394,112.363
30cm,yolo26s,372,402,12.394,13.393,1,10,plastic_dirty,plastic,dirty,0.386719,231,103,381,393,112.363
30cm,yolo26s,373,403,12.427,13.427,0,4,glass_packaging,glass,packaging,0.584961,232,104,382,394,109.418
30cm,yolo26s,373,403,12.427,13.427,1,10,plastic_dirty,plastic,dirty,0.385742,231,103,382,393,109.418
30cm,yolo26s,374,404,12.461,13.46,0,4,glass_packaging,glass,packaging,0.618652,232,104,382,394,109.473
30cm,yolo26s,374,404,12.461,13.46,1,10,plastic_dirty,plastic,dirty,0.414795,231,102,381,393,109.473
30cm,yolo26s,375,405,12.494,13.493,0,4,glass_packaging,glass,packaging,0.624512,232,104,383,394,110.965
30cm,yolo26s,375,405,12.494,13.493,1,10,plastic_dirty,plastic,dirty,0.383057,231,103,382,393,110.965
30cm,yolo26s,376,406,12.527,13.527,0,4,glass_packaging,glass,packaging,0.567871,232,104,383,394,114.312
30cm,yolo26s,376,406,12.527,13.527,1,10,plastic_dirty,plastic,dirty,0.390381,231,102,381,393,114.312
30cm,yolo26s,377,407,12.56,13.56,0,4,glass_packaging,glass,packaging,0.414795,232,103,382,394,111.69
30cm,yolo26s,377,407,12.56,13.56,1,10,plastic_dirty,plastic,dirty,0.424316,231,103,381,393,111.69
30cm,yolo26s,378,408,12.594,13.593,0,4,glass_packaging,glass,packaging,0.558105,232,104,382,394,112.11
30cm,yolo26s,378,408,12.594,13.593,1,10,plastic_dirty,plastic,dirty,0.403564,231,103,381,392,112.11
30cm,yolo26s,379,409,12.627,13.627,0,4,glass_packaging,glass,packaging,0.544922,231,104,382,394,110.514
30cm,yolo26s,379,409,12.627,13.627,1,4,glass_packaging,glass,packaging,0.286133,568,113,639,259,110.514
30cm,yolo26s,379,409,12.627,13.627,2,10,plastic_dirty,plastic,dirty,0.424316,231,102,381,392,110.514
30cm,yolo26s,380,410,12.66,13.66,0,4,glass_packaging,glass,packaging,0.604004,232,103,383,393,110.514
30cm,yolo26s,380,410,12.66,13.66,1,10,plastic_dirty,plastic,dirty,0.388672,231,101,381,393,110.514
30cm,yolo26s,381,411,12.694,13.693,0,4,glass_packaging,glass,packaging,0.464844,232,103,383,394,112.992
30cm,yolo26s,381,411,12.694,13.693,1,10,plastic_dirty,plastic,dirty,0.430176,231,102,381,393,112.992
30cm,yolo26s,382,412,12.727,13.727,0,4,glass_packaging,glass,packaging,0.291016,232,103,382,394,110.045
30cm,yolo26s,382,412,12.727,13.727,1,10,plastic_dirty,plastic,dirty,0.443604,231,102,381,393,110.045
30cm,yolo26s,383,413,12.76,13.76,0,4,glass_packaging,glass,packaging,0.682617,232,103,382,394,111.566
30cm,yolo26s,383,413,12.76,13.76,1,10,plastic_dirty,plastic,dirty,0.267334,231,103,381,393,111.566
30cm,yolo26s,384,414,12.794,13.793,0,4,glass_packaging,glass,packaging,0.642578,233,103,383,393,114.77
30cm,yolo26s,384,414,12.794,13.793,1,10,plastic_dirty,plastic,dirty,0.259766,231,103,381,393,114.77
30cm,yolo26s,385,415,12.827,13.826,0,4,glass_packaging,glass,packaging,0.637207,232,104,382,394,112.16
30cm,yolo26s,385,415,12.827,13.826,1,10,plastic_dirty,plastic,dirty,0.284668,231,103,381,393,112.16
30cm,yolo26s,386,416,12.86,13.86,0,4,glass_packaging,glass,packaging,0.682617,232,103,382,394,110.736
30cm,yolo26s,387,417,12.894,13.893,0,4,glass_packaging,glass,packaging,0.609375,232,103,381,394,111.59
30cm,yolo26s,387,417,12.894,13.893,1,10,plastic_dirty,plastic,dirty,0.317383,232,103,381,393,111.59
30cm,yolo26s,388,418,12.927,13.926,0,9,plastic_normal,plastic,normal,0.505859,217,103,382,393,111.574
30cm,yolo26s,389,419,12.96,13.96,0,9,plastic_normal,plastic,normal,0.456055,215,100,372,393,113.583
30cm,yolo26s,390,420,12.994,13.993,,,,,,,,,,,111.334
30cm,yolo26s,391,421,13.027,14.026,0,10,plastic_dirty,plastic,dirty,0.279785,210,94,368,390,110.864
30cm,yolo26s,392,422,13.06,14.06,0,10,plastic_dirty,plastic,dirty,0.472656,208,68,367,390,109.768
30cm,yolo26s,392,422,13.06,14.06,1,10,plastic_dirty,plastic,dirty,0.313232,316,75,492,195,109.768
30cm,yolo26s,393,423,13.094,14.093,0,10,plastic_dirty,plastic,dirty,0.411133,210,107,364,388,112.119
30cm,yolo26s,394,424,13.127,14.126,0,10,plastic_dirty,plastic,dirty,0.334473,297,57,482,187,110.928
30cm,yolo26s,394,424,13.127,14.126,1,10,plastic_dirty,plastic,dirty,0.313232,217,107,365,388,110.928
30cm,yolo26s,395,425,13.16,14.16,0,4,glass_packaging,glass,packaging,0.457031,219,106,366,388,109.906
30cm,yolo26s,395,425,13.16,14.16,1,7,pet_packaging,pet,packaging,0.376709,217,107,366,389,109.906
30cm,yolo26s,396,426,13.193,14.193,0,4,glass_packaging,glass,packaging,0.609375,214,106,366,389,110.097
30cm,yolo26s,396,426,13.193,14.193,1,7,pet_packaging,pet,packaging,0.371094,213,106,367,391,110.097
30cm,yolo26s,397,427,13.227,14.226,0,4,glass_packaging,glass,packaging,0.702637,217,106,366,389,109.9
30cm,yolo26s,398,428,13.26,14.26,0,4,glass_packaging,glass,packaging,0.527344,217,106,364,389,110.714
30cm,yolo26s,399,429,13.293,14.293,0,10,plastic_dirty,plastic,dirty,0.515625,216,54,446,177,113.211
30cm,yolo26s,399,429,13.293,14.293,1,10,plastic_dirty,plastic,dirty,0.259033,209,75,364,390,113.211
30cm,yolo26s,400,430,13.327,14.326,0,10,plastic_dirty,plastic,dirty,0.352295,215,152,359,388,111.18
30cm,yolo26s,400,430,13.327,14.326,1,10,plastic_dirty,plastic,dirty,0.262939,218,78,438,178,111.18
30cm,yolo26s,401,431,13.36,14.36,0,10,plastic_dirty,plastic,dirty,0.424316,213,119,356,386,109.82
30cm,yolo26s,402,432,13.393,14.393,0,10,plastic_dirty,plastic,dirty,0.507812,215,153,360,385,110.515
30cm,yolo26s,403,433,13.427,14.426,0,10,plastic_dirty,plastic,dirty,0.395996,209,115,364,385,111.064
30cm,yolo26s,404,434,13.46,14.46,0,10,plastic_dirty,plastic,dirty,0.475586,211,118,366,385,114.228
30cm,yolo26s,405,435,13.493,14.493,0,10,plastic_dirty,plastic,dirty,0.430176,214,109,367,383,110.596
30cm,yolo26s,406,436,13.527,14.526,0,4,glass_packaging,glass,packaging,0.320801,215,109,367,382,110.309
30cm,yolo26s,407,437,13.56,14.559,,,,,,,,,,,114.088
30cm,yolo26s,408,438,13.593,14.593,0,10,plastic_dirty,plastic,dirty,0.363037,233,110,375,381,110.056
30cm,yolo26s,409,439,13.627,14.626,0,10,plastic_dirty,plastic,dirty,0.300781,236,110,375,379,110.891
30cm,yolo26s,410,440,13.66,14.659,0,4,glass_packaging,glass,packaging,0.276611,235,112,374,379,110.405
30cm,yolo26s,410,440,13.66,14.659,1,7,pet_packaging,pet,packaging,0.349609,234,111,373,378,110.405
30cm,yolo26s,411,441,13.693,14.693,0,7,pet_packaging,pet,packaging,0.342529,230,114,371,379,110.266
30cm,yolo26s,412,442,13.727,14.726,0,4,glass_packaging,glass,packaging,0.542969,228,114,363,380,114.397
30cm,yolo26s,413,443,13.76,14.759,0,4,glass_packaging,glass,packaging,0.330322,226,111,357,382,112.338
30cm,yolo26s,413,443,13.76,14.759,1,7,pet_packaging,pet,packaging,0.398926,225,111,357,382,112.338
30cm,yolo26s,414,444,13.793,14.793,0,4,glass_packaging,glass,packaging,0.284668,228,111,358,382,111.328
30cm,yolo26s,415,445,13.826,14.826,0,10,plastic_dirty,plastic,dirty,0.37207,230,113,360,382,109.989
30cm,yolo26s,416,446,13.86,14.859,0,10,plastic_dirty,plastic,dirty,0.325928,233,109,364,382,110.305
30cm,yolo26s,417,447,13.893,14.893,0,9,plastic_normal,plastic,normal,0.283691,239,110,370,330,111.482
30cm,yolo26s,418,448,13.926,14.926,,,,,,,,,,,109.605
30cm,yolo26s,419,449,13.96,14.959,,,,,,,,,,,111.415
30cm,yolo26s,420,450,13.993,14.993,,,,,,,,,,,113.057
30cm,yolo26s,421,451,14.026,15.026,,,,,,,,,,,110.129
30cm,yolo26s,422,452,14.06,15.059,0,9,plastic_normal,plastic,normal,0.301514,285,171,409,295,113.008
30cm,yolo26s,423,453,14.093,15.093,,,,,,,,,,,111.104
30cm,yolo26s,424,454,14.126,15.126,,,,,,,,,,,111.081
30cm,yolo26s,425,455,14.16,15.159,,,,,,,,,,,110.531
30cm,yolo26s,426,456,14.193,15.192,,,,,,,,,,,110.536
30cm,yolo26s,427,457,14.226,15.226,,,,,,,,,,,111.291
30cm,yolo26s,428,458,14.26,15.259,,,,,,,,,,,117.127
30cm,yolo26s,429,459,14.293,15.292,,,,,,,,,,,111.461
30cm,yolo26s,430,460,14.326,15.326,,,,,,,,,,,116.02
30cm,yolo26s,431,461,14.36,15.359,,,,,,,,,,,110.769
30cm,yolo26s,432,462,14.393,15.392,,,,,,,,,,,112.226
30cm,yolo26s,433,463,14.426,15.426,,,,,,,,,,,109.582
30cm,yolo26s,434,464,14.46,15.459,,,,,,,,,,,111.431
30cm,yolo26s,435,465,14.493,15.492,0,7,pet_packaging,pet,packaging,0.435059,367,0,583,100,113.355
30cm,yolo26s,436,466,14.526,15.526,,,,,,,,,,,112.165
30cm,yolo26s,437,467,14.559,15.559,,,,,,,,,,,111.274
30cm,yolo26s,438,468,14.593,15.592,,,,,,,,,,,111.144
30cm,yolo26s,439,469,14.626,15.626,,,,,,,,,,,110.765
30cm,yolo26s,440,470,14.659,15.659,,,,,,,,,,,111.837
30cm,yolo26s,441,471,14.693,15.692,,,,,,,,,,,110.437
30cm,yolo26s,442,472,14.726,15.726,,,,,,,,,,,111.012
30cm,yolo26s,443,473,14.759,15.759,,,,,,,,,,,109.152
30cm,yolo26s,444,474,14.793,15.792,,,,,,,,,,,109.886
30cm,yolo26s,445,475,14.826,15.826,,,,,,,,,,,113.013
30cm,yolo26s,446,476,14.859,15.859,,,,,,,,,,,110.395
30cm,yolo26s,447,477,14.893,15.892,,,,,,,,,,,109.75
30cm,yolo26s,448,478,14.926,15.925,,,,,,,,,,,109.464
30cm,yolo26s,449,479,14.959,15.959,,,,,,,,,,,111.948
30cm,yolo26s,450,480,14.993,15.992,,,,,,,,,,,112.509
30cm,yolo26s,451,481,15.026,16.025,,,,,,,,,,,110.287
30cm,yolo26s,452,482,15.059,16.059,,,,,,,,,,,109.726
30cm,yolo26s,453,483,15.093,16.092,,,,,,,,,,,114.027
30cm,yolo26s,454,484,15.126,16.125,,,,,,,,,,,109.439
30cm,yolo26s,455,485,15.159,16.159,0,2,glass_normal,glass,normal,0.313965,241,97,393,389,112.243
30cm,yolo26s,456,486,15.192,16.192,0,7,pet_packaging,pet,packaging,0.250244,236,105,387,388,110.647
30cm,yolo26s,457,487,15.226,16.225,,,,,,,,,,,109.97
30cm,yolo26s,458,488,15.259,16.259,0,2,glass_normal,glass,normal,0.252441,235,101,386,389,112.438
30cm,yolo26s,459,489,15.292,16.292,0,7,pet_packaging,pet,packaging,0.253174,240,103,390,388,109.148
30cm,yolo26s,460,490,15.326,16.325,0,2,glass_normal,glass,normal,0.457031,245,106,391,389,110.393
30cm,yolo26s,461,491,15.359,16.359,,,,,,,,,,,109.484
30cm,yolo26s,462,492,15.392,16.392,,,,,,,,,,,109.096
30cm,yolo26s,463,493,15.426,16.425,,,,,,,,,,,109.935
30cm,yolo26s,464,494,15.459,16.459,,,,,,,,,,,110.498
30cm,yolo26s,465,495,15.492,16.492,,,,,,,,,,,109.216
30cm,yolo26s,466,496,15.526,16.525,0,2,glass_normal,glass,normal,0.364746,243,103,391,391,112.067
30cm,yolo26s,467,497,15.559,16.558,0,2,glass_normal,glass,normal,0.260498,244,106,390,390,111.215
30cm,yolo26s,468,498,15.592,16.592,0,5,pet_normal,pet,normal,0.260498,243,106,389,389,113.751
30cm,yolo26s,469,499,15.626,16.625,0,5,pet_normal,pet,normal,0.272705,244,65,391,390,109.467
30cm,yolo26s,470,500,15.659,16.658,0,5,pet_normal,pet,normal,0.250977,246,98,392,390,109.022
30cm,yolo26s,471,501,15.692,16.692,,,,,,,,,,,110.556
30cm,yolo26s,472,502,15.726,16.725,,,,,,,,,,,110.012
30cm,yolo26s,473,503,15.759,16.758,0,10,plastic_dirty,plastic,dirty,0.253906,355,58,516,175,110.048
30cm,yolo26s,474,504,15.792,16.792,,,,,,,,,,,110.098
30cm,yolo26s,475,505,15.826,16.825,0,7,pet_packaging,pet,packaging,0.414795,243,91,390,390,109.905
30cm,yolo26s,475,505,15.826,16.825,1,10,plastic_dirty,plastic,dirty,0.399902,310,76,500,184,109.905
30cm,yolo26s,476,506,15.859,16.858,,,,,,,,,,,113.697
30cm,yolo26s,477,507,15.892,16.892,,,,,,,,,,,111.221
30cm,yolo26s,478,508,15.925,16.925,0,7,pet_packaging,pet,packaging,0.421631,234,98,377,387,110.103
30cm,yolo26s,479,509,15.959,16.958,0,7,pet_packaging,pet,packaging,0.299805,234,96,375,387,110.572
30cm,yolo26s,480,510,15.992,16.992,0,9,plastic_normal,plastic,normal,0.286133,235,107,375,384,109.52
30cm,yolo26s,481,511,16.025,17.025,,,,,,,,,,,112.557
30cm,yolo26s,482,512,16.059,17.058,0,9,plastic_normal,plastic,normal,0.256104,235,107,374,383,109.706
30cm,yolo26s,483,513,16.092,17.092,0,9,plastic_normal,plastic,normal,0.273682,238,111,378,381,109.486
30cm,yolo26s,484,514,16.125,17.125,0,7,pet_packaging,pet,packaging,0.356689,242,114,382,384,113.9
30cm,yolo26s,485,515,16.159,17.158,0,7,pet_packaging,pet,packaging,0.395996,245,111,388,385,110.592
30cm,yolo26s,486,516,16.192,17.191,,,,,,,,,,,109.587
30cm,yolo26s,487,517,16.225,17.225,0,5,pet_normal,pet,normal,0.250244,245,105,392,387,110.214
30cm,yolo26s,487,517,16.225,17.225,1,7,pet_packaging,pet,packaging,0.283691,244,105,391,387,110.214
30cm,yolo26s,488,518,16.259,17.258,0,5,pet_normal,pet,normal,0.297363,240,105,389,387,109.035
30cm,yolo26s,489,519,16.292,17.291,0,5,pet_normal,pet,normal,0.367432,238,105,383,386,113.408
30cm,yolo26s,490,520,16.325,17.325,0,5,pet_normal,pet,normal,0.259766,239,108,382,387,111.147
30cm,yolo26s,490,520,16.325,17.325,1,6,pet_dirty,pet,dirty,0.269775,239,108,383,387,111.147
30cm,yolo26s,491,521,16.359,17.358,0,5,pet_normal,pet,normal,0.272705,242,107,386,385,110.529
30cm,yolo26s,491,521,16.359,17.358,1,6,pet_dirty,pet,dirty,0.27832,242,109,386,388,110.529
30cm,yolo26s,492,522,16.392,17.391,,,,,,,,,,,109.417
30cm,yolo26s,493,523,16.425,17.425,0,5,pet_normal,pet,normal,0.279053,243,106,389,388,108.641
30cm,yolo26s,494,524,16.459,17.458,,,,,,,,,,,111.104
30cm,yolo26s,495,525,16.492,17.491,,,,,,,,,,,109.732
30cm,yolo26s,496,526,16.525,17.525,,,,,,,,,,,110.029
30cm,yolo26s,497,527,16.558,17.558,,,,,,,,,,,113.823
30cm,yolo26s,498,528,16.592,17.591,,,,,,,,,,,110.304
30cm,yolo26s,499,529,16.625,17.625,,,,,,,,,,,112.635
30cm,yolo26s,500,530,16.658,17.658,,,,,,,,,,,110.448
30cm,yolo26s,501,531,16.692,17.691,,,,,,,,,,,109.699
30cm,yolo26s,502,532,16.725,17.725,,,,,,,,,,,110.294
30cm,yolo26s,503,533,16.758,17.758,,,,,,,,,,,110.459
30cm,yolo26s,504,534,16.792,17.791,,,,,,,,,,,110.357
30cm,yolo26s,505,535,16.825,17.825,,,,,,,,,,,108.751
30cm,yolo26s,506,536,16.858,17.858,,,,,,,,,,,109.88
30cm,yolo26s,507,537,16.892,17.891,,,,,,,,,,,114.033
30cm,yolo26s,508,538,16.925,17.924,,,,,,,,,,,109.922
30cm,yolo26s,509,539,16.958,17.958,,,,,,,,,,,109.302
30cm,yolo26s,510,540,16.992,17.991,,,,,,,,,,,109.665
30cm,yolo26s,511,541,17.025,18.024,,,,,,,,,,,110.3
30cm,yolo26s,512,542,17.058,18.058,,,,,,,,,,,110.994
30cm,yolo26s,513,543,17.092,18.091,,,,,,,,,,,111.331
30cm,yolo26s,514,544,17.125,18.124,,,,,,,,,,,110.248
30cm,yolo26s,515,545,17.158,18.158,,,,,,,,,,,120.552
30cm,yolo26s,516,546,17.191,18.191,,,,,,,,,,,109.833
30cm,yolo26s,517,547,17.225,18.224,,,,,,,,,,,108.641
30cm,yolo26s,518,548,17.258,18.258,,,,,,,,,,,110.15
30cm,yolo26s,519,549,17.291,18.291,,,,,,,,,,,109.835
30cm,yolo26s,520,550,17.325,18.324,0,5,pet_normal,pet,normal,0.291748,237,107,384,388,113.854
30cm,yolo26s,520,550,17.325,18.324,1,6,pet_dirty,pet,dirty,0.250977,237,105,384,390,113.854
30cm,yolo26s,521,551,17.358,18.358,0,5,pet_normal,pet,normal,0.299805,237,107,383,389,109.899
30cm,yolo26s,521,551,17.358,18.358,1,6,pet_dirty,pet,dirty,0.272705,237,105,383,390,109.899
30cm,yolo26s,522,552,17.391,18.391,0,5,pet_normal,pet,normal,0.314941,237,107,383,389,110.036
30cm,yolo26s,522,552,17.391,18.391,1,6,pet_dirty,pet,dirty,0.27124,237,104,383,390,110.036
30cm,yolo26s,523,553,17.425,18.424,0,5,pet_normal,pet,normal,0.277588,237,106,383,388,114.425
30cm,yolo26s,523,553,17.425,18.424,1,6,pet_dirty,pet,dirty,0.260498,237,103,383,390,114.425
30cm,yolo26s,524,554,17.458,18.458,0,5,pet_normal,pet,normal,0.306641,237,106,383,388,110.56
30cm,yolo26s,524,554,17.458,18.458,1,6,pet_dirty,pet,dirty,0.262939,237,104,382,389,110.56
30cm,yolo26s,525,555,17.491,18.491,0,5,pet_normal,pet,normal,0.332031,237,106,383,388,109.779
30cm,yolo26s,525,555,17.491,18.491,1,6,pet_dirty,pet,dirty,0.27832,237,106,382,390,109.779
30cm,yolo26s,526,556,17.525,18.524,0,5,pet_normal,pet,normal,0.309814,237,106,383,388,109.927
30cm,yolo26s,527,557,17.558,18.557,0,5,pet_normal,pet,normal,0.257568,237,107,383,389,110.035
30cm,yolo26s,528,558,17.591,18.591,0,5,pet_normal,pet,normal,0.286865,237,106,383,389,112.866
30cm,yolo26s,529,559,17.625,18.624,0,5,pet_normal,pet,normal,0.271973,237,106,383,389,109.239
30cm,yolo26s,530,560,17.658,18.657,0,5,pet_normal,pet,normal,0.296631,237,106,383,389,109.976
30cm,yolo26s,530,560,17.658,18.657,1,6,pet_dirty,pet,dirty,0.256104,237,105,383,390,109.976
30cm,yolo26s,531,561,17.691,18.691,,,,,,,,,,,110.118
30cm,yolo26s,532,562,17.725,18.724,0,5,pet_normal,pet,normal,0.277588,237,106,383,388,110.312
30cm,yolo26s,533,563,17.758,18.757,0,5,pet_normal,pet,normal,0.269043,237,107,383,390,111.689
30cm,yolo26s,534,564,17.791,18.791,0,5,pet_normal,pet,normal,0.274414,237,106,383,388,109.87
30cm,yolo26s,534,564,17.791,18.791,1,6,pet_dirty,pet,dirty,0.254639,237,104,383,390,109.87
30cm,yolo26s,535,565,17.825,18.824,0,5,pet_normal,pet,normal,0.305664,237,106,383,388,110.859
30cm,yolo26s,536,566,17.858,18.857,0,5,pet_normal,pet,normal,0.338867,237,106,383,388,114.161
30cm,yolo26s,536,566,17.858,18.857,1,6,pet_dirty,pet,dirty,0.269775,237,104,383,390,114.161
30cm,yolo26s,537,567,17.891,18.891,0,5,pet_normal,pet,normal,0.253174,238,106,384,389,109.942
30cm,yolo26s,538,568,17.924,18.924,0,10,plastic_dirty,plastic,dirty,0.281494,316,1,476,154,110.379
30cm,yolo26s,539,569,17.958,18.957,,,,,,,,,,,109.63
30cm,yolo26s,540,570,17.991,18.991,0,7,pet_packaging,pet,packaging,0.320068,237,107,384,388,110.328
30cm,yolo26s,541,571,18.024,19.024,0,7,pet_packaging,pet,packaging,0.290283,237,106,384,388,110.105
30cm,yolo26s,542,572,18.058,19.057,0,7,pet_packaging,pet,packaging,0.301514,237,105,384,389,110.094
30cm,yolo26s,543,573,18.091,19.091,0,10,plastic_dirty,plastic,dirty,0.360352,319,90,467,189,110.353
30cm,yolo26s,544,574,18.124,19.124,,,,,,,,,,,110.47
30cm,yolo26s,545,575,18.158,19.157,,,,,,,,,,,110.385
30cm,yolo26s,546,576,18.191,19.191,0,7,pet_packaging,pet,packaging,0.293457,233,99,379,395,114.278
30cm,yolo26s,547,577,18.224,19.224,,,,,,,,,,,109.309
30cm,yolo26s,548,578,18.258,19.257,0,7,pet_packaging,pet,packaging,0.299805,237,99,376,393,109.88
30cm,yolo26s,549,579,18.291,19.29,,,,,,,,,,,110.702
30cm,yolo26s,550,580,18.324,19.324,,,,,,,,,,,110.139
30cm,yolo26s,551,581,18.358,19.357,,,,,,,,,,,112.454
30cm,yolo26s,552,582,18.391,19.39,,,,,,,,,,,110.978
30cm,yolo26s,553,583,18.424,19.424,,,,,,,,,,,111.896
30cm,yolo26s,554,584,18.458,19.457,,,,,,,,,,,113.678
30cm,yolo26s,555,585,18.491,19.49,,,,,,,,,,,111.373
30cm,yolo26s,556,586,18.524,19.524,,,,,,,,,,,111.222
30cm,yolo26s,557,587,18.557,19.557,,,,,,,,,,,110.751
30cm,yolo26s,558,588,18.591,19.59,,,,,,,,,,,110.114
30cm,yolo26s,559,589,18.624,19.624,0,10,plastic_dirty,plastic,dirty,0.357666,558,50,639,260,114.605
30cm,yolo26s,560,590,18.657,19.657,,,,,,,,,,,110.07
30cm,yolo26s,561,591,18.691,19.69,,,,,,,,,,,110.687
30cm,yolo26s,562,592,18.724,19.724,,,,,,,,,,,110.701
30cm,yolo26s,563,593,18.757,19.757,,,,,,,,,,,111.123
30cm,yolo26s,564,594,18.791,19.79,,,,,,,,,,,111.003
30cm,yolo26s,565,595,18.824,19.824,,,,,,,,,,,110.035
30cm,yolo26s,566,596,18.857,19.857,,,,,,,,,,,109.52
30cm,yolo26s,567,597,18.891,19.89,,,,,,,,,,,113.703
30cm,yolo26s,568,598,18.924,19.923,,,,,,,,,,,111.379
30cm,yolo26s,569,599,18.957,19.957,,,,,,,,,,,110.994
30cm,yolo26s,570,600,18.991,19.99,,,,,,,,,,,110.078
30cm,yolo26s,571,601,19.024,20.023,,,,,,,,,,,109.884
30cm,yolo26s,572,602,19.057,20.057,,,,,,,,,,,111.058
30cm,yolo26s,573,603,19.091,20.09,,,,,,,,,,,109.812
30cm,yolo26s,574,604,19.124,20.123,,,,,,,,,,,110.25
30cm,yolo26s,575,605,19.157,20.157,,,,,,,,,,,110.403
30cm,yolo26s,576,606,19.191,20.19,,,,,,,,,,,109.735
30cm,yolo26s,577,607,19.224,20.223,,,,,,,,,,,112.572
30cm,yolo26s,578,608,19.257,20.257,,,,,,,,,,,110.784
30cm,yolo26s,579,609,19.29,20.29,,,,,,,,,,,111.474
30cm,yolo26s,580,610,19.324,20.323,,,,,,,,,,,111.312
30cm,yolo26s,581,611,19.357,20.357,,,,,,,,,,,117.172
30cm,yolo26s,582,612,19.39,20.39,,,,,,,,,,,113.411
30cm,yolo26s,583,613,19.424,20.423,,,,,,,,,,,110.533
30cm,yolo26s,584,614,19.457,20.457,0,9,plastic_normal,plastic,normal,0.31665,280,97,411,387,111.402
30cm,yolo26s,584,614,19.457,20.457,1,10,plastic_dirty,plastic,dirty,0.358398,280,95,411,386,111.402
30cm,yolo26s,584,614,19.457,20.457,2,10,plastic_dirty,plastic,dirty,0.29248,399,140,525,216,111.402
30cm,yolo26s,585,615,19.49,20.49,0,10,plastic_dirty,plastic,dirty,0.332764,279,99,409,394,116.167
30cm,yolo26s,585,615,19.49,20.49,1,10,plastic_dirty,plastic,dirty,0.287842,397,141,521,215,116.167
30cm,yolo26s,586,616,19.524,20.523,0,7,pet_packaging,pet,packaging,0.314941,278,95,411,292,111.401
30cm,yolo26s,586,616,19.524,20.523,1,10,plastic_dirty,plastic,dirty,0.282959,398,142,522,215,111.401
30cm,yolo26s,587,617,19.557,20.556,,,,,,,,,,,111.095
30cm,yolo26s,588,618,19.59,20.59,0,9,plastic_normal,plastic,normal,0.385742,277,90,421,292,111.401
30cm,yolo26s,589,619,19.624,20.623,0,9,plastic_normal,plastic,normal,0.351318,277,106,425,292,110.065
30cm,yolo26s,590,620,19.657,20.656,0,9,plastic_normal,plastic,normal,0.259033,276,106,426,292,114.27
30cm,yolo26s,590,620,19.657,20.656,1,10,plastic_dirty,plastic,dirty,0.262939,336,75,531,205,114.27
30cm,yolo26s,591,621,19.69,20.69,0,9,plastic_normal,plastic,normal,0.284668,277,104,423,393,112.354
30cm,yolo26s,591,621,19.69,20.69,1,10,plastic_dirty,plastic,dirty,0.443604,308,69,534,200,112.354
30cm,yolo26s,592,622,19.724,20.723,0,9,plastic_normal,plastic,normal,0.309814,277,102,425,373,111.817
30cm,yolo26s,592,622,19.724,20.723,1,10,plastic_dirty,plastic,dirty,0.506836,316,63,538,195,111.817
30cm,yolo26s,593,623,19.757,20.756,0,9,plastic_normal,plastic,normal,0.275879,277,102,424,358,111.107
30cm,yolo26s,593,623,19.757,20.756,1,10,plastic_dirty,plastic,dirty,0.569824,322,59,542,192,111.107
30cm,yolo26s,594,624,19.79,20.79,0,10,plastic_dirty,plastic,dirty,0.464844,329,52,546,186,111.614
30cm,yolo26s,595,625,19.824,20.823,,,,,,,,,,,111.801
30cm,yolo26s,596,626,19.857,20.856,,,,,,,,,,,111.306
30cm,yolo26s,597,627,19.89,20.89,,,,,,,,,,,110.288
30cm,yolo26s,598,628,19.923,20.923,,,,,,,,,,,110.15
30cm,yolo26s,599,629,19.957,20.956,,,,,,,,,,,110.326
30cm,yolo26s,600,630,19.99,20.99,,,,,,,,,,,113.858
30cm,yolo26s,601,631,20.023,21.023,,,,,,,,,,,110.609
30cm,yolo26s,602,632,20.057,21.056,,,,,,,,,,,110.652
30cm,yolo26s,603,633,20.09,21.09,,,,,,,,,,,110.922
30cm,yolo26s,604,634,20.123,21.123,,,,,,,,,,,112.18
30cm,yolo26s,605,635,20.157,21.156,0,9,plastic_normal,plastic,normal,0.26123,277,105,425,395,113.486
30cm,yolo26s,606,636,20.19,21.19,,,,,,,,,,,110.741
30cm,yolo26s,607,637,20.223,21.223,,,,,,,,,,,110.969
30cm,yolo26s,608,638,20.257,21.256,,,,,,,,,,,113.262
30cm,yolo26s,609,639,20.29,21.289,,,,,,,,,,,110.804
30cm,yolo26s,610,640,20.323,21.323,,,,,,,,,,,110.522
30cm,yolo26s,611,641,20.357,21.356,,,,,,,,,,,110.076
30cm,yolo26s,612,642,20.39,21.389,,,,,,,,,,,110.01
30cm,yolo26s,613,643,20.423,21.423,,,,,,,,,,,112.325
30cm,yolo26s,614,644,20.457,21.456,,,,,,,,,,,110.277
30cm,yolo26s,615,645,20.49,21.489,,,,,,,,,,,110.42
30cm,yolo26s,616,646,20.523,21.523,,,,,,,,,,,114.363
30cm,yolo26s,617,647,20.556,21.556,,,,,,,,,,,112.335
30cm,yolo26s,618,648,20.59,21.589,,,,,,,,,,,110.158
30cm,yolo26s,619,649,20.623,21.623,0,9,plastic_normal,plastic,normal,0.2854,275,106,423,290,110.107
30cm,yolo26s,620,650,20.656,21.656,0,9,plastic_normal,plastic,normal,0.370117,289,279,405,397,110.411
30cm,yolo26s,620,650,20.656,21.656,1,9,plastic_normal,plastic,normal,0.282227,274,106,421,287,110.411
30cm,yolo26s,621,651,20.69,21.689,0,9,plastic_normal,plastic,normal,0.30249,289,279,404,397,113.916
30cm,yolo26s,621,651,20.69,21.689,1,9,plastic_normal,plastic,normal,0.253906,274,106,422,282,113.916
30cm,yolo26s,622,652,20.723,21.723,,,,,,,,,,,110.121
30cm,yolo26s,623,653,20.756,21.756,,,,,,,,,,,110.421
30cm,yolo26s,624,654,20.79,21.789,,,,,,,,,,,111.478
30cm,yolo26s,625,655,20.823,21.823,,,,,,,,,,,109.284
30cm,yolo26s,626,656,20.856,21.856,,,,,,,,,,,110.564
30cm,yolo26s,627,657,20.89,21.889,,,,,,,,,,,110.825
30cm,yolo26s,628,658,20.923,21.922,0,10,plastic_dirty,plastic,dirty,0.320801,288,104,440,393,110.873
30cm,yolo26s,629,659,20.956,21.956,0,9,plastic_normal,plastic,normal,0.271973,298,107,450,389,112.826
30cm,yolo26s,630,660,20.99,21.989,,,,,,,,,,,110.596
30cm,yolo26s,631,661,21.023,22.022,,,,,,,,,,,111.178
30cm,yolo26s,632,662,21.056,22.056,,,,,,,,,,,109.789
30cm,yolo26s,633,663,21.09,22.089,,,,,,,,,,,111.979
30cm,yolo26s,634,664,21.123,22.122,0,10,plastic_dirty,plastic,dirty,0.313232,356,116,500,381,110.458
30cm,yolo26s,635,665,21.156,22.156,,,,,,,,,,,110.827
30cm,yolo26s,636,666,21.19,22.189,0,9,plastic_normal,plastic,normal,0.544922,367,120,506,282,110.376
30cm,yolo26s,637,667,21.223,22.222,0,9,plastic_normal,plastic,normal,0.501953,369,122,506,284,110.39
30cm,yolo26s,637,667,21.223,22.222,1,9,plastic_normal,plastic,normal,0.32251,380,276,494,377,110.39
30cm,yolo26s,638,668,21.256,22.256,0,9,plastic_normal,plastic,normal,0.377441,371,122,507,283,109.774
30cm,yolo26s,639,669,21.289,22.289,0,7,pet_packaging,pet,packaging,0.335449,368,122,507,289,114.674
30cm,yolo26s,640,670,21.323,22.322,0,9,plastic_normal,plastic,normal,0.369385,365,121,502,280,110.979
30cm,yolo26s,641,671,21.356,22.356,,,,,,,,,,,110.9
30cm,yolo26s,642,672,21.389,22.389,,,,,,,,,,,110.459
30cm,yolo26s,643,673,21.423,22.422,,,,,,,,,,,111.343
30cm,yolo26s,644,674,21.456,22.456,,,,,,,,,,,113.651
30cm,yolo26s,645,675,21.489,22.489,,,,,,,,,,,110.969
30cm,yolo26s,646,676,21.523,22.522,,,,,,,,,,,110.968
30cm,yolo26s,647,677,21.556,22.556,,,,,,,,,,,113.734
30cm,yolo26s,648,678,21.589,22.589,,,,,,,,,,,111.852
30cm,yolo26s,649,679,21.623,22.622,,,,,,,,,,,110.366
30cm,yolo26s,650,680,21.656,22.655,,,,,,,,,,,110.419
30cm,yolo26s,651,681,21.689,22.689,,,,,,,,,,,110.457
30cm,yolo26s,652,682,21.723,22.722,0,9,plastic_normal,plastic,normal,0.375732,316,118,427,235,114.348
30cm,yolo26s,653,683,21.756,22.755,0,9,plastic_normal,plastic,normal,0.53125,311,117,422,239,111.687
30cm,yolo26s,654,684,21.789,22.789,0,9,plastic_normal,plastic,normal,0.600098,294,118,423,241,114.115
30cm,yolo26s,655,685,21.823,22.822,0,9,plastic_normal,plastic,normal,0.352295,311,119,425,243,111.104
30cm,yolo26s,656,686,21.856,22.855,0,9,plastic_normal,plastic,normal,0.291016,312,118,428,243,113.985
30cm,yolo26s,657,687,21.889,22.889,,,,,,,,,,,110.521
30cm,yolo26s,658,688,21.922,22.922,,,,,,,,,,,114.642
30cm,yolo26s,659,689,21.956,22.955,,,,,,,,,,,114.01
30cm,yolo26s,660,690,21.989,22.989,,,,,,,,,,,110.524
30cm,yolo26s,661,691,22.022,23.022,0,5,pet_normal,pet,normal,0.313232,206,5,329,431,109.658
30cm,yolo26s,661,691,22.022,23.022,1,9,plastic_normal,plastic,normal,0.299072,321,117,420,282,109.658
30cm,yolo26s,662,692,22.056,23.055,0,5,pet_normal,pet,normal,0.27124,206,5,329,428,116.293
30cm,yolo26s,662,692,22.056,23.055,1,7,pet_packaging,pet,packaging,0.565918,321,118,429,282,116.293
30cm,yolo26s,663,693,22.089,23.089,0,5,pet_normal,pet,normal,0.276611,206,5,329,431,110.819
30cm,yolo26s,663,693,22.089,23.089,1,7,pet_packaging,pet,packaging,0.620605,322,118,427,280,110.819
30cm,yolo26s,664,694,22.122,23.122,0,5,pet_normal,pet,normal,0.269775,207,4,330,433,110.925
30cm,yolo26s,664,694,22.122,23.122,1,7,pet_packaging,pet,packaging,0.694336,322,118,429,282,110.925
30cm,yolo26s,665,695,22.156,23.155,0,5,pet_normal,pet,normal,0.250977,206,5,329,433,111.903
30cm,yolo26s,665,695,22.156,23.155,1,7,pet_packaging,pet,packaging,0.618652,322,118,431,282,111.903
30cm,yolo26s,666,696,22.189,23.189,0,7,pet_packaging,pet,packaging,0.65332,321,118,428,281,111.262
30cm,yolo26s,667,697,22.222,23.222,0,7,pet_packaging,pet,packaging,0.660156,321,119,429,281,114.522
30cm,yolo26s,668,698,22.256,23.255,0,5,pet_normal,pet,normal,0.268066,206,5,330,431,111.575
30cm,yolo26s,668,698,22.256,23.255,1,7,pet_packaging,pet,packaging,0.492188,321,118,430,279,111.575
30cm,yolo26s,669,699,22.289,23.288,0,5,pet_normal,pet,normal,0.275146,206,5,329,431,111.378
30cm,yolo26s,669,699,22.289,23.288,1,7,pet_packaging,pet,packaging,0.357666,321,118,429,278,111.378
30cm,yolo26s,669,699,22.289,23.288,2,9,plastic_normal,plastic,normal,0.406494,320,120,428,283,111.378
30cm,yolo26s,670,700,22.322,23.322,0,5,pet_normal,pet,normal,0.254639,206,5,329,432,110.785
30cm,yolo26s,670,700,22.322,23.322,1,9,plastic_normal,plastic,normal,0.470703,320,119,428,282,110.785
30cm,yolo26s,671,701,22.356,23.355,0,5,pet_normal,pet,normal,0.27124,207,4,330,433,110.679
30cm,yolo26s,671,701,22.356,23.355,1,9,plastic_normal,plastic,normal,0.604004,320,119,428,282,110.679
30cm,yolo26s,672,702,22.389,23.388,0,9,plastic_normal,plastic,normal,0.567871,320,118,428,282,111.141
30cm,yolo26s,673,703,22.422,23.422,0,9,plastic_normal,plastic,normal,0.556641,320,119,429,283,119.242
30cm,yolo26s,674,704,22.456,23.455,0,5,pet_normal,pet,normal,0.268066,207,5,330,433,111.155
30cm,yolo26s,674,704,22.456,23.455,1,9,plastic_normal,plastic,normal,0.604004,320,119,429,283,111.155
30cm,yolo26s,675,705,22.489,23.488,0,5,pet_normal,pet,normal,0.276611,207,5,330,434,111.629
30cm,yolo26s,675,705,22.489,23.488,1,9,plastic_normal,plastic,normal,0.577637,320,119,428,283,111.629
30cm,yolo26s,676,706,22.522,23.522,0,5,pet_normal,pet,normal,0.274414,206,5,329,432,110.998
30cm,yolo26s,676,706,22.522,23.522,1,9,plastic_normal,plastic,normal,0.542969,320,119,429,282,110.998
30cm,yolo26s,677,707,22.556,23.555,0,5,pet_normal,pet,normal,0.269043,206,7,329,431,114.721
30cm,yolo26s,677,707,22.556,23.555,1,9,plastic_normal,plastic,normal,0.552734,320,119,429,282,114.721
30cm,yolo26s,678,708,22.589,23.588,0,5,pet_normal,pet,normal,0.282959,207,6,330,432,111.647
30cm,yolo26s,678,708,22.589,23.588,1,9,plastic_normal,plastic,normal,0.480469,320,119,429,282,111.647
30cm,yolo26s,679,709,22.622,23.622,0,5,pet_normal,pet,normal,0.288574,207,5,330,432,111.534
30cm,yolo26s,679,709,22.622,23.622,1,9,plastic_normal,plastic,normal,0.509766,320,119,428,283,111.534
30cm,yolo26s,680,710,22.655,23.655,0,5,pet_normal,pet,normal,0.283691,207,5,330,433,110.417
30cm,yolo26s,680,710,22.655,23.655,1,9,plastic_normal,plastic,normal,0.588867,320,119,429,283,110.417
30cm,yolo26s,681,711,22.689,23.688,0,9,plastic_normal,plastic,normal,0.511719,320,119,429,283,113.151
30cm,yolo26s,682,712,22.722,23.722,0,5,pet_normal,pet,normal,0.268066,207,7,330,432,114.553
30cm,yolo26s,682,712,22.722,23.722,1,9,plastic_normal,plastic,normal,0.474609,320,119,429,283,114.553
30cm,yolo26s,683,713,22.755,23.755,0,5,pet_normal,pet,normal,0.281494,206,6,329,434,111.417
30cm,yolo26s,683,713,22.755,23.755,1,9,plastic_normal,plastic,normal,0.563965,320,119,428,283,111.417
30cm,yolo26s,684,714,22.789,23.788,0,5,pet_normal,pet,normal,0.286865,206,6,329,431,111.656
30cm,yolo26s,684,714,22.789,23.788,1,9,plastic_normal,plastic,normal,0.519531,320,119,429,282,111.656
30cm,yolo26s,685,715,22.822,23.822,0,5,pet_normal,pet,normal,0.324219,206,5,329,428,110.452
30cm,yolo26s,685,715,22.822,23.822,1,9,plastic_normal,plastic,normal,0.437744,319,119,428,282,110.452
30cm,yolo26s,685,715,22.822,23.822,2,9,plastic_normal,plastic,normal,0.297363,517,88,638,223,110.452
30cm,yolo26s,686,716,22.855,23.855,0,5,pet_normal,pet,normal,0.308105,207,6,329,428,111.04
30cm,yolo26s,686,716,22.855,23.855,1,9,plastic_normal,plastic,normal,0.363037,320,118,428,281,111.04
30cm,yolo26s,687,717,22.889,23.888,0,5,pet_normal,pet,normal,0.314941,207,6,329,429,111.355
30cm,yolo26s,687,717,22.889,23.888,1,9,plastic_normal,plastic,normal,0.304932,320,118,429,282,111.355
30cm,yolo26s,688,718,22.922,23.921,0,5,pet_normal,pet,normal,0.279053,206,5,328,429,110.92
30cm,yolo26s,688,718,22.922,23.921,1,9,plastic_normal,plastic,normal,0.564941,460,66,619,220,110.92
30cm,yolo26s,688,718,22.922,23.921,2,9,plastic_normal,plastic,normal,0.325195,320,119,429,283,110.92
30cm,yolo26s,689,719,22.955,23.955,0,5,pet_normal,pet,normal,0.286865,206,5,328,432,111.89
30cm,yolo26s,689,719,22.955,23.955,1,9,plastic_normal,plastic,normal,0.542969,445,65,618,220,111.89
30cm,yolo26s,689,719,22.955,23.955,2,9,plastic_normal,plastic,normal,0.394287,320,119,428,283,111.89
30cm,yolo26s,690,720,22.989,23.988,0,5,pet_normal,pet,normal,0.263672,207,5,329,431,114.616
30cm,yolo26s,690,720,22.989,23.988,1,9,plastic_normal,plastic,normal,0.472656,435,64,585,220,114.616
30cm,yolo26s,690,720,22.989,23.988,2,9,plastic_normal,plastic,normal,0.430176,320,119,432,282,114.616
30cm,yolo26s,691,721,23.022,24.021,0,5,pet_normal,pet,normal,0.277588,206,5,329,432,111.923
30cm,yolo26s,691,721,23.022,24.021,1,9,plastic_normal,plastic,normal,0.394287,320,119,426,282,111.923
30cm,yolo26s,692,722,23.055,24.055,0,5,pet_normal,pet,normal,0.275879,206,5,328,431,115.616
30cm,yolo26s,692,722,23.055,24.055,1,9,plastic_normal,plastic,normal,0.403564,320,120,422,282,115.616
30cm,yolo26s,693,723,23.089,24.088,0,5,pet_normal,pet,normal,0.297363,206,5,328,433,111.516
30cm,yolo26s,693,723,23.089,24.088,1,9,plastic_normal,plastic,normal,0.432129,319,119,420,282,111.516
30cm,yolo26s,694,724,23.122,24.121,0,5,pet_normal,pet,normal,0.34082,206,5,328,435,111.281
30cm,yolo26s,694,724,23.122,24.121,1,9,plastic_normal,plastic,normal,0.42627,320,119,420,283,111.281
30cm,yolo26s,695,725,23.155,24.155,0,5,pet_normal,pet,normal,0.326904,206,5,328,432,111.362
30cm,yolo26s,695,725,23.155,24.155,1,9,plastic_normal,plastic,normal,0.319092,320,119,420,283,111.362
30cm,yolo26s,696,726,23.189,24.188,0,5,pet_normal,pet,normal,0.299805,207,5,329,432,112.471
30cm,yolo26s,696,726,23.189,24.188,1,7,pet_packaging,pet,packaging,0.265869,320,119,421,285,112.471
30cm,yolo26s,697,727,23.222,24.221,0,5,pet_normal,pet,normal,0.311523,206,5,328,430,115.43
30cm,yolo26s,697,727,23.222,24.221,1,7,pet_packaging,pet,packaging,0.259033,321,119,421,283,115.43
30cm,yolo26s,698,728,23.255,24.255,0,5,pet_normal,pet,normal,0.26123,206,5,329,429,112.237
30cm,yolo26s,698,728,23.255,24.255,1,7,pet_packaging,pet,packaging,0.252441,321,119,421,284,112.237
30cm,yolo26s,698,728,23.255,24.255,2,9,plastic_normal,plastic,normal,0.256836,320,118,421,283,112.237
30cm,yolo26s,699,729,23.288,24.288,0,5,pet_normal,pet,normal,0.269775,206,5,329,429,112.231
30cm,yolo26s,699,729,23.288,24.288,1,7,pet_packaging,pet,packaging,0.315674,321,118,422,282,112.231
30cm,yolo26s,700,730,23.322,24.321,0,5,pet_normal,pet,normal,0.2854,206,5,330,427,116.138
30cm,yolo26s,700,730,23.322,24.321,1,7,pet_packaging,pet,packaging,0.26123,320,119,424,286,116.138
30cm,yolo26s,701,731,23.355,24.355,0,5,pet_normal,pet,normal,0.2854,206,4,329,432,110.186
30cm,yolo26s,701,731,23.355,24.355,1,7,pet_packaging,pet,packaging,0.388672,320,119,431,290,110.186
30cm,yolo26s,701,731,23.355,24.355,2,9,plastic_normal,plastic,normal,0.456055,429,64,581,222,110.186
30cm,yolo26s,702,732,23.388,24.388,0,5,pet_normal,pet,normal,0.2854,206,4,329,431,110.419
30cm,yolo26s,702,732,23.388,24.388,1,7,pet_packaging,pet,packaging,0.439697,320,119,429,285,110.419
30cm,yolo26s,703,733,23.422,24.421,0,5,pet_normal,pet,normal,0.279785,206,4,329,431,110.057
30cm,yolo26s,703,733,23.422,24.421,1,7,pet_packaging,pet,packaging,0.505859,321,119,430,282,110.057
30cm,yolo26s,704,734,23.455,24.455,0,5,pet_normal,pet,normal,0.256104,206,5,329,433,110.48
30cm,yolo26s,704,734,23.455,24.455,1,7,pet_packaging,pet,packaging,0.535156,321,119,429,282,110.48
30cm,yolo26s,705,735,23.488,24.488,0,5,pet_normal,pet,normal,0.330322,206,4,330,433,113.674
30cm,yolo26s,705,735,23.488,24.488,1,9,plastic_normal,plastic,normal,0.375732,322,118,416,283,113.674
30cm,yolo26s,706,736,23.522,24.521,0,5,pet_normal,pet,normal,0.300781,206,5,330,431,112.753
30cm,yolo26s,706,736,23.522,24.521,1,9,plastic_normal,plastic,normal,0.439697,322,118,418,278,112.753
30cm,yolo26s,707,737,23.555,24.555,0,5,pet_normal,pet,normal,0.326904,206,5,330,433,113.963
30cm,yolo26s,707,737,23.555,24.555,1,9,plastic_normal,plastic,normal,0.334473,321,118,418,266,113.963
30cm,yolo26s,708,738,23.588,24.588,0,5,pet_normal,pet,normal,0.330322,206,4,331,433,112.51
30cm,yolo26s,708,738,23.588,24.588,1,9,plastic_normal,plastic,normal,0.355713,321,118,419,281,112.51
30cm,yolo26s,709,739,23.622,24.621,0,5,pet_normal,pet,normal,0.376709,207,4,331,436,110.999
30cm,yolo26s,709,739,23.622,24.621,1,9,plastic_normal,plastic,normal,0.422607,321,118,418,282,110.999
30cm,yolo26s,710,740,23.655,24.654,0,5,pet_normal,pet,normal,0.353027,206,5,330,437,111.383
30cm,yolo26s,710,740,23.655,24.654,1,6,pet_dirty,pet,dirty,0.256104,207,14,331,434,111.383
30cm,yolo26s,711,741,23.688,24.688,0,5,pet_normal,pet,normal,0.286865,206,5,346,437,110.758
30cm,yolo26s,712,742,23.722,24.721,0,5,pet_normal,pet,normal,0.332031,206,4,328,438,113.439
30cm,yolo26s,712,742,23.722,24.721,1,6,pet_dirty,pet,dirty,0.267334,207,12,328,432,113.439
30cm,yolo26s,712,742,23.722,24.721,2,7,pet_packaging,pet,packaging,0.315674,321,119,429,276,113.439
30cm,yolo26s,713,743,23.755,24.754,0,7,pet_packaging,pet,packaging,0.413086,319,119,429,282,111.451
30cm,yolo26s,713,743,23.755,24.754,1,9,plastic_normal,plastic,normal,0.332764,320,118,430,274,111.451
30cm,yolo26s,714,744,23.788,24.788,0,7,pet_packaging,pet,packaging,0.413086,316,119,429,284,112.021
30cm,yolo26s,714,744,23.788,24.788,1,7,pet_packaging,pet,packaging,0.306641,200,6,324,417,112.021
30cm,yolo26s,714,744,23.788,24.788,2,9,plastic_normal,plastic,normal,0.517578,316,118,429,277,112.021
30cm,yolo26s,715,745,23.822,24.821,0,7,pet_packaging,pet,packaging,0.484375,312,119,429,284,114.285
30cm,yolo26s,715,745,23.822,24.821,1,7,pet_packaging,pet,packaging,0.46582,197,11,318,421,114.285
30cm,yolo26s,715,745,23.822,24.821,2,9,plastic_normal,plastic,normal,0.439697,313,118,429,277,114.285
30cm,yolo26s,716,746,23.855,24.854,0,7,pet_packaging,pet,packaging,0.541016,307,119,429,284,111.97
30cm,yolo26s,716,746,23.855,24.854,1,7,pet_packaging,pet,packaging,0.519531,191,17,311,417,111.97
30cm,yolo26s,716,746,23.855,24.854,2,9,plastic_normal,plastic,normal,0.274414,308,118,429,280,111.97
30cm,yolo26s,717,747,23.888,24.888,0,7,pet_packaging,pet,packaging,0.506836,186,20,307,415,112.111
30cm,yolo26s,717,747,23.888,24.888,1,7,pet_packaging,pet,packaging,0.46875,302,119,429,284,112.111
30cm,yolo26s,717,747,23.888,24.888,2,9,plastic_normal,plastic,normal,0.30249,302,119,428,279,112.111
30cm,yolo26s,718,748,23.921,24.921,0,7,pet_packaging,pet,packaging,0.434082,182,22,303,417,111.271
30cm,yolo26s,718,748,23.921,24.921,1,7,pet_packaging,pet,packaging,0.381104,298,118,429,283,111.271
30cm,yolo26s,718,748,23.921,24.921,2,8,pet_dirty_packaging,pet,dirty_packaging,0.32251,182,26,303,416,111.271
30cm,yolo26s,718,748,23.921,24.921,3,9,plastic_normal,plastic,normal,0.320801,297,118,428,276,111.271
30cm,yolo26s,719,749,23.955,24.954,0,7,pet_packaging,pet,packaging,0.378418,179,23,299,413,112.796
30cm,yolo26s,719,749,23.955,24.954,1,8,pet_dirty_packaging,pet,dirty_packaging,0.350342,178,24,299,414,112.796
30cm,yolo26s,719,749,23.955,24.954,2,9,plastic_normal,plastic,normal,0.414795,296,118,430,280,112.796
30cm,yolo26s,720,750,23.988,24.988,0,7,pet_packaging,pet,packaging,0.255371,178,23,296,417,113.861
30cm,yolo26s,720,750,23.988,24.988,1,9,plastic_normal,plastic,normal,0.356689,295,118,430,282,113.861
30cm,yolo26s,721,751,24.021,25.021,0,7,pet_packaging,pet,packaging,0.37207,179,22,296,416,111.296
30cm,yolo26s,721,751,24.021,25.021,1,7,pet_packaging,pet,packaging,0.342529,295,119,429,283,111.296
30cm,yolo26s,721,751,24.021,25.021,2,9,plastic_normal,plastic,normal,0.290283,295,118,429,282,111.296
30cm,yolo26s,722,752,24.055,25.054,0,7,pet_packaging,pet,packaging,0.411133,296,119,430,284,114.79
30cm,yolo26s,722,752,24.055,25.054,1,7,pet_packaging,pet,packaging,0.317383,181,21,296,426,114.79
30cm,yolo26s,722,752,24.055,25.054,2,8,pet_dirty_packaging,pet,dirty_packaging,0.291748,180,26,295,415,114.79
30cm,yolo26s,723,753,24.088,25.088,0,7,pet_packaging,pet,packaging,0.40918,295,118,429,284,110.685
30cm,yolo26s,723,753,24.088,25.088,1,7,pet_packaging,pet,packaging,0.395996,179,22,295,416,110.685
30cm,yolo26s,723,753,24.088,25.088,2,8,pet_dirty_packaging,pet,dirty_packaging,0.307373,179,24,295,412,110.685
30cm,yolo26s,724,754,24.121,25.121,0,7,pet_packaging,pet,packaging,0.391357,177,24,293,413,111.128
30cm,yolo26s,724,754,24.121,25.121,1,7,pet_packaging,pet,packaging,0.256836,295,119,429,285,111.128
30cm,yolo26s,724,754,24.121,25.121,2,8,pet_dirty_packaging,pet,dirty_packaging,0.319092,177,24,293,412,111.128
30cm,yolo26s,725,755,24.155,25.154,0,7,pet_packaging,pet,packaging,0.398926,177,23,292,413,113.236
30cm,yolo26s,725,755,24.155,25.154,1,8,pet_dirty_packaging,pet,dirty_packaging,0.265869,177,28,292,411,113.236
30cm,yolo26s,726,756,24.188,25.188,0,7,pet_packaging,pet,packaging,0.433105,177,25,291,412,111.356
30cm,yolo26s,726,756,24.188,25.188,1,8,pet_dirty_packaging,pet,dirty_packaging,0.275879,177,29,291,410,111.356
30cm,yolo26s,727,757,24.221,25.221,0,7,pet_packaging,pet,packaging,0.345947,178,25,291,410,114.759
30cm,yolo26s,728,758,24.255,25.254,,,,,,,,,,,111.331
30cm,yolo26s,729,759,24.288,25.287,0,4,glass_packaging,glass,packaging,0.422607,265,309,637,443,112.498
30cm,yolo26s,729,759,24.288,25.287,1,7,pet_packaging,pet,packaging,0.433105,177,26,291,408,112.498
30cm,yolo26s,730,760,24.321,25.321,0,4,glass_packaging,glass,packaging,0.397949,273,306,636,441,110.925
30cm,yolo26s,731,761,24.355,25.354,0,2,glass_normal,glass,normal,0.625977,274,307,631,438,113.69
30cm,yolo26s,732,762,24.388,25.387,,,,,,,,,,,111.045
30cm,yolo26s,733,763,24.421,25.421,,,,,,,,,,,109.668
30cm,yolo26s,734,764,24.455,25.454,,,,,,,,,,,111.883
30cm,yolo26s,735,765,24.488,25.487,,,,,,,,,,,113.707
30cm,yolo26s,736,766,24.521,25.521,,,,,,,,,,,110.752
30cm,yolo26s,737,767,24.555,25.554,,,,,,,,,,,114.431
30cm,yolo26s,738,768,24.588,25.587,,,,,,,,,,,110.954
30cm,yolo26s,739,769,24.621,25.621,,,,,,,,,,,111.643
30cm,yolo26s,740,770,24.654,25.654,0,2,glass_normal,glass,normal,0.327637,279,298,605,418,110.443
30cm,yolo26s,740,770,24.654,25.654,1,4,glass_packaging,glass,packaging,0.282959,280,298,605,418,110.443
30cm,yolo26s,741,771,24.688,25.687,0,2,glass_normal,glass,normal,0.720215,279,296,603,415,111.368
30cm,yolo26s,742,772,24.721,25.721,0,2,glass_normal,glass,normal,0.29248,280,296,603,413,115.436
30cm,yolo26s,742,772,24.721,25.721,1,9,plastic_normal,plastic,normal,0.338867,279,295,599,413,115.436
30cm,yolo26s,743,773,24.754,25.754,,,,,,,,,,,112.102
30cm,yolo26s,744,774,24.788,25.787,0,2,glass_normal,glass,normal,0.286865,282,295,598,411,113.672
30cm,yolo26s,745,775,24.821,25.821,0,2,glass_normal,glass,normal,0.472656,281,294,595,409,112.565
30cm,yolo26s,746,776,24.854,25.854,0,2,glass_normal,glass,normal,0.583008,282,293,593,406,111.177
30cm,yolo26s,747,777,24.888,25.887,0,2,glass_normal,glass,normal,0.401611,283,292,590,404,111.504
30cm,yolo26s,748,778,24.921,25.921,0,2,glass_normal,glass,normal,0.472656,282,292,588,404,111.871
30cm,yolo26s,749,779,24.954,25.954,,,,,,,,,,,111.865
30cm,yolo26s,750,780,24.988,25.987,,,,,,,,,,,115.912
30cm,yolo26s,751,781,25.021,26.02,0,2,glass_normal,glass,normal,0.253906,282,294,595,410,110.596
30cm,yolo26s,752,782,25.054,26.054,,,,,,,,,,,114.041
30cm,yolo26s,753,783,25.088,26.087,,,,,,,,,,,110.72
30cm,yolo26s,754,784,25.121,26.12,,,,,,,,,,,111.196
30cm,yolo26s,755,785,25.154,26.154,0,7,pet_packaging,pet,packaging,0.491211,248,245,522,309,111.378
30cm,yolo26s,756,786,25.188,26.187,0,7,pet_packaging,pet,packaging,0.291748,252,251,521,317,111.642
30cm,yolo26s,757,787,25.221,26.22,0,2,glass_normal,glass,normal,0.428223,276,300,618,425,110.459
30cm,yolo26s,757,787,25.221,26.22,1,7,pet_packaging,pet,packaging,0.467773,258,239,516,319,110.459
30cm,yolo26s,758,788,25.254,26.254,0,7,pet_packaging,pet,packaging,0.545898,261,237,517,312,110.643
30cm,yolo26s,759,789,25.287,26.287,0,7,pet_packaging,pet,packaging,0.650391,264,239,512,313,111.932
30cm,yolo26s,760,790,25.321,26.32,0,2,glass_normal,glass,normal,0.451416,276,305,631,436,114.586
30cm,yolo26s,760,790,25.321,26.32,1,5,pet_normal,pet,normal,0.479492,267,250,513,315,114.586
30cm,yolo26s,761,791,25.354,26.354,0,2,glass_normal,glass,normal,0.269775,276,304,635,439,111.728
30cm,yolo26s,761,791,25.354,26.354,1,5,pet_normal,pet,normal,0.284668,270,252,524,310,111.728
30cm,yolo26s,761,791,25.354,26.354,2,7,pet_packaging,pet,packaging,0.574707,268,252,519,310,111.728
30cm,yolo26s,762,792,25.387,26.387,0,7,pet_packaging,pet,packaging,0.536133,270,258,526,311,111.286
30cm,yolo26s,763,793,25.421,26.42,0,7,pet_packaging,pet,packaging,0.469727,271,250,528,315,111.398
30cm,yolo26s,764,794,25.454,26.454,0,7,pet_packaging,pet,packaging,0.49707,272,240,529,315,110.199
30cm,yolo26s,765,795,25.487,26.487,0,7,pet_packaging,pet,packaging,0.366699,271,236,530,317,113.274
30cm,yolo26s,766,796,25.521,26.52,0,7,pet_packaging,pet,packaging,0.291016,269,235,532,323,111.209
30cm,yolo26s,767,797,25.554,26.554,0,7,pet_packaging,pet,packaging,0.376709,269,235,535,320,111.244
30cm,yolo26s,767,797,25.554,26.554,1,8,pet_dirty_packaging,pet,dirty_packaging,0.368408,268,235,534,321,111.244
30cm,yolo26s,768,798,25.587,26.587,0,7,pet_packaging,pet,packaging,0.463867,269,237,539,320,110.972
30cm,yolo26s,769,799,25.621,26.62,0,7,pet_packaging,pet,packaging,0.44165,268,246,540,322,112.312
30cm,yolo26s,770,800,25.654,26.653,0,7,pet_packaging,pet,packaging,0.559082,263,262,537,326,111.312
30cm,yolo26s,771,801,25.687,26.687,0,7,pet_packaging,pet,packaging,0.671387,261,265,540,324,112.064
30cm,yolo26s,772,802,25.721,26.72,0,7,pet_packaging,pet,packaging,0.595703,260,267,542,325,110.88
30cm,yolo26s,773,803,25.754,26.753,0,7,pet_packaging,pet,packaging,0.637695,259,267,542,326,111.331
30cm,yolo26s,774,804,25.787,26.787,0,7,pet_packaging,pet,packaging,0.561035,257,265,542,326,112.019
30cm,yolo26s,775,805,25.821,26.82,0,7,pet_packaging,pet,packaging,0.568848,255,262,540,328,115.488
30cm,yolo26s,776,806,25.854,26.853,0,7,pet_packaging,pet,packaging,0.568848,253,262,537,329,111.596
30cm,yolo26s,777,807,25.887,26.887,0,7,pet_packaging,pet,packaging,0.572754,254,265,536,330,111.391
30cm,yolo26s,778,808,25.921,26.92,0,7,pet_packaging,pet,packaging,0.572754,254,268,535,329,111.8
30cm,yolo26s,779,809,25.954,26.953,0,7,pet_packaging,pet,packaging,0.626953,254,265,535,330,111.994
30cm,yolo26s,780,810,25.987,26.987,0,7,pet_packaging,pet,packaging,0.634277,253,261,530,332,113.95
30cm,yolo26s,781,811,26.02,27.02,0,7,pet_packaging,pet,packaging,0.671387,251,261,524,332,111.167
30cm,yolo26s,782,812,26.054,27.053,0,7,pet_packaging,pet,packaging,0.65918,252,264,520,331,113.899
30cm,yolo26s,783,813,26.087,27.087,0,7,pet_packaging,pet,packaging,0.678223,254,266,519,330,114.551
30cm,yolo26s,784,814,26.12,27.12,0,7,pet_packaging,pet,packaging,0.717773,253,262,513,332,111.607
30cm,yolo26s,785,815,26.154,27.153,0,7,pet_packaging,pet,packaging,0.714844,254,261,510,336,112.197
30cm,yolo26s,786,816,26.187,27.187,0,7,pet_packaging,pet,packaging,0.500977,254,261,506,336,112.282
30cm,yolo26s,787,817,26.22,27.22,0,7,pet_packaging,pet,packaging,0.504883,255,262,505,335,110.79
30cm,yolo26s,788,818,26.254,27.253,0,7,pet_packaging,pet,packaging,0.599121,255,262,503,336,114.345
30cm,yolo26s,789,819,26.287,27.286,0,7,pet_packaging,pet,packaging,0.623535,254,264,502,338,110.535
30cm,yolo26s,790,820,26.32,27.32,0,7,pet_packaging,pet,packaging,0.532227,253,261,502,342,114.27
30cm,yolo26s,791,821,26.354,27.353,,,,,,,,,,,111.081
30cm,yolo26s,792,822,26.387,27.386,,,,,,,,,,,110.359
30cm,yolo26s,793,823,26.42,27.42,,,,,,,,,,,112.218
30cm,yolo26s,794,824,26.454,27.453,,,,,,,,,,,112.062
30cm,yolo26s,795,825,26.487,27.486,,,,,,,,,,,111.125
30cm,yolo26s,796,826,26.52,27.52,,,,,,,,,,,109.651
30cm,yolo26s,797,827,26.554,27.553,,,,,,,,,,,111.117
30cm,yolo26s,798,828,26.587,27.586,0,10,plastic_dirty,plastic,dirty,0.388672,273,303,636,444,113.779
30cm,yolo26s,799,829,26.62,27.62,0,10,plastic_dirty,plastic,dirty,0.34082,274,301,634,438,110.783
30cm,yolo26s,800,830,26.653,27.653,0,2,glass_normal,glass,normal,0.317383,277,299,629,432,110.744
30cm,yolo26s,801,831,26.687,27.686,0,10,plastic_dirty,plastic,dirty,0.356689,279,298,400,415,113.01
30cm,yolo26s,802,832,26.72,27.72,,,,,,,,,,,110.673
30cm,yolo26s,803,833,26.753,27.753,,,,,,,,,,,114.623
30cm,yolo26s,804,834,26.787,27.786,0,4,glass_packaging,glass,packaging,0.256836,252,282,599,412,112.335
30cm,yolo26s,805,835,26.82,27.82,,,,,,,,,,,111.468
30cm,yolo26s,806,836,26.853,27.853,,,,,,,,,,,113.653
30cm,yolo26s,807,837,26.887,27.886,,,,,,,,,,,110.795
30cm,yolo26s,808,838,26.92,27.92,,,,,,,,,,,110.947
30cm,yolo26s,809,839,26.953,27.953,,,,,,,,,,,111.159
30cm,yolo26s,810,840,26.987,27.986,,,,,,,,,,,110.187
30cm,yolo26s,811,841,27.02,28.019,,,,,,,,,,,115.364
30cm,yolo26s,812,842,27.053,28.053,,,,,,,,,,,111.806
30cm,yolo26s,813,843,27.087,28.086,,,,,,,,,,,111.99
30cm,yolo26s,814,844,27.12,28.119,0,7,pet_packaging,pet,packaging,0.303955,255,269,362,346,113.161
30cm,yolo26s,815,845,27.153,28.153,0,7,pet_packaging,pet,packaging,0.405518,255,267,372,349,111.947
30cm,yolo26s,816,846,27.187,28.186,0,7,pet_packaging,pet,packaging,0.338135,253,267,362,350,112.387
30cm,yolo26s,816,846,27.187,28.186,1,10,plastic_dirty,plastic,dirty,0.325928,316,106,461,317,112.387
30cm,yolo26s,817,847,27.22,28.219,0,7,pet_packaging,pet,packaging,0.405518,254,269,356,350,111.999
30cm,yolo26s,817,847,27.22,28.219,1,10,plastic_dirty,plastic,dirty,0.524414,339,105,463,426,111.999
30cm,yolo26s,818,848,27.253,28.253,0,7,pet_packaging,pet,packaging,0.370117,253,269,351,350,110.993
30cm,yolo26s,819,849,27.286,28.286,,,,,,,,,,,110.448
30cm,yolo26s,820,850,27.32,28.319,,,,,,,,,,,111.721
30cm,yolo26s,821,851,27.353,28.353,,,,,,,,,,,114.281
30cm,yolo26s,822,852,27.386,28.386,,,,,,,,,,,112.003
30cm,yolo26s,823,853,27.42,28.419,0,0,can_normal,can,normal,0.295898,309,98,432,410,111.467
30cm,yolo26s,824,854,27.453,28.453,,,,,,,,,,,111.105
30cm,yolo26s,825,855,27.486,28.486,0,0,can_normal,can,normal,0.303955,294,98,416,433,111.787
30cm,yolo26s,826,856,27.52,28.519,0,0,can_normal,can,normal,0.27124,287,98,410,397,113.501
30cm,yolo26s,827,857,27.553,28.553,0,0,can_normal,can,normal,0.387695,287,99,401,430,112.115
30cm,yolo26s,828,858,27.586,28.586,0,0,can_normal,can,normal,0.430176,289,98,400,431,110.868
30cm,yolo26s,828,858,27.586,28.586,1,1,can_dirty,can,dirty,0.331055,289,100,399,431,110.868
30cm,yolo26s,829,859,27.62,28.619,0,0,can_normal,can,normal,0.480469,287,98,399,430,114.292
30cm,yolo26s,830,860,27.653,28.652,0,0,can_normal,can,normal,0.49707,284,99,398,429,110.354
30cm,yolo26s,831,861,27.686,28.686,0,0,can_normal,can,normal,0.511719,275,99,398,429,111.399
30cm,yolo26s,832,862,27.72,28.719,,,,,,,,,,,112.142
30cm,yolo26s,833,863,27.753,28.752,,,,,,,,,,,112.694
30cm,yolo26s,834,864,27.786,28.786,0,0,can_normal,can,normal,0.445557,251,100,368,428,113.3
30cm,yolo26s,835,865,27.82,28.819,0,0,can_normal,can,normal,0.425293,245,98,361,426,109.942
30cm,yolo26s,836,866,27.853,28.852,0,0,can_normal,can,normal,0.408203,242,97,356,428,111.186
30cm,yolo26s,837,867,27.886,28.886,0,0,can_normal,can,normal,0.353027,239,96,352,432,111.34
30cm,yolo26s,838,868,27.92,28.919,0,0,can_normal,can,normal,0.303223,236,94,352,431,112.21
30cm,yolo26s,839,869,27.953,28.952,0,0,can_normal,can,normal,0.264404,233,94,352,430,111.8
30cm,yolo26s,840,870,27.986,28.986,0,0,can_normal,can,normal,0.375732,236,96,352,431,111.756
30cm,yolo26s,841,871,28.019,29.019,0,0,can_normal,can,normal,0.379395,236,95,352,430,110.539
30cm,yolo26s,842,872,28.053,29.052,0,0,can_normal,can,normal,0.34082,235,96,352,431,110.351
30cm,yolo26s,842,872,28.053,29.052,1,9,plastic_normal,plastic,normal,0.367432,339,267,539,359,110.351
30cm,yolo26s,843,873,28.086,29.086,0,0,can_normal,can,normal,0.35498,236,95,351,430,111.252
30cm,yolo26s,844,874,28.119,29.119,0,0,can_normal,can,normal,0.377441,237,95,352,431,114.412
30cm,yolo26s,845,875,28.153,29.152,0,0,can_normal,can,normal,0.297363,236,95,351,431,111.085
30cm,yolo26s,846,876,28.186,29.186,,,,,,,,,,,111.404
30cm,yolo26s,847,877,28.219,29.219,,,,,,,,,,,109.675
30cm,yolo26s,848,878,28.253,29.252,,,,,,,,,,,110.18
30cm,yolo26s,849,879,28.286,29.286,,,,,,,,,,,113.888
30cm,yolo26s,850,880,28.319,29.319,,,,,,,,,,,110.306
30cm,yolo26s,851,881,28.353,29.352,,,,,,,,,,,110.465
30cm,yolo26s,852,882,28.386,29.385,,,,,,,,,,,114.799
30cm,yolo26s,853,883,28.419,29.419,0,0,can_normal,can,normal,0.357666,237,96,351,431,109.854
30cm,yolo26s,853,883,28.419,29.419,1,9,plastic_normal,plastic,normal,0.280518,345,135,551,326,109.854
30cm,yolo26s,854,884,28.453,29.452,,,,,,,,,,,110.842
30cm,yolo26s,855,885,28.486,29.485,,,,,,,,,,,110.95
30cm,yolo26s,856,886,28.519,29.519,,,,,,,,,,,111.421
30cm,yolo26s,857,887,28.553,29.552,0,0,can_normal,can,normal,0.300781,238,96,352,432,113.158
30cm,yolo26s,857,887,28.553,29.552,1,7,pet_packaging,pet,packaging,0.38208,347,89,501,370,113.158
30cm,yolo26s,858,888,28.586,29.585,0,7,pet_packaging,pet,packaging,0.532227,348,70,502,370,112.355
30cm,yolo26s,859,889,28.619,29.619,0,7,pet_packaging,pet,packaging,0.599121,348,74,501,369,113.296
30cm,yolo26s,860,890,28.652,29.652,0,0,can_normal,can,normal,0.282227,238,96,352,431,111.084
30cm,yolo26s,860,890,28.652,29.652,1,7,pet_packaging,pet,packaging,0.599121,348,78,496,368,111.084
30cm,yolo26s,861,891,28.686,29.685,0,0,can_normal,can,normal,0.301514,238,96,352,431,112.273
30cm,yolo26s,861,891,28.686,29.685,1,7,pet_packaging,pet,packaging,0.532227,348,80,492,368,112.273
30cm,yolo26s,862,892,28.719,29.719,0,0,can_normal,can,normal,0.262939,238,96,352,431,111.988
30cm,yolo26s,862,892,28.719,29.719,1,7,pet_packaging,pet,packaging,0.608398,348,82,490,371,111.988
30cm,yolo26s,863,893,28.752,29.752,0,0,can_normal,can,normal,0.254639,237,97,351,432,111.767
30cm,yolo26s,863,893,28.752,29.752,1,7,pet_packaging,pet,packaging,0.650391,347,85,484,369,111.767
30cm,yolo26s,864,894,28.786,29.785,0,7,pet_packaging,pet,packaging,0.698242,347,86,476,366,111.718
30cm,yolo26s,865,895,28.819,29.819,0,7,pet_packaging,pet,packaging,0.653809,348,85,468,369,111.677
30cm,yolo26s,866,896,28.852,29.852,0,7,pet_packaging,pet,packaging,0.634277,348,84,456,367,109.872
30cm,yolo26s,867,897,28.886,29.885,0,7,pet_packaging,pet,packaging,0.572754,346,86,442,367,114.491
30cm,yolo26s,868,898,28.919,29.919,0,7,pet_packaging,pet,packaging,0.612305,346,84,438,367,110.298
30cm,yolo26s,869,899,28.952,29.952,0,7,pet_packaging,pet,packaging,0.634277,345,84,436,367,110.105
30cm,yolo26s,870,900,28.986,29.985,0,7,pet_packaging,pet,packaging,0.634277,344,82,435,368,110.519
30cm,yolo26s,871,901,29.019,30.018,0,7,pet_packaging,pet,packaging,0.44751,343,81,439,370,111.953
30cm,yolo26s,872,902,29.052,30.052,0,7,pet_packaging,pet,packaging,0.521484,343,80,434,367,113.916
30cm,yolo26s,873,903,29.086,30.085,0,7,pet_packaging,pet,packaging,0.495117,343,81,431,366,110.659
30cm,yolo26s,874,904,29.119,30.118,0,7,pet_packaging,pet,packaging,0.557129,344,82,430,368,111.199
30cm,yolo26s,875,905,29.152,30.152,0,7,pet_packaging,pet,packaging,0.564941,344,81,430,367,115.527
30cm,yolo26s,876,906,29.186,30.185,0,7,pet_packaging,pet,packaging,0.562988,344,85,431,368,110.341
30cm,yolo26s,876,906,29.186,30.185,1,9,plastic_normal,plastic,normal,0.326904,425,64,638,264,110.341
30cm,yolo26s,877,907,29.219,30.218,0,7,pet_packaging,pet,packaging,0.557129,343,81,430,369,110.25
30cm,yolo26s,877,907,29.219,30.218,1,9,plastic_normal,plastic,normal,0.390381,427,65,638,266,110.25
30cm,yolo26s,878,908,29.252,30.252,0,7,pet_packaging,pet,packaging,0.549805,344,81,431,369,111.863
30cm,yolo26s,878,908,29.252,30.252,1,9,plastic_normal,plastic,normal,0.360352,424,69,638,263,111.863
30cm,yolo26s,879,909,29.286,30.285,0,7,pet_packaging,pet,packaging,0.547852,344,80,430,368,110.304
30cm,yolo26s,879,909,29.286,30.285,1,9,plastic_normal,plastic,normal,0.318359,427,69,638,273,110.304
30cm,yolo26s,880,910,29.319,30.318,0,7,pet_packaging,pet,packaging,0.530273,345,80,431,368,113.289
30cm,yolo26s,880,910,29.319,30.318,1,9,plastic_normal,plastic,normal,0.360352,427,72,637,265,113.289
30cm,yolo26s,881,911,29.352,30.352,0,7,pet_packaging,pet,packaging,0.545898,345,80,429,369,109.951
30cm,yolo26s,881,911,29.352,30.352,1,9,plastic_normal,plastic,normal,0.391357,427,74,637,268,109.951
30cm,yolo26s,882,912,29.385,30.385,0,7,pet_packaging,pet,packaging,0.512695,345,80,427,367,111.378
30cm,yolo26s,882,912,29.385,30.385,1,9,plastic_normal,plastic,normal,0.450439,426,74,637,261,111.378
30cm,yolo26s,883,913,29.419,30.418,0,7,pet_packaging,pet,packaging,0.489258,345,80,423,368,111.678
30cm,yolo26s,884,914,29.452,30.452,0,7,pet_packaging,pet,packaging,0.341553,343,81,422,373,113.485
30cm,yolo26s,885,915,29.485,30.485,0,9,plastic_normal,plastic,normal,0.469727,428,76,636,271,119.366
30cm,yolo26s,886,916,29.519,30.518,0,7,pet_packaging,pet,packaging,0.332031,341,80,414,376,111.017
30cm,yolo26s,886,916,29.519,30.518,1,9,plastic_normal,plastic,normal,0.612305,429,78,637,275,111.017
30cm,yolo26s,887,917,29.552,30.552,0,7,pet_packaging,pet,packaging,0.35498,341,80,412,368,111.114
30cm,yolo26s,887,917,29.552,30.552,1,9,plastic_normal,plastic,normal,0.603027,431,80,639,268,111.114
30cm,yolo26s,888,918,29.585,30.585,0,7,pet_packaging,pet,packaging,0.470703,341,80,411,377,110.487
30cm,yolo26s,888,918,29.585,30.585,1,9,plastic_normal,plastic,normal,0.38501,428,81,636,272,110.487
30cm,yolo26s,889,919,29.619,30.618,0,7,pet_packaging,pet,packaging,0.46582,342,82,411,371,110.687
30cm,yolo26s,889,919,29.619,30.618,1,9,plastic_normal,plastic,normal,0.667969,426,81,636,272,110.687
30cm,yolo26s,890,920,29.652,30.651,0,7,pet_packaging,pet,packaging,0.410156,341,82,410,372,116.176
30cm,yolo26s,890,920,29.652,30.651,1,9,plastic_normal,plastic,normal,0.438721,428,81,637,271,116.176
30cm,yolo26s,891,921,29.685,30.685,0,7,pet_packaging,pet,packaging,0.259766,340,82,410,393,110.958
30cm,yolo26s,891,921,29.685,30.685,1,9,plastic_normal,plastic,normal,0.499023,427,81,637,274,110.958
30cm,yolo26s,892,922,29.719,30.718,0,7,pet_packaging,pet,packaging,0.46875,342,85,409,361,110.349
30cm,yolo26s,892,922,29.719,30.718,1,9,plastic_normal,plastic,normal,0.387695,427,81,637,277,110.349
30cm,yolo26s,893,923,29.752,30.751,0,7,pet_packaging,pet,packaging,0.407227,341,86,410,367,111.308
30cm,yolo26s,893,923,29.752,30.751,1,9,plastic_normal,plastic,normal,0.337158,427,81,637,275,111.308
30cm,yolo26s,894,924,29.785,30.785,0,7,pet_packaging,pet,packaging,0.5,343,87,408,363,111.405
30cm,yolo26s,894,924,29.785,30.785,1,9,plastic_normal,plastic,normal,0.33374,428,81,637,271,111.405
30cm,yolo26s,895,925,29.819,30.818,0,7,pet_packaging,pet,packaging,0.31665,340,86,407,372,115.442
30cm,yolo26s,895,925,29.819,30.818,1,9,plastic_normal,plastic,normal,0.419678,427,81,637,265,115.442
30cm,yolo26s,896,926,29.852,30.851,0,7,pet_packaging,pet,packaging,0.262207,344,86,405,296,111.475
30cm,yolo26s,896,926,29.852,30.851,1,9,plastic_normal,plastic,normal,0.377441,431,81,636,262,111.475
30cm,yolo26s,897,927,29.885,30.885,0,7,pet_packaging,pet,packaging,0.418701,343,83,404,261,112.309
30cm,yolo26s,897,927,29.885,30.885,1,9,plastic_normal,plastic,normal,0.308105,432,82,637,264,112.309
30cm,yolo26s,898,928,29.919,30.918,0,7,pet_packaging,pet,packaging,0.397949,336,84,399,262,110.38
30cm,yolo26s,898,928,29.919,30.918,1,9,plastic_normal,plastic,normal,0.481445,428,81,639,256,110.38
30cm,yolo26s,899,929,29.952,30.951,0,7,pet_packaging,pet,packaging,0.338135,327,85,399,259,111.709
30cm,yolo26s,899,929,29.952,30.951,1,9,plastic_normal,plastic,normal,0.457031,427,82,637,253,111.709
